RCLNT,RLDNR,RBUKRS,RYEAR,RACCT,PRCTR,KOKRS,VERSN,CURTYPE,RHCUR,TSL01,TSL02,TSL03,TSL04,TSL05,TSL06,TSL07,TSL08,TSL09,TSL10,TSL11,TSL12,TSL13,TSL14,TSL15,TSL16
100,0L,1000,2025,500100,ERI001,ESK1,F1,10,ZAR,8641737.63,9605332.32,8721147.62,11952200.31,10296906.19,9641093.2,8636593.22,9655086.09,9755655.24,8938656.8,8751616.98,9325249.28,8871496.62,8885677.43,9831034.52,9215587.52
100,0L,1000,2025,500100,ERI001,ESK1,F2,10,ZAR,13769042.47,12481359.73,12918915.7,16713814.6,15073345.78,12390552.74,13022665.27,13900375.25,12253685.48,14005822.32,13942984.97,13737050.24,13559058.17,12628123.17,13575201.32,12695394.44
100,0L,1000,2025,500100,ERI001,ESK1,F3,10,ZAR,6140539.26,5549412.21,6198867.09,7503326.66,7632079.69,6250077.14,6197055.49,6394393.74,5528869.36,5700846.77,6101559.64,6069580.79,5928836.27,5494665.37,5847268.48,5722392.69
100,0L,1000,2025,500100,ERI001,ESK1,F4,10,ZAR,17222504.72,19147484.07,16951851.55,21708354.17,20791522.43,18576067.19,16564936.58,18322424.01,18757910.64,17446002.41,17134590.73,18045753.05,17055811.57,18639936.82,18893952.84,17634989.99
100,0L,1000,2025,500100,ERI001,ESK1,F5,10,ZAR,9340306.03,10577771.13,10274510.32,11739727.42,12357311.66,9527896.08,9311533.12,10448320.59,10442568.47,9695500.53,10383151.39,10017643.69,10571616.6,9514680.67,10036794.77,10488873.98
100,0L,1000,2025,500200,ERI001,ESK1,F1,10,ZAR,3364921.65,3292244.62,3274276.82,4086604.92,4486971.55,3725233.0,3584611.55,3575562.54,3586318.23,3311387.98,3553366.04,3336864.5,3530740.73,3268851.09,3427429.13,3461582.0
100,0L,1000,2025,500200,ERI001,ESK1,F2,10,ZAR,10176437.04,10842843.23,9889635.81,13584413.34,12345994.22,10960745.65,10970061.0,9945267.26,10430224.37,9911930.15,11115473.67,10281188.6,11117468.21,10014263.66,10605653.05,10567514.1
100,0L,1000,2025,500200,ERI001,ESK1,F3,10,ZAR,14836901.58,15773911.18,14941660.92,20009888.57,19630027.72,16466447.05,16538912.71,15917363.54,16051054.4,14960857.53,15445964.44,15317223.36,15978067.73,15272445.05,16595267.38,15839085.65
100,0L,1000,2025,500200,ERI001,ESK1,F4,10,ZAR,12764532.42,13539256.2,13792763.47,15703336.34,15825908.99,14339949.86,14275163.73,13594782.63,12981167.65,14238222.35,12324487.86,12642336.62,13335235.12,12877779.18,13809874.2,13534248.18
100,0L,1000,2025,500200,ERI001,ESK1,F5,10,ZAR,2765614.98,2940008.45,3045492.35,3442038.93,3710712.09,3016639.25,2767550.68,2650421.37,3046885.32,2782534.72,2987818.37,2611135.85,2998943.57,2747846.46,3039888.01,2931158.64
100,0L,1000,2025,500300,ERI001,ESK1,F1,10,ZAR,3161265.52,3316203.06,3100528.41,3811490.66,4018458.2,3148850.89,3570257.43,3422547.83,3152165.73,3118970.39,3485187.73,3373989.33,3153595.4,3186195.47,3235664.45,3076026.19
100,0L,1000,2025,500300,ERI001,ESK1,F2,10,ZAR,9252592.29,8895383.7,9404099.02,10375233.82,11184700.69,9426910.38,8339659.52,8314134.46,8448254.61,8474087.65,9340867.46,8934267.35,9126181.48,8855251.22,8189475.78,9111267.12
100,0L,1000,2025,500300,ERI001,ESK1,F3,10,ZAR,14358577.82,13982084.07,14151663.2,17715134.83,18859452.85,14259096.05,15135335.24,15865330.4,15186093.58,14495669.11,13942474.48,15976979.64,15819408.55,14252003.27,14463306.61,14569464.74
100,0L,1000,2025,500300,ERI001,ESK1,F4,10,ZAR,11869029.79,12092310.57,10876361.77,13198568.21,13026568.95,11322305.96,10995103.9,11679538.76,10967297.32,11498789.94,10566593.73,11735101.83,11302108.42,11059023.89,10408446.57,10370698.78
100,0L,1000,2025,500300,ERI001,ESK1,F5,10,ZAR,6767649.7,6121336.79,6423415.41,8333410.59,7503724.27,6822370.28,6196128.78,6129751.28,6343592.75,6621230.89,6457116.02,6715120.38,6455198.51,6490557.34,7028149.98,6498804.65
100,0L,1000,2025,510100,ERI001,ESK1,F1,10,ZAR,7267350.71,7369363.28,7206579.58,6913629.12,6710393.07,6456894.49,6717089.21,6789081.44,7355288.2,7081287.3,7128503.41,6517270.26,7127219.17,6784005.5,6927210.09,6353015.44
100,0L,1000,2025,510100,ERI001,ESK1,F2,10,ZAR,3337601.45,3193739.51,3510789.78,3262778.47,3248180.0,3156290.27,3619870.24,3192381.88,3177261.53,3513534.49,3591484.06,3407476.42,3144110.97,3559950.39,3278125.32,3400305.22
100,0L,1000,2025,510100,ERI001,ESK1,F3,10,ZAR,13323376.91,12780588.96,13508854.87,14495692.25,12540866.76,14254835.48,14514876.94,14592487.85,13129896.61,13315121.44,14412084.96,12868779.36,12579386.07,12896857.69,14430416.61,13602603.9
100,0L,1000,2025,510100,ERI001,ESK1,F4,10,ZAR,9468556.88,9804114.95,9614916.5,8599664.36,9307073.04,9192258.6,9646671.43,8878083.0,9807273.93,9564959.53,9027075.8,9400996.49,8910419.7,8783510.73,9175253.18,8912119.2
100,0L,1000,2025,510100,ERI001,ESK1,F5,10,ZAR,2338919.74,2218506.41,2477637.59,2312139.73,2182350.32,2505762.53,2462201.1,2383228.69,2389733.92,2165034.27,2325451.27,2197076.37,2434641.61,2334274.32,2514585.07,2373342.85
100,0L,1000,2025,520100,ERI001,ESK1,F1,10,ZAR,15978688.55,16138703.67,14693523.24,15497412.12,15641115.91,16085754.35,15117526.87,16376431.48,15761037.86,16256228.91,15467640.67,16269640.42,15768482.56,15014525.43,16297775.54,15502776.08
100,0L,1000,2025,520100,ERI001,ESK1,F2,10,ZAR,9648289.34,9997830.57,8755850.98,8919854.3,9711460.65,9609839.87,9981526.44,8766639.23,10131596.81,9064275.88,9621975.26,9398477.98,10039553.34,8846795.96,9249472.34,9746490.48
100,0L,1000,2025,520100,ERI001,ESK1,F3,10,ZAR,12428814.92,13209005.42,13151279.77,12968266.38,13214358.28,11830719.81,12733296.13,12378745.66,11998217.3,12310344.96,13361081.7,13267027.49,12092653.15,13351179.75,12494736.12,13540638.13
100,0L,1000,2025,520100,ERI001,ESK1,F4,10,ZAR,8149717.5,8150231.74,8220549.28,8150957.68,8117734.97,8731760.49,8751762.1,9103854.94,8058489.24,8109742.05,8984790.01,8158491.17,9176237.43,8214617.1,8353301.77,9334915.83
100,0L,1000,2025,520100,ERI001,ESK1,F5,10,ZAR,14424679.2,14756863.4,13638277.77,14963459.82,13771416.55,15264668.74,13438015.79,13679101.79,14949939.17,14916330.7,13544369.23,13593951.27,14705678.51,14939804.24,15038369.2,15593951.48
100,0L,1000,2025,520200,ERI001,ESK1,F1,10,ZAR,4133750.74,4224064.71,4155784.09,4390256.05,4188826.19,4259561.01,4079856.69,4058660.23,4028202.49,4604318.54,4629021.81,4408529.69,4253813.31,4292602.73,4453918.92,4474371.89
100,0L,1000,2025,520200,ERI001,ESK1,F2,10,ZAR,11261501.45,9991138.68,11021754.53,11333652.86,10534190.99,10715166.4,10067066.4,10475743.2,10050352.04,10935260.56,11070057.02,11307392.44,10218050.99,10157424.68,11073558.66,11276976.82
100,0L,1000,2025,520200,ERI001,ESK1,F3,10,ZAR,2704760.12,2670360.28,2491241.87,2476165.92,2523072.21,2388589.08,2559155.98,2746838.21,2569034.64,2744160.91,2760498.48,2660955.64,2644450.21,2743705.51,2543467.4,2398682.26
100,0L,1000,2025,520200,ERI001,ESK1,F4,10,ZAR,12925838.26,13789454.75,13353565.25,12605960.96,12346073.54,13498448.15,12401793.58,13274669.56,13580477.69,13517066.48,13241817.34,13686583.58,13951996.38,13675743.01,13733968.39,12577028.29
100,0L,1000,2025,520200,ERI001,ESK1,F5,10,ZAR,2925309.71,2587072.11,2592208.29,2662269.3,2887219.02,2837482.2,2651926.97,2929249.92,2824943.71,2928651.32,2858034.73,2741864.67,2896507.98,2710685.67,2725422.32,2761227.98
100,0L,1000,2025,530100,ERI001,ESK1,F1,10,ZAR,3131211.95,3249369.85,3258102.97,3287074.07,2858968.54,3157494.16,3222706.49,2912631.17,3015263.55,2991067.73,3101073.6,2872588.99,2904994.14,2935700.69,3058367.03,3217473.79
100,0L,1000,2025,530100,ERI001,ESK1,F2,10,ZAR,7649249.99,8079601.22,8184820.99,8363539.33,7832174.07,8261879.85,8159089.45,8213144.54,7607269.66,8225251.68,8481996.65,8546176.97,7666283.09,8598861.24,8288995.2,8521684.24
100,0L,1000,2025,530100,ERI001,ESK1,F3,10,ZAR,13808661.05,14453477.74,14134435.0,13043038.31,13851014.92,13720190.35,13527826.6,14447223.81,14627660.12,14771217.78,14729623.54,13856612.15,13244217.15,13856933.27,14026509.35,12936507.2
100,0L,1000,2025,530100,ERI001,ESK1,F4,10,ZAR,14053656.46,14410877.31,12974444.28,13649905.1,14328547.99,12667303.69,12705814.25,13198412.64,12732390.63,13809809.76,13909496.53,14063036.47,14371999.9,13795802.81,14224077.98,14376865.9
100,0L,1000,2025,530100,ERI001,ESK1,F5,10,ZAR,12827632.86,13544749.73,13941143.41,12548742.64,13907376.13,12684944.56,13926809.79,12965963.11,13686095.82,13207287.27,13959709.97,12689640.99,13473757.5,14361401.34,13044859.93,12709254.13
100,0L,1000,2025,540100,ERI001,ESK1,F1,10,ZAR,8207555.48,7667326.83,7951890.54,8125801.08,7597621.03,8017889.19,8022444.15,8519917.34,7920957.73,8325727.13,8308652.64,7540666.54,7633645.65,7562382.91,7703287.43,8178759.53
100,0L,1000,2025,540100,ERI001,ESK1,F2,10,ZAR,13613198.8,12858177.14,13615553.07,11931026.78,13343661.75,13137753.95,11882499.57,12056319.41,13623023.12,13129688.32,11702671.38,12005514.76,12729416.41,13299764.33,12938937.79,12026790.17
100,0L,1000,2025,540100,ERI001,ESK1,F3,10,ZAR,2373513.42,2223590.89,2572251.88,2560273.81,2399594.44,2489440.75,2475223.72,2415662.8,2311166.46,2558652.98,2345583.01,2366064.56,2456243.04,2251155.66,2237448.16,2220385.44
100,0L,1000,2025,540100,ERI001,ESK1,F4,10,ZAR,3205851.99,2983026.64,2942710.4,2935013.93,3070787.66,2943972.36,3137289.49,3184228.98,2795707.69,2923619.57,3045613.56,2930147.45,3138572.1,2927945.89,3040903.93,2810393.5
100,0L,1000,2025,540100,ERI001,ESK1,F5,10,ZAR,5014859.01,4873030.05,4896787.97,4954588.49,4925243.62,4683800.66,5112632.09,5035494.04,4984303.26,4752876.47,4842434.63,4965768.24,4792141.77,4657737.94,4618860.8,4775072.88
100,0L,1000,2025,150100,ERI001,ESK1,F1,10,ZAR,10589840.27,9815734.48,10471423.95,10654181.43,10634584.21,9921038.78,9771492.32,9849011.55,10738808.53,10478490.78,10395530.98,10327326.54,9830194.4,11361819.28,10034296.0,11088241.21
100,0L,1000,2025,150100,ERI001,ESK1,F2,10,ZAR,5157955.08,5057492.29,5503644.43,5523042.1,5242899.15,5283738.53,5348595.06,4791252.91,4989982.51,5501167.61,5123335.99,5175302.08,4953924.36,4875452.75,5569049.95,5401961.37
100,0L,1000,2025,150100,ERI001,ESK1,F3,10,ZAR,11726604.39,11875655.49,13462354.87,11630880.51,12600317.09,13260429.38,12749822.7,11974458.23,12785301.61,12389036.48,13022648.23,12286572.44,12873644.07,11843417.9,11962940.1,13432342.08
100,0L,1000,2025,150100,ERI001,ESK1,F4,10,ZAR,3011449.79,3140807.23,2980280.39,3269159.09,3033494.94,2910139.8,3179052.06,2958459.87,2951178.98,2913345.7,2836612.82,2966083.9,2969341.43,2997496.53,3096823.56,2844304.34
100,0L,1000,2025,150100,ERI001,ESK1,F5,10,ZAR,7608374.93,7449972.23,7893112.12,7557805.95,7444680.97,7379876.91,7947372.25,7524405.26,8074411.08,8021186.69,7767950.36,7909093.41,7280586.62,7415734.75,7978423.62,7449296.06
100,0L,1000,2025,150200,ERI001,ESK1,F1,10,ZAR,14501694.57,14349161.33,14186824.22,15264654.45,13992819.28,15249595.18,13821492.55,14655349.44,13819000.01,15521226.1,14464300.47,13354158.79,14604630.65,14171945.61,14231788.0,13971862.75
100,0L,1000,2025,150200,ERI001,ESK1,F2,10,ZAR,16285764.49,15111894.09,17283501.0,15863310.34,16593469.64,14975788.07,17238965.67,16762011.76,17285272.75,15643525.9,16774410.44,16881024.1,16750522.39,15076091.99,15562940.74,16559809.07
100,0L,1000,2025,150200,ERI001,ESK1,F3,10,ZAR,11470489.19,10628619.75,10161304.93,11085552.66,10090246.76,10546498.71,9946989.66,10472036.27,10058253.41,11274785.06,10738976.25,9854394.44,11386831.04,10385403.77,10056021.09,11378977.32
100,0L,1000,2025,150200,ERI001,ESK1,F4,10,ZAR,13829691.06,14684514.27,13016830.06,13349067.93,14972724.07,13284156.19,13556083.47,13251662.23,14986208.64,14439675.23,13973382.8,13531626.31,13175122.84,14810733.47,13194880.16,13444183.15
100,0L,1000,2025,150200,ERI001,ESK1,F5,10,ZAR,18721145.7,18256504.83,18359214.01,16908899.07,17429248.65,16744391.4,18548170.89,16491915.38,18270870.49,18132061.02,18098829.37,16553351.44,18646390.15,18196579.7,17498295.02,18092016.53
100,0L,1000,2025,150300,ERI001,ESK1,F1,10,ZAR,10525868.51,10469555.54,10018053.16,9589570.38,9681736.04,9759666.37,9504388.34,9528328.34,10221936.33,9821901.82,10727477.4,10311419.57,10827478.39,10659074.6,10931625.4,10522589.99
100,0L,1000,2025,150300,ERI001,ESK1,F2,10,ZAR,15544345.64,14316674.67,13822332.63,14690591.62,14291545.1,14321406.89,14461440.18,14671922.1,14777787.68,14480295.12,14950171.75,13816997.86,15866085.91,15907853.44,15071595.25,13788543.26
100,0L,1000,2025,150300,ERI001,ESK1,F3,10,ZAR,7636537.63,8508115.7,7402523.43,8326531.7,7837957.57,8455009.08,7745825.65,8226446.76,8283715.58,7542074.96,8264816.17,8464425.01,7681635.19,7934696.83,7884166.17,8536775.96
100,0L,1000,2025,150300,ERI001,ESK1,F4,10,ZAR,14500432.78,15229365.83,14580123.55,13444131.73,14226962.89,14833121.42,14095597.53,13709133.91,13801051.2,13322650.82,13929164.38,14938088.65,14591395.91,15057395.19,14609480.27,14276755.02
100,0L,1000,2025,150300,ERI001,ESK1,F5,10,ZAR,9033100.86,9345790.74,9262569.22,9197691.49,8959018.34,9931110.5,9061866.22,8731332.78,9212850.42,9369453.98,8928665.22,8822951.02,8927395.8,10017770.03,9517781.95,9892636.96
100,0L,1000,2025,500100,ERI002,ESK1,F1,10,ZAR,6094136.98,6351645.53,6079426.59,7616242.78,7527396.87,6687195.35,6636500.07,5969819.68,6580231.38,6725896.71,6475622.32,5814863.56,6300148.41,6121735.24,6289391.05,6295692.16
100,0L,1000,2025,500100,ERI002,ESK1,F2,10,ZAR,8606074.84,8422206.1,7933786.17,11036763.08,9977232.63,8795292.73,7970753.91,9215745.73,9093501.49,7957803.14,8118312.54,8171246.91,8477980.48,8951562.02,8773521.92,8861589.74
100,0L,1000,2025,500100,ERI002,ESK1,F3,10,ZAR,2463059.67,2590314.76,2463928.31,3185248.13,3025103.13,2512861.49,2417614.02,2671419.94,2667896.35,2696278.47,2372347.63,2624500.43,2540786.0,2541780.32,2625605.41,2603067.39
100,0L,1000,2025,500100,ERI002,ESK1,F4,10,ZAR,9101738.34,9755890.01,8710998.72,10864556.29,11506729.49,9678863.13,9743881.22,9647044.56,8972639.73,9204192.99,9656019.47,9896560.25,8673030.24,9012501.79,9723899.05,9223375.88
100,0L,1000,2025,500100,ERI002,ESK1,F5,10,ZAR,6011457.19,5888341.27,5693588.27,7177876.77,6884682.33,6104252.22,6257679.73,5657677.21,6426589.71,6068465.1,5803147.04,5624943.41,6480265.83,6164708.18,5922709.82,6012015.37
100,0L,1000,2025,500200,ERI002,ESK1,F1,10,ZAR,7195299.36,6710472.4,6640882.09,8534207.16,8203771.26,7625094.35,7273146.2,6896664.48,6944821.97,6873183.97,7559796.19,7188589.99,7054954.22,7304025.34,7190888.29,7188934.35
100,0L,1000,2025,500200,ERI002,ESK1,F2,10,ZAR,15377387.26,15554840.58,14877405.51,17869230.83,18246295.25,14077305.61,15640564.27,14439375.37,14111482.47,15055699.4,13962786.5,14561456.5,14450698.81,15920379.1,15327305.42,14944004.4
100,0L,1000,2025,500200,ERI002,ESK1,F3,10,ZAR,15150398.87,13813841.54,15117918.24,16463954.33,17828086.36,13535262.96,14973952.3,15704302.17,14012362.0,15004926.71,14524376.1,15065597.89,14841021.44,15788714.06,14158618.79,13742253.41
100,0L,1000,2025,500200,ERI002,ESK1,F4,10,ZAR,13348445.76,13463195.58,13019742.28,16114235.05,15051551.64,13705648.07,13056962.6,14003407.29,13217978.54,12656031.2,12642302.31,12449490.62,13251861.6,13218660.8,13744137.67,12440034.04
100,0L,1000,2025,500200,ERI002,ESK1,F5,10,ZAR,5471249.22,6046074.53,5597005.37,6664800.42,6696770.81,6022120.51,5461932.84,5727598.28,5943059.93,5725535.07,5438379.75,5482382.27,5712486.42,5598788.35,6230587.83,6180985.99
100,0L,1000,2025,500300,ERI002,ESK1,F1,10,ZAR,11288545.56,11501169.45,11061684.15,13400492.41,14553470.63,10357594.45,10995105.47,11776438.16,10455134.72,11161992.98,10888218.26,10502233.17,10688399.07,11111298.13,12084061.82,10379160.82
100,0L,1000,2025,500300,ERI002,ESK1,F2,10,ZAR,3424312.28,3360415.8,3349878.53,3746854.5,3739474.78,3324886.4,3363083.89,3207764.62,3296372.03,3322458.43,3286454.1,3065364.42,3302171.83,3277257.15,3202558.01,3449439.09
100,0L,1000,2025,500300,ERI002,ESK1,F3,10,ZAR,9143660.58,9328791.76,10140134.35,10767779.43,12186080.11,8857557.76,9768332.91,9282325.53,10302760.6,8817189.1,9282989.57,9433817.07,9594479.35,8894454.12,9338028.48,10231259.37
100,0L,1000,2025,500300,ERI002,ESK1,F4,10,ZAR,18241612.32,18589519.75,17075243.44,20418238.83,22611213.97,17092482.38,18374458.61,17674081.53,17899012.18,17528567.07,18194761.18,18870073.07,16659746.5,16201878.75,16133561.1,16439938.61
100,0L,1000,2025,500300,ERI002,ESK1,F5,10,ZAR,18252196.48,18276412.19,19007278.9,23490159.53,23508757.58,17264360.99,17719508.49,16552391.04,18434881.72,17842862.53,18960864.3,17503165.85,17262413.98,17975587.54,19067755.89,18831597.06
100,0L,1000,2025,510100,ERI002,ESK1,F1,10,ZAR,8400698.01,8536762.18,8443790.85,8216105.62,8290411.65,9322493.1,8901879.11,8246978.37,8782323.45,9381338.76,8725567.47,8665652.08,8076619.33,8111612.18,8924984.46,8504381.37
100,0L,1000,2025,510100,ERI002,ESK1,F2,10,ZAR,7413334.78,7019788.09,7214002.77,6923193.18,7294671.49,7443645.8,6976891.48,7458849.15,6515754.86,7007719.37,6534812.28,6728780.81,6638810.08,6970884.31,7047971.92,7259131.41
100,0L,1000,2025,510100,ERI002,ESK1,F3,10,ZAR,4956055.84,4496952.78,4926654.97,4921090.88,4933429.33,4951878.78,4444604.31,4556446.36,5008277.55,4847970.35,4699849.5,5126611.71,4478308.13,5061913.89,4925076.05,5148211.93
100,0L,1000,2025,510100,ERI002,ESK1,F4,10,ZAR,9592026.76,10677518.71,9648125.82,10088722.92,9893120.52,9973913.5,11111464.22,10141484.57,10913168.37,11102344.79,10600354.47,10710332.77,10759584.48,9819317.66,9504308.82,10758292.5
100,0L,1000,2025,510100,ERI002,ESK1,F5,10,ZAR,3036573.07,2971221.95,2895560.9,2688963.5,2991683.21,2908920.64,3086199.25,2854158.21,3103594.39,3027769.67,2959450.98,2933386.1,2699096.96,2943658.8,2827015.94,2748722.32
100,0L,1000,2025,520100,ERI002,ESK1,F1,10,ZAR,4178298.96,3668287.02,4051323.05,3760834.49,3592079.51,3623516.8,4095748.22,3779642.99,3931637.89,3768901.4,3633804.09,3955681.51,4139619.45,3620578.78,3708388.37,4086929.51
100,0L,1000,2025,520100,ERI002,ESK1,F2,10,ZAR,4217972.29,4272059.17,4118341.88,3751386.62,3989493.34,3688853.5,4192285.06,3816600.03,4068783.72,4106706.24,4187165.25,3917577.79,4066972.7,3895260.3,4113483.58,4256369.06
100,0L,1000,2025,520100,ERI002,ESK1,F3,10,ZAR,4305815.42,4372060.48,4274276.83,4061819.07,4348949.67,4173524.45,4045657.49,4563698.92,4696502.38,4535665.84,4645184.49,4460061.32,4423715.12,4535835.54,4206701.62,4127586.32
100,0L,1000,2025,520100,ERI002,ESK1,F4,10,ZAR,4640888.53,4460199.52,4734365.48,4961386.52,4519717.39,4890710.18,4593873.05,4708387.17,4762160.23,5066130.12,5078069.68,4699495.91,4616560.94,4743031.6,4882181.14,4432264.16
100,0L,1000,2025,520100,ERI002,ESK1,F5,10,ZAR,16486660.65,17499353.1,15750731.56,16217525.35,17804297.84,17277325.2,18097421.2,17439005.53,17326494.84,16029226.26,16679926.74,15885724.73,16225034.54,16702036.26,15758715.61,15974849.16
100,0L,1000,2025,520200,ERI002,ESK1,F1,10,ZAR,16715310.76,16125041.57,16333838.48,14984672.12,15548833.68,16501956.96,15986048.4,16885344.5,15359790.73,14605638.32,15535973.3,16880668.09,16022727.75,15059223.05,15753956.43,14813961.44
100,0L,1000,2025,520200,ERI002,ESK1,F2,10,ZAR,3560538.26,3779876.24,3885258.94,3878485.93,4004726.33,3544207.41,3958316.3,3868008.31,4016000.29,4040066.27,4038516.65,4038344.4,3987486.8,3564953.07,3851733.21,3834546.58
100,0L,1000,2025,520200,ERI002,ESK1,F3,10,ZAR,4675640.38,4853582.37,4697780.19,4796055.81,4888724.54,5046524.77,4843263.9,4780386.04,4888310.6,4887380.85,4998646.35,4903000.3,4409768.03,5022264.66,4969119.19,5067650.77
100,0L,1000,2025,520200,ERI002,ESK1,F4,10,ZAR,13268689.71,13833658.64,13624250.56,13261433.64,13103786.29,13103290.89,12803715.16,13684189.59,12417245.28,13509201.74,13048867.95,12261386.08,12703944.18,13344255.86,13974631.86,13342745.26
100,0L,1000,2025,520200,ERI002,ESK1,F5,10,ZAR,5766518.77,5952809.57,5868929.12,6004589.86,6208789.43,6204961.88,6028755.84,6308880.56,6010066.04,6086156.55,6012928.01,6161669.21,5608271.83,5997627.56,6095768.77,6512124.15
100,0L,1000,2025,530100,ERI002,ESK1,F1,10,ZAR,15860863.46,16389150.81,16830735.54,16866605.21,17079343.06,17053374.71,16577480.75,15807958.99,16750445.1,15770438.44,15120283.71,16088685.29,16425325.08,16588496.9,16815014.77,14873997.37
100,0L,1000,2025,530100,ERI002,ESK1,F2,10,ZAR,2117018.78,2115437.45,2199101.45,2150478.39,2077330.95,2201072.36,1969779.81,1986868.99,2055226.53,2111446.73,2221587.88,1997000.73,2030471.48,1983584.29,2090338.74,2019500.58
100,0L,1000,2025,530100,ERI002,ESK1,F3,10,ZAR,17423039.35,15460496.88,16696448.88,16600844.14,16182735.1,17229673.9,17021493.49,15418928.43,16981871.61,16083653.51,17421089.04,16209952.37,16103213.59,15548506.83,15079460.87,16658101.64
100,0L,1000,2025,530100,ERI002,ESK1,F4,10,ZAR,16131773.48,16922047.85,18595353.15,17254610.66,17143968.92,18765055.3,18029479.61,18465441.15,17574780.49,17489321.11,17777092.25,18494553.24,17894475.36,17494091.06,17490763.26,16135904.3
100,0L,1000,2025,530100,ERI002,ESK1,F5,10,ZAR,9627456.89,9687280.61,9843586.04,9111016.86,9241961.9,8796892.8,9553211.14,8612435.15,8532727.42,9385585.16,9808809.42,9712150.61,9900839.19,9105901.38,9764561.52,9452118.31
100,0L,1000,2025,540100,ERI002,ESK1,F1,10,ZAR,15204786.53,13891331.97,15590119.91,15413442.34,15720855.98,13815314.61,15814867.15,14357556.5,13987516.1,14798287.91,16146185.91,13946528.28,15747486.4,15691022.67,15291181.66,14928233.35
100,0L,1000,2025,540100,ERI002,ESK1,F2,10,ZAR,12690294.42,13701410.11,14172255.79,13551684.15,12776245.36,12263397.98,12546530.19,12435719.66,14162598.16,13080648.47,12693459.21,12909083.83,13109203.57,13231145.61,12679967.2,12338935.75
100,0L,1000,2025,540100,ERI002,ESK1,F3,10,ZAR,7894929.83,7223118.12,7696979.42,7287623.52,7530257.78,8004044.0,7315511.18,8115767.13,7270265.29,8089288.21,7978970.23,8121483.47,7092814.05,7281820.09,8154163.47,8086551.29
100,0L,1000,2025,540100,ERI002,ESK1,F4,10,ZAR,12631911.73,13674260.03,12846836.65,13007394.38,14538613.93,13952405.71,13915464.65,12506452.43,14383491.83,14190957.28,12421928.04,12840039.37,14047976.34,12809738.31,14191416.8,13682839.33
100,0L,1000,2025,540100,ERI002,ESK1,F5,10,ZAR,7464676.29,8569853.1,7456331.05,8214933.34,8382817.89,8565976.64,8295363.88,8284421.35,7478274.75,8323533.73,8178550.07,7473161.6,8211708.28,7881861.61,8445408.98,7996778.1
100,0L,1000,2025,150100,ERI002,ESK1,F1,10,ZAR,7249860.29,7036208.62,7044292.26,7309515.35,6799602.32,7246122.06,6916642.24,6816151.67,7445542.2,6440554.01,6351408.05,7187996.73,6924841.43,6507507.71,6472627.54,6605889.88
100,0L,1000,2025,150100,ERI002,ESK1,F2,10,ZAR,11581065.34,11723320.45,12371085.11,11752440.61,11877442.79,11788088.7,12000105.64,11399303.15,12668439.0,10988202.49,12040525.93,11694915.68,12747496.52,12073484.94,11770269.3,12754846.62
100,0L,1000,2025,150100,ERI002,ESK1,F3,10,ZAR,2469534.86,2589830.08,2748773.44,2720679.27,2386939.22,2620820.77,2560450.57,2511481.23,2761802.94,2757048.65,2546109.77,2556354.23,2674967.48,2755727.97,2656091.11,2717537.07
100,0L,1000,2025,150100,ERI002,ESK1,F4,10,ZAR,17719393.04,18041826.09,17789125.59,18250142.6,16724641.29,17167400.3,18446312.85,18236216.45,16851289.76,16165492.51,15859949.49,16970928.66,16202699.58,16035630.09,17200201.61,17337790.19
100,0L,1000,2025,150100,ERI002,ESK1,F5,10,ZAR,7317172.89,7272358.29,7044052.36,7725247.56,7464438.83,7699173.62,7731773.31,7426595.89,7592436.72,7098931.59,7931506.19,7660118.9,7089330.56,7018295.09,7176685.99,7623612.46
100,0L,1000,2025,150200,ERI002,ESK1,F1,10,ZAR,12763525.24,11793011.27,12745777.59,11952963.59,11789235.9,11995699.93,12920322.07,11783882.64,11309356.0,12957665.74,12495726.49,11206500.95,11269379.41,11540643.15,12213287.65,12175153.34
100,0L,1000,2025,150200,ERI002,ESK1,F2,10,ZAR,4891645.69,5104553.69,5577627.93,5033326.8,4835969.34,5311205.41,5028918.36,5401240.97,5087229.6,5044862.58,5023373.01,5440287.96,5097597.24,5574567.83,5224113.8,5279844.61
100,0L,1000,2025,150200,ERI002,ESK1,F3,10,ZAR,10401535.03,10706268.52,10590448.36,11126517.18,9716056.86,9587984.41,9875894.3,9962259.82,10611585.23,10814241.58,9783237.24,10986536.02,10312452.15,10840884.38,10877570.52,10921228.41
100,0L,1000,2025,150200,ERI002,ESK1,F4,10,ZAR,12220460.03,12278759.96,13087926.37,12523307.79,12352544.88,13808891.03,11915225.51,13460403.97,12230092.25,13242217.48,11901749.24,12499082.8,12478436.1,11896994.35,13822735.9,12273179.6
100,0L,1000,2025,150200,ERI002,ESK1,F5,10,ZAR,2187086.76,2106873.55,2325461.06,2194895.82,2035374.07,2049203.9,2175152.11,2246413.34,2097279.47,2138128.03,2330841.34,2220727.29,2074427.21,2235427.95,2288944.71,2338580.25
100,0L,1000,2025,150300,ERI002,ESK1,F1,10,ZAR,12731612.87,13008507.88,12455410.6,13586956.18,13839855.56,13343538.22,13313293.59,12846348.2,13518411.09,12489648.42,12092745.02,13252173.74,12157171.57,13607118.27,11895531.15,13127280.47
100,0L,1000,2025,150300,ERI002,ESK1,F2,10,ZAR,15927455.35,14514026.11,16947434.8,16798464.8,15373386.31,15068734.25,16500951.27,15117093.05,15972321.29,14962520.2,15648645.2,16265893.17,15963717.63,14742500.88,15169321.31,16659285.47
100,0L,1000,2025,150300,ERI002,ESK1,F3,10,ZAR,8914627.73,9432481.62,8858710.73,9159155.78,9044079.29,8613431.44,8752282.64,9943551.56,8999841.2,9137659.05,9815624.13,9659616.27,8716740.33,9634340.4,9022718.92,9367732.41
100,0L,1000,2025,150300,ERI002,ESK1,F4,10,ZAR,3222691.78,3196563.52,3295695.48,3447048.0,3289393.86,3555952.46,3456953.65,3446414.68,3089014.96,3444124.32,3167768.27,3397903.24,3290621.59,3459140.91,3123128.24,3253051.63
100,0L,1000,2025,150300,ERI002,ESK1,F5,10,ZAR,2286553.09,2293162.71,2175885.49,2191021.54,2267822.7,2288516.61,2448414.7,2347753.67,2157678.22,2339515.19,2176618.27,2276180.11,2357025.47,2478490.77,2471653.39,2116930.46
100,0L,1000,2025,500100,ERI003,ESK1,F1,10,ZAR,13467030.01,14578362.17,14237446.69,17407094.06,16714727.57,13977920.93,14660469.99,15625421.9,14514527.46,15477434.88,14871914.75,15485818.24,14919460.65,13687791.3,15287233.11,13412340.84
100,0L,1000,2025,500100,ERI003,ESK1,F2,10,ZAR,9832058.16,9619837.58,9523837.91,12034748.07,12094840.01,9324727.03,9420710.35,9179735.45,10228181.89,10188571.69,9535768.07,9947171.49,9287903.4,10077651.33,10251488.52,9668673.09
100,0L,1000,2025,500100,ERI003,ESK1,F3,10,ZAR,11280904.99,10525856.53,10660042.83,13092695.58,12803463.23,11184577.19,11151053.78,10736641.12,12020144.63,10794516.63,10359441.68,10603109.26,11409126.17,11909378.46,12087494.89,11958215.05
100,0L,1000,2025,500100,ERI003,ESK1,F4,10,ZAR,7240033.78,7836146.38,7289936.35,9509049.6,9500314.57,7280096.97,7193125.94,7005135.21,7772662.4,7473304.87,7264839.52,7132653.76,6898722.62,6996667.73,7433034.39,7088353.33
100,0L,1000,2025,500100,ERI003,ESK1,F5,10,ZAR,16012734.03,16448956.93,15925739.99,20345114.0,20825456.22,16872703.23,17463774.17,17146473.83,16430864.68,18088563.15,15862978.61,16769231.07,18104316.31,18221787.77,17046369.19,16708564.66
100,0L,1000,2025,500200,ERI003,ESK1,F1,10,ZAR,13024084.62,13900944.85,14301301.06,15429210.41,17361648.51,13548006.21,14394305.92,13962595.34,13116764.54,13810686.66,14306240.0,12491954.24,12586244.57,14234133.7,14179563.5,13694868.38
100,0L,1000,2025,500200,ERI003,ESK1,F2,10,ZAR,16139757.69,15311893.07,16077106.35,21236051.82,19360840.13,15883252.34,17204903.8,17004686.58,16243415.01,16728451.97,16364806.16,16051148.42,15355826.39,16881120.71,14900825.71,15971294.35
100,0L,1000,2025,500200,ERI003,ESK1,F3,10,ZAR,10075788.21,10842183.94,11279457.88,13735809.35,13172015.69,10953029.61,10084401.64,9757265.24,10868915.76,10911087.25,10089407.01,10948114.1,9897568.8,10012997.42,10277755.6,9632208.16
100,0L,1000,2025,500200,ERI003,ESK1,F4,10,ZAR,17199564.56,16634472.78,17561336.46,22815139.69,20553834.43,16113144.24,18887333.7,17506485.81,17392334.07,17028624.15,18452666.67,16272988.9,17301999.14,17278749.38,16657599.33,16555514.58
100,0L,1000,2025,500200,ERI003,ESK1,F5,10,ZAR,15563473.85,15543927.65,15822307.59,20365193.02,21593235.96,17181753.73,15512420.09,16038052.63,16113910.8,15812478.59,16906528.51,16392813.59,16672192.1,17073689.93,16444115.8,17084994.71
100,0L,1000,2025,500300,ERI003,ESK1,F1,10,ZAR,17275884.6,17388047.55,16923752.05,18651610.87,20122799.31,15105730.04,16042400.45,17190919.01,16792079.17,17487489.58,16129988.34,16330277.22,17283635.15,15174725.13,15069690.6,16999392.75
100,0L,1000,2025,500300,ERI003,ESK1,F2,10,ZAR,4218343.98,4291496.49,4181773.42,4923068.56,4978533.83,4022214.4,3993040.53,3790128.43,4426709.14,3968996.95,4219234.28,3828660.98,4070433.43,3880826.8,3977795.01,4371611.87
100,0L,1000,2025,500300,ERI003,ESK1,F3,10,ZAR,8469558.36,8036158.34,7488328.13,9455016.92,9364305.93,7714729.42,7885590.33,7511367.36,8552507.67,8273741.34,8592979.15,8221215.11,7906288.0,7481774.12,8397737.72,7843070.29
100,0L,1000,2025,500300,ERI003,ESK1,F4,10,ZAR,10168030.18,11545520.62,11594509.04,14032887.76,14072914.22,10673500.63,10470534.17,11137448.88,11443713.78,11867373.79,11621482.06,11039551.68,10323714.81,10509751.62,10648074.85,11874936.9
100,0L,1000,2025,500300,ERI003,ESK1,F5,10,ZAR,6700490.81,6760380.53,6436807.98,8255661.88,7631488.04,5853832.46,6545970.52,6794509.34,6109690.18,5972111.68,6168303.88,6691367.76,5978865.15,6031480.99,5914235.78,6761521.72
100,0L,1000,2025,510100,ERI003,ESK1,F1,10,ZAR,2860189.56,2663364.65,2531754.63,2794420.01,2564643.63,2766193.59,2525351.09,2752961.35,2555522.34,2536617.45,2736276.34,2572197.68,2777767.17,2708983.16,2829674.03,2731312.59
100,0L,1000,2025,510100,ERI003,ESK1,F2,10,ZAR,15628747.94,13902127.76,14098817.8,15165434.63,15357093.33,14686830.6,15312874.39,13915577.88,14686274.77,13737435.56,13714542.25,15836341.65,16087117.59,14243374.39,14223519.3,15641332.6
100,0L,1000,2025,510100,ERI003,ESK1,F3,10,ZAR,9613047.36,9432198.07,10473640.74,10429675.41,10217856.46,9988794.9,10452571.72,10791361.81,10297781.45,10411147.87,9714409.24,10723020.87,10427524.79,10076310.63,9970174.28,9290130.69
100,0L,1000,2025,510100,ERI003,ESK1,F4,10,ZAR,7778951.32,8358656.92,7566155.27,8379155.47,8675841.18,7605474.02,8181563.99,7816285.8,8393421.2,8780814.13,8416737.1,7641381.16,8493789.11,7988590.8,7547445.88,8662779.37
100,0L,1000,2025,510100,ERI003,ESK1,F5,10,ZAR,2861168.38,3142229.66,3191828.62,3049455.67,2927769.61,2866531.92,3163506.06,2852805.3,2814775.13,3195505.66,2761879.81,2732995.8,2896779.01,2997998.84,3046415.67,2804897.65
100,0L,1000,2025,520100,ERI003,ESK1,F1,10,ZAR,4892115.96,5047988.6,4649140.58,4827079.39,4785634.09,4782242.91,4415511.89,4809817.02,5051872.06,4542712.48,4748803.23,4744763.13,4961071.56,5084074.03,4995461.38,4957603.98
100,0L,1000,2025,520100,ERI003,ESK1,F2,10,ZAR,2589569.2,2652799.72,2411560.87,2644203.14,2538444.43,2530216.31,2583514.85,2570465.46,2702832.67,2553746.92,2698256.61,2542982.41,2538719.43,2716130.67,2446914.46,2731490.7
100,0L,1000,2025,520100,ERI003,ESK1,F3,10,ZAR,15738000.42,15474758.93,16684669.09,15109542.56,16785652.09,15119969.1,14746046.56,16839321.62,15923316.23,14938967.99,16312662.4,14956624.3,15333336.38,15513327.99,16071887.02,16381214.56
100,0L,1000,2025,520100,ERI003,ESK1,F4,10,ZAR,17276950.76,14755287.82,16488386.81,17017767.42,16407463.4,17117237.43,16121203.48,15111891.89,15510465.23,16447583.26,15201169.86,15177948.51,17264911.25,15663334.41,15634257.47,16697153.47
100,0L,1000,2025,520100,ERI003,ESK1,F5,10,ZAR,18723706.07,18354883.11,18265280.03,17363059.42,17624156.04,16973004.98,17200415.23,16851656.56,18438989.66,18608409.08,16584884.12,16317715.37,18429902.49,18152570.32,18642318.57,16471520.92
100,0L,1000,2025,520200,ERI003,ESK1,F1,10,ZAR,10623305.9,9346718.31,10076102.71,10485668.03,10612755.56,10340518.41,10353492.76,10210582.77,10699935.65,9971753.12,9588757.66,9878920.59,10457800.97,9901443.69,10964275.2,10637623.1
100,0L,1000,2025,520200,ERI003,ESK1,F2,10,ZAR,11217302.92,10875783.24,10915808.01,10629642.03,12251953.46,11990062.92,12123331.4,11507723.92,10596970.31,12331520.46,11677964.88,11309500.22,12012032.59,11554538.5,12037197.24,11623531.4
100,0L,1000,2025,520200,ERI003,ESK1,F3,10,ZAR,4078454.81,4065860.68,3712956.53,3750274.06,4006923.55,3585578.14,4045586.31,4025773.83,3598182.03,4017530.06,3790867.46,3827517.98,3579015.04,4043138.03,3970212.22,3884425.46
100,0L,1000,2025,520200,ERI003,ESK1,F4,10,ZAR,8551527.12,9417727.8,8513621.61,8587333.87,9150110.45,8708591.91,8821991.73,9664597.39,9346737.4,8540827.29,9005311.44,8968108.19,9160597.43,8813236.81,9481549.1,9417813.82
100,0L,1000,2025,520200,ERI003,ESK1,F5,10,ZAR,17638638.23,18855828.09,18435569.54,18506256.84,18516508.48,17826285.61,20118946.57,20221674.92,19359766.54,18672735.42,17470707.46,18933605.89,19508871.82,20398471.72,17927204.46,19689173.24
100,0L,1000,2025,530100,ERI003,ESK1,F1,10,ZAR,6462311.36,6640558.46,6589374.33,6486646.57,6777673.84,6747198.98,7378719.4,6722332.91,6596837.18,7476700.88,7512181.86,6975094.51,7314164.93,6855012.45,7547341.62,6693502.68
100,0L,1000,2025,530100,ERI003,ESK1,F2,10,ZAR,2641800.32,2396318.18,2259161.47,2524616.18,2495556.8,2303811.02,2646144.86,2381717.16,2406524.97,2451323.48,2604038.35,2327732.85,2467667.25,2571195.01,2552076.96,2472997.86
100,0L,1000,2025,530100,ERI003,ESK1,F3,10,ZAR,13752003.51,14422230.3,15311803.83,14968684.68,15856454.95,15261052.6,14695839.28,14343719.79,14121983.09,15780781.19,14839607.62,14465052.64,13632702.07,15794313.83,14957901.59,15010099.52
100,0L,1000,2025,530100,ERI003,ESK1,F4,10,ZAR,4472667.02,4735043.05,4577879.42,4310662.84,4398250.8,4661486.0,4412460.94,4759598.77,4546281.22,4706029.46,4874531.01,4585542.15,4307316.48,4229292.24,4465848.56,4834728.02
100,0L,1000,2025,530100,ERI003,ESK1,F5,10,ZAR,15264165.16,13874538.46,15518119.48,14919045.67,14627139.86,16188839.31,13889971.72,14812608.78,14134111.92,15849702.79,14489291.65,15160449.58,15360322.03,15125521.62,14718209.68,14834434.06
100,0L,1000,2025,540100,ERI003,ESK1,F1,10,ZAR,8465047.3,8173998.48,8440748.54,8109948.79,8088381.86,8107180.91,8985494.22,8979931.46,7826474.43,8534897.99,8563502.49,8013086.2,7931506.59,8749229.68,8105084.75,9095204.91
100,0L,1000,2025,540100,ERI003,ESK1,F2,10,ZAR,5851722.38,5682542.33,5598858.74,5596345.0,5767984.9,6055118.56,5611740.59,6382638.06,5790847.2,5755086.11,6319866.77,5855615.24,6352148.15,6441820.81,5817519.38,5799621.46
100,0L,1000,2025,540100,ERI003,ESK1,F3,10,ZAR,7378151.5,7448088.0,7802377.75,7232828.48,7779620.66,7578855.82,7365575.29,6965287.86,7050405.21,7826059.26,7655743.46,7687245.6,7596036.6,7163252.42,6810774.98,6894332.19
100,0L,1000,2025,540100,ERI003,ESK1,F4,10,ZAR,10773597.64,10713280.73,11769874.33,11580105.4,10530989.75,11834198.51,10516877.92,11044785.57,11256506.35,11617700.56,10914409.83,11460034.31,10490762.48,10490440.59,10563600.1,11520137.11
100,0L,1000,2025,540100,ERI003,ESK1,F5,10,ZAR,4802763.74,5439921.54,5008807.63,5311460.49,5131731.56,4845724.9,5471317.4,4802302.06,5017558.52,5283496.82,5162277.27,4992058.28,5469695.18,5007151.9,4733772.59,4908627.77
100,0L,1000,2025,150100,ERI003,ESK1,F1,10,ZAR,11673905.11,11901592.15,12071707.71,12316240.19,12669251.63,12239197.86,13151209.29,12387695.95,12921997.48,11664914.64,12106336.36,13079171.46,12452642.19,12025202.11,12759050.96,13064238.02
100,0L,1000,2025,150100,ERI003,ESK1,F2,10,ZAR,11364262.89,10054179.42,11089059.8,10860409.94,11681249.9,11004813.29,11303668.28,10117882.93,10605390.94,11131617.95,11586643.06,11151484.48,10784386.79,11633003.25,11315616.52,11631128.02
100,0L,1000,2025,150100,ERI003,ESK1,F3,10,ZAR,10746467.55,10974974.42,9926560.22,10115674.39,10770229.69,11110825.42,10732268.99,10177781.99,10733245.31,10204840.9,10641968.61,9862851.5,11024651.44,11001569.29,10503478.99,10892897.97
100,0L,1000,2025,150100,ERI003,ESK1,F4,10,ZAR,12158415.24,12377945.62,11940038.55,11806899.41,11385366.66,12627399.52,12432081.15,12192347.98,11145480.8,11418685.85,11309716.86,11307484.88,12745501.25,12922264.6,11725344.45,12982829.19
100,0L,1000,2025,150100,ERI003,ESK1,F5,10,ZAR,3667111.88,4165818.12,3722154.29,4257963.43,3777491.51,3919692.64,4094360.38,4085392.07,4293465.35,3892818.16,4247078.53,4097676.26,4267467.23,3666765.99,3969488.49,3987670.4
100,0L,1000,2025,150200,ERI003,ESK1,F1,10,ZAR,1948383.45,2094803.46,2070673.94,1996121.27,1950996.32,2104687.81,1963894.39,2118997.18,1923114.75,2139923.31,1912332.64,1895331.08,2064823.9,1884704.58,2064852.21,2180944.91
100,0L,1000,2025,150200,ERI003,ESK1,F2,10,ZAR,4919127.04,4765270.37,5022669.81,5424107.98,5131278.85,5000289.42,5327185.18,5527171.58,4897900.13,5380411.8,4914562.98,4726776.98,5129115.06,5483973.07,5370646.05,5314073.86
100,0L,1000,2025,150200,ERI003,ESK1,F3,10,ZAR,6574597.89,6246263.74,5930560.19,6229302.02,6257808.74,5683502.72,5947578.07,6349307.08,5703304.03,5781172.64,5743310.87,6407195.91,6431830.96,6145446.42,6529579.07,6111382.35
100,0L,1000,2025,150200,ERI003,ESK1,F4,10,ZAR,9195335.01,9021682.64,9937045.77,9440066.81,8949564.44,9603621.41,8777030.36,9699988.45,10258115.94,10127090.8,9653788.8,10083210.46,9745622.37,9522522.79,9930792.19,9867563.48
100,0L,1000,2025,150200,ERI003,ESK1,F5,10,ZAR,14407269.89,14791987.56,14958185.15,13206313.98,14284544.75,15039526.78,13536650.99,14090560.46,14002488.08,14054554.11,15060642.69,14731665.83,13504878.7,14052885.46,15388574.87,14246435.27
100,0L,1000,2025,150300,ERI003,ESK1,F1,10,ZAR,9745908.85,10468277.58,10126533.88,9630204.87,9066527.06,9420337.83,9573372.77,9355174.63,9767736.83,9572742.83,9335017.61,10240244.75,9962781.74,10321723.73,9577293.01,9205053.12
100,0L,1000,2025,150300,ERI003,ESK1,F2,10,ZAR,6372782.83,6808795.34,6699399.25,6445099.32,7024845.88,6267195.41,6343336.39,6890686.41,6852649.26,6609731.5,7016565.71,6723223.41,6305363.58,6060013.29,6207428.05,6418921.75
100,0L,1000,2025,150300,ERI003,ESK1,F3,10,ZAR,6263902.61,5573240.95,6289604.13,5826040.93,6197479.42,5522826.26,5843648.65,5678314.99,6377336.42,6406938.51,5729730.59,5748764.72,5506179.2,5661505.73,6245145.24,5510315.64
100,0L,1000,2025,150300,ERI003,ESK1,F4,10,ZAR,12728271.77,11916651.13,11736718.59,12335733.74,13368338.43,13010727.52,12334539.82,13351662.66,11813200.88,11803828.93,12804082.82,11750713.27,12226596.26,12006789.64,11647743.02,13230111.9
100,0L,1000,2025,150300,ERI003,ESK1,F5,10,ZAR,5914810.74,5721606.77,5780690.25,5259607.82,5574193.07,6129648.96,5728497.56,5606510.22,5857265.87,5589306.15,6161685.33,5712123.33,5924262.5,5643948.38,5466651.13,5270044.58
100,0L,1000,2025,500100,ERI004,ESK1,F1,10,ZAR,10474463.71,10141592.91,9571082.62,11205844.07,12231834.34,9387731.24,10319439.26,10522756.03,9739790.24,9303665.18,10369960.24,10158265.48,9340024.62,9706016.43,9988046.6,10119163.01
100,0L,1000,2025,500100,ERI004,ESK1,F2,10,ZAR,6719317.43,7210116.33,7023694.83,8020283.96,7561340.54,7110084.97,6957686.82,6273187.49,7169196.63,7112453.93,6795581.03,7049968.79,6674256.01,6841747.64,6526149.66,6399042.4
100,0L,1000,2025,500100,ERI004,ESK1,F3,10,ZAR,6215310.27,5826865.46,5902802.51,7078496.48,6973595.69,6476334.23,5633744.83,5586042.82,5554593.75,5790998.73,5630544.02,5872007.76,5971726.11,5588937.65,5760041.05,6068109.99
100,0L,1000,2025,500100,ERI004,ESK1,F4,10,ZAR,6279937.19,6413915.21,6337653.36,7758440.34,7757905.09,6858450.67,6493542.26,6882614.68,6763908.97,6652174.72,6229681.62,6688748.67,6901577.8,6151787.7,6267117.7,6273001.57
100,0L,1000,2025,500100,ERI004,ESK1,F5,10,ZAR,4936660.55,4940872.5,4900965.48,6204974.36,6769309.58,5246280.63,5181979.04,5148545.01,4770615.9,5098311.53,4840310.81,5308061.63,4827310.01,5217502.75,5002944.29,4953564.33
100,0L,1000,2025,500200,ERI004,ESK1,F1,10,ZAR,6281646.34,6535965.2,6086881.4,8025516.38,7136261.66,6337671.39,5790135.04,6164430.96,5820084.7,5945203.58,6524339.36,6578042.22,5696357.07,6235130.98,6462441.85,6177695.42
100,0L,1000,2025,500200,ERI004,ESK1,F2,10,ZAR,9304621.75,9040792.7,9546191.28,11661682.16,11822625.46,9638983.02,9309228.69,8811901.25,9501827.7,9030023.82,9779566.95,9837521.2,9316490.35,10052631.44,9551218.55,9077383.58
100,0L,1000,2025,500200,ERI004,ESK1,F3,10,ZAR,6429786.78,5974565.67,6218621.93,7300662.44,7552771.74,6082174.14,6275481.64,5911339.58,5756849.89,6200346.33,6472764.12,6039797.92,5968809.42,6515983.07,6041020.62,6053453.64
100,0L,1000,2025,500200,ERI004,ESK1,F4,10,ZAR,14100618.73,13537886.35,12289359.18,16042351.79,16199026.62,12779859.28,13472213.87,12158364.81,13792532.39,12968386.17,14114779.55,12808683.81,12819527.07,12648383.47,12320696.86,13651640.75
100,0L,1000,2025,500200,ERI004,ESK1,F5,10,ZAR,17993345.32,16318058.51,15908022.59,19546012.47,20467879.22,16505542.18,16492106.05,17854527.67,16145687.26,17924146.83,17119344.82,16374186.58,16052529.53,16082744.7,17877852.31,16853847.78
100,0L,1000,2025,500300,ERI004,ESK1,F1,10,ZAR,13057337.98,14233358.11,13533868.64,17796716.25,18102658.71,14293178.26,14831587.55,14025609.62,14667911.58,14898251.35,14103707.52,13219402.37,15011039.29,14017151.25,14016693.44,13574565.76
100,0L,1000,2025,500300,ERI004,ESK1,F2,10,ZAR,11633436.09,10963421.98,11540669.8,14104269.79,14309324.8,12124609.31,11734337.65,10435727.71,11116711.05,11689470.46,11613408.67,11539256.25,11558595.66,11858325.77,12100647.39,11798789.07
100,0L,1000,2025,500300,ERI004,ESK1,F3,10,ZAR,2150989.03,2107435.03,1918059.15,2522696.2,2577023.08,1917106.94,2193090.35,2105192.26,1914286.93,1971608.6,2184741.64,2011339.49,2125052.22,2122932.17,2054829.39,2095230.5
100,0L,1000,2025,500300,ERI004,ESK1,F4,10,ZAR,13127408.65,12650074.55,14617831.9,17938298.56,16634536.14,14428891.94,12792376.16,13980785.03,12999404.11,13727127.77,13290315.59,12588505.61,13986730.66,13410320.55,12567459.42,14004353.37
100,0L,1000,2025,500300,ERI004,ESK1,F5,10,ZAR,16172358.25,18543182.04,17407520.41,22748779.94,22653775.88,17151262.24,16633215.92,17451919.93,17918416.3,16423893.37,18364431.79,17698581.04,17611404.76,18565149.26,16414258.2,18636564.41
100,0L,1000,2025,510100,ERI004,ESK1,F1,10,ZAR,11599130.91,11778690.09,10910319.17,10805977.0,12363485.14,10630931.88,11224417.03,12109378.5,11071607.16,11107330.44,12037572.95,10597606.01,10853889.71,10627644.86,11185680.06,11734291.79
100,0L,1000,2025,510100,ERI004,ESK1,F2,10,ZAR,3115681.16,2942033.05,2832709.61,2865364.0,3088457.1,2998050.37,3053146.49,2997494.78,3019260.22,2761575.86,2887456.7,2923345.73,3117388.8,2935248.76,2719382.77,2964938.43
100,0L,1000,2025,510100,ERI004,ESK1,F3,10,ZAR,4761024.94,4477499.01,4554994.85,4445547.33,4515419.51,4857663.6,4866850.55,4983651.53,4657696.38,4380168.19,4278947.83,4758266.79,4500703.33,4983419.85,4768766.96,4761531.97
100,0L,1000,2025,510100,ERI004,ESK1,F4,10,ZAR,2286719.72,2067202.8,2137008.03,2304045.52,2250810.6,2062366.07,2322488.41,2119106.61,2182572.79,2005767.68,2328109.14,2065933.62,2260715.75,2211558.79,2032325.61,2337498.44
100,0L,1000,2025,510100,ERI004,ESK1,F5,10,ZAR,2293793.91,2196623.77,2511166.31,2210429.09,2489012.88,2390724.3,2275458.48,2291124.2,2319031.91,2297149.9,2282795.61,2361243.91,2388252.39,2496041.99,2220480.1,2541285.75
100,0L,1000,2025,520100,ERI004,ESK1,F1,10,ZAR,4576797.37,5250810.47,4601499.49,4619883.36,4733204.11,5183913.93,4891164.54,5213169.06,5157293.62,4969463.02,4566261.07,4751555.65,5121088.96,4631378.72,4846717.52,4869071.97
100,0L,1000,2025,520100,ERI004,ESK1,F2,10,ZAR,6527410.48,6842420.66,6297079.84,6590683.75,6817598.99,6096349.04,5978141.74,6693459.87,6813783.63,5996614.06,6196511.32,5893723.66,6534320.93,6103754.01,6697072.28,6408757.76
100,0L,1000,2025,520100,ERI004,ESK1,F3,10,ZAR,14501397.75,14123317.93,14875432.13,14104383.56,14178899.94,15002617.51,14771939.32,15513240.1,14625555.13,13795191.12,14410838.75,13925160.2,14613945.37,13912014.24,15176505.71,14421749.23
100,0L,1000,2025,520100,ERI004,ESK1,F4,10,ZAR,12401500.37,12175905.62,12340305.14,12435859.98,13289018.91,11690842.61,11454365.2,12753777.23,12550778.75,11625488.22,12300141.36,13069475.8,13203665.33,12971877.06,12616612.39,13082692.98
100,0L,1000,2025,520100,ERI004,ESK1,F5,10,ZAR,8450200.8,8248547.37,8937664.06,8983480.01,8758328.06,7813186.06,8998808.45,8538085.4,7861330.4,8176657.14,8439305.3,9071553.13,8460227.08,8360313.81,8237423.8,8659273.04
100,0L,1000,2025,520200,ERI004,ESK1,F1,10,ZAR,7526340.97,6934804.79,7720050.27,7333847.6,7031254.72,7389184.8,7019827.84,7806729.16,7135058.69,6760821.2,7184431.0,7011190.69,7711000.15,7479671.2,6802123.88,7594086.83
100,0L,1000,2025,520200,ERI004,ESK1,F2,10,ZAR,4653462.65,4613901.46,4335523.88,4800954.18,4637868.49,4449374.6,4809615.4,4985192.3,4996162.54,4882565.76,4690030.92,4502272.84,4344428.07,4590342.23,4398565.28,4785301.65
100,0L,1000,2025,520200,ERI004,ESK1,F3,10,ZAR,15853705.03,13895854.15,14743287.02,14014425.8,15797552.24,15006830.12,15145622.09,15994883.48,14742155.15,14402018.99,13903047.7,14334849.04,15204147.02,15040240.22,15041999.42,14338191.74
100,0L,1000,2025,520200,ERI004,ESK1,F4,10,ZAR,5038393.3,4532118.78,5102057.13,4695703.6,4669009.11,4801522.32,5200326.41,5219091.39,5118217.01,4914212.43,5228219.76,4871697.21,4972561.37,4902896.53,5025013.93,4545841.45
100,0L,1000,2025,520200,ERI004,ESK1,F5,10,ZAR,6868177.76,7602004.34,7077312.6,6971585.3,6588768.61,7288471.47,6920781.79,7015329.89,7289808.74,7479484.79,6934189.46,7473012.72,6915014.62,7123306.58,6676127.49,7658698.34
100,0L,1000,2025,530100,ERI004,ESK1,F1,10,ZAR,16639781.71,15838092.84,15285687.26,15611890.49,15610691.42,16818344.22,15571497.69,15769881.87,16838997.76,16369442.47,15187395.7,16880419.78,14918607.02,14644325.81,16913541.1,14930846.4
100,0L,1000,2025,530100,ERI004,ESK1,F2,10,ZAR,15922084.54,14560541.46,16033830.42,15032546.01,15400217.28,15300074.91,14417764.79,14291981.08,15344197.37,15650220.02,14713768.13,15158406.87,14929758.38,14623226.19,14324889.21,16091894.61
100,0L,1000,2025,530100,ERI004,ESK1,F3,10,ZAR,8541532.59,7626903.66,7998255.02,7957373.34,8175638.64,8417654.93,8470637.96,7556239.29,8580457.51,7754402.4,7731335.41,8739312.08,7893886.23,8480932.99,8545352.87,7904005.06
100,0L,1000,2025,530100,ERI004,ESK1,F4,10,ZAR,8604205.0,8275840.59,8916693.43,7881762.84,8766682.42,8823817.44,8848910.64,8269614.7,8451875.93,8010473.44,8852081.27,8795982.91,7948068.41,8163300.18,8329556.92,8846002.71
100,0L,1000,2025,530100,ERI004,ESK1,F5,10,ZAR,6352897.96,5835746.11,5912312.9,5530265.06,6139349.17,5619847.29,5555764.28,5936304.34,6260134.4,6057607.1,5873592.49,5482110.64,5497855.37,6090291.86,6281941.76,5824055.29
100,0L,1000,2025,540100,ERI004,ESK1,F1,10,ZAR,3872903.22,4021659.5,4111920.11,3567650.51,3766708.65,3985801.66,3562560.94,4028420.9,3583508.36,4124975.12,4086254.35,3875921.79,3867779.66,4174394.14,3993254.36,3565508.06
100,0L,1000,2025,540100,ERI004,ESK1,F2,10,ZAR,8846520.58,9195910.58,8181510.0,8321367.3,8767883.15,9218720.79,9092370.37,9353304.37,9394538.95,8983904.31,9173031.6,8772859.26,8849088.69,8167641.32,8981874.46,8241412.94
100,0L,1000,2025,540100,ERI004,ESK1,F3,10,ZAR,3017701.34,2874658.46,2870722.51,3025098.41,3065662.82,2839667.33,3246327.27,2918096.56,3179482.88,3022100.6,3176420.38,3141241.81,3287699.87,3174110.41,2908726.07,2901177.59
100,0L,1000,2025,540100,ERI004,ESK1,F4,10,ZAR,10020702.3,9794082.94,9466938.55,10169165.67,9724174.36,10722599.81,9908371.07,10140609.13,10545512.17,10211728.28,9847263.3,10184274.83,10139055.7,10168068.5,10823246.8,10725130.2
100,0L,1000,2025,540100,ERI004,ESK1,F5,10,ZAR,16657758.37,17516897.15,18407755.24,18151425.03,16841012.31,17439345.13,16667420.82,16882811.48,17796806.61,18390891.59,17259131.95,16775841.94,18406431.49,16411470.56,16426953.64,17500720.0
100,0L,1000,2025,150100,ERI004,ESK1,F1,10,ZAR,8711699.36,8265638.76,8360808.45,8198019.26,8723462.41,8525728.43,8569707.8,7858900.29,8504167.02,7985678.91,8666714.66,8491364.55,7777115.12,8404234.66,7817384.21,7732448.97
100,0L,1000,2025,150100,ERI004,ESK1,F2,10,ZAR,15317428.8,16372831.93,15450352.32,16509152.31,16252864.55,15711636.34,16086510.2,16944026.77,16374034.51,16497505.74,17597946.41,15785158.68,17157432.57,16284112.55,17821286.33,16192296.68
100,0L,1000,2025,150100,ERI004,ESK1,F3,10,ZAR,15204254.65,15520400.38,14499383.83,16071704.46,15585796.91,14265059.25,16389505.68,14082958.8,16311925.39,14119535.13,14735287.05,14362735.49,15494796.11,14607811.75,15255893.89,15232311.96
100,0L,1000,2025,150100,ERI004,ESK1,F4,10,ZAR,15360586.28,15357728.17,16994042.76,17375855.82,15039302.76,15001601.38,15929787.92,17256913.09,15359704.83,16907579.17,15040431.69,15260347.62,16180255.33,16834400.23,14965743.77,16310958.52
100,0L,1000,2025,150100,ERI004,ESK1,F5,10,ZAR,16171491.0,14508314.2,15117203.51,16488333.77,15562662.07,14216110.19,14904176.92,15324617.39,14635876.87,15576213.39,15723214.86,14675528.26,14769662.26,15564828.92,16089939.62,15073193.63
100,0L,1000,2025,150200,ERI004,ESK1,F1,10,ZAR,16030719.36,16391698.37,15394413.16,15608833.85,15593130.34,16641256.08,15735584.98,15267917.31,15528343.5,17348489.9,16794464.87,15201413.42,17258104.79,17201714.04,15432969.39,16723749.45
100,0L,1000,2025,150200,ERI004,ESK1,F2,10,ZAR,12467207.13,13936768.35,13228751.62,13447594.25,13256713.13,13052533.8,13423309.46,12387279.88,13214763.26,13864258.42,12524921.58,12247744.03,12946524.94,12736582.51,12892794.31,12237994.47
100,0L,1000,2025,150200,ERI004,ESK1,F3,10,ZAR,3810909.77,4163238.07,3856978.14,4158433.18,3861627.01,4334274.63,4209166.89,4257958.02,4277376.92,4126057.77,3872971.01,3964342.01,3781616.59,4250491.41,4369126.97,3747547.92
100,0L,1000,2025,150200,ERI004,ESK1,F4,10,ZAR,7216058.57,7888763.92,7781495.94,7182143.41,7307039.97,7899695.92,7762022.88,7076281.71,7498259.21,8090284.84,7332427.59,7207679.74,7296815.8,7844321.74,7257238.1,7060003.44
100,0L,1000,2025,150200,ERI004,ESK1,F5,10,ZAR,9644130.85,10573966.93,9494212.91,10358671.62,10504832.27,10583021.06,10088082.74,9766423.15,9581032.71,9967302.44,10759783.36,9443914.74,10730238.82,9951054.39,10579133.56,9302437.8
100,0L,1000,2025,150300,ERI004,ESK1,F1,10,ZAR,2873718.62,2666311.31,3039118.09,2927453.43,2954959.63,2819392.9,2779875.0,3081431.39,2776079.72,2770318.81,3049341.15,2911475.29,2712566.45,2825187.53,2910738.71,2850879.11
100,0L,1000,2025,150300,ERI004,ESK1,F2,10,ZAR,3073560.25,3038619.19,2823847.52,3135914.18,2747175.49,3140548.71,3132925.31,2847085.12,3156864.49,2791916.43,2768888.7,3002808.98,3013711.4,3085945.43,3044952.22,3124100.23
100,0L,1000,2025,150300,ERI004,ESK1,F3,10,ZAR,16279479.54,15083884.15,14455695.15,15738315.23,14349979.3,16226162.09,16303897.89,16195333.39,14584578.09,16198229.25,14238413.18,14665019.89,14759489.48,16140287.37,16073113.86,16361433.94
100,0L,1000,2025,150300,ERI004,ESK1,F4,10,ZAR,14588192.73,15507149.98,14711576.61,15533790.33,15756882.88,15019231.79,14993215.1,14952635.57,15915589.64,14242899.56,15637549.45,14090647.05,14571479.68,14405901.17,15422139.17,14618583.95
100,0L,1000,2025,150300,ERI004,ESK1,F5,10,ZAR,3114674.5,3330528.47,3295073.42,2995181.4,3012185.07,3216105.86,2959866.72,2886572.26,2984924.39,2939786.86,3350269.59,3255937.51,2928085.84,3061075.83,3009261.2,2912305.49
100,0L,1000,2025,500100,CX001,ESK1,F1,10,ZAR,2004629.76,2243995.67,2042597.99,2805773.13,2713791.52,2095727.87,2113429.88,2217487.28,2033374.71,2035581.77,2022537.04,2254703.63,1980751.47,1982423.54,2003346.82,2226525.05
100,0L,1000,2025,500100,CX001,ESK1,F2,10,ZAR,11084339.61,10136538.51,9765265.79,13500931.98,12583009.65,11024402.03,10562267.5,10844195.23,10984646.79,9660163.12,10125895.22,10608647.46,11108755.86,10793692.53,10294469.97,10251339.39
100,0L,1000,2025,500100,CX001,ESK1,F3,10,ZAR,15270031.79,15591232.35,15359834.48,20281974.03,18675142.57,16678412.28,14899997.9,16010537.87,16281804.57,15409379.87,16504369.03,15012046.92,16058399.17,16292222.74,16013157.56,15206628.76
100,0L,1000,2025,500100,CX001,ESK1,F4,10,ZAR,17778674.58,18251415.23,18671837.29,21674442.13,21481351.13,18500613.05,17028743.35,17395704.23,17746594.53,17012189.59,18534537.49,16545550.17,18581105.85,18785428.52,16930589.72,17111186.94
100,0L,1000,2025,500100,CX001,ESK1,F5,10,ZAR,16963616.58,17479574.6,19215405.49,21762161.13,20967235.94,19575195.45,19747353.05,18538829.88,17296854.51,18793493.32,19253077.39,17624602.18,18355933.82,18294711.06,19183826.58,18769089.36
100,0L,1000,2025,500200,CX001,ESK1,F1,10,ZAR,12941903.35,13242923.19,12940704.17,16498094.81,15614956.68,13815408.01,13441745.3,14707055.48,14003337.61,14252825.17,14835185.59,14433831.62,13196471.42,13043953.82,12868284.71,13172618.08
100,0L,1000,2025,500200,CX001,ESK1,F2,10,ZAR,2214464.1,2339729.8,2334886.56,2826051.66,2735251.03,2576018.84,2315122.86,2213669.85,2310723.96,2383189.31,2312246.24,2595686.4,2546604.31,2390802.72,2427768.69,2307318.45
100,0L,1000,2025,500200,CX001,ESK1,F3,10,ZAR,6888681.8,7238982.13,7677230.44,8930488.2,8979253.33,7489521.34,7292907.44,7156395.86,7916925.84,7829888.03,7685386.92,7552270.91,6932934.02,7547987.19,7029699.29,7002218.49
100,0L,1000,2025,500200,CX001,ESK1,F4,10,ZAR,15710032.28,17441800.11,17022140.74,20099235.01,19687186.26,16087079.48,17901480.46,16980115.91,17893116.84,15766554.37,17382399.61,17767674.93,18062694.13,17787401.33,16606570.98,16904064.43
100,0L,1000,2025,500200,CX001,ESK1,F5,10,ZAR,5433490.27,5514931.6,5927204.77,6828710.1,7147625.53,5987741.98,5453243.75,5831885.33,5493513.39,5907758.34,5930665.04,5635312.91,5885200.98,6268991.29,5433623.84,5815929.38
100,0L,1000,2025,500300,CX001,ESK1,F1,10,ZAR,7188964.99,7090562.73,6900020.98,8737623.13,8846967.3,6423017.55,6808501.72,7295229.74,6956881.75,7288707.65,6889340.97,6308696.41,6413737.16,6400999.64,7139909.41,6566254.97
100,0L,1000,2025,500300,CX001,ESK1,F2,10,ZAR,2935205.44,3010895.07,2593197.42,3610814.18,3306572.96,2735407.97,2733593.55,2674584.65,2889220.93,2690336.18,2602276.58,2929948.32,2632466.52,2668303.27,2944766.39,2740739.77
100,0L,1000,2025,500300,CX001,ESK1,F3,10,ZAR,13836509.54,15101199.74,14759947.01,18538090.32,16262234.53,15278385.21,13655754.77,13922732.04,14713326.71,14504512.7,14658156.37,15204911.49,15093189.78,13111012.89,14282632.93,15045210.81
100,0L,1000,2025,500300,CX001,ESK1,F4,10,ZAR,4130853.83,4458144.61,4694579.24,5102794.91,5378308.23,4225609.54,4192553.14,4808972.79,4630827.45,4729957.44,4251007.26,4638656.98,4472730.55,4629272.63,4187063.38,4616071.91
100,0L,1000,2025,500300,CX001,ESK1,F5,10,ZAR,2534678.79,2514828.98,2413212.23,2991170.06,3067629.13,2556322.63,2560231.02,2333837.84,2497581.82,2488328.21,2335555.33,2395188.26,2399312.62,2571731.2,2355990.79,2481460.34
100,0L,1000,2025,510100,CX001,ESK1,F1,10,ZAR,4499009.94,4493151.6,4992929.35,4501849.79,4647456.52,4647918.65,4457697.6,4494665.98,4978010.41,4905922.78,4285432.68,4322667.72,4310109.21,4808495.42,4446241.14,4271381.09
100,0L,1000,2025,510100,CX001,ESK1,F2,10,ZAR,8590032.49,9007136.45,8537334.69,8638628.7,8106330.75,8504951.74,8909577.31,8078292.13,8047365.76,7705924.58,7811818.01,8619172.8,7810716.94,7786878.88,8967798.73,8756489.0
100,0L,1000,2025,510100,CX001,ESK1,F3,10,ZAR,7942646.8,8189212.57,8147902.93,8556531.19,8663588.78,8393363.95,7826192.11,8541764.81,8950564.02,8168472.03,8124532.71,8281905.75,8442515.31,8075540.55,8692079.7,8348727.52
100,0L,1000,2025,510100,CX001,ESK1,F4,10,ZAR,11510370.64,11017280.52,10635030.63,11244669.83,11685265.87,11624079.93,10801005.24,11251567.57,10247328.16,11418276.91,10301104.03,11398491.66,11083267.81,10703886.39,11347015.38,10363653.53
100,0L,1000,2025,510100,CX001,ESK1,F5,10,ZAR,16884453.75,18026521.58,17152474.62,15822045.0,15861507.02,17431660.66,17171639.32,17808282.81,16397607.0,17027919.94,16670115.29,17324177.22,15757279.0,17320094.23,16670945.15,16947489.66
100,0L,1000,2025,520100,CX001,ESK1,F1,10,ZAR,13751192.94,15605007.08,15493212.44,15606984.34,14273078.0,15247945.96,15668697.15,14386868.82,14545986.36,14439988.41,14577569.66,13891719.69,14452316.73,15400070.41,13918364.72,14367801.69
100,0L,1000,2025,520100,CX001,ESK1,F2,10,ZAR,7283056.97,8062279.17,7310436.34,7782662.95,7716694.76,7354470.6,7415155.16,7877189.23,7402746.2,7319924.39,6951938.41,7391722.92,8067055.03,7474110.42,7630385.08,7503088.04
100,0L,1000,2025,520100,CX001,ESK1,F3,10,ZAR,2084897.38,1942129.12,2079553.89,2016182.31,2088681.92,2119956.02,1992463.19,2139384.25,1972232.27,1977295.51,2081983.79,2067916.86,2046259.94,2038183.36,2070157.7,1993432.47
100,0L,1000,2025,520100,CX001,ESK1,F4,10,ZAR,7785648.08,6786687.77,7583565.94,6950991.16,7060825.95,6864580.26,7022078.43,7233294.79,7008253.65,7124253.63,7235250.58,7312627.77,7773874.47,6944717.97,7294630.45,6886595.12
100,0L,1000,2025,520100,CX001,ESK1,F5,10,ZAR,10355849.04,11005010.66,10128414.47,11389424.41,9944500.47,9967590.12,9900660.15,10536688.83,10244761.82,11520160.27,11233134.02,10730123.89,9963572.12,10448901.55,10416278.88,11437755.29
100,0L,1000,2025,520200,CX001,ESK1,F1,10,ZAR,3207069.5,3076730.33,3284736.94,2981226.53,3041353.09,3450353.2,3045188.37,3134022.95,3048989.47,3219707.69,3455048.66,3219374.84,3394101.42,3283580.47,3398380.61,3349005.56
100,0L,1000,2025,520200,CX001,ESK1,F2,10,ZAR,8648088.03,9223811.91,8781756.94,8899653.38,9800474.93,9970119.22,9834834.85,9580299.6,9685961.6,9449496.16,8610656.39,9612341.38,9820990.87,9647163.29,8631092.05,9348957.61
100,0L,1000,2025,520200,CX001,ESK1,F3,10,ZAR,15738667.47,14212265.71,14204710.77,14323416.94,13964575.25,15660563.29,15235274.45,15730136.29,16284602.87,14675540.76,15224987.44,15632381.66,15620274.53,14139503.62,15247282.29,15207152.06
100,0L,1000,2025,520200,CX001,ESK1,F4,10,ZAR,8697831.66,9348610.63,9153115.38,9732895.46,8742554.05,8583991.01,9749091.02,9250279.51,8409822.98,9581562.97,9320846.59,8733125.49,9304193.48,8596028.3,8904960.85,8349226.38
100,0L,1000,2025,520200,CX001,ESK1,F5,10,ZAR,2630163.86,2651593.34,2622208.33,2641382.77,2920055.17,3017766.86,2697083.03,2638704.52,2784050.88,2657832.35,2997209.6,2749628.68,2936037.37,3028887.61,2754553.48,2624599.78
100,0L,1000,2025,530100,CX001,ESK1,F1,10,ZAR,13175964.93,14077747.85,14424043.0,13806955.57,14869559.3,13992091.89,13586457.28,14185997.5,13976060.43,13664815.1,14663047.03,14187494.73,12828641.11,12822277.53,14821259.62,13408513.81
100,0L,1000,2025,530100,CX001,ESK1,F2,10,ZAR,8931071.23,9345365.13,8132373.28,8410263.78,8133546.48,9148707.74,9285080.82,8658382.02,8122392.81,8198032.93,8889654.25,9183434.62,9366647.85,8806323.52,8442038.54,9061107.64
100,0L,1000,2025,530100,CX001,ESK1,F3,10,ZAR,17060317.69,14710553.03,16819403.9,15174719.7,15787273.2,16071001.06,16973105.65,16786254.7,16653630.93,14816928.08,15796123.02,14792782.49,15737952.82,15309041.56,15978573.76,16632491.06
100,0L,1000,2025,530100,CX001,ESK1,F4,10,ZAR,14468132.24,14782568.47,15766099.19,14008704.79,15204730.69,14407843.6,14919122.57,15446457.62,15446602.28,15988969.36,14834634.98,14500824.18,14140953.68,14292443.57,15436959.55,15830747.96
100,0L,1000,2025,530100,CX001,ESK1,F5,10,ZAR,11399651.3,11426191.7,10244102.88,11361134.01,10588482.95,11042094.17,10492581.91,11208132.48,11034093.23,11477534.7,10717174.82,10723331.05,11598217.29,10370531.19,11204431.97,11327852.11
100,0L,1000,2025,540100,CX001,ESK1,F1,10,ZAR,3950806.81,4450621.93,3983911.9,4391385.11,4087247.0,4105739.46,4326134.58,3928692.09,4408189.59,4454215.7,4377027.98,4049159.11,4207966.56,4019072.94,4049216.12,4404871.13
100,0L,1000,2025,540100,CX001,ESK1,F2,10,ZAR,12149458.42,11643643.79,12012361.01,13452254.65,11921573.4,13357987.63,12584207.83,12762203.64,11858878.17,11603818.09,13417378.38,12849968.31,12710496.88,12093858.26,12774571.86,12643137.0
100,0L,1000,2025,540100,CX001,ESK1,F3,10,ZAR,5913935.7,6114313.33,5596844.44,5677609.77,5531884.79,5904349.39,5410486.12,5556747.31,5958970.96,5595474.87,5987211.76,5531763.96,5954155.37,5625903.92,6024028.92,6150412.73
100,0L,1000,2025,540100,CX001,ESK1,F4,10,ZAR,10705515.85,11130052.11,11281131.37,11266918.39,11237290.4,11636025.85,11531128.62,10592479.25,12170386.63,11852889.39,11337568.11,10497597.25,12052191.64,10704876.15,10892011.85,11960479.74
100,0L,1000,2025,540100,CX001,ESK1,F5,10,ZAR,10333994.06,10743292.45,9534516.62,9732569.48,10280344.85,9444291.0,9485906.89,10503611.69,9307684.5,9590637.45,9751186.63,10609550.29,9313676.88,10119291.76,10212942.42,9651053.69
100,0L,1000,2025,150100,CX001,ESK1,F1,10,ZAR,8710746.91,9540572.7,9461889.63,9497102.87,9126997.51,9224558.57,9085886.7,9536686.0,9353353.23,9037025.2,9594852.25,8190931.27,9015279.02,9073453.93,8323199.8,8730379.06
100,0L,1000,2025,150100,CX001,ESK1,F2,10,ZAR,15841390.84,15383223.58,14913220.2,14663104.44,15933857.99,14713209.49,14812265.89,14704123.98,14771909.36,15740989.16,15990942.05,14699874.05,15417136.1,16234259.08,15221295.85,14932466.41
100,0L,1000,2025,150100,CX001,ESK1,F3,10,ZAR,9285203.93,9130865.0,9067308.25,9213703.07,9231878.47,8886350.53,9132477.6,9483925.96,9435702.22,9357893.81,8787503.54,8928740.9,10167969.87,9694591.6,10283455.27,9671384.92
100,0L,1000,2025,150100,CX001,ESK1,F4,10,ZAR,4299184.42,4156720.17,4233835.79,4419375.04,4586974.32,4707498.23,4642303.81,4146288.56,4406622.31,4122138.4,4338428.79,4092517.82,4366673.79,4266360.23,4691040.48,4187882.18
100,0L,1000,2025,150100,CX001,ESK1,F5,10,ZAR,13720746.53,14038207.77,13515175.74,14250583.27,14310210.28,15750713.11,14835905.9,15305426.06,13627023.52,14146862.42,14037316.68,13971323.01,14663972.0,13514475.02,14769763.68,15747027.58
100,0L,1000,2025,150200,CX001,ESK1,F1,10,ZAR,9871706.59,9547781.24,8949242.04,8653995.86,9290618.87,10068392.97,8718673.99,8697039.5,9797322.64,9833814.62,8957935.18,10099229.61,8945815.18,8628928.13,8690753.65,8745667.88
100,0L,1000,2025,150200,CX001,ESK1,F2,10,ZAR,8275772.28,9260046.8,8577983.83,8838226.0,8941496.72,9067921.45,9168016.93,9443301.19,8825951.34,8637585.73,9270813.06,8774818.45,8885891.79,9157791.27,9401040.02,9320331.6
100,0L,1000,2025,150200,CX001,ESK1,F3,10,ZAR,8088054.9,8557717.19,7631144.79,7994404.55,8188857.83,8705514.75,8348586.32,7660281.69,7476436.85,7764161.12,7990896.5,7470896.16,8407812.75,8087520.82,7726657.79,7955319.35
100,0L,1000,2025,150200,CX001,ESK1,F4,10,ZAR,12180062.04,12028078.74,11170442.98,10670170.61,11105245.49,10868994.93,12252196.09,11436813.0,12064409.99,10896242.62,11101522.23,11358117.61,11638194.91,11342194.69,12067673.2,11053850.68
100,0L,1000,2025,150200,CX001,ESK1,F5,10,ZAR,9790901.89,10207374.89,10224462.78,10559666.48,10451841.74,10844496.46,10801651.96,9876883.13,10830703.57,10303591.91,10160545.54,10401794.4,10812229.82,10833964.16,9653555.08,10594097.82
100,0L,1000,2025,150300,CX001,ESK1,F1,10,ZAR,4000891.15,4336178.15,4168862.08,4316718.13,4106663.41,4296987.24,4172738.47,4493795.78,4592387.41,4249520.22,3993019.02,4533235.66,4438530.28,4308744.17,4443830.75,4305044.41
100,0L,1000,2025,150300,CX001,ESK1,F2,10,ZAR,2710214.17,2698716.34,2580467.87,2664165.55,2395191.74,2641557.46,2641445.94,2412708.91,2585136.11,2504336.96,2621485.05,2612985.51,2714372.38,2359422.38,2707381.42,2701407.5
100,0L,1000,2025,150300,CX001,ESK1,F3,10,ZAR,16405189.49,16793683.23,18459155.51,17844060.08,16054055.65,17996169.08,18665763.1,17705475.75,17408904.46,16865967.68,16821532.41,18326601.66,18287877.93,18471144.56,17126901.83,17214078.61
100,0L,1000,2025,150300,CX001,ESK1,F4,10,ZAR,3023321.23,3154006.13,3157078.47,3429069.02,3090753.56,3045044.52,3246026.8,3031002.84,3371302.16,2955873.32,3206224.17,3116330.44,3264858.07,3299948.61,3165819.2,2954240.03
100,0L,1000,2025,150300,CX001,ESK1,F5,10,ZAR,16245702.91,16370841.53,16287004.91,18466594.56,17627083.72,16990829.16,17870193.34,18098987.35,15956493.62,17915553.24,18567237.88,18389718.28,18445131.99,18348640.62,16414845.54,17173295.52
100,0L,1000,2025,500100,CX002,ESK1,F1,10,ZAR,2407504.62,2272548.36,2441577.29,2987055.04,2683810.95,2359243.65,2219342.11,2450044.32,2329962.14,2248459.64,2211513.14,2393363.08,2222802.61,2390947.09,2402087.04,2414795.33
100,0L,1000,2025,500100,CX002,ESK1,F2,10,ZAR,11669794.17,11673738.37,12145917.26,14565728.04,14427865.84,11907322.21,13250038.5,12419415.37,11948874.05,12133172.33,13289361.35,12346522.24,12759064.4,12410083.16,12127018.33,13506797.03
100,0L,1000,2025,500100,CX002,ESK1,F3,10,ZAR,10121893.33,9804655.81,9380931.6,12419354.52,11054583.34,10326428.81,9969991.86,9815054.69,10092737.5,10381661.99,9358852.91,10201785.85,9375285.33,9351455.77,9319673.13,10546810.26
100,0L,1000,2025,500100,CX002,ESK1,F4,10,ZAR,10718149.01,10498505.43,10997450.12,13213225.38,12849686.58,10325228.32,10466091.2,10129906.28,9868951.62,10122628.6,11220418.1,11010517.32,10912295.79,10678115.73,10257732.89,11306446.2
100,0L,1000,2025,500100,CX002,ESK1,F5,10,ZAR,11539185.19,10529081.63,11279457.97,13438486.65,14092673.7,11126119.19,12211165.22,10963016.93,10436522.2,11538745.68,10457125.96,10963405.23,11949532.86,10848650.32,12194265.66,10621884.65
100,0L,1000,2025,500200,CX002,ESK1,F1,10,ZAR,10330200.08,11282342.69,10031740.42,12986577.36,12408554.75,10731131.78,11311589.64,10440377.92,10068239.61,10624222.35,9939628.71,11566405.68,10964383.2,11455842.39,11111872.38,10948606.3
100,0L,1000,2025,500200,CX002,ESK1,F2,10,ZAR,13772859.58,15290226.28,13627426.98,17163180.57,19130013.85,14862694.88,15456198.67,15406013.56,13691583.21,14790345.05,15173489.54,15398594.02,13751505.92,14228074.75,15597292.3,15325210.74
100,0L,1000,2025,500200,CX002,ESK1,F3,10,ZAR,10321540.94,9718033.31,10161187.93,12914665.11,12015603.4,10292020.08,10468901.55,9737958.65,9823739.99,9418016.89,9794906.66,10540750.83,9319165.42,10157783.56,10021307.98,9938767.02
100,0L,1000,2025,500200,CX002,ESK1,F4,10,ZAR,13372087.48,12855601.62,12366315.59,16443319.69,15438590.49,12023518.19,12412605.82,11959716.78,12881394.17,11960831.65,12172854.21,12334499.31,11777717.74,13109289.36,12500174.46,12570643.64
100,0L,1000,2025,500200,CX002,ESK1,F5,10,ZAR,3313180.72,2991942.64,3108166.39,4012423.69,3704929.26,3279112.73,3314680.55,3219606.19,3239747.6,3271434.38,3418293.73,3349960.85,3062764.38,3108694.45,3190030.9,3384003.09
100,0L,1000,2025,500300,CX002,ESK1,F1,10,ZAR,10273114.16,11378371.89,9797009.04,13285525.92,12257273.31,10853533.7,11096153.11,10464354.15,9785934.49,9995396.89,9974270.88,11438558.54,10288178.03,10535222.27,11070273.66,10781777.8
100,0L,1000,2025,500300,CX002,ESK1,F2,10,ZAR,3561515.91,3946421.25,4033396.9,4870307.93,4855063.13,3534703.06,3576857.99,3866208.05,3550113.03,3822243.54,3867567.59,3834400.96,3607590.62,3805932.56,3525920.15,4026884.36
100,0L,1000,2025,500300,CX002,ESK1,F3,10,ZAR,11231562.04,10995116.08,11689887.89,13886834.16,12702804.22,10827604.41,11470969.6,11050636.56,11506918.3,11651741.5,10538526.84,10557421.34,10808210.43,11003704.85,10873891.28,10626464.62
100,0L,1000,2025,500300,CX002,ESK1,F4,10,ZAR,14273250.46,13485539.06,13636233.23,15543501.92,17730939.26,14196706.14,13287487.57,13799696.42,14455084.74,14548646.51,14661562.85,14767588.69,14095112.79,13701049.05,14580878.17,14742309.45
100,0L,1000,2025,500300,CX002,ESK1,F5,10,ZAR,14215683.67,14609962.33,13580252.48,17460106.25,17530556.12,14270525.59,13777728.82,13255532.08,14783005.35,14860693.65,14625397.29,14978322.09,14664799.28,13406828.67,13023503.86,13517550.88
100,0L,1000,2025,510100,CX002,ESK1,F1,10,ZAR,10729019.21,10291598.73,10165812.15,9647259.12,9599184.5,10321439.52,9447940.4,10139237.4,10046224.84,9825016.18,10946475.14,10031573.62,10493569.95,9857989.94,10122484.14,10862715.55
100,0L,1000,2025,510100,CX002,ESK1,F2,10,ZAR,4692814.87,4620490.9,4767809.6,4842501.14,4840825.57,4416818.44,4531548.2,4330588.59,4334780.24,4977566.11,4870112.22,4519118.07,4836608.57,5038578.73,4571938.05,4663880.35
100,0L,1000,2025,510100,CX002,ESK1,F3,10,ZAR,4321372.44,4286204.95,4480514.67,4372333.13,4431382.7,4628112.24,4687132.43,4843717.72,4574895.05,4295875.2,4825721.95,4817686.16,4732522.55,4602018.72,4728698.95,4274735.94
100,0L,1000,2025,510100,CX002,ESK1,F4,10,ZAR,17036716.36,19022665.45,17797275.74,18644050.53,19747888.95,18033991.12,17666717.49,18593702.2,18665810.09,17365859.89,18738173.86,18195374.85,17805736.09,19182544.65,19703863.01,18842433.53
100,0L,1000,2025,510100,CX002,ESK1,F5,10,ZAR,3514835.78,3708108.66,3836442.51,3649937.06,3815192.97,3398251.58,3488278.82,3906372.95,3698907.84,3950054.6,3658701.66,3471093.94,3724262.58,3535931.86,3506976.82,3683779.79
100,0L,1000,2025,520100,CX002,ESK1,F1,10,ZAR,13854035.46,14258722.71,12946561.51,13444450.46,13309118.91,12773475.52,13776049.43,12973944.87,13877001.03,12237842.42,13265897.99,13102640.44,13516903.76,14302217.19,13388511.66,13648607.56
100,0L,1000,2025,520100,CX002,ESK1,F2,10,ZAR,15293782.46,14496379.25,16490134.08,16506147.37,15646363.15,16256603.72,15052327.59,14578214.86,14531366.64,15034324.95,16209846.47,15405852.91,15980116.53,15190033.74,14274029.61,15749985.99
100,0L,1000,2025,520100,CX002,ESK1,F3,10,ZAR,9214641.36,9077685.7,8186439.55,9473156.66,8405824.69,8986620.25,8304404.07,8203310.26,8409019.47,8800778.77,9427180.23,9485597.79,8483634.79,8440738.79,8545624.06,9234614.47
100,0L,1000,2025,520100,CX002,ESK1,F4,10,ZAR,15652812.41,16320736.91,15652342.58,16697728.13,17283147.65,15011457.77,16492670.36,15958499.32,15539206.2,16025621.35,15806734.13,15955403.93,14970618.12,15800636.92,15332494.76,16417110.24
100,0L,1000,2025,520100,CX002,ESK1,F5,10,ZAR,11274174.31,12766914.52,12649032.51,12925417.15,12383017.48,12152984.94,11846222.91,12434617.48,11547270.35,11351705.06,12215812.96,11268317.47,11733923.01,12194297.96,12130506.33,11874209.36
100,0L,1000,2025,520200,CX002,ESK1,F1,10,ZAR,8787169.64,9175932.34,8639403.96,8780143.16,8705433.82,8373693.17,8912456.31,8043303.06,8448464.46,8536548.39,8817466.12,8476876.27,9010645.3,8741197.56,7892829.89,8023719.32
100,0L,1000,2025,520200,CX002,ESK1,F2,10,ZAR,10293793.52,10697975.34,11625478.61,11278120.75,10294717.25,10500460.42,10985840.57,11470226.0,11873301.38,11803584.1,11200965.49,11169338.89,11743291.81,10397762.8,11304291.89,10212868.95
100,0L,1000,2025,520200,CX002,ESK1,F3,10,ZAR,12413274.28,12992086.07,12587483.66,14047044.12,12823992.11,12606049.43,14242239.42,13711361.83,14131298.4,14282302.59,13630960.43,13902066.43,12469859.93,12777655.51,13981216.18,13729953.68
100,0L,1000,2025,520200,CX002,ESK1,F4,10,ZAR,4903433.9,4813491.67,4337792.16,4910129.12,4894789.73,4837814.81,4594440.99,4675616.29,4559804.56,4642573.94,4793149.13,4609384.59,4774214.15,4390934.62,4664885.28,4880190.17
100,0L,1000,2025,520200,CX002,ESK1,F5,10,ZAR,17974122.24,18157844.5,17702176.38,19175359.79,19312213.24,17422477.94,19878652.29,18983380.05,18988388.34,17153088.76,17949061.99,19281824.86,17840852.65,17799454.78,19921470.45,18360276.89
100,0L,1000,2025,530100,CX002,ESK1,F1,10,ZAR,6364029.08,7116778.8,6547898.33,6660449.19,6885025.82,6445609.65,6738816.83,6821738.49,6980885.54,6313153.54,7279395.48,7130559.46,7001314.11,7167281.08,6898009.25,6313252.03
100,0L,1000,2025,530100,CX002,ESK1,F2,10,ZAR,16042528.96,15250246.96,16314947.36,15454575.11,16397388.9,16646622.82,15713133.87,14460750.65,16655533.98,16290570.45,14593119.99,15762082.58,15097316.55,16670176.83,15215195.43,16269357.44
100,0L,1000,2025,530100,CX002,ESK1,F3,10,ZAR,12820212.85,13675646.07,13003882.59,13092872.65,11903774.63,12912308.97,12203654.51,12424213.11,12232937.45,12527052.85,11932690.69,12278096.38,12001720.52,11994695.06,12659319.71,12426826.41
100,0L,1000,2025,530100,CX002,ESK1,F4,10,ZAR,9719427.65,9422704.73,10351419.99,10268120.41,9277981.87,10282601.48,9437693.5,10548712.61,9297305.26,10379266.96,9647756.11,9347337.78,9025022.34,9036049.46,9652226.67,9033385.6
100,0L,1000,2025,530100,CX002,ESK1,F5,10,ZAR,19471548.01,17333132.68,17897305.65,17670013.11,18971830.21,19509882.0,16847831.27,17538668.87,19113430.41,18377617.34,17488884.27,19113054.73,16816662.5,17696266.81,17667745.79,18858952.69
100,0L,1000,2025,540100,CX002,ESK1,F1,10,ZAR,16210082.05,14440133.44,14713704.01,14875572.83,15870518.84,16521455.36,16139003.44,14187100.85,16101439.82,16150923.39,14889885.63,14654258.49,16405462.45,15872607.93,15388197.35,16054573.77
100,0L,1000,2025,540100,CX002,ESK1,F2,10,ZAR,12409025.06,12840623.25,12019360.54,12754498.1,12004313.86,13166746.63,12146635.17,11668311.49,13128504.7,12883600.08,12396646.73,11593437.56,12938845.54,12091500.03,12860853.08,12015040.67
100,0L,1000,2025,540100,CX002,ESK1,F3,10,ZAR,12102695.86,12245572.08,12270796.33,12606855.53,12526179.18,13220312.2,13401286.89,12676708.73,12988060.98,13851231.65,12818547.59,13266515.24,13806914.75,13272717.41,12525317.76,13613238.04
100,0L,1000,2025,540100,CX002,ESK1,F4,10,ZAR,4511608.06,4633711.29,4565791.05,4304823.33,4275913.1,4521808.64,4263517.78,4446921.0,4667692.06,4083878.92,4444550.57,4117466.93,4040243.29,4675478.86,4175824.66,4080272.31
100,0L,1000,2025,540100,CX002,ESK1,F5,10,ZAR,19880405.61,20335684.7,19042792.35,17579861.64,17593702.53,20292375.95,18244123.04,19236618.24,18620093.96,18995599.88,18426446.4,18564889.32,19846448.9,19611499.34,18164480.55,19789217.56
100,0L,1000,2025,150100,CX002,ESK1,F1,10,ZAR,9289985.59,8837078.78,8897217.46,9722318.72,8696995.81,8735797.02,9209779.76,8816524.04,8305223.78,8753242.72,9378286.92,9518439.64,9186511.46,9175676.72,9510301.57,8805547.28
100,0L,1000,2025,150100,CX002,ESK1,F2,10,ZAR,15293068.55,14889914.34,16003978.77,16068546.17,14049055.78,14378957.07,16216218.67,15414717.84,14231130.21,15963063.8,15321028.28,15912707.1,13920518.27,14549014.57,14397800.09,14011147.9
100,0L,1000,2025,150100,CX002,ESK1,F3,10,ZAR,6140150.08,6268752.02,6272684.61,6530586.41,6768095.91,6666307.59,6759914.13,6519331.8,6637405.28,6545563.21,6524993.76,6804926.96,7092316.9,6132374.67,6093988.37,6571035.61
100,0L,1000,2025,150100,CX002,ESK1,F4,10,ZAR,8632346.94,8558292.92,9018161.35,9136453.44,8397209.33,8456166.71,8416860.48,8331825.6,8369474.7,9067145.63,8782878.85,8002739.95,9072624.12,7905287.71,8955484.18,8941542.91
100,0L,1000,2025,150100,CX002,ESK1,F5,10,ZAR,13489325.04,14654063.82,14465537.2,15218138.53,14364432.78,14369824.65,13893478.31,13861120.89,14272681.2,14020872.82,13725217.21,15347753.9,13673296.61,13581165.98,13714240.17,15099020.48
100,0L,1000,2025,150200,CX002,ESK1,F1,10,ZAR,11215782.83,12361575.24,13004301.18,12215269.65,11665610.33,11552751.54,12602375.26,11188858.5,12731257.63,11399133.68,11782268.95,11536484.6,11504734.18,11687319.7,12706334.26,11716405.2
100,0L,1000,2025,150200,CX002,ESK1,F2,10,ZAR,6104693.25,6349243.12,6417272.13,6469199.67,6156960.78,6576230.58,6741021.38,6736785.87,6707663.25,6260764.7,7046466.36,6352463.38,6734254.45,6822015.75,6512177.8,6061890.97
100,0L,1000,2025,150200,CX002,ESK1,F3,10,ZAR,11368175.12,11433144.47,11779736.35,12833753.6,12485404.34,12529532.04,12451864.47,11581333.25,12280245.69,12716301.8,11945151.16,11544304.22,12737001.73,11275755.65,12833409.73,11857402.86
100,0L,1000,2025,150200,CX002,ESK1,F4,10,ZAR,3825546.87,3767450.0,4189113.45,3862861.63,4220585.33,4132576.15,3799146.25,4133780.23,4285095.62,4315814.85,4216634.55,3986347.07,3869835.79,3822495.51,4220094.23,3808523.78
100,0L,1000,2025,150200,CX002,ESK1,F5,10,ZAR,11704632.51,12160030.79,12299485.99,12374618.24,12273225.65,11583604.71,11709003.38,12278733.24,12877218.02,11316947.7,11848779.34,11281019.98,11532937.54,11330260.33,13152154.43,12351238.59
100,0L,1000,2025,150300,CX002,ESK1,F1,10,ZAR,5713479.15,6578851.57,6040956.04,5916688.29,5862540.72,6331964.78,6459254.75,5919325.11,6387036.39,6138080.06,6212162.51,6126081.45,6219304.81,6107900.65,6305913.88,6542244.07
100,0L,1000,2025,150300,CX002,ESK1,F2,10,ZAR,16028436.3,15730502.72,16826378.86,15495823.72,16527290.88,16999763.3,17691980.74,16383325.19,17176235.54,17001591.79,17433140.85,16601038.98,17217295.96,15589217.66,15584566.96,15934374.73
100,0L,1000,2025,150300,CX002,ESK1,F3,10,ZAR,10574091.63,11301101.28,11700986.3,10728500.27,10421877.25,10314188.97,11084418.25,10385343.81,10842582.04,11478010.15,11090164.12,11447379.14,10619678.05,11392166.59,11419840.24,11427422.48
100,0L,1000,2025,150300,CX002,ESK1,F4,10,ZAR,11403344.05,11474227.9,12727207.88,11208618.59,11579770.65,12007102.96,12601133.52,11430331.23,11550434.97,12398186.52,12048194.03,12521728.9,12607340.4,11133266.81,11200776.81,11132338.34
100,0L,1000,2025,150300,CX002,ESK1,F5,10,ZAR,3377602.5,3330235.31,3725074.66,3541747.68,3725893.69,3523432.71,3259047.5,3191305.64,3575525.46,3557921.24,3222093.64,3389532.76,3432206.15,3281169.65,3403410.39,3605330.16
100,0L,1000,2025,500100,CX003,ESK1,F1,10,ZAR,15198515.85,15895100.91,15887711.87,19857387.77,19215871.2,15618504.48,15521012.15,16232663.11,15262537.41,16400085.92,16729895.49,16176805.89,15742764.51,14924660.2,14790634.59,14489027.03
100,0L,1000,2025,500100,CX003,ESK1,F2,10,ZAR,4153295.0,4106370.55,4745101.71,5522032.16,5454242.86,4617890.63,4163138.22,4202477.06,4230045.4,4551884.33,4340225.62,4425800.16,4399577.93,4321868.55,4153316.73,4171318.78
100,0L,1000,2025,500100,CX003,ESK1,F3,10,ZAR,10787959.05,12251860.1,12582557.2,14210548.84,13441424.94,12054586.53,10801646.92,10935263.59,11499375.88,11069326.96,11922461.83,11593033.88,12421004.02,11295721.7,11435042.23,10962554.75
100,0L,1000,2025,500100,CX003,ESK1,F4,10,ZAR,14520877.03,14576550.01,16130305.91,19118483.14,19807359.04,16185925.07,16412842.03,16398659.85,15558871.7,14788688.17,15102307.96,16195331.97,15947452.47,16128196.9,15526157.71,16249835.78
100,0L,1000,2025,500100,CX003,ESK1,F5,10,ZAR,13253034.56,13152096.33,14099460.94,15184067.87,16659328.57,13501661.31,13658056.26,13406425.33,14010687.06,12425238.35,12772503.94,12869563.7,12475566.84,12595809.58,13547589.96,13960404.8
100,0L,1000,2025,500200,CX003,ESK1,F1,10,ZAR,7106754.15,7618066.5,7022835.67,8953713.97,8574810.12,7794395.96,7134574.2,7426101.47,7100941.55,7809654.83,7001790.83,7907746.9,7859536.12,7729003.26,7501127.86,7268940.47
100,0L,1000,2025,500200,CX003,ESK1,F2,10,ZAR,5277647.4,5326538.26,5535300.17,6772587.94,6425019.65,5067018.9,4887137.15,5280091.72,5439920.14,5119151.45,5329158.25,4828758.57,5589401.55,5217709.23,4823111.12,5180341.65
100,0L,1000,2025,500200,CX003,ESK1,F3,10,ZAR,16560906.35,16189699.78,15684129.82,19836731.87,17783740.63,14947656.35,15718564.73,16831474.0,15682754.73,16124800.67,16588015.79,14417841.23,14975836.58,16400260.42,14634118.26,14980052.51
100,0L,1000,2025,500200,CX003,ESK1,F4,10,ZAR,15759572.48,16374949.17,16182281.17,21323226.05,19742465.78,18263865.04,17952530.54,17834399.48,17338437.32,18323121.07,16702295.25,17765018.37,18221982.98,17453098.11,17510505.53,16634648.96
100,0L,1000,2025,500200,CX003,ESK1,F5,10,ZAR,19018518.0,18354817.7,17475223.18,23488275.57,23035874.02,17005463.04,17969619.49,18414974.21,19849832.67,17628426.26,17301922.11,18945489.52,18680840.73,17699529.22,17378479.92,18498505.4
100,0L,1000,2025,500300,CX003,ESK1,F1,10,ZAR,13906882.95,14677304.81,13660236.49,16726040.22,17965192.42,14712399.65,14980092.15,14421928.03,13445611.13,15541556.21,14655228.56,14927992.51,15356238.5,14688402.93,13971434.13,14912111.48
100,0L,1000,2025,500300,CX003,ESK1,F2,10,ZAR,12149604.58,10668241.27,11470505.3,12880357.92,13611863.9,11243877.0,12049697.6,11446942.83,11514436.82,10845230.51,11283274.89,11319479.04,12207152.89,11650243.39,12179382.64,11846265.59
100,0L,1000,2025,500300,CX003,ESK1,F3,10,ZAR,15435235.0,17653810.77,17893238.15,20337293.02,19053335.61,16970832.45,17491404.65,16224992.96,16567060.5,16825287.12,15608112.09,15544339.95,17587994.05,17855051.58,16882695.72,16066633.32
100,0L,1000,2025,500300,CX003,ESK1,F4,10,ZAR,16434829.01,15157924.04,16589272.7,18699094.33,20431499.14,16822428.76,16097377.88,15699078.09,17142212.68,15217398.11,14915563.0,16370575.38,14892232.83,16301875.0,15035047.43,15000034.75
100,0L,1000,2025,500300,CX003,ESK1,F5,10,ZAR,2518314.29,2701906.41,2729492.64,3416358.96,3160054.74,2624772.73,2718871.37,2570805.58,2780880.89,2758120.62,2534259.21,2563408.47,2611011.07,2769939.77,2483739.29,2513146.82
100,0L,1000,2025,510100,CX003,ESK1,F1,10,ZAR,6970934.41,6741501.82,6524183.95,6529936.47,7400026.89,7390077.42,6961674.06,7258482.74,6530374.51,7259541.27,7365047.25,6339862.81,6939779.68,7229563.53,6791967.88,6893449.6
100,0L,1000,2025,510100,CX003,ESK1,F2,10,ZAR,6501982.9,6251063.82,5882726.63,5997581.5,6179320.11,6442584.57,6623646.21,6509616.93,6836930.22,6163619.07,6723827.53,6573585.41,5941790.92,6836077.96,5973994.83,6780492.93
100,0L,1000,2025,510100,CX003,ESK1,F3,10,ZAR,10578406.42,10065338.34,10521764.79,11125474.49,10273123.96,10853456.97,11285936.48,11365463.84,10461936.07,10988838.31,10650150.33,11729928.61,10918522.15,10185245.85,11755186.77,11091680.76
100,0L,1000,2025,510100,CX003,ESK1,F4,10,ZAR,4881201.42,5408426.2,5577543.9,5397768.77,5164624.4,5115144.84,5205781.85,5055061.65,5293381.33,4926070.94,5535578.6,4803730.16,5121937.26,5316629.39,4943432.86,4874782.48
100,0L,1000,2025,510100,CX003,ESK1,F5,10,ZAR,16187789.26,16414532.91,15475401.25,15245413.23,15396495.45,14634258.42,15346575.0,16694035.43,16425708.55,15433000.36,16337799.72,15575671.26,15881514.38,15550133.39,15095970.37,15621325.97
100,0L,1000,2025,520100,CX003,ESK1,F1,10,ZAR,6298237.76,6005602.35,6556235.03,6497398.19,6448425.53,6375368.64,6409322.18,6118861.26,5934112.97,6094777.31,5921201.87,6263032.45,6508374.95,6447361.79,5654347.49,5735340.73
100,0L,1000,2025,520100,CX003,ESK1,F2,10,ZAR,8855389.27,8758674.19,9441276.76,8837647.89,9731935.7,8906697.5,8987386.76,10101263.83,9673186.56,9278099.55,9688047.11,9139604.31,8996942.66,9894813.22,9579038.3,9417224.56
100,0L,1000,2025,520100,CX003,ESK1,F3,10,ZAR,9446070.32,10045617.67,10149160.65,9970883.42,9636809.81,10062869.98,9546593.33,9356044.84,10135644.2,10380168.55,10159837.88,10295977.48,9903866.96,9090407.12,9142881.74,10397881.13
100,0L,1000,2025,520100,CX003,ESK1,F4,10,ZAR,5140185.0,5097272.79,4760471.83,4604443.19,4835810.48,5068650.76,4850933.29,4531334.14,4729164.04,4432969.44,4536192.13,4846770.22,4529251.61,4734685.22,4740775.89,4962864.19
100,0L,1000,2025,520100,CX003,ESK1,F5,10,ZAR,15665779.19,14858372.4,16592425.4,14936018.91,14952953.85,16545303.11,14731250.02,16101765.02,15573130.35,15365747.34,15407833.54,15997074.3,14952177.51,15791776.21,15054714.46,15793454.29
100,0L,1000,2025,520200,CX003,ESK1,F1,10,ZAR,12805155.3,12346759.63,11135398.77,11571903.83,11130654.9,12803492.23,11712598.23,11015589.45,12492201.33,12636193.31,11009060.19,11551624.28,11693836.12,12343476.04,11464412.7,12237773.37
100,0L,1000,2025,520200,CX003,ESK1,F2,10,ZAR,5697717.68,5028028.56,5078978.9,5332678.1,5705752.03,5568152.78,5231602.86,5111944.63,5351885.04,5211922.2,5457684.56,5476248.08,5417587.1,5172675.8,5443753.45,5364143.86
100,0L,1000,2025,520200,CX003,ESK1,F3,10,ZAR,7700369.65,8152726.16,7695502.84,7574771.42,8595918.34,7976210.08,8486790.66,7909079.79,8001418.29,8233514.65,7835345.13,7878228.88,8597321.4,7891401.2,8615312.01,7742945.65
100,0L,1000,2025,520200,CX003,ESK1,F4,10,ZAR,11520402.53,12418585.06,12545445.01,11529320.77,11673107.39,12470607.33,12617737.96,12071259.25,11301204.57,11355178.83,11974112.26,11888945.5,11712659.88,12750937.36,12520744.06,13091586.44
100,0L,1000,2025,520200,CX003,ESK1,F5,10,ZAR,18524011.6,18573111.11,17703910.69,19213267.34,19504790.56,17282556.14,18927710.88,19992364.49,18634925.48,19490615.75,17924846.99,18423314.05,17422061.75,17452037.9,18324404.06,18997196.07
100,0L,1000,2025,530100,CX003,ESK1,F1,10,ZAR,2284494.12,2018117.13,2245035.6,2217037.03,2155456.21,2143113.75,2125947.06,1957253.79,1985183.77,2117998.61,2125469.22,2195799.13,2017946.95,2026007.23,2101507.22,1982676.84
100,0L,1000,2025,530100,CX003,ESK1,F2,10,ZAR,14728142.15,15654159.5,13811433.17,13828087.56,14924663.77,14809221.65,15698156.8,13757932.25,14320575.26,14018416.54,15712538.06,13733629.4,14532987.67,15403049.76,15506611.96,15228059.53
100,0L,1000,2025,530100,CX003,ESK1,F3,10,ZAR,18329544.89,17617822.59,17565511.56,17665662.61,15685815.06,16159337.88,15895003.41,17300209.68,16972298.42,16439479.96,16344694.91,17436934.19,18317481.0,17308959.71,18264730.73,15957060.54
100,0L,1000,2025,530100,CX003,ESK1,F4,10,ZAR,10833494.89,11424981.01,10069194.03,10003478.02,10893015.81,10057671.84,11207534.56,11170063.79,10338447.89,10452673.11,10510563.16,11137256.56,11270102.21,10153067.21,11512957.96,11357155.26
100,0L,1000,2025,530100,CX003,ESK1,F5,10,ZAR,9719793.57,10835449.22,10698577.31,10239088.02,9829910.19,10966941.32,10044839.7,10077234.02,9706601.81,10530401.88,11045752.12,9753664.24,9659934.98,10318167.45,9988434.17,11269114.19
100,0L,1000,2025,540100,CX003,ESK1,F1,10,ZAR,7888548.0,7697488.18,7049652.69,7509650.77,6871065.02,7943306.47,7634999.19,7815791.9,7638531.57,7659929.35,7415438.12,7820674.43,7166846.66,7227000.47,7674733.61,7878084.71
100,0L,1000,2025,540100,CX003,ESK1,F2,10,ZAR,14461947.45,13809493.82,13290501.48,14287736.15,14348970.71,12842645.31,13933310.94,14350918.09,14176805.04,14514332.18,12804080.3,13244839.82,12678630.67,13826416.64,14584046.03,12895301.71
100,0L,1000,2025,540100,CX003,ESK1,F3,10,ZAR,5038724.32,5060326.22,5397160.1,5550420.04,5438531.69,5161442.67,5130521.87,5521844.49,5370268.98,5704661.04,5667273.97,5291229.09,5282966.33,4997720.76,5122350.63,5056014.35
100,0L,1000,2025,540100,CX003,ESK1,F4,10,ZAR,2710993.17,2707323.54,2559454.97,2696103.1,2666536.43,2678871.16,2845334.37,2691728.4,2482903.89,2453050.92,2834233.39,2736558.14,2623080.89,2541468.22,2529908.29,2609176.26
100,0L,1000,2025,540100,CX003,ESK1,F5,10,ZAR,3828832.49,4090209.14,3802197.09,4168432.23,4055059.32,3761869.56,4171039.53,3916968.86,4157630.81,4306923.99,3990007.83,4012069.96,3821673.62,4327236.17,4287064.52,4249439.78
100,0L,1000,2025,150100,CX003,ESK1,F1,10,ZAR,4880134.62,4826199.75,4622590.66,4403317.22,4556322.58,4827293.04,4699073.62,4899931.3,4366468.62,4762634.15,4787902.51,4832133.59,4640956.46,4853881.8,4398571.1,4779292.84
100,0L,1000,2025,150100,CX003,ESK1,F2,10,ZAR,15582932.63,16333576.11,14508306.19,15067923.23,14524854.95,14677152.47,16503048.83,15142718.27,16497724.24,16871863.89,16861229.04,16197946.65,15227329.6,16332380.82,15326166.87,14975023.15
100,0L,1000,2025,150100,CX003,ESK1,F3,10,ZAR,17004721.69,16784759.02,15927718.67,15495554.55,15222166.79,15727903.31,15492898.21,16542234.39,16991259.63,16690128.87,16329938.5,16784507.25,15739818.87,15144539.32,15936303.62,15372093.38
100,0L,1000,2025,150100,CX003,ESK1,F4,10,ZAR,15713520.29,15321631.31,14356402.33,15959023.78,14156755.57,15377740.55,14266281.06,15682447.09,16039856.79,15220386.26,15092349.43,14189354.24,13902006.97,15973315.66,15898388.19,15361930.19
100,0L,1000,2025,150100,CX003,ESK1,F5,10,ZAR,11233842.15,12937616.26,11460011.34,12904187.72,11971460.27,12045309.87,12686887.57,12549725.31,11329693.9,12271235.53,12759981.33,12369423.7,12822664.18,11938523.97,12281975.57,12511439.79
100,0L,1000,2025,150200,CX003,ESK1,F1,10,ZAR,8903054.86,8676043.32,8596448.04,9065688.37,9533533.16,9447676.33,8969830.04,9024454.23,9034557.42,8547344.02,8382856.56,9435652.7,8890743.3,8825830.22,8307634.68,8882110.63
100,0L,1000,2025,150200,CX003,ESK1,F2,10,ZAR,13434368.9,13453197.65,14601874.77,13480839.82,14542176.41,13943918.59,13703936.44,14491796.41,13268202.96,12808859.38,12875529.59,14628502.25,13689955.2,13546713.21,14577971.56,13199123.96
100,0L,1000,2025,150200,CX003,ESK1,F3,10,ZAR,2663498.02,2574987.64,2348988.42,2275422.75,2552769.88,2606598.61,2631915.05,2328876.55,2414301.43,2658031.22,2575104.79,2328290.34,2369814.86,2333165.39,2366175.18,2324754.21
100,0L,1000,2025,150200,CX003,ESK1,F4,10,ZAR,15247242.33,14363667.64,14282110.33,15675411.67,14789035.35,15236113.51,16169906.57,14783205.43,14107985.75,14180878.76,14006479.22,15624559.36,14550840.95,15620551.21,15512045.39,15208674.67
100,0L,1000,2025,150200,CX003,ESK1,F5,10,ZAR,3353048.3,3522683.58,3365952.13,3321371.14,3234910.56,3357199.53,3415518.12,3466909.22,3607806.01,3182124.76,3143683.4,3147518.26,3331749.95,3253493.23,3130171.82,3078741.01
100,0L,1000,2025,150300,CX003,ESK1,F1,10,ZAR,15433767.66,17306571.09,15760732.67,15525448.11,14870193.14,15314080.32,17094230.4,16200896.1,14921267.4,15077075.75,16259755.45,15205895.48,16796604.54,15758792.28,15482297.56,16866318.79
100,0L,1000,2025,150300,CX003,ESK1,F2,10,ZAR,15736102.14,14662279.56,15967755.13,13794387.87,14782759.71,13718999.13,14794366.9,15808911.94,14425258.51,14472628.68,13915361.33,14533847.35,15756946.67,15848847.26,14120872.61,15374634.82
100,0L,1000,2025,150300,CX003,ESK1,F3,10,ZAR,17202239.52,17087628.2,17714859.08,15926341.7,17976869.0,17572510.97,17407748.23,15579022.12,18040849.88,17783515.98,16626019.62,15867810.92,17791651.39,16975006.72,16118817.33,15710452.2
100,0L,1000,2025,150300,CX003,ESK1,F4,10,ZAR,7371842.79,7044079.89,7754579.23,7204469.73,7866761.87,7020301.82,7082273.96,7612446.18,7339369.03,7086695.27,7167987.39,7330454.23,7678979.31,7104610.47,7318043.45,6957257.85
100,0L,1000,2025,150300,CX003,ESK1,F5,10,ZAR,14103205.22,12574804.16,12599336.42,13522427.77,13750692.28,13181453.61,13286038.85,13265063.7,13713568.1,13376225.62,12264929.18,12478203.91,13001494.37,13711722.95,12908227.07,12772856.27
100,0L,1000,2025,500100,CX004,ESK1,F1,10,ZAR,9474470.77,10101075.95,9060202.21,11929770.44,12007162.79,8735792.71,9594080.88,10120402.27,9180788.41,10130126.4,9238345.62,9453438.3,9696962.04,9112556.18,8912182.41,8698642.94
100,0L,1000,2025,500100,CX004,ESK1,F2,10,ZAR,16520366.13,16853091.47,14653336.68,18101475.12,18224742.87,15215818.25,16230230.39,14979493.55,16303029.97,16625041.33,15556210.25,15141366.84,16124400.19,16029259.84,14904468.88,15360859.31
100,0L,1000,2025,500100,CX004,ESK1,F3,10,ZAR,14824189.37,13529397.71,14504651.61,17583639.11,16939695.66,13889837.32,15067276.97,14445560.42,15444282.07,14271118.58,14134098.96,14459518.61,13502125.32,14434410.04,15182715.8,14060502.99
100,0L,1000,2025,500100,CX004,ESK1,F4,10,ZAR,9355086.47,10395279.38,9938839.87,12133817.0,12298850.1,10007479.66,9550074.69,8919639.48,9212358.77,9342908.46,9053655.17,9279786.28,10253867.6,9226298.01,9626836.3,9269156.76
100,0L,1000,2025,500100,CX004,ESK1,F5,10,ZAR,9906615.67,9951918.52,10707801.05,11690784.18,11818245.45,10632281.26,10698462.15,10650534.47,9307909.74,10585880.25,10136187.45,9356383.39,9588281.73,10228392.76,10412282.21,9882403.94
100,0L,1000,2025,500200,CX004,ESK1,F1,10,ZAR,8596853.1,8671107.97,8605806.62,11098095.89,10591414.43,8237987.27,9102101.88,8253794.38,8620488.4,8870468.93,8736002.71,8430568.88,8222434.14,9473643.75,8458801.06,8780230.52
100,0L,1000,2025,500200,CX004,ESK1,F2,10,ZAR,6762888.11,6508249.82,6551161.77,7756059.65,8551808.85,6665416.76,6679098.72,6904344.12,6175371.95,6462907.95,6993105.13,6667673.63,6882129.08,6830077.71,6736636.15,6920442.38
100,0L,1000,2025,500200,CX004,ESK1,F3,10,ZAR,5525073.63,5294807.62,5270598.34,7131415.6,6871289.36,5203077.21,5220070.5,5469038.49,5130892.25,5390995.81,5309441.79,5560951.41,5131742.09,5224970.4,5656097.72,5637184.96
100,0L,1000,2025,500200,CX004,ESK1,F4,10,ZAR,17470485.97,18114358.5,16028301.0,22217380.89,21113446.45,16307690.38,16518831.31,18475635.76,16153828.59,17113846.43,17571900.95,15908218.87,17880061.82,15892717.74,17728681.46,16531025.95
100,0L,1000,2025,500200,CX004,ESK1,F5,10,ZAR,16558278.11,16445926.77,17207639.91,19772656.9,19748642.85,16337040.23,16216078.23,15589589.58,15396864.79,15170093.19,15481708.51,15605114.91,17054971.14,15112453.13,15254690.71,17267920.87
100,0L,1000,2025,500300,CX004,ESK1,F1,10,ZAR,12111708.98,10590503.7,10739394.79,15034719.78,14208035.38,11533238.85,10563344.73,11744789.87,10793099.79,12355851.37,10750756.81,10682567.99,11119851.13,12208914.32,11586217.9,11858799.1
100,0L,1000,2025,500300,CX004,ESK1,F2,10,ZAR,15172131.89,14415250.02,15835108.46,18089127.16,17253122.45,15127748.96,16079598.05,15372988.34,14435210.25,14666977.02,15736605.78,15186042.14,15424365.13,14119656.75,15227863.97,16245802.53
100,0L,1000,2025,500300,CX004,ESK1,F3,10,ZAR,14606407.88,14236607.97,13442512.5,16375558.81,16391276.71,13709726.63,15211762.37,13946181.17,15008452.42,13420308.73,14789842.15,15335427.19,15340263.44,14920967.81,15263577.73,15107624.57
100,0L,1000,2025,500300,CX004,ESK1,F4,10,ZAR,3918505.66,3802264.37,3970655.93,4658189.23,4468466.01,3593860.18,3856635.61,4067181.05,3564278.31,3769520.93,3952819.71,3595177.85,3612461.63,3820766.37,3607000.27,3603727.75
100,0L,1000,2025,500300,CX004,ESK1,F5,10,ZAR,13403433.75,14654965.28,14561808.6,15444961.79,15921425.05,14282287.87,12689875.83,12972998.79,14589489.33,13351004.66,12870765.25,14302765.11,13904706.69,12977224.92,12832964.89,13082526.27
100,0L,1000,2025,510100,CX004,ESK1,F1,10,ZAR,3737004.71,3687343.91,4104027.01,3754060.29,3999990.92,3660146.59,3720954.85,4150655.28,3643409.89,3594351.27,4052977.28,3927272.68,3692714.48,3839528.2,3766409.03,4050734.9
100,0L,1000,2025,510100,CX004,ESK1,F2,10,ZAR,11051439.3,11357731.98,11430577.87,11327795.36,10965844.22,11768868.89,11847280.01,11461508.44,10918863.15,11918151.42,10516044.26,11581777.89,12064916.73,10367252.51,11336985.46,10652681.36
100,0L,1000,2025,510100,CX004,ESK1,F3,10,ZAR,13648331.33,14618629.14,14902965.51,14598345.81,13393583.29,14748842.41,14565754.96,15226317.31,13861876.15,15046840.01,13856282.78,13793015.52,13901276.61,15095711.08,14483084.93,14398327.7
100,0L,1000,2025,510100,CX004,ESK1,F4,10,ZAR,11766908.21,12579965.55,12654720.83,11408179.55,11861699.08,11633290.99,12029832.8,11938247.15,11876889.8,11989386.62,12297250.94,11560693.57,12139720.62,12333163.81,11486291.9,11944579.51
100,0L,1000,2025,510100,CX004,ESK1,F5,10,ZAR,12601601.98,13410613.98,13636195.25,12986778.96,13189594.07,13030708.5,11851384.53,13544695.3,12165035.92,12199387.99,11814156.41,13163922.37,13488260.72,13428121.0,12410790.34,13746797.27
100,0L,1000,2025,520100,CX004,ESK1,F1,10,ZAR,6587950.88,6886558.58,6611228.4,6794422.01,6711833.07,6517588.06,6282930.1,6154887.92,6597453.18,6700894.31,6229050.88,6320301.19,6753227.11,6501665.65,6558094.4,6421286.55
100,0L,1000,2025,520100,CX004,ESK1,F2,10,ZAR,2333497.97,2292005.65,2194730.56,2043018.1,2237331.49,2171113.26,2046159.59,2060524.03,2308331.34,2049531.56,2177252.54,2230679.78,2292531.72,2371570.95,2048816.66,2271748.94
100,0L,1000,2025,520100,CX004,ESK1,F3,10,ZAR,10911707.41,10258862.66,10148791.74,10804674.06,11043019.16,11406725.84,10602139.51,11428543.14,10413795.09,10633168.26,10196659.76,11357255.54,11670603.3,10728839.13,10671549.94,10514297.01
100,0L,1000,2025,520100,CX004,ESK1,F4,10,ZAR,18431391.5,19382371.92,18437039.08,18111666.02,18106815.94,17341815.48,16782291.79,19182446.23,18252284.75,17751600.17,17251599.12,19569801.75,18620613.65,17122783.85,17657294.31,18363949.28
100,0L,1000,2025,520100,CX004,ESK1,F5,10,ZAR,10329832.5,9151731.3,9751165.54,9707095.98,9199137.18,9863002.73,10702710.8,10081877.42,10134606.48,10050614.92,9544845.97,10378866.51,10045090.1,9523724.71,9182303.54,10658360.78
100,0L,1000,2025,520200,CX004,ESK1,F1,10,ZAR,7775489.4,7915357.93,7298194.71,8342994.65,8079751.21,8283177.9,8275958.64,7613575.92,7732907.09,7168180.97,8007488.34,7833627.56,7635493.21,7811346.33,7290616.05,8259538.47
100,0L,1000,2025,520200,CX004,ESK1,F2,10,ZAR,5327476.69,5759442.14,5133007.16,5924423.64,5539054.06,5700703.86,5745113.14,5183485.93,5611832.82,5740584.65,5609081.68,5267405.89,5810010.28,5215348.26,5873177.46,5131788.64
100,0L,1000,2025,520200,CX004,ESK1,F3,10,ZAR,4632471.1,4981941.68,4687488.32,4696321.16,5217379.0,4808104.15,4935743.61,4925099.98,5065250.25,4870040.66,5069733.05,5170698.43,4631556.12,5239631.59,5063836.66,4666325.71
100,0L,1000,2025,520200,CX004,ESK1,F4,10,ZAR,15399382.15,15464229.41,15913604.04,15328217.78,16296199.65,16296727.82,16329510.39,14614608.63,14624539.78,14790826.09,15561302.23,16464120.19,15233990.23,15723144.67,15446816.98,15885469.13
100,0L,1000,2025,520200,CX004,ESK1,F5,10,ZAR,11266881.29,11146038.05,10912354.7,10118017.04,10359334.97,9818355.04,11325180.06,11070884.49,10395567.34,11161519.93,9826217.89,10575758.41,11030868.12,11079651.79,10545594.45,11170365.41
100,0L,1000,2025,530100,CX004,ESK1,F1,10,ZAR,15515619.03,14823776.75,15222042.02,15585336.07,15511885.31,15378606.49,13644507.29,14744882.82,13972778.04,13436991.38,15538074.81,13526233.73,14339835.64,14626382.25,13448510.34,14825382.8
100,0L,1000,2025,530100,CX004,ESK1,F2,10,ZAR,13204083.61,12296964.92,14002458.88,12657566.35,13730572.03,13816161.75,12633159.13,13207426.56,12983305.87,13026727.04,12877632.69,12690316.09,13426471.07,13313602.94,12855538.14,12907531.56
100,0L,1000,2025,530100,CX004,ESK1,F3,10,ZAR,18642528.91,16155845.72,17865039.61,18099342.41,17656886.54,17679383.35,16292891.33,18328371.78,17201126.25,16189535.51,18779552.79,17780177.8,16563749.26,17500730.32,16443857.89,18095830.32
100,0L,1000,2025,530100,CX004,ESK1,F4,10,ZAR,7771140.39,7077678.98,7347181.82,7123218.51,7919980.61,7198157.57,7712318.46,8134136.31,7297852.45,7420993.02,8212435.27,8071565.92,7668243.18,7866974.6,7508354.52,7654729.97
100,0L,1000,2025,530100,CX004,ESK1,F5,10,ZAR,3832386.16,4300931.97,3845857.34,3707980.5,4045933.25,4057845.87,4197318.4,3868074.77,3873978.45,4046764.3,3919360.31,4103933.3,4094137.69,3844706.61,4255747.13,4271809.04
100,0L,1000,2025,540100,CX004,ESK1,F1,10,ZAR,15974351.31,14864833.0,15243092.96,17018682.8,15112288.45,15060416.84,16242519.05,15704221.55,16625084.45,15656710.79,17228307.27,15107501.71,16325630.95,16964169.45,16985711.76,17314516.15
100,0L,1000,2025,540100,CX004,ESK1,F2,10,ZAR,4412131.57,4538972.07,4188619.82,4203363.18,4345400.36,4491363.59,4772468.58,4493104.06,4752471.34,4513343.53,4292677.78,4568487.5,4648982.53,4791454.9,4174350.56,4754121.67
100,0L,1000,2025,540100,CX004,ESK1,F3,10,ZAR,12385691.11,11168885.12,11154551.26,12450694.46,12340153.67,12312264.12,11563285.55,12287457.64,11091856.36,11664648.42,11437547.19,12118740.66,11162888.04,11777596.49,11249081.26,11539411.53
100,0L,1000,2025,540100,CX004,ESK1,F4,10,ZAR,8368573.33,8499449.6,8206927.25,9128218.28,8529875.68,8053217.33,8382095.5,8369578.67,9037374.88,8843047.95,9108349.13,8043298.59,8299002.85,8466835.25,9177453.21,9166840.18
100,0L,1000,2025,540100,CX004,ESK1,F5,10,ZAR,15445828.51,15842998.19,14163927.67,13911114.06,14547514.33,13853094.18,16002149.54,13959915.77,15458698.13,15164143.16,15762664.92,13912028.7,15654628.82,15146527.83,14272529.53,15438240.01
100,0L,1000,2025,150100,CX004,ESK1,F1,10,ZAR,6302281.56,6829354.21,6726831.37,7118594.5,7197634.82,6825608.61,7275865.74,7306093.57,6352626.99,6567514.84,6495168.06,7157093.85,7077081.09,7144795.11,6787102.81,6454543.05
100,0L,1000,2025,150100,CX004,ESK1,F2,10,ZAR,11098694.95,11300896.84,9767165.03,10566863.6,10519442.43,10239657.4,9940011.08,11088988.05,9722365.18,9825249.96,9689198.38,10033955.58,11080303.36,10213755.35,10602304.42,10079432.3
100,0L,1000,2025,150100,CX004,ESK1,F3,10,ZAR,9870630.84,9764167.57,11194809.48,10631765.73,10031514.76,10390209.93,10735779.86,10655298.38,10666438.02,11288832.82,10334231.2,10632266.88,10189954.95,10030164.78,10254511.31,9750110.5
100,0L,1000,2025,150100,CX004,ESK1,F4,10,ZAR,13662839.41,15461572.53,14435108.01,14451985.37,14982935.03,14366439.07,15735409.97,14366434.37,13617090.23,15731731.27,14531675.09,15690139.87,15071785.39,15068471.69,14799450.6,15605749.77
100,0L,1000,2025,150100,CX004,ESK1,F5,10,ZAR,10270254.02,10087158.91,10969831.15,10775645.9,10222344.13,10294511.19,10118459.23,10188177.82,11515301.11,9879409.2,10852100.51,11037281.56,11263317.04,11349489.27,10202968.72,10995196.65
100,0L,1000,2025,150200,CX004,ESK1,F1,10,ZAR,14951642.68,13697439.81,13969470.46,14168245.44,14379338.0,13422865.72,13511183.83,13930770.47,13351069.08,15073835.28,13972506.09,14599721.57,14626378.78,14301968.0,13943151.29,13653577.49
100,0L,1000,2025,150200,CX004,ESK1,F2,10,ZAR,15278112.76,15963096.96,16140470.42,15916390.09,16870346.87,14912289.67,14980719.39,16049717.43,15048421.76,15578532.56,15775282.11,15304955.36,15020913.64,16987297.71,16196448.63,16648626.28
100,0L,1000,2025,150200,CX004,ESK1,F3,10,ZAR,6235473.53,5964608.18,6803192.39,6854947.19,6745991.9,6091596.45,5902188.05,6052888.76,6518382.69,6135327.62,5885155.25,6174113.26,6584231.19,6676800.38,6350913.37,6305709.6
100,0L,1000,2025,150200,CX004,ESK1,F4,10,ZAR,5907925.21,5725438.7,5768606.02,5793864.54,6372312.19,6332072.08,6015769.05,6366101.34,5696147.1,6241790.98,5521550.92,6312411.34,5962825.88,5900491.28,6238042.46,5720189.93
100,0L,1000,2025,150200,CX004,ESK1,F5,10,ZAR,7995265.76,8678756.41,7949394.05,7843452.36,8298465.34,8568544.48,8250749.68,8427639.68,7463152.04,8082275.54,7691430.09,7569357.17,8591464.1,7887243.75,8221169.95,8211174.75
100,0L,1000,2025,150300,CX004,ESK1,F1,10,ZAR,10806206.44,10056753.66,10291832.67,10443639.73,11341306.57,10723137.01,11293660.5,9996269.38,10610112.44,10539179.13,10760992.09,11558746.95,10030827.54,9930832.14,10585556.9,11153722.88
100,0L,1000,2025,150300,CX004,ESK1,F2,10,ZAR,6336537.92,6036567.38,5616385.19,6202866.38,6200594.08,5909966.42,6321286.5,5751813.09,5905565.74,6205280.01,6311121.39,6034050.74,6027941.36,5650402.6,5760115.67,5577214.93
100,0L,1000,2025,150300,CX004,ESK1,F3,10,ZAR,8428520.24,7466150.73,7630836.46,8036162.19,8166524.36,8033062.76,8423109.51,7807866.23,7632934.37,8012359.57,8588036.2,7706916.93,8487414.51,8489992.6,8456784.42,7509816.16
100,0L,1000,2025,150300,CX004,ESK1,F4,10,ZAR,11699281.33,13114937.05,12816595.4,13225707.35,11862946.06,13136497.51,12738874.36,12476447.85,12621997.97,11777759.92,11693215.24,11702468.73,11768328.01,11411538.94,12153146.53,12707497.17
100,0L,1000,2025,150300,CX004,ESK1,F5,10,ZAR,6743081.36,6617499.3,6156138.93,6406504.67,6843392.0,6636969.36,6487223.52,6565249.12,6912951.44,6202618.6,6985266.15,6389955.41,6778636.47,6788923.47,6386673.21,7018719.58
100,0L,1000,2025,500100,ESD001,ESK1,F1,10,ZAR,5431362.35,5380995.58,5465834.66,6677679.4,6681581.48,5251564.62,5231208.79,5518210.2,5419423.07,5422667.07,5436594.03,4981890.56,5018318.75,5060785.69,4831548.32,4914792.84
100,0L,1000,2025,500100,ESD001,ESK1,F2,10,ZAR,7061336.48,6808148.87,6612976.41,8545016.31,8214480.13,6728485.99,6457591.69,7156738.08,6723820.7,6273819.17,7091678.85,6635462.66,6696986.06,7162862.33,6929604.08,6357151.78
100,0L,1000,2025,500100,ESD001,ESK1,F3,10,ZAR,10662237.86,10096663.44,9706658.96,12126106.18,11834793.51,11145777.56,10253590.31,11025583.55,11229610.97,9909594.72,10347008.07,10067628.3,10909721.28,10374942.19,10042618.56,10995125.92
100,0L,1000,2025,500100,ESD001,ESK1,F4,10,ZAR,16223634.59,16043834.31,16677868.32,19046277.85,21064077.74,15082625.02,15946245.54,16126231.27,17130229.8,15659442.81,16219170.24,17083784.24,15128567.48,16860593.64,16908377.35,15919784.93
100,0L,1000,2025,500100,ESD001,ESK1,F5,10,ZAR,8729536.27,8227434.23,8020201.26,9375660.46,10597819.15,8376672.05,8674451.91,8577652.05,8128968.59,7913133.79,8369646.71,8559906.41,8219094.84,8644737.13,7859637.69,8158063.12
100,0L,1000,2025,500200,ESD001,ESK1,F1,10,ZAR,6874207.41,6426451.66,6417524.3,7625169.26,8159293.88,6413940.71,7029758.34,6828812.36,6965462.23,6930768.75,6891762.21,6575541.66,7174061.09,7053149.45,6960595.26,6173028.77
100,0L,1000,2025,500200,ESD001,ESK1,F2,10,ZAR,14303532.82,16509812.23,15295042.43,18503555.52,17323462.61,14431689.79,15246283.98,16078725.0,15542002.95,15898523.74,14618498.44,15383168.59,16402307.48,14573213.83,15449353.19,15090820.09
100,0L,1000,2025,500200,ESD001,ESK1,F3,10,ZAR,6542679.27,6679839.89,6448695.86,8153168.04,7653475.18,6443724.54,6554877.7,6648681.7,6401627.98,6762750.63,6762036.33,6484331.61,6523162.67,6756229.73,6261825.72,5948189.07
100,0L,1000,2025,500200,ESD001,ESK1,F4,10,ZAR,19480542.3,18423711.57,17251341.6,21650983.76,23833377.81,19653884.99,16802484.43,16831940.4,19167841.5,17327180.49,19247792.38,18600559.99,19451207.17,17669678.51,19424605.81,17595217.5
100,0L,1000,2025,500200,ESD001,ESK1,F5,10,ZAR,8721372.61,8174826.48,8630711.98,10102992.85,10720817.61,8281798.25,8470967.5,9051214.27,9257244.01,8994717.11,8548460.38,8634540.84,8405097.22,8308163.7,9036172.47,8490712.37
100,0L,1000,2025,500300,ESD001,ESK1,F1,10,ZAR,5683049.13,5795411.77,5655927.65,6788159.36,6992220.95,5577883.84,6107482.69,5603957.1,6067666.73,5930588.63,5703058.1,6145485.9,5605784.88,6300924.06,6018267.0,5884935.84
100,0L,1000,2025,500300,ESD001,ESK1,F2,10,ZAR,5009084.72,5189118.12,4654231.91,6460026.48,6377637.92,4612005.12,4645430.41,5332644.84,4759111.84,4771980.73,4981541.51,5260552.17,4937782.71,5236163.08,4898723.21,5135793.84
100,0L,1000,2025,500300,ESD001,ESK1,F3,10,ZAR,8189508.83,8478060.59,7967964.8,9518159.46,10605165.86,8710010.88,8345471.77,8362445.83,8100365.07,8612275.81,7914417.84,8207429.49,8498391.61,8582138.16,8599538.09,8530850.09
100,0L,1000,2025,500300,ESD001,ESK1,F4,10,ZAR,8022788.9,8353392.67,8388514.88,9993630.41,9598174.21,7868461.96,8984371.71,8289727.94,8383738.96,8856423.04,8750205.81,8075557.13,7917582.84,8190581.87,9044173.85,8358816.28
100,0L,1000,2025,500300,ESD001,ESK1,F5,10,ZAR,15227578.82,15595489.54,14321349.46,17368332.41,18673370.01,14502602.21,15955084.73,15463450.91,13991556.01,14304449.03,15255247.86,16293495.33,14699214.28,16101189.7,14147826.67,15991692.42
100,0L,1000,2025,510100,ESD001,ESK1,F1,10,ZAR,15039993.8,14377351.92,13677613.82,15719262.67,15669926.85,13952116.26,14515530.09,15065079.08,14810098.9,14591891.13,14079686.09,13837997.1,15509558.29,14774203.25,15649890.1,14148033.85
100,0L,1000,2025,510100,ESD001,ESK1,F2,10,ZAR,5978661.02,6029445.0,6570405.32,6187771.84,6004006.58,6355187.73,6148719.85,6020458.62,6253728.17,6692579.89,6652203.73,5922088.61,6580649.96,6039949.62,6469743.63,6173942.5
100,0L,1000,2025,510100,ESD001,ESK1,F3,10,ZAR,9624980.85,10020776.93,9016857.5,8832248.18,10088528.29,9822774.08,10120119.06,8912863.62,9760166.44,10104760.0,9985522.03,9214285.3,9192501.18,9211737.48,9425271.24,9978430.35
100,0L,1000,2025,510100,ESD001,ESK1,F4,10,ZAR,10360255.56,10942845.06,10954576.36,9929823.3,9940682.4,11391406.59,10508279.59,11119219.12,9961116.46,11549163.93,11444918.67,10279221.23,10108741.49,10327291.77,10832550.93,9944719.76
100,0L,1000,2025,510100,ESD001,ESK1,F5,10,ZAR,3555273.23,3821869.06,3498593.1,4003492.6,3466687.38,3603862.1,3945524.64,3704076.04,3655805.01,3845314.18,3836777.08,3490633.37,3614683.67,4013744.58,3840928.36,3929366.01
100,0L,1000,2025,520100,ESD001,ESK1,F1,10,ZAR,6840291.39,6663089.25,6508643.6,6720490.19,7248291.91,6542203.96,6966583.6,6469296.54,6624357.41,7031262.12,6797977.82,7317668.17,6739312.95,6577061.1,6410797.14,7468119.05
100,0L,1000,2025,520100,ESD001,ESK1,F2,10,ZAR,13358281.03,13631491.54,12039932.18,11861581.15,13430375.35,13466823.88,13196071.17,12235169.39,13085215.08,13298088.61,13291367.31,12932988.8,13517856.75,12427752.81,13572407.59,12571029.63
100,0L,1000,2025,520100,ESD001,ESK1,F3,10,ZAR,10417735.81,9501266.07,9856958.38,10124353.09,9590447.7,9676538.86,9569255.5,10240724.21,10746400.16,10554177.32,10425085.66,10219669.57,10622882.3,9673793.11,10839692.26,9552726.2
100,0L,1000,2025,520100,ESD001,ESK1,F4,10,ZAR,9370008.93,9938876.7,9616550.86,10641072.69,9250125.4,9976405.72,9644327.73,10114988.35,9622918.43,9239052.22,9724313.25,9897466.42,10556870.37,10158526.59,10121262.21,9486059.88
100,0L,1000,2025,520100,ESD001,ESK1,F5,10,ZAR,15520857.29,17208914.25,17651667.15,15624333.3,16026717.97,16405960.65,16651075.86,17086135.29,15596070.77,17376659.87,15728626.27,15664807.68,16460645.81,15869433.87,16529356.72,15405762.45
100,0L,1000,2025,520200,ESD001,ESK1,F1,10,ZAR,9909141.88,9818805.18,8713377.48,9194470.47,9959979.96,9354989.52,9230062.55,8510241.71,9529486.37,9923570.84,9438782.02,9722438.94,9029516.5,9606547.23,9522141.38,8948044.88
100,0L,1000,2025,520200,ESD001,ESK1,F2,10,ZAR,11942827.97,11335215.22,11277291.5,12480993.39,11460778.24,12605190.99,12876801.67,12636226.34,12520625.89,11447186.75,12525542.72,11761901.57,12683159.53,11307588.93,11820765.63,12525859.06
100,0L,1000,2025,520200,ESD001,ESK1,F3,10,ZAR,4762370.9,4693566.39,4374919.08,4919612.8,4303138.84,4620064.61,4789072.97,4932979.59,4382723.76,4654029.99,4788473.68,4568596.28,4701234.48,5037581.11,4502819.12,4834698.3
100,0L,1000,2025,520200,ESD001,ESK1,F4,10,ZAR,12536194.53,13355517.69,12296950.86,12649479.25,11988935.86,12495724.16,13170612.67,12805808.91,13778692.49,13465330.51,13780492.58,12794219.91,13222375.8,11990121.93,12813505.72,12928078.73
100,0L,1000,2025,520200,ESD001,ESK1,F5,10,ZAR,6222507.74,6479170.88,5936071.66,6222035.18,6543759.39,6731181.97,6056060.63,6384232.73,6587983.08,6708259.92,5845111.08,6685811.16,6289709.24,6074004.73,5951792.46,6056378.38
100,0L,1000,2025,530100,ESD001,ESK1,F1,10,ZAR,15211162.94,15705249.01,15464990.36,14437513.92,15435532.17,14020086.6,15415521.37,15951538.92,15665948.45,15611530.83,14112288.6,16070992.65,13943000.8,15708420.99,13804857.69,14819220.22
100,0L,1000,2025,530100,ESD001,ESK1,F2,10,ZAR,4576976.82,4321497.53,4875531.94,4749031.37,4793559.32,4274914.7,4987161.87,4417289.67,4494350.86,4373441.25,4360538.9,4267000.24,4285222.45,4682123.96,4970343.01,4385911.65
100,0L,1000,2025,530100,ESD001,ESK1,F3,10,ZAR,16216497.13,15769379.93,17714308.88,17520987.39,17983895.82,16136628.75,17716246.21,17005471.34,17153311.22,17383517.65,17217563.79,16313617.33,17676163.26,17228983.23,16213141.57,16946498.76
100,0L,1000,2025,530100,ESD001,ESK1,F4,10,ZAR,4542967.0,4751632.55,4558403.69,4819548.42,4661258.27,4628823.67,4334310.88,4276718.63,4527722.26,4356326.65,4868694.44,4303348.49,4630122.23,4638580.68,4865459.35,4496912.36
100,0L,1000,2025,530100,ESD001,ESK1,F5,10,ZAR,2500166.01,2676588.23,2732648.1,2771471.72,2660332.6,2666602.09,2834294.31,2561343.19,2586029.17,2740179.08,2746207.74,2621921.93,2655324.34,2803010.38,2604403.54,2507724.69
100,0L,1000,2025,540100,ESD001,ESK1,F1,10,ZAR,8762534.99,9356181.09,8842458.93,9443003.21,9436533.71,8279072.73,8233982.81,9366305.79,9405871.42,8561365.86,8753885.94,9116345.51,9471377.01,8911359.29,8913512.58,9234985.96
100,0L,1000,2025,540100,ESD001,ESK1,F2,10,ZAR,15680677.51,13785824.84,15879122.66,15976656.93,13961292.05,16010713.26,16088777.49,15277125.06,13789974.13,14524097.53,13854337.0,15897533.11,15169058.63,16168597.64,16002935.27,14849275.26
100,0L,1000,2025,540100,ESD001,ESK1,F3,10,ZAR,7823688.3,8370804.76,8143223.8,8496816.46,7959234.72,8305626.84,8657125.53,8149781.9,8510187.27,7888708.08,7694907.5,8008479.11,8263413.65,8636838.61,8035579.62,8346022.66
100,0L,1000,2025,540100,ESD001,ESK1,F4,10,ZAR,10480939.2,9779176.35,11175904.01,10034078.7,9907574.84,10336104.85,10486137.44,9618696.11,10515651.22,9800634.23,10431979.39,10398236.8,11171303.16,9997505.03,10869968.58,9620327.04
100,0L,1000,2025,540100,ESD001,ESK1,F5,10,ZAR,17410329.33,17715009.84,18671914.36,16916966.62,16275278.03,17658943.57,18550362.31,16934231.68,17492010.44,16621590.01,16277131.08,15971086.7,17102411.1,18440867.58,15977007.67,16185971.2
100,0L,1000,2025,150100,ESD001,ESK1,F1,10,ZAR,8661807.69,8457417.27,9325301.52,8862286.51,8467703.29,9044505.49,9001111.96,9022608.09,8601045.09,8252602.44,8202348.76,9336384.13,9093709.64,8260942.96,8885204.04,8265367.55
100,0L,1000,2025,150100,ESD001,ESK1,F2,10,ZAR,2379520.88,2466676.44,2379854.77,2167977.06,2472591.57,2364181.41,2487102.75,2229773.85,2305598.54,2319771.55,2369401.02,2395882.42,2435123.24,2519647.25,2210938.36,2295256.29
100,0L,1000,2025,150100,ESD001,ESK1,F3,10,ZAR,14831893.15,13579579.47,14856352.28,14994178.95,13884815.49,14031490.39,13637177.16,15699050.3,14861742.53,13481242.83,15588262.44,14517268.82,15579934.99,13950895.98,13961789.92,15735643.28
100,0L,1000,2025,150100,ESD001,ESK1,F4,10,ZAR,9376238.7,9267474.02,9107380.42,9388983.56,9960212.2,8852343.1,9143189.63,9146718.61,9966032.1,9827883.21,9719046.3,10096447.63,9448839.36,9320316.02,9398334.47,9251649.1
100,0L,1000,2025,150100,ESD001,ESK1,F5,10,ZAR,14678454.71,14668790.88,13465415.57,14043208.93,14821207.84,13563840.51,14814988.01,14734180.01,14476440.79,13851498.25,15287110.75,14158212.45,14272043.93,14364493.06,13669198.52,13182774.33
100,0L,1000,2025,150200,ESD001,ESK1,F1,10,ZAR,10504092.06,11447739.08,11453196.25,10903490.1,11080493.78,10177182.2,10869857.72,10949805.27,11103363.96,10693268.69,11285945.06,11742340.04,10488771.26,10217318.28,10757836.54,10732187.65
100,0L,1000,2025,150200,ESD001,ESK1,F2,10,ZAR,10520776.92,10985609.62,10896474.86,10503589.66,11433073.34,10449677.44,11016480.17,10177208.15,9922812.6,10981447.29,9851502.4,10001302.44,10866599.19,10108904.99,11062197.39,11401148.2
100,0L,1000,2025,150200,ESD001,ESK1,F3,10,ZAR,12478935.77,12283706.67,12006033.85,11974804.99,11905470.6,12232286.62,12207701.44,13392304.92,13332816.57,12127140.84,12297319.72,12574011.64,12936788.8,12344269.22,13426505.39,11971848.5
100,0L,1000,2025,150200,ESD001,ESK1,F4,10,ZAR,9544459.43,9161866.98,9571438.73,9774507.24,10004454.96,9253214.49,10190714.34,9753056.06,10344344.8,9347139.18,10445523.59,9862594.78,10459663.65,8939991.44,9930422.04,10456313.73
100,0L,1000,2025,150200,ESD001,ESK1,F5,10,ZAR,2910077.46,2775426.17,2723116.74,2768194.14,2891028.49,2805728.89,2853796.9,2748653.37,2834061.56,3014456.17,3158296.83,2926081.9,3088331.6,2719461.02,2969238.85,3096982.62
100,0L,1000,2025,150300,ESD001,ESK1,F1,10,ZAR,10419913.88,9079980.16,9356000.22,9445854.88,9197304.71,9284169.61,8978774.47,10412977.91,9053339.0,9097282.12,10382892.16,10482891.84,10193106.23,9892214.85,10120434.13,9520128.16
100,0L,1000,2025,150300,ESD001,ESK1,F2,10,ZAR,9895849.73,10618680.04,10920466.86,11206680.47,10726772.89,11533910.48,10034851.92,10830873.21,10110008.76,11155262.95,10036900.97,11257125.89,9953867.49,10609840.31,10957373.18,11349875.63
100,0L,1000,2025,150300,ESD001,ESK1,F3,10,ZAR,10775919.69,11499527.25,11385448.55,11684197.87,11129137.69,10620987.78,10849315.1,10907733.64,11284843.53,11067308.07,11052862.01,11023482.33,10532301.27,11184664.56,10689872.04,11157787.75
100,0L,1000,2025,150300,ESD001,ESK1,F4,10,ZAR,17891099.29,17846298.53,16582204.29,18430153.41,16398353.07,16725855.67,17928721.7,18411854.56,17912188.86,17317416.41,15866948.45,17255716.84,16906956.08,17058706.74,17193284.83,16679767.03
100,0L,1000,2025,150300,ESD001,ESK1,F5,10,ZAR,8031296.09,7416837.67,8560089.28,7338887.83,7718135.02,8118397.38,7300520.34,7604577.66,8243556.61,7655566.98,7452642.0,8548177.9,7981075.92,8156313.85,8059884.91,8250837.32
100,0L,1000,2025,500100,ESD002,ESK1,F1,10,ZAR,8437933.17,8079980.6,7530543.55,10657500.04,9874155.22,8662443.95,8022421.86,8006016.22,8198997.88,8217092.42,8000360.87,7981504.57,8399412.24,7700845.73,8735969.18,7692440.38
100,0L,1000,2025,500100,ESD002,ESK1,F2,10,ZAR,3748586.78,3723564.0,3521452.49,4204712.23,4640073.2,3323408.93,3586840.11,3835981.79,3481543.81,3554209.87,3355912.75,3726966.78,3582041.98,3660441.8,3807612.06,3807296.02
100,0L,1000,2025,500100,ESD002,ESK1,F3,10,ZAR,4852700.68,4954693.21,5077130.19,6333466.92,5698411.72,4797451.42,4986036.62,4637567.68,5441747.65,4962117.44,5144458.11,5320708.47,5007787.09,4854926.84,5125673.78,4851003.22
100,0L,1000,2025,500100,ESD002,ESK1,F4,10,ZAR,2726654.7,2832209.78,2860549.09,3236697.27,3065618.91,2719991.28,2895829.6,2648967.32,2723655.08,2547089.8,2856820.33,2626339.97,2616477.12,2528246.52,2673928.95,2716521.58
100,0L,1000,2025,500100,ESD002,ESK1,F5,10,ZAR,4324641.83,4034275.38,4372446.09,5109764.62,4878911.9,3966458.72,3915050.59,4126766.38,4352752.24,4403219.08,3922291.12,4399720.22,3833166.58,4020786.8,3988431.43,4104697.24
100,0L,1000,2025,500200,ESD002,ESK1,F1,10,ZAR,15830555.92,15856762.74,17093083.63,18509553.35,21125110.04,15987771.91,16307640.45,15730090.98,15330201.54,16200321.75,17056075.54,14906887.11,15395250.84,15986591.08,16137884.2,16244100.48
100,0L,1000,2025,500200,ESD002,ESK1,F2,10,ZAR,9898905.32,10290446.52,9348884.35,12300951.24,11462225.52,9751636.44,10580195.6,9410138.54,9620309.47,9400275.65,9599991.85,9936235.35,10339668.28,9471915.94,10001327.85,9512181.14
100,0L,1000,2025,500200,ESD002,ESK1,F3,10,ZAR,9367725.72,9261088.4,8631177.11,10444930.48,10980380.21,9489360.97,9371737.15,9759407.28,8757430.49,8696442.31,8899245.84,8689629.03,9341866.16,8599267.64,8618452.86,9826827.69
100,0L,1000,2025,500200,ESD002,ESK1,F4,10,ZAR,3775229.73,3610880.97,3477345.86,4469305.84,4721118.69,3847944.76,3628519.96,3461066.78,3748982.43,3950160.46,3889736.91,3982069.65,3939037.02,3836946.07,3646350.61,3571397.02
100,0L,1000,2025,500200,ESD002,ESK1,F5,10,ZAR,6123077.31,6759463.82,6746771.91,7572663.89,7681931.23,6406618.02,6399006.62,6425319.51,6094013.17,6786836.21,6751965.74,7004596.46,6321651.36,6461432.4,6895940.66,6261626.01
100,0L,1000,2025,500300,ESD002,ESK1,F1,10,ZAR,4902395.28,4666653.66,4653739.17,5797280.43,5983587.09,5012585.01,4418401.2,5080287.1,4818268.88,4956354.64,4951659.88,4602183.83,4979785.57,4812479.67,5071112.51,5173038.1
100,0L,1000,2025,500300,ESD002,ESK1,F2,10,ZAR,17183276.2,16998924.72,17433787.14,19600707.72,19835633.34,17919362.15,15636201.0,16621159.69,17795087.0,17731998.66,17644807.4,17190155.26,17481279.73,17139043.99,18118894.79,15663581.91
100,0L,1000,2025,500300,ESD002,ESK1,F3,10,ZAR,9536363.1,9719151.53,9138367.34,10703536.22,11563838.53,8979715.57,8569635.4,9753113.0,9716375.91,8938127.15,9371339.88,9101153.45,9611118.86,9771383.71,8669179.44,8915968.8
100,0L,1000,2025,500300,ESD002,ESK1,F4,10,ZAR,1999994.53,2127422.87,2188066.93,2716708.29,2438366.83,2111670.63,2083497.57,2039846.03,2237808.69,2245427.72,1964419.56,2236361.81,1935620.1,2140081.94,2103313.42,2120972.88
100,0L,1000,2025,500300,ESD002,ESK1,F5,10,ZAR,17979631.23,18714910.86,16921679.73,20703665.61,23047381.25,16987139.17,18006502.61,16690205.49,19105487.38,17868689.74,19318808.49,18841448.67,18236442.97,18453839.14,17338268.82,16980079.02
100,0L,1000,2025,510100,ESD002,ESK1,F1,10,ZAR,2809998.15,2980567.25,2807740.47,2693834.42,2939048.63,2873578.39,3034304.69,2908413.97,2984536.05,2769002.31,2704286.87,2706472.75,3115309.5,3073498.06,2700975.21,2727485.5
100,0L,1000,2025,510100,ESD002,ESK1,F2,10,ZAR,8474419.62,9519628.5,8341579.69,9379369.67,8305471.08,8498946.62,9298988.44,9163516.9,8497671.01,9038354.68,8605360.94,8599923.06,8821369.52,8304823.47,9227428.8,9455045.55
100,0L,1000,2025,510100,ESD002,ESK1,F3,10,ZAR,12271849.59,12608813.8,11914548.66,13124345.94,13784677.77,13473925.15,13858888.8,13133372.97,13788833.26,12895545.65,13158124.4,13454192.8,12402125.31,11940672.84,13892208.69,12996618.96
100,0L,1000,2025,510100,ESD002,ESK1,F4,10,ZAR,9886126.11,10968624.99,9779304.86,11220442.54,10869434.88,10684447.95,10349786.21,11135015.05,11057773.68,10410396.5,10032513.16,10710391.71,9715009.08,11261308.89,9885094.97,10793864.93
100,0L,1000,2025,510100,ESD002,ESK1,F5,10,ZAR,13202902.77,12936866.84,11871891.12,11791980.06,12296284.64,11637473.58,11879426.33,13240217.12,12315790.34,12860324.77,12058890.03,12734114.31,12795455.56,12029329.48,12674795.35,12923389.88
100,0L,1000,2025,520100,ESD002,ESK1,F1,10,ZAR,4231815.46,4063391.16,4553422.51,4376075.23,4111104.34,4560027.06,4035253.13,4139581.95,4138760.26,4033448.98,4537777.2,4347280.36,4700872.09,4190117.98,4210433.13,4587375.49
100,0L,1000,2025,520100,ESD002,ESK1,F2,10,ZAR,16149074.13,15640995.77,14475692.27,14519856.38,15417081.66,14401685.38,15578932.82,16457156.69,15265116.2,15263657.84,15428035.74,14309950.44,14319170.46,14700955.57,15781736.67,15373884.91
100,0L,1000,2025,520100,ESD002,ESK1,F3,10,ZAR,12489400.71,13691068.0,12414440.61,12549389.77,12447606.4,13741043.48,12753190.93,12397564.61,13638967.27,13594308.61,12533547.52,12330907.1,12033679.64,12043532.96,13230012.0,12707225.71
100,0L,1000,2025,520100,ESD002,ESK1,F4,10,ZAR,15523419.29,16085148.67,16648570.15,15864900.23,15492207.59,16210154.21,16372267.98,16944767.84,15031027.63,15427322.75,15396703.93,16387895.69,17160525.0,15836627.76,16072002.71,15767286.56
100,0L,1000,2025,520100,ESD002,ESK1,F5,10,ZAR,17208404.25,17832291.7,17918421.48,16992022.41,16290542.22,17143234.41,18117001.42,16006579.64,18167804.08,17350881.52,17337257.55,17780645.04,17012516.37,15822191.39,17972303.83,16321801.2
100,0L,1000,2025,520200,ESD002,ESK1,F1,10,ZAR,14057807.47,15833222.09,14821945.15,16238848.82,14397788.23,15298664.85,15522273.09,15931978.38,14661149.22,14668132.16,15048799.4,14922939.08,15887543.77,16180939.45,15255112.39,15331041.24
100,0L,1000,2025,520200,ESD002,ESK1,F2,10,ZAR,8804199.34,8131839.6,8974621.27,8370132.83,8537919.03,7948592.05,7837637.15,8452117.9,8181450.84,8979885.22,8351515.64,8719721.29,8529639.48,7790856.46,8701223.47,8039879.61
100,0L,1000,2025,520200,ESD002,ESK1,F3,10,ZAR,4367345.68,4353479.15,4029179.08,3966803.56,4346378.2,4535702.41,4061471.45,3882351.22,4092794.49,4089586.34,3929599.98,4285388.09,3909711.72,4518683.0,4032293.3,4399696.24
100,0L,1000,2025,520200,ESD002,ESK1,F4,10,ZAR,11834634.53,11418909.94,11744701.78,11011299.16,10276332.45,11866621.46,11313317.33,10430582.35,11056180.11,10763553.97,11120157.26,10236320.87,10800898.88,11350376.74,10197328.4,10324232.43
100,0L,1000,2025,520200,ESD002,ESK1,F5,10,ZAR,4707141.84,4963360.78,4871900.38,5063298.21,4855733.7,5111567.87,5190480.11,4589481.85,5259561.93,4637483.9,5114334.57,4906407.83,4587653.18,5253993.78,4597800.84,4783466.49
100,0L,1000,2025,530100,ESD002,ESK1,F1,10,ZAR,3205445.42,3275268.64,3462543.9,3472302.83,3447987.18,3458224.86,3385655.75,3674293.79,3572145.48,3661595.8,3309978.7,3168362.23,3148581.67,3330615.54,3635140.06,3483094.12
100,0L,1000,2025,530100,ESD002,ESK1,F2,10,ZAR,13540160.65,15357986.09,14991226.39,13448316.37,14648764.39,14454287.7,13450716.4,15014275.3,13341804.95,13685192.3,14942937.37,14135097.5,14728381.04,15152629.77,14069519.26,15287810.59
100,0L,1000,2025,530100,ESD002,ESK1,F3,10,ZAR,11826214.86,12241819.7,12040553.9,12319170.05,11742693.34,12945970.28,13064021.93,13074620.24,11854658.4,12775417.07,11386900.0,12294465.29,12168901.27,12621324.57,13161594.78,12264769.8
100,0L,1000,2025,530100,ESD002,ESK1,F4,10,ZAR,13959943.62,12971252.27,13600808.36,12939957.39,13512379.72,13737749.92,12935079.43,13254312.16,14754158.16,12760871.43,14188683.39,14013281.52,12946095.66,13310460.05,12647357.19,14646868.66
100,0L,1000,2025,530100,ESD002,ESK1,F5,10,ZAR,5897517.36,5714377.96,5643679.07,5777630.49,5962132.6,5450166.78,6084074.67,6119625.03,5706306.61,5807484.03,5709586.19,5416814.77,5734147.54,5416229.01,5278192.4,5489445.37
100,0L,1000,2025,540100,ESD002,ESK1,F1,10,ZAR,3149913.77,3470597.16,3488575.72,3517578.59,3227805.22,3329142.47,3038413.7,3460301.52,3360255.92,3417219.47,3351277.96,3085272.38,3412713.2,3446583.33,3516889.38,3117180.49
100,0L,1000,2025,540100,ESD002,ESK1,F2,10,ZAR,13856012.07,14723203.01,14463002.67,13950138.74,13836497.28,15475985.18,14666105.34,14473455.47,14692687.68,13453416.49,15208953.3,13395501.81,13843883.14,13914518.2,13690006.7,14612607.54
100,0L,1000,2025,540100,ESD002,ESK1,F3,10,ZAR,10656211.36,11253108.9,11154082.71,10519621.15,11866187.58,11820842.96,11418903.33,10407188.93,11182280.35,12003722.98,10402358.44,10767380.72,11728812.67,11250665.96,11733536.55,11106129.64
100,0L,1000,2025,540100,ESD002,ESK1,F4,10,ZAR,6380144.3,6390339.86,5992402.22,6316352.78,6446346.95,5598419.62,6007832.38,5804994.66,5630373.0,5869849.78,5794828.13,5607139.84,5853034.45,6306449.15,5692390.9,6544355.59
100,0L,1000,2025,540100,ESD002,ESK1,F5,10,ZAR,9456203.6,10126337.62,10656258.23,9874185.7,9572586.09,10199565.73,10764023.59,10484069.72,10857024.06,10629178.5,10799199.11,10058048.98,10179160.8,10640411.1,9736134.55,10210761.06
100,0L,1000,2025,150100,ESD002,ESK1,F1,10,ZAR,12548273.46,13061184.23,12107808.22,11386886.42,11962146.54,11751104.42,12325700.75,11958544.3,11832408.84,11622156.55,11507321.83,11401266.65,13135538.95,11830806.59,13072639.56,12677261.74
100,0L,1000,2025,150100,ESD002,ESK1,F2,10,ZAR,14856051.44,15169418.0,15934374.72,15303521.89,14889588.1,16870784.95,14657596.65,15277905.77,16434987.28,16299526.04,15541848.86,15332788.97,15551551.62,14846518.99,15832557.02,15733111.21
100,0L,1000,2025,150100,ESD002,ESK1,F3,10,ZAR,6101958.3,5503626.93,6147090.94,6151969.13,5918182.23,5504289.76,5624196.91,5863778.82,5744302.77,5658348.31,5964059.96,5895891.49,6228164.47,5503690.5,5856617.39,5812544.79
100,0L,1000,2025,150100,ESD002,ESK1,F4,10,ZAR,2505377.63,2407345.57,2188363.04,2428499.0,2247494.86,2451175.87,2250041.31,2194855.32,2325004.17,2312203.55,2423542.35,2154422.81,2344854.39,2230682.92,2324551.97,2276757.88
100,0L,1000,2025,150100,ESD002,ESK1,F5,10,ZAR,8320915.71,7386583.8,8192466.18,8347937.47,7781926.61,7592413.86,8364310.46,7628151.83,7761629.89,8598651.51,7451061.76,8405976.58,7591256.43,8528082.94,8586898.04,8219903.47
100,0L,1000,2025,150200,ESD002,ESK1,F1,10,ZAR,6081771.92,5927874.42,6634504.12,6697440.17,6577944.46,5810096.8,6324796.21,5853868.15,6175153.64,6544637.04,6705847.58,6440367.32,6667634.38,6654689.49,6782592.43,6097372.87
100,0L,1000,2025,150200,ESD002,ESK1,F2,10,ZAR,16565425.04,18505320.4,16991696.25,17329921.72,18193115.3,17342674.05,18124984.24,17890754.75,16919264.79,16521276.65,16501665.21,17525021.91,16650025.69,16711632.64,15917975.11,16272517.22
100,0L,1000,2025,150200,ESD002,ESK1,F3,10,ZAR,14703227.67,13411171.2,14723688.03,14412623.25,12622882.46,14191068.47,13467972.1,13304751.0,13387252.04,13818312.34,14133201.36,13786184.17,14740741.66,13323170.71,14656444.35,14400189.89
100,0L,1000,2025,150200,ESD002,ESK1,F4,10,ZAR,4160403.35,4210080.43,4535697.4,4474903.88,4793194.5,4204735.78,4483162.29,4824781.49,4161068.79,4523052.1,4631728.86,4660121.62,4739636.53,4652992.37,4189585.56,4754707.59
100,0L,1000,2025,150200,ESD002,ESK1,F5,10,ZAR,11662184.26,10536827.53,11437508.89,10516220.21,10505395.92,11577056.85,10889076.96,10737368.19,11776635.39,12001617.39,10469843.22,10831379.25,11561693.84,12105178.35,10688345.94,11345463.07
100,0L,1000,2025,150300,ESD002,ESK1,F1,10,ZAR,7519091.12,6829923.87,7338423.77,7434720.45,7096630.52,6770488.03,7483117.81,7146933.33,7350312.99,7261576.67,6901650.53,7062130.9,6985260.31,7491380.65,6678504.19,7142193.38
100,0L,1000,2025,150300,ESD002,ESK1,F2,10,ZAR,10817863.46,10326063.41,10452821.96,10761978.59,10930593.49,11438609.28,11132313.44,10367807.51,10076160.8,10598171.13,11242474.7,10563557.79,11389190.7,11027777.51,10859707.82,11214059.15
100,0L,1000,2025,150300,ESD002,ESK1,F3,10,ZAR,4296545.4,4510635.49,4534903.59,4601632.95,4536298.87,4467227.79,4200978.84,4191825.25,4716593.15,4247395.71,4532666.42,4385487.9,4562973.35,4736139.31,4580201.57,4441032.44
100,0L,1000,2025,150300,ESD002,ESK1,F4,10,ZAR,15424060.02,13880670.19,15538979.8,13914110.29,14253482.46,15303773.73,15426344.35,16042246.18,13743948.0,15103044.45,14187620.99,14075629.3,14736530.26,15299894.51,14336167.56,14617661.03
100,0L,1000,2025,150300,ESD002,ESK1,F5,10,ZAR,17592040.6,18975045.32,18575658.86,17438546.09,17074317.53,17292976.89,18860693.93,16746866.29,18869053.75,19290704.54,17581706.97,19298203.71,19177828.39,16951584.95,19045101.03,17263281.28
100,0L,1000,2025,500100,ESD003,ESK1,F1,10,ZAR,12741120.17,13746164.54,12537522.81,16099023.54,15232504.41,13753014.61,14143180.75,13317174.97,14074241.37,14086187.34,13955886.84,12861584.36,12398658.7,13142000.47,13361401.9,12688501.71
100,0L,1000,2025,500100,ESD003,ESK1,F2,10,ZAR,6465771.8,6772624.86,6746288.88,7814631.12,8724033.96,7303848.02,7324764.76,6532247.94,7172689.55,7451054.54,6794849.65,7181398.23,7342109.07,7177166.18,7139984.74,7139225.7
100,0L,1000,2025,500100,ESD003,ESK1,F3,10,ZAR,17292168.97,18478629.49,18671889.02,23077058.48,21085225.33,18608247.16,17571620.5,16572162.15,18135254.74,17950051.11,16669853.12,17050722.9,16465224.44,17577575.93,16935239.95,17368407.99
100,0L,1000,2025,500100,ESD003,ESK1,F4,10,ZAR,13295705.24,12963824.21,12664297.24,16113471.87,14131471.18,11936799.51,11651067.74,12481949.09,13068049.87,11485784.7,13039764.61,13182140.88,11846760.41,11986022.55,11763368.88,12063696.59
100,0L,1000,2025,500100,ESD003,ESK1,F5,10,ZAR,14189011.55,16000289.29,14169716.89,17566556.86,17640394.47,16274813.35,15632100.32,14391021.11,16416288.39,14801957.55,16361049.82,14499463.15,16261308.08,14923028.53,15838649.18,15557514.24
100,0L,1000,2025,500200,ESD003,ESK1,F1,10,ZAR,4791144.19,5112203.68,4524418.89,5844758.73,5817090.2,4802070.39,4765188.95,4981832.23,5203813.72,4569635.36,5024866.5,4591031.83,5021756.74,4839095.55,5090887.82,4744957.82
100,0L,1000,2025,500200,ESD003,ESK1,F2,10,ZAR,16189381.24,14316315.04,14651175.68,17494699.55,17783206.07,14819806.03,14597985.45,15045139.98,15354572.33,16312149.13,15460640.26,15977385.02,14643194.76,15703110.44,16174013.72,14270311.75
100,0L,1000,2025,500200,ESD003,ESK1,F3,10,ZAR,9784127.93,9260374.76,9346392.33,12091423.49,12173217.68,9025533.59,8982132.04,9737080.47,9524444.86,10225488.56,9459531.01,9580308.02,8817949.13,8907099.79,9077218.3,9588457.64
100,0L,1000,2025,500200,ESD003,ESK1,F4,10,ZAR,8337803.42,9304995.99,8592299.5,11818854.6,11846347.84,8593964.06,9265490.94,8841479.87,8888703.81,8437816.39,8985873.64,9107843.71,9188092.07,9203930.06,9402940.98,8845464.4
100,0L,1000,2025,500200,ESD003,ESK1,F5,10,ZAR,17307230.94,16249419.11,17940994.24,19930822.94,20261192.28,15746941.92,16389430.44,16396494.59,16839267.13,15713639.86,17690349.38,16899677.32,15861593.72,16489513.1,18201358.32,16688420.41
100,0L,1000,2025,500300,ESD003,ESK1,F1,10,ZAR,13202581.07,14087260.19,14000196.48,18238032.61,16701747.4,13811381.31,13869248.17,14397462.38,14942828.02,14845835.52,13813662.11,14772933.34,14789022.7,14760417.72,13049797.96,14410237.66
100,0L,1000,2025,500300,ESD003,ESK1,F2,10,ZAR,3707104.24,4333530.29,3818677.78,4577060.76,5072547.8,3803024.11,3925548.85,4315174.27,3895407.98,4239109.21,3806441.64,3710367.27,4009970.83,3985069.98,3869753.27,4194787.78
100,0L,1000,2025,500300,ESD003,ESK1,F3,10,ZAR,7022184.73,7323867.91,7846611.33,8615290.08,9207486.28,7064608.16,7735394.85,7294061.6,7982569.46,7490684.84,7055899.26,7532739.18,7085397.65,7877881.53,6941290.38,7695052.08
100,0L,1000,2025,500300,ESD003,ESK1,F4,10,ZAR,3424282.29,3381704.8,3370152.27,4624604.02,4474515.72,3650166.94,3332277.77,3748695.14,3316405.45,3806946.71,3663052.81,3536066.31,3730562.15,3836181.86,3726722.19,3383829.3
100,0L,1000,2025,500300,ESD003,ESK1,F5,10,ZAR,14482649.61,13971450.13,14461461.32,18208545.3,17894496.28,15315301.84,14214195.88,13556658.07,15194150.09,15074645.96,13998188.95,14910750.97,15129229.44,13689842.34,14260972.89,13863192.9
100,0L,1000,2025,510100,ESD003,ESK1,F1,10,ZAR,2900952.08,3163185.01,2807804.17,3174339.24,3172762.93,2982650.72,3080285.69,2891442.44,3086330.31,3065481.34,3076815.92,3132651.09,3125840.48,2730685.5,2957152.65,3117053.55
100,0L,1000,2025,510100,ESD003,ESK1,F2,10,ZAR,15569974.98,16164836.23,14532424.42,15002795.94,15724296.39,14537662.31,16043179.37,15229422.12,14941041.38,15517137.1,15415119.87,15062862.26,14894062.4,14464634.42,16076560.87,16362031.25
100,0L,1000,2025,510100,ESD003,ESK1,F3,10,ZAR,4168777.15,4022314.37,3986634.03,4061795.51,4217669.25,4390110.0,4351275.47,4642932.71,4325468.82,4422180.49,4476435.38,4379632.83,4602706.71,4056122.35,4292193.85,4045284.28
100,0L,1000,2025,510100,ESD003,ESK1,F4,10,ZAR,13229036.16,14005889.84,14504101.97,13589016.85,14428695.75,14140644.93,14311794.67,13412136.76,14088339.46,13984606.69,14692833.38,12826948.19,13356583.57,14560208.55,13092157.24,14445466.46
100,0L,1000,2025,510100,ESD003,ESK1,F5,10,ZAR,15187660.81,15706373.64,14776824.2,15007805.54,14069718.05,14898020.33,15668987.05,16041004.86,15416863.29,15599567.36,16218729.3,14307476.4,14562663.5,14352360.85,14765586.94,15949533.68
100,0L,1000,2025,520100,ESD003,ESK1,F1,10,ZAR,9086154.09,9168398.86,8493394.07,9294003.93,9182443.25,9031594.01,9483692.45,9772611.79,9863279.52,8564923.58,9794690.39,8659396.3,9329840.94,9427623.68,9741761.47,8935676.18
100,0L,1000,2025,520100,ESD003,ESK1,F2,10,ZAR,11350053.4,12687227.07,12947177.19,13180763.45,13171911.47,11868028.13,12316107.58,11643080.78,12133965.88,12286468.87,12068811.14,11549842.73,12915510.16,11484761.55,12458087.93,12371931.15
100,0L,1000,2025,520100,ESD003,ESK1,F3,10,ZAR,12141941.48,11622751.6,11722013.22,12833637.66,12137147.67,12538942.0,11396540.97,11737846.46,11748046.72,12580725.95,12916613.79,12747859.15,12557723.57,11287684.0,13007779.92,11413661.38
100,0L,1000,2025,520100,ESD003,ESK1,F4,10,ZAR,7000670.11,7669903.41,7118950.01,7634257.44,7002863.85,7239001.08,8157155.72,7746993.1,7375876.36,7492870.6,7231811.43,7310208.07,7479512.14,7620298.44,8169365.82,7241033.41
100,0L,1000,2025,520100,ESD003,ESK1,F5,10,ZAR,18010967.16,18632470.11,19289541.02,18136019.08,18894854.68,18986156.41,18735951.28,18158060.2,18367196.49,17733008.62,18771294.19,18370908.93,17580430.9,18366873.95,17150093.68,19656407.89
100,0L,1000,2025,520200,ESD003,ESK1,F1,10,ZAR,6829743.93,7209383.41,6732855.07,7302556.2,7038340.05,6261927.68,6278967.78,6759747.97,7072857.09,7208967.9,7272029.85,7173876.96,6973776.85,6548990.77,6748002.67,7018070.7
100,0L,1000,2025,520200,ESD003,ESK1,F2,10,ZAR,11565410.76,10537347.24,11934118.01,12174358.74,10624126.88,11412531.2,11771292.89,12143044.71,11951264.2,11550733.63,11339705.63,11452416.84,10686938.85,11163575.33,11529840.34,11149615.41
100,0L,1000,2025,520200,ESD003,ESK1,F3,10,ZAR,7305609.25,6658393.6,6870011.23,6976067.08,7606796.31,6882970.01,7188513.22,6812183.67,7569191.85,7155149.4,7407344.44,6844047.26,7359990.46,7047277.71,7351610.27,7255195.66
100,0L,1000,2025,520200,ESD003,ESK1,F4,10,ZAR,3198172.71,3278588.29,3109576.96,3385482.97,2957668.71,2949086.65,3415373.54,3108336.54,3033087.4,3098655.65,3136812.21,3423036.45,3282906.43,3365390.09,3054486.4,3176426.15
100,0L,1000,2025,520200,ESD003,ESK1,F5,10,ZAR,3494094.32,3522720.27,3383964.1,3296509.91,3434491.98,3625230.32,3347381.95,3345372.65,3637092.69,3363445.83,3420287.63,3502590.32,3439315.79,3533836.09,3838691.19,3296118.52
100,0L,1000,2025,530100,ESD003,ESK1,F1,10,ZAR,6834482.39,6945162.45,6963335.4,7027332.3,6979072.87,6419248.02,6358743.57,7357377.88,6939920.66,6647505.23,7048846.5,6595972.16,7143244.95,7390634.36,6399374.36,6450381.18
100,0L,1000,2025,530100,ESD003,ESK1,F2,10,ZAR,6756435.88,6910678.39,7043449.65,6629163.44,7078463.06,6427691.59,7211012.63,7358025.08,6820708.65,7495956.94,6939970.14,7053507.91,6455924.08,6859536.01,6441347.86,7403647.57
100,0L,1000,2025,530100,ESD003,ESK1,F3,10,ZAR,5818667.88,6083127.75,6189328.39,6282705.41,6149110.19,5916962.15,6604700.46,6571890.74,5783958.0,5682594.6,6258504.89,6517425.25,6037426.41,6211840.59,5835168.58,6602028.42
100,0L,1000,2025,530100,ESD003,ESK1,F4,10,ZAR,9611199.01,10919254.55,10743837.25,10309545.89,9479757.75,9667076.45,10379220.68,9412950.24,10345939.82,10758492.67,9942961.08,10053427.09,9930293.33,10231116.39,10625115.94,10293073.68
100,0L,1000,2025,530100,ESD003,ESK1,F5,10,ZAR,15324361.3,16748285.13,16585109.94,16344861.84,17042160.29,16926641.68,15536192.9,16831056.85,17500907.5,15543537.01,15987140.05,15775257.42,16495923.3,16768969.65,15249806.45,17086579.38
100,0L,1000,2025,540100,ESD003,ESK1,F1,10,ZAR,3795572.25,3664049.96,3800946.43,4047053.96,3837122.83,3661368.61,3526123.71,3775556.35,4041385.55,3615344.58,3509671.98,3573204.34,3566382.06,3972080.85,3916356.0,3976241.11
100,0L,1000,2025,540100,ESD003,ESK1,F2,10,ZAR,14290517.46,16351009.17,16300069.38,14465563.53,14397519.51,14392673.66,14467176.73,15363248.48,14835076.36,14408635.69,15208752.05,15916422.81,15654808.9,14200502.46,15307683.24,15490646.66
100,0L,1000,2025,540100,ESD003,ESK1,F3,10,ZAR,4672274.63,4531159.26,4353510.42,4526999.21,4611442.72,4676708.76,4379435.67,4740161.84,4263118.67,4397939.7,4755012.11,4295662.45,4589363.21,4606304.63,4652543.6,4573831.22
100,0L,1000,2025,540100,ESD003,ESK1,F4,10,ZAR,3763309.49,3316769.39,3490383.16,3512520.45,3332074.77,3759925.85,3396327.39,3649138.97,3463682.32,3742551.53,3519674.26,3429895.04,3760484.16,3582143.79,3477672.11,3532156.63
100,0L,1000,2025,540100,ESD003,ESK1,F5,10,ZAR,19089663.06,18207208.06,18899858.14,18297446.15,18803945.02,18964111.53,18961460.73,17083674.14,17761956.62,17658207.39,16986350.65,17863183.72,18582651.94,17053176.81,18651295.49,18657239.79
100,0L,1000,2025,150100,ESD003,ESK1,F1,10,ZAR,10245999.53,9607872.15,10422515.67,10026671.41,9749894.53,11170857.55,10149445.04,10330396.03,10487636.64,9853807.26,10207601.99,10880849.02,11003311.44,10510422.57,10378744.02,11165868.5
100,0L,1000,2025,150100,ESD003,ESK1,F2,10,ZAR,9898909.57,8965977.58,9220915.8,9838947.5,8962115.17,8824002.41,9178691.53,9771117.04,10151619.69,9835845.91,9445680.21,9663044.89,9960200.19,9147715.44,8858726.69,9675646.25
100,0L,1000,2025,150100,ESD003,ESK1,F3,10,ZAR,10867483.52,9959655.93,10765908.05,9719661.92,10392169.64,9713740.63,10568355.22,10786716.02,9450985.46,10563594.24,10778682.94,10735341.59,10905118.13,10021195.6,9482253.85,9417680.57
100,0L,1000,2025,150100,ESD003,ESK1,F4,10,ZAR,16570333.06,16762079.98,17077066.58,17016166.25,15149939.5,16453167.77,16356629.08,15552963.64,16294051.34,15126705.25,17070325.72,16567191.37,16480669.22,15729832.17,16326530.13,16590961.74
100,0L,1000,2025,150100,ESD003,ESK1,F5,10,ZAR,10929186.64,10895428.18,10899984.09,11247968.59,10332380.01,10132798.08,11157497.78,10745165.9,10245973.26,10107241.99,10464507.5,10703726.39,10561742.78,10318752.8,10517668.66,10975848.96
100,0L,1000,2025,150200,ESD003,ESK1,F1,10,ZAR,13687032.41,13672009.66,12100229.71,12230240.78,12381479.56,12583977.9,12956854.86,12143897.58,12825439.24,13368128.55,13540917.92,11884457.6,12941069.04,13097412.22,13257031.4,12396366.4
100,0L,1000,2025,150200,ESD003,ESK1,F2,10,ZAR,6406009.19,6460818.66,7120714.51,6683346.13,6833377.23,6288588.96,6899537.5,6095931.27,6224475.17,6384272.8,6642345.97,6651137.67,6619620.97,6520198.78,6322570.35,6840078.1
100,0L,1000,2025,150200,ESD003,ESK1,F3,10,ZAR,16314972.35,17047947.72,17552849.79,18371017.52,16095562.06,16820652.69,16719571.01,16906712.98,17719368.95,18732830.93,16764273.64,16580112.34,16924253.27,17620341.78,18785355.88,18130157.98
100,0L,1000,2025,150200,ESD003,ESK1,F4,10,ZAR,17498345.72,19313782.98,19664594.34,17083382.79,19614180.77,18129218.67,18772946.64,18489629.73,17004516.06,19547179.0,17312087.94,18170648.94,17358175.71,17078065.97,18705119.52,18544969.1
100,0L,1000,2025,150200,ESD003,ESK1,F5,10,ZAR,2630819.15,2719618.86,2764195.49,2438398.83,2666918.59,2746835.34,2758324.22,2758586.35,2614620.71,2770073.39,2678337.37,2779392.84,2549813.92,2474957.11,2581503.91,2574972.92
100,0L,1000,2025,150300,ESD003,ESK1,F1,10,ZAR,5088127.46,5419924.23,5575209.32,5204266.92,4912314.26,5027822.57,5382235.48,5278630.27,5263803.61,5410392.54,5106789.99,4940578.42,5626934.72,5589720.44,5147414.2,5228140.91
100,0L,1000,2025,150300,ESD003,ESK1,F2,10,ZAR,10386491.02,10206784.62,11285883.13,9850385.37,11132373.1,10658579.52,10405663.26,11165081.39,11322558.86,10561840.08,10493924.15,9919916.93,10413829.65,9814953.3,10867442.86,10416885.9
100,0L,1000,2025,150300,ESD003,ESK1,F3,10,ZAR,8165629.88,7143920.94,7249715.54,7536801.48,8355254.86,7245795.0,7657509.83,7609856.97,7613617.67,7827701.18,7902569.8,7869827.05,7615266.94,7401992.71,7308765.03,7332432.68
100,0L,1000,2025,150300,ESD003,ESK1,F4,10,ZAR,9514784.09,8931723.73,9884415.48,9215925.62,10234561.83,9978531.0,9831134.72,10274031.37,9087295.59,8849747.52,9829143.69,9204857.27,9909961.31,9238878.57,9684389.98,10127360.04
100,0L,1000,2025,150300,ESD003,ESK1,F5,10,ZAR,9193146.89,8262457.68,8882779.81,9296372.76,9202247.45,8455381.14,8421254.18,8738299.86,8622424.07,8968383.94,8911667.99,8442742.05,8853670.92,8435213.57,8461797.91,8130064.3
100,0L,1000,2025,500100,ESD004,ESK1,F1,10,ZAR,4960961.35,5060821.91,4693075.38,5637039.46,5723889.57,4587265.55,4609371.0,4911740.51,4746189.91,5043923.65,4946250.62,4414657.85,4782777.53,4461833.28,4421800.79,4607577.32
100,0L,1000,2025,500100,ESD004,ESK1,F2,10,ZAR,16661725.6,15695215.26,16798770.47,20884816.77,19962806.42,15196061.16,16709189.13,15682638.2,15732665.69,16565702.09,16838990.83,16505555.47,17038651.64,16394045.41,15433665.85,15730812.98
100,0L,1000,2025,500100,ESD004,ESK1,F3,10,ZAR,14759543.84,15028267.57,15504405.92,17667065.78,19949485.4,16213341.58,15840504.62,15752713.63,15534365.65,15727829.73,14822890.71,14241031.95,15078203.1,16328987.59,14849688.46,14315746.58
100,0L,1000,2025,500100,ESD004,ESK1,F4,10,ZAR,14910204.01,14063737.48,14411386.02,18880508.98,18519509.43,13424904.16,14599067.69,15007663.85,13799207.24,13610132.72,15179521.69,13732070.07,15632724.14,14572552.75,14804200.39,14910750.6
100,0L,1000,2025,500100,ESD004,ESK1,F5,10,ZAR,9982040.21,11374491.44,11439458.19,12577817.65,13774977.96,11480208.14,10602988.58,10142457.95,11163763.0,10338566.3,10971003.61,9815518.53,11210257.23,10511105.35,10658401.57,10825937.99
100,0L,1000,2025,500200,ESD004,ESK1,F1,10,ZAR,2749482.41,3013096.26,2908926.62,3410989.76,3591160.5,2821630.65,2760312.72,2743054.97,2967319.81,2757793.11,2891420.14,2812269.89,2677395.6,2926585.34,2750644.23,2925983.24
100,0L,1000,2025,500200,ESD004,ESK1,F2,10,ZAR,13363181.62,11907326.43,12598435.72,15722594.35,14585980.07,12997401.68,11696935.34,11740888.46,13040635.33,12212429.25,11846604.22,11606619.54,12595136.43,12866803.41,13056195.26,12951021.85
100,0L,1000,2025,500200,ESD004,ESK1,F3,10,ZAR,3635017.76,3542717.53,3236088.58,3966217.39,4018993.54,3380225.92,3588452.98,3574986.11,3597251.61,3469249.04,3643416.14,3500711.28,3218365.37,3290688.28,3700226.2,3574354.16
100,0L,1000,2025,500200,ESD004,ESK1,F4,10,ZAR,6548874.02,6662258.85,6836660.64,8152938.38,8572461.68,7416967.45,6865517.3,6603593.07,7071515.37,6655029.62,7048527.01,7451880.16,7502452.48,7511286.89,6642643.88,6769486.63
100,0L,1000,2025,500200,ESD004,ESK1,F5,10,ZAR,3049759.22,3104286.9,2906723.68,3304805.4,3330143.92,2839017.41,2709793.96,2862365.05,2750133.08,3109168.62,2895937.8,2767435.13,3144737.49,2985777.3,2789084.13,2960627.24
100,0L,1000,2025,500300,ESD004,ESK1,F1,10,ZAR,10576346.51,11615527.28,12123237.64,12971056.18,14739618.52,11797864.05,11927246.94,11814059.78,11836459.72,11657317.52,11359904.22,10606931.68,12057073.82,10622018.35,12235809.45,11904885.48
100,0L,1000,2025,500300,ESD004,ESK1,F2,10,ZAR,13689778.25,11854276.06,11984063.72,16484927.59,16073725.8,13489310.58,13823280.05,13052261.87,12892083.84,12180073.42,12126226.84,13130010.63,13810736.95,12648696.97,12155030.09,12901665.93
100,0L,1000,2025,500300,ESD004,ESK1,F3,10,ZAR,15305405.05,17045227.68,15816105.25,19870552.91,20143054.34,16319156.89,15050563.98,16225054.15,15312708.53,17095450.82,16053301.25,16533712.66,16187676.9,15950646.85,15714539.42,15927995.43
100,0L,1000,2025,500300,ESD004,ESK1,F4,10,ZAR,11233184.56,12101653.43,11980490.38,14343102.96,15229861.75,11687611.83,11885041.8,11180228.96,12635629.6,11136182.59,12515821.27,11389783.01,11342082.13,12009778.79,12638785.42,12787584.46
100,0L,1000,2025,500300,ESD004,ESK1,F5,10,ZAR,14988625.72,15836291.16,15895001.03,19071091.99,17682675.23,14605086.95,13985132.83,15800401.14,14407477.93,14558423.12,14176642.51,15389999.29,15095268.54,15748407.45,14060979.45,14038061.04
100,0L,1000,2025,510100,ESD004,ESK1,F1,10,ZAR,10455657.46,10199471.04,10043231.9,10405921.41,9768487.35,10595453.38,9648238.38,10735722.6,9547459.07,9817764.26,10309829.29,9329995.89,10475386.35,9537760.98,10540321.07,9711810.56
100,0L,1000,2025,510100,ESD004,ESK1,F2,10,ZAR,10089355.57,9918641.09,9357062.63,9901264.51,9495364.41,10529338.01,9427899.59,10001059.78,10374748.01,10439352.11,10333055.12,10634564.76,9860482.68,9749886.73,10615508.99,10287637.38
100,0L,1000,2025,510100,ESD004,ESK1,F3,10,ZAR,14295454.28,12590730.8,13095793.5,12912816.57,13621968.43,12656757.61,13721699.49,13609648.58,12937017.94,14088232.23,13023152.84,13620335.14,14518383.01,12576703.01,13278682.86,13025835.95
100,0L,1000,2025,510100,ESD004,ESK1,F4,10,ZAR,8805959.63,9759677.04,8698196.59,9193282.22,8684277.12,9329651.95,8977867.1,9454932.49,9963232.35,9911832.17,9086995.69,8886063.92,8617337.27,9744856.09,9477003.47,9538247.24
100,0L,1000,2025,510100,ESD004,ESK1,F5,10,ZAR,11701655.44,12558488.19,12467167.56,11434379.14,12612560.81,11807832.28,11988547.87,12934518.22,11204005.45,11401716.3,11591135.02,12763355.13,11761750.58,11510620.15,11839168.73,12244900.03
100,0L,1000,2025,520100,ESD004,ESK1,F1,10,ZAR,12990676.18,12599304.43,14119923.4,12594607.6,13792372.3,13468435.54,13766160.67,13952879.34,12446202.5,13722348.28,12757141.51,12368075.18,13044278.29,13073399.85,12467674.32,12420212.99
100,0L,1000,2025,520100,ESD004,ESK1,F2,10,ZAR,2567763.91,2673840.22,2375401.93,2425402.05,2701990.47,2532356.37,2496026.92,2688522.78,2662607.46,2462233.47,2345563.81,2488998.47,2630484.27,2563183.75,2320049.89,2427120.85
100,0L,1000,2025,520100,ESD004,ESK1,F3,10,ZAR,8474882.14,8416486.15,8669822.56,8477956.87,8440492.21,7640369.03,8632876.54,8500477.15,8743319.24,7883649.6,7857672.79,8115880.26,8017317.59,8697584.79,8202564.04,7634273.99
100,0L,1000,2025,520100,ESD004,ESK1,F4,10,ZAR,11417617.0,11866746.43,11416600.46,11682489.47,10415126.78,10350205.8,10820577.24,10712998.31,11197106.25,10953823.02,10587973.75,10725845.13,10462240.53,11196264.08,11446491.78,10632644.85
100,0L,1000,2025,520100,ESD004,ESK1,F5,10,ZAR,5498605.83,5324522.47,5261482.88,5355678.64,5457785.29,5595290.05,5057973.01,5444422.54,5426428.65,5349606.28,5705147.4,5350710.29,5100490.96,5028245.97,5417672.49,5045177.52
100,0L,1000,2025,520200,ESD004,ESK1,F1,10,ZAR,11836650.68,12079738.04,11288611.21,12898467.56,11062799.6,11711930.6,12270549.01,11061234.4,12209829.27,12709507.49,11671405.29,11079404.38,11312184.04,12702942.48,12152729.56,11412354.49
100,0L,1000,2025,520200,ESD004,ESK1,F2,10,ZAR,8008568.81,8575968.1,8797117.29,8909321.39,9118503.77,8226505.68,7936198.11,8202011.41,8203684.78,8090859.28,8875347.16,8548699.27,8590737.52,8895869.95,8226915.57,8378660.77
100,0L,1000,2025,520200,ESD004,ESK1,F3,10,ZAR,12795503.52,13567444.52,14017454.98,12232727.96,14037932.33,12862207.59,13505786.07,13890110.53,13809444.5,12772658.46,12784222.36,12873942.87,12469368.75,13487647.27,12273572.74,12385830.18
100,0L,1000,2025,520200,ESD004,ESK1,F4,10,ZAR,12917729.77,11531079.74,11500392.37,12077153.85,11291587.6,12064395.36,11802340.24,12593507.61,12586647.74,13158715.29,12648799.83,13119895.31,11778562.58,11606023.01,11631205.79,12401823.5
100,0L,1000,2025,520200,ESD004,ESK1,F5,10,ZAR,9698945.77,9168710.6,9563269.22,9969450.29,10416307.57,10370412.95,10026026.12,10541487.04,10647952.37,10083131.66,10350983.45,9684624.19,9626631.74,9406300.8,9983765.5,9100241.89
100,0L,1000,2025,530100,ESD004,ESK1,F1,10,ZAR,15114756.56,15748516.93,15303167.96,15248502.39,16240079.37,16716814.04,15186967.33,16941344.8,15089749.23,15246483.95,15687920.41,15897905.41,16398263.78,14644987.53,15712783.42,15923670.41
100,0L,1000,2025,530100,ESD004,ESK1,F2,10,ZAR,3597734.76,4013803.58,3945307.9,3849605.58,3891213.8,3741104.61,3858076.11,3812355.52,3554194.91,3990104.25,3908571.23,3940646.51,3654973.23,3871880.09,3765111.76,3922562.95
100,0L,1000,2025,530100,ESD004,ESK1,F3,10,ZAR,13421202.39,13932589.81,13200132.92,14161647.96,12536930.98,12668526.51,13955928.19,13797940.76,13534659.49,13237734.58,13167587.58,13257631.92,13937303.19,13099576.72,12106370.98,12133736.91
100,0L,1000,2025,530100,ESD004,ESK1,F4,10,ZAR,17755653.48,15604783.01,18024255.63,16535388.28,16744290.64,15758278.36,16331221.84,15822708.26,15534399.89,16440690.88,16301736.06,16717319.62,17470443.94,17160045.81,16250133.49,17173116.48
100,0L,1000,2025,530100,ESD004,ESK1,F5,10,ZAR,3355222.22,3461961.57,3728346.14,3762681.42,3413813.31,3512663.0,3752213.46,3661074.61,3625644.21,3385398.95,3597721.71,3375378.96,3736148.46,3350464.52,3480993.22,3379012.68
100,0L,1000,2025,540100,ESD004,ESK1,F1,10,ZAR,4392211.52,4564517.46,4479580.3,4724367.77,4558704.55,4348158.45,4950331.7,4598127.66,4733504.28,4844576.33,4597846.44,4869200.5,4671553.59,4874453.69,4384268.0,4852766.99
100,0L,1000,2025,540100,ESD004,ESK1,F2,10,ZAR,4948886.73,4851547.4,4896453.54,5338605.81,4935273.34,4869556.4,5036218.19,4742912.28,4808772.58,5054826.99,4972345.66,4990201.34,4636687.51,4739321.86,5270670.21,4602470.5
100,0L,1000,2025,540100,ESD004,ESK1,F3,10,ZAR,8731893.35,9469336.73,9502239.61,9266930.8,8573549.21,9270729.64,9451772.99,8770119.88,8884613.57,8656047.91,9084699.87,8568502.2,8561032.73,9681857.28,9211378.36,9327243.66
100,0L,1000,2025,540100,ESD004,ESK1,F4,10,ZAR,4592436.17,5234095.35,4996206.89,4645141.29,4723699.71,4862190.56,4998109.68,5019986.42,5277043.62,4787109.44,4816525.51,5150543.53,4815951.62,4888833.29,4775616.31,4871856.9
100,0L,1000,2025,540100,ESD004,ESK1,F5,10,ZAR,10471146.36,10824812.78,10206258.88,10423055.51,10892286.7,9732857.71,10707621.18,10994245.17,9886136.44,10860894.38,10609506.47,10250473.49,10568823.42,11056027.85,10275310.92,10460508.42
100,0L,1000,2025,150100,ESD004,ESK1,F1,10,ZAR,14781993.51,13827710.38,13341260.0,14749192.19,13239933.14,14427653.04,14256798.91,14570138.56,13331541.1,15004802.23,13200861.13,14289165.26,14879093.38,13905961.56,13518173.33,13315021.83
100,0L,1000,2025,150100,ESD004,ESK1,F2,10,ZAR,12147438.81,12822926.45,11726376.36,12884619.57,11615300.41,13032517.45,11908256.6,13256058.79,12898246.39,13168990.89,12963008.64,13360721.65,12261344.03,13229796.33,13440264.26,11829102.9
100,0L,1000,2025,150100,ESD004,ESK1,F3,10,ZAR,5486509.68,5699983.57,5858701.27,5441534.73,5444416.04,6068243.98,5502584.52,5933263.67,5782044.78,5991040.1,5871174.97,5630662.66,5884772.95,5311220.69,5788796.29,5919111.93
100,0L,1000,2025,150100,ESD004,ESK1,F4,10,ZAR,4487262.94,4762979.52,4509550.01,4819540.44,4814437.6,4833683.57,4513398.86,4886790.55,4383459.63,4468055.24,4795151.14,4900578.89,4532158.59,4830225.33,4728721.15,5018905.08
100,0L,1000,2025,150100,ESD004,ESK1,F5,10,ZAR,16725739.82,16804316.33,16907607.97,16329272.1,16231543.41,17784517.89,18656222.87,16298955.32,18690110.56,16545350.53,16459490.45,18233057.28,18686651.8,18030149.0,16902075.73,16452538.73
100,0L,1000,2025,150200,ESD004,ESK1,F1,10,ZAR,4430785.61,4436237.71,4525394.12,4113576.45,4558470.61,4040227.1,4553350.99,4436665.75,4339068.79,4107047.83,4520603.99,4151297.2,4325365.45,3975350.92,4327144.63,4450889.49
100,0L,1000,2025,150200,ESD004,ESK1,F2,10,ZAR,4653442.75,4195112.47,4808781.49,4199867.87,4509926.35,4388324.22,4464076.41,4515180.53,4789685.77,4493243.65,4632076.29,4418448.43,4653360.58,4447706.29,4546223.25,4683344.44
100,0L,1000,2025,150200,ESD004,ESK1,F3,10,ZAR,10138657.83,10503142.32,10225231.05,9039845.81,9160661.91,10160491.01,10266832.59,10556731.96,9299878.68,9475058.24,10304037.95,10258387.29,9343813.65,10010502.24,9498317.4,9730537.35
100,0L,1000,2025,150200,ESD004,ESK1,F4,10,ZAR,18786353.17,17526652.43,17828277.1,17871541.54,16313550.49,18605587.02,17843720.23,17400534.7,17154833.36,17649147.32,16655979.94,17209832.39,18215012.94,18520162.56,19001516.05,17295671.26
100,0L,1000,2025,150200,ESD004,ESK1,F5,10,ZAR,10801066.92,11591093.47,11293526.79,11257347.02,10621884.09,11166178.26,11498042.7,10721583.94,11480089.56,11119711.33,11241800.78,11486018.07,11687676.57,11018023.14,10474521.84,11124329.67
100,0L,1000,2025,150300,ESD004,ESK1,F1,10,ZAR,11401098.6,11949829.64,10516433.61,11430652.68,10812846.69,10466605.8,12087806.64,11138486.59,11802324.92,10605156.37,10822499.79,11895589.95,10784724.77,10939296.21,11438124.66,11335278.7
100,0L,1000,2025,150300,ESD004,ESK1,F2,10,ZAR,12995307.24,12607380.59,13625839.37,13175603.82,13191064.96,13016112.06,12950031.02,13313720.03,12446649.7,13599284.08,13329090.64,14363244.86,13644236.82,13645007.36,13207311.97,14335232.07
100,0L,1000,2025,150300,ESD004,ESK1,F3,10,ZAR,4745484.66,5076083.1,5049302.9,4534979.92,4605740.64,4427502.43,4546652.06,4726746.94,4925615.56,4989530.94,4451005.05,4833337.38,4859835.44,4580942.54,4990126.26,4926947.82
100,0L,1000,2025,150300,ESD004,ESK1,F4,10,ZAR,16665688.12,16983196.41,17542532.28,18396972.17,18361140.12,17306760.07,17492952.43,16814716.57,17070127.53,17567823.91,17537385.19,17868128.62,17226275.43,18025255.9,17526242.76,18052601.06
100,0L,1000,2025,150300,ESD004,ESK1,F5,10,ZAR,3815802.21,4016782.61,3464868.91,3580060.26,3648653.49,3971728.54,3658675.35,3742502.54,3947513.67,3848653.84,3943352.64,3764602.93,3847152.0,4004180.17,3768040.43,3851241.89
100,0L,1100,2025,500100,GX001,ESK1,F1,10,ZAR,5135002.81,5271863.65,5274570.47,7068085.67,6688033.78,5829444.07,5313556.57,5690848.45,5794297.86,5585256.46,5899626.77,5847169.09,5586494.62,5037836.75,5474265.31,5857600.56
100,0L,1100,2025,500100,GX001,ESK1,F2,10,ZAR,11421709.44,11415331.17,10523130.45,14117151.13,13984093.61,10829200.28,11967025.81,12074641.74,12062262.84,11819419.41,12242663.89,11076093.99,11064282.45,12204431.02,11086446.9,11149320.37
100,0L,1100,2025,500100,GX001,ESK1,F3,10,ZAR,18718684.37,18768098.49,17190156.52,23010235.89,22072273.01,16525004.57,17129092.0,18704339.26,18546937.43,17195588.53,16463949.37,18303850.7,17007967.66,17757453.64,16832718.7,18006194.93
100,0L,1100,2025,500100,GX001,ESK1,F4,10,ZAR,5518008.74,5565686.44,5403617.07,6378544.42,6466777.35,5604436.74,5450799.86,5249976.79,5703409.09,5589539.89,4963598.54,5132717.85,5049651.31,5761214.01,5598506.3,5111814.81
100,0L,1100,2025,500100,GX001,ESK1,F5,10,ZAR,7876064.9,8164002.04,7199748.37,9698747.65,8753850.71,8249811.4,7286781.41,7706057.47,7576455.86,7576968.92,7393009.7,7867160.25,8012209.09,8177446.6,8045569.41,7389042.95
100,0L,1100,2025,500200,GX001,ESK1,F1,10,ZAR,6588761.5,5987256.23,6480602.74,7567480.45,7563337.8,6183032.9,5802101.61,5946205.37,6198022.18,5900500.47,5907509.38,6255415.84,6205407.6,6532435.28,6122780.84,5995905.16
100,0L,1100,2025,500200,GX001,ESK1,F2,10,ZAR,3688502.66,3773621.95,3289007.57,4591835.78,4578460.01,3713800.79,3651840.99,3602702.53,3614695.02,3786411.26,3763667.6,3252639.07,3625974.58,3371413.01,3746078.04,3786746.2
100,0L,1100,2025,500200,GX001,ESK1,F3,10,ZAR,8526419.65,7697186.71,8799978.17,9837600.1,10376271.83,8470325.81,7875695.47,7741036.49,8347655.81,8198261.23,8195727.82,8832373.41,7910084.96,8270507.5,7810064.35,8443494.12
100,0L,1100,2025,500200,GX001,ESK1,F4,10,ZAR,12638445.38,13697481.84,13851515.48,17649699.42,16087296.74,12605430.17,13291300.46,12748908.05,13998347.63,12654252.83,12708757.36,13051857.28,12765087.8,13326574.49,13203222.57,13503226.81
100,0L,1100,2025,500200,GX001,ESK1,F5,10,ZAR,15345118.6,14700661.77,15641721.69,19929567.45,19381186.36,17029812.41,15996216.68,16745009.67,15436062.15,16849820.4,16240090.66,16919947.47,16780746.2,14632848.82,16623772.5,16175680.26
100,0L,1100,2025,500300,GX001,ESK1,F1,10,ZAR,2063102.59,2298728.55,2069187.7,2857340.0,2812348.08,2265519.86,2252358.32,2322076.1,2217251.44,2171918.81,2322973.5,2281269.76,2174981.5,2305017.52,2093926.04,2176377.88
100,0L,1100,2025,500300,GX001,ESK1,F2,10,ZAR,6947768.91,7126292.56,7725713.22,9316017.54,8944504.19,7296107.4,7255782.39,7396223.92,7588889.99,7158653.06,7475045.85,7218202.97,6703860.05,6763067.46,6800272.52,7197925.84
100,0L,1100,2025,500300,GX001,ESK1,F3,10,ZAR,4422190.26,4428792.29,4251904.28,5460253.16,5178872.73,4297025.81,4490470.04,3951835.3,3962490.42,3969603.81,4466765.73,4442309.09,4004469.77,4362104.6,4292688.86,3919757.32
100,0L,1100,2025,500300,GX001,ESK1,F4,10,ZAR,5150169.65,5304696.46,5085554.03,6367393.73,5914662.56,5009733.27,5024903.22,5087887.86,4882375.11,4807020.11,5218768.07,4830086.7,4586679.13,5032342.57,4782904.05,5341754.53
100,0L,1100,2025,500300,GX001,ESK1,F5,10,ZAR,3412091.54,3482542.27,3581208.39,4455017.46,4630662.92,3655607.55,3803447.06,3571673.51,3658528.34,3939312.86,3587820.67,3624987.41,3569145.47,3667201.74,3383250.93,3570874.89
100,0L,1100,2025,510100,GX001,ESK1,F1,10,ZAR,12739218.11,13170460.05,13516908.12,13968867.47,14282375.87,13356657.58,14366971.27,14357871.62,13802862.03,12708691.47,14633507.34,14522005.11,14778778.05,13890040.66,14565366.47,13561485.63
100,0L,1100,2025,510100,GX001,ESK1,F2,10,ZAR,12221240.39,11382132.52,12143992.92,11313137.11,12893173.24,12266296.03,11857110.42,12765549.64,12052953.7,11192125.52,12231230.79,13005995.27,11833428.29,11720866.98,12993388.06,11369041.57
100,0L,1100,2025,510100,GX001,ESK1,F3,10,ZAR,6972413.92,6856153.08,6791670.12,6695195.68,6891854.0,6992666.77,6683117.28,7286158.08,7019425.15,6665110.94,6438953.68,7087820.62,6410856.1,6702887.82,6533683.1,7297776.48
100,0L,1100,2025,510100,GX001,ESK1,F4,10,ZAR,17762596.53,17222218.29,18079549.41,18775195.43,18091197.73,18002644.25,19365614.76,19295460.51,19628999.96,17112706.75,17472994.07,18784694.32,19430315.91,18764962.07,19412795.74,17471261.37
100,0L,1100,2025,510100,GX001,ESK1,F5,10,ZAR,4013548.33,3652458.41,3704309.69,4152453.39,4232957.91,3670715.22,3774519.26,3838831.33,3844360.56,3795405.74,3766973.13,3866048.91,3664747.94,3662321.41,4186748.1,3891747.43
100,0L,1100,2025,520100,GX001,ESK1,F1,10,ZAR,15477559.66,14626730.16,14232605.48,16202142.57,14970332.98,15436795.01,15421231.08,15802365.04,15131984.14,16152928.24,14328208.95,15494419.86,16051026.13,15350810.48,16132716.97,15614005.65
100,0L,1100,2025,520100,GX001,ESK1,F2,10,ZAR,15645689.8,17126520.28,16096035.15,16414639.47,14891111.35,14878962.23,15137473.38,16399198.97,14750566.16,16755506.58,16589446.77,16512912.55,16819753.8,15961951.02,14880305.74,17289621.22
100,0L,1100,2025,520100,GX001,ESK1,F3,10,ZAR,10711592.03,10931095.95,11065570.19,11097865.86,10964443.87,11423780.34,11030713.67,10862783.19,10335251.15,10929301.64,10372625.17,9962103.62,10315014.92,10177954.57,10865665.56,9843219.31
100,0L,1100,2025,520100,GX001,ESK1,F4,10,ZAR,6732129.78,6360900.57,6498380.17,7179238.1,6735199.8,6831345.68,6745141.19,6228303.79,7247325.7,7071513.33,6344183.68,6238108.95,6583695.9,7020926.07,7191089.0,6615491.29
100,0L,1100,2025,520100,GX001,ESK1,F5,10,ZAR,5890462.19,5773341.88,5850294.66,6646540.43,5959698.06,5720925.72,6184722.38,5914612.15,6345043.23,6283482.3,5904566.69,6158107.76,6207603.0,6447323.27,6551213.74,5975122.78
100,0L,1100,2025,520200,GX001,ESK1,F1,10,ZAR,2064011.71,1944845.91,2024758.95,1960668.18,2105292.09,2175388.76,2178989.53,1961757.47,1890049.8,1947928.8,2183667.56,2051425.6,1924484.86,2079959.3,1993138.03,2160864.32
100,0L,1100,2025,520200,GX001,ESK1,F2,10,ZAR,14752341.57,13843224.21,12856385.15,13989209.95,12674524.33,14471073.62,14742076.98,13748692.24,13073330.18,13511466.01,12786302.08,13926982.53,14386688.6,14295305.47,13296028.07,13189604.06
100,0L,1100,2025,520200,GX001,ESK1,F3,10,ZAR,16402826.64,16623777.09,17585677.79,17321356.95,15964360.27,15544447.75,17365721.5,16191933.95,16446942.39,16476008.45,16905348.97,17947235.92,16183896.43,16245315.88,17521010.58,16578958.52
100,0L,1100,2025,520200,GX001,ESK1,F4,10,ZAR,3048489.04,3513526.89,3513537.54,3160938.08,3367467.08,3280412.39,3385876.1,3450700.01,3263347.37,3218160.31,3311765.95,3531651.23,3513665.45,3352105.84,3032131.5,3324378.75
100,0L,1100,2025,520200,GX001,ESK1,F5,10,ZAR,2321320.8,2282637.15,2249215.29,2062055.58,2082807.2,2248259.96,2130254.24,2133286.09,2094189.14,2041912.5,2080362.54,2355231.03,2132058.74,2324489.96,2147309.7,2242798.81
100,0L,1100,2025,530100,GX001,ESK1,F1,10,ZAR,2370007.43,2265455.64,2331126.84,2095985.92,2110403.6,2238669.06,2220697.23,2175322.32,2256971.8,2162445.93,2067695.58,2130377.0,2231290.45,2086990.55,2344041.72,2091178.69
100,0L,1100,2025,530100,GX001,ESK1,F2,10,ZAR,5399548.03,5788131.31,5842235.89,5595523.68,5515230.84,5222444.43,5688915.62,5756249.76,5014531.38,5502950.58,5445959.88,5409802.63,5565182.32,5840920.3,5706583.94,5707762.76
100,0L,1100,2025,530100,GX001,ESK1,F3,10,ZAR,9927783.6,10543261.73,10746932.4,11134501.33,9688887.53,10724072.38,9746162.35,11099755.25,9789861.35,11087450.44,9849374.88,10296207.52,9726279.41,10252097.6,10088603.09,10289837.44
100,0L,1100,2025,530100,GX001,ESK1,F4,10,ZAR,10610625.55,10528868.08,10881141.62,10141988.33,10997016.83,9711629.03,9872692.44,10956704.04,10708160.01,9763749.16,9757990.03,11029038.71,10105660.63,10589530.36,11096823.05,10091385.81
100,0L,1100,2025,530100,GX001,ESK1,F5,10,ZAR,8421003.02,7634616.39,8387932.98,8412416.9,7708534.15,7656442.8,7549596.51,7731137.12,8442772.04,8161961.31,8549467.43,8602029.62,7908049.79,7631640.3,8028111.46,8073470.8
100,0L,1100,2025,540100,GX001,ESK1,F1,10,ZAR,13432928.78,15615282.31,14901094.64,13899875.49,15409973.7,13530094.59,13589544.52,15399100.97,15053230.18,15334232.31,13647151.99,14925536.55,14700050.32,14249627.84,13962547.09,14168067.85
100,0L,1100,2025,540100,GX001,ESK1,F2,10,ZAR,7624131.43,7911261.77,8200459.81,7758246.72,7454740.19,7725863.21,7170171.76,7681961.74,8196830.29,7951769.34,7050817.62,7843556.91,7905051.23,7419781.4,7768188.89,7979739.27
100,0L,1100,2025,540100,GX001,ESK1,F3,10,ZAR,17485024.29,17531701.1,16626271.77,16798518.16,16679111.38,16339895.43,16718796.53,16816360.86,15738028.03,17380649.3,16776550.7,16854770.14,18375191.89,18218347.05,15755993.25,16095840.11
100,0L,1100,2025,540100,GX001,ESK1,F4,10,ZAR,8743767.7,9605382.61,9382835.91,9917763.86,8938929.34,10149456.93,9983684.32,9929781.54,9102334.63,9173428.43,9523613.99,9884652.48,9494975.15,8984253.28,9237196.32,9329075.94
100,0L,1100,2025,540100,GX001,ESK1,F5,10,ZAR,4420769.22,4282857.65,4367281.53,4292002.03,4358492.1,4851538.12,4494394.49,4432432.89,4990357.73,4415339.94,4922775.37,4733106.59,4323663.09,4867819.76,4505513.29,4694337.23
100,0L,1100,2025,150100,GX001,ESK1,F1,10,ZAR,10092890.05,9076468.25,9084550.12,10333121.9,10227765.79,10109841.46,9643785.38,9794618.77,10211222.35,9444509.38,9563823.37,9195114.59,9757290.01,9849314.31,10133437.34,9171983.03
100,0L,1100,2025,150100,GX001,ESK1,F2,10,ZAR,9332703.19,9019382.42,9732264.86,8548108.82,8748714.7,9252200.46,9206195.13,9266086.74,8517996.01,9681442.4,8682201.36,9703414.82,9536150.45,8816641.35,9653931.87,8806762.19
100,0L,1100,2025,150100,GX001,ESK1,F3,10,ZAR,3259363.97,3103667.04,3494588.2,3253047.07,3525531.73,3295710.85,3442655.16,3448479.32,3534577.61,3466013.14,3497283.26,3619813.8,3550706.31,3604263.3,3312664.04,3322018.42
100,0L,1100,2025,150100,GX001,ESK1,F4,10,ZAR,10428227.13,11667977.97,12037647.98,10924074.95,10870977.97,11621427.52,10331467.76,10995371.32,10374835.98,10655045.1,10644859.68,11665288.8,10530935.13,10768180.84,10866513.33,11067710.56
100,0L,1100,2025,150100,GX001,ESK1,F5,10,ZAR,3568458.75,3880346.04,3846332.88,3891225.72,3714946.99,4081978.86,3525507.71,3740101.31,3889013.34,3978428.2,4085774.0,4100694.67,3527549.7,3690449.38,3658424.85,3905184.94
100,0L,1100,2025,150200,GX001,ESK1,F1,10,ZAR,5346344.8,5193006.33,5514984.24,5347555.12,5076755.68,5095664.58,5320849.23,5297497.58,5324643.77,5114856.56,5255896.49,5313347.66,5367493.28,5373774.85,4913459.55,5487292.35
100,0L,1100,2025,150200,GX001,ESK1,F2,10,ZAR,9558008.95,9392811.02,10393604.2,10117223.14,9336432.58,10383636.38,9942901.31,9127133.2,9630592.92,9888490.64,9102788.6,9161461.38,8958332.23,10031630.52,10204705.83,9634570.8
100,0L,1100,2025,150200,GX001,ESK1,F3,10,ZAR,12354070.64,11078149.03,11630804.6,11939548.44,11715230.12,11343502.33,11406738.49,11152130.58,10831129.03,11255719.71,12554739.81,11888792.9,10936880.37,12228814.11,11110562.11,11415254.59
100,0L,1100,2025,150200,GX001,ESK1,F4,10,ZAR,4712729.41,5085118.95,4596328.2,5224065.04,5133513.75,4968363.4,4768793.62,4945847.86,4859348.18,5133781.3,5217261.31,5231964.45,4680624.18,4791656.21,5042595.62,4637627.47
100,0L,1100,2025,150200,GX001,ESK1,F5,10,ZAR,9765479.15,9837295.29,8904229.3,8849452.33,8504108.92,9178413.67,8830506.99,8785155.2,9064225.27,9791486.01,8738965.71,9118190.76,9783918.44,9519195.44,9531300.02,9183752.76
100,0L,1100,2025,150300,GX001,ESK1,F1,10,ZAR,12021528.84,13089676.96,13400379.61,12109389.14,12200309.4,12931678.44,11659955.54,12186867.77,13018043.43,12907705.24,12674247.86,12691178.69,12749233.22,13330725.42,12340112.14,12944639.5
100,0L,1100,2025,150300,GX001,ESK1,F2,10,ZAR,4314130.35,4790419.13,4109075.64,4519061.79,4323585.22,4490555.9,4617273.33,4696628.02,4441588.07,4496655.14,4300197.88,4668511.41,4123424.8,4547877.26,4585839.6,4701807.16
100,0L,1100,2025,150300,GX001,ESK1,F3,10,ZAR,12447240.71,11427911.71,12622292.8,11338897.26,12253764.98,12720960.11,12589521.7,11747677.7,11486232.87,12151180.46,12857077.68,12285546.88,12771270.15,12377456.72,11208724.38,12784551.47
100,0L,1100,2025,150300,GX001,ESK1,F4,10,ZAR,3943387.61,3961548.66,3787315.81,3923681.58,3537904.54,3766635.17,3540455.78,3633673.48,3730093.27,3826048.31,3959451.06,3689797.17,3682417.5,3461406.21,3517448.29,3934156.09
100,0L,1100,2025,150300,GX001,ESK1,F5,10,ZAR,9071494.09,9022194.88,8792582.83,8823973.99,8452244.55,9047451.62,9054774.04,9113085.66,9172439.96,8912491.92,8305160.54,8024969.24,8644187.43,8645447.39,8715681.63,8646786.64
100,0L,1100,2025,500100,GX002,ESK1,F1,10,ZAR,14675249.97,15135082.32,15688510.5,19268397.78,18090333.36,16506941.46,15952811.38,14749059.36,15515920.21,15001863.34,14694171.13,16725182.27,15807958.16,16196424.33,15853326.75,15588851.3
100,0L,1100,2025,500100,GX002,ESK1,F2,10,ZAR,9810664.03,9548443.43,9685697.46,11747368.56,12372511.8,10522887.59,10351689.06,9216167.56,10027493.96,10142471.44,9461756.48,10404404.76,9672112.18,10184444.22,9855640.36,10158804.87
100,0L,1100,2025,500100,GX002,ESK1,F3,10,ZAR,3425659.1,3389275.56,3398416.96,4068272.74,4177650.34,3253058.45,3305515.15,3431921.95,3350730.69,3228811.71,3474825.18,3347376.67,3248684.12,3488960.1,3408199.19,3083824.24
100,0L,1100,2025,500100,GX002,ESK1,F4,10,ZAR,10140909.59,8979018.22,9841546.62,11492320.41,11722756.42,9959863.12,9150418.64,9297165.8,9054094.14,9274875.02,9706238.7,9225889.52,9883681.51,8768577.31,9039856.6,9929078.76
100,0L,1100,2025,500100,GX002,ESK1,F5,10,ZAR,18941286.65,18599749.2,18745005.33,22210817.54,21777469.88,19260096.26,19509621.96,18470883.05,20288074.83,19336195.11,20229731.24,19133835.01,18706436.85,18610811.26,19553543.72,20266638.93
100,0L,1100,2025,500200,GX002,ESK1,F1,10,ZAR,16905763.11,15927139.45,16534893.09,20656850.23,19851513.68,15966771.15,16669966.52,17507121.27,16349948.8,16652439.22,15065848.27,17483040.31,16927569.83,15925652.59,17018678.73,16616113.33
100,0L,1100,2025,500200,GX002,ESK1,F2,10,ZAR,9730473.75,10912038.3,9818278.64,12169410.03,13180925.88,9588862.66,10393897.84,10302173.88,9315287.03,10831886.89,9693517.15,10155249.77,9687748.16,10715964.71,10587240.81,10874397.66
100,0L,1100,2025,500200,GX002,ESK1,F3,10,ZAR,15766419.71,14946737.63,13865853.3,19357573.8,19235421.44,14242349.59,14035007.57,15143817.28,15183945.98,15581689.8,14855474.25,15266107.77,14821991.8,15935446.81,15816460.18,15078831.22
100,0L,1100,2025,500200,GX002,ESK1,F4,10,ZAR,3873299.44,4282750.05,4425468.1,5216008.97,5408723.42,3818159.42,4202679.71,3859910.69,4197144.41,4015842.22,4239647.68,4182837.12,4054654.5,3929349.59,3904694.74,4021220.65
100,0L,1100,2025,500200,GX002,ESK1,F5,10,ZAR,17842520.44,17294054.58,16676377.66,22945909.4,20614493.89,18843884.13,18844184.13,17590466.56,18328431.21,17387655.25,17542467.1,16471369.45,17598432.53,17372982.12,17479067.04,17863289.27
100,0L,1100,2025,500300,GX002,ESK1,F1,10,ZAR,10252925.99,10139117.3,10199097.52,14144348.38,13081716.17,10709138.46,10092322.77,11074998.63,11017856.74,10181430.83,11475207.76,10370131.61,10120623.27,11292864.22,11670259.09,11691354.94
100,0L,1100,2025,500300,GX002,ESK1,F2,10,ZAR,13902530.54,13538388.11,15125417.41,17870282.19,16324349.62,15455547.17,14607419.27,15161868.78,15298647.68,14366210.22,13230177.45,14915764.56,13730398.54,14655626.02,14402095.52,15135857.14
100,0L,1100,2025,500300,GX002,ESK1,F3,10,ZAR,12244146.81,13265400.94,13090723.64,14637073.78,15553938.83,13237755.37,13207092.06,13614744.45,13046635.3,11726284.11,13265931.4,12114845.42,13453118.22,13568519.44,13268176.81,12445888.81
100,0L,1100,2025,500300,GX002,ESK1,F4,10,ZAR,12770823.84,12083602.59,11998474.76,15528789.33,14697810.9,12594582.0,11261314.83,11131086.55,12355614.84,12122419.37,11306174.94,11144106.58,12683345.63,11129144.93,11316787.64,11825309.45
100,0L,1100,2025,500300,GX002,ESK1,F5,10,ZAR,13705189.3,14611546.7,14014100.05,16514463.35,16304523.68,13726547.24,14681274.38,14747584.04,14836716.87,13315028.6,15041315.1,14865913.43,13096668.69,14121650.31,14875375.7,14026879.62
100,0L,1100,2025,510100,GX002,ESK1,F1,10,ZAR,5799094.25,6119714.81,6207162.64,5860009.12,6629329.62,6243714.51,6202628.2,6438511.44,5759616.63,6581828.23,6257270.31,6602419.67,5799674.08,6219079.47,6685651.28,6159605.92
100,0L,1100,2025,510100,GX002,ESK1,F2,10,ZAR,9504599.04,8956187.33,9841554.18,8880823.08,8821988.84,8972736.19,9834399.58,10253957.39,9180460.09,9852390.59,9302553.73,9412206.09,9333383.01,9832781.16,9276469.4,9248285.47
100,0L,1100,2025,510100,GX002,ESK1,F3,10,ZAR,14101682.44,12441028.08,12831805.29,12257331.94,12928581.86,13685021.13,12819879.41,14100894.98,12597894.02,13475654.96,12297840.29,13985748.93,13926150.95,14088872.17,13849527.91,13337485.88
100,0L,1100,2025,510100,GX002,ESK1,F4,10,ZAR,10774699.22,9887669.38,9813931.7,9881039.15,10331609.4,10857084.54,9926077.95,10294632.34,9696986.44,9433578.57,10309362.58,9989629.5,10736604.49,9754055.0,10979273.21,10842448.72
100,0L,1100,2025,510100,GX002,ESK1,F5,10,ZAR,10500096.4,10910039.66,11018776.79,10232613.39,10999732.78,10657209.46,11336654.1,11207835.03,10748786.28,11219219.01,10048895.59,10371898.29,10378935.53,11638338.36,10409188.47,10640161.43
100,0L,1100,2025,520100,GX002,ESK1,F1,10,ZAR,7986549.21,8974570.75,8213405.45,9175176.74,8195616.38,9108359.14,8698639.79,7906764.56,8831179.31,8655160.77,7983475.31,8228284.82,8537126.83,9051771.66,8331642.71,8864282.67
100,0L,1100,2025,520100,GX002,ESK1,F2,10,ZAR,16020987.05,15028753.72,15880184.15,14783921.44,15713862.98,15475902.38,14787656.86,14877963.91,14103578.05,15380092.94,14534127.42,14842555.81,15525411.42,14786483.99,16026291.86,15293145.19
100,0L,1100,2025,520100,GX002,ESK1,F3,10,ZAR,14239435.81,15556206.23,13871620.33,15257134.35,14838614.98,14347802.23,13651216.91,14571411.44,15105737.38,14117332.06,14309832.25,14181385.92,14003716.79,14629573.39,13875422.13,13837258.61
100,0L,1100,2025,520100,GX002,ESK1,F4,10,ZAR,10522937.14,9831655.31,10815345.32,10231841.51,10027850.95,9925089.79,10383135.53,10317628.57,10476980.07,10531163.52,10561490.45,11033893.39,9828342.92,10953473.43,11160248.96,10698899.82
100,0L,1100,2025,520100,GX002,ESK1,F5,10,ZAR,11445886.91,12656174.45,12759736.52,11451591.1,11535872.28,11751304.2,12208757.75,11197164.07,11517300.74,12431779.39,12684125.57,12319034.3,11227755.79,12461262.07,12934445.08,12646348.63
100,0L,1100,2025,520200,GX002,ESK1,F1,10,ZAR,7378440.82,7098893.88,8103508.88,7004952.63,7443280.32,7101146.34,7353907.08,7344395.69,7329926.19,7631283.47,7985681.29,7860770.28,7394611.58,7546834.58,7608753.44,6979596.4
100,0L,1100,2025,520200,GX002,ESK1,F2,10,ZAR,8307300.62,7763638.83,8295759.71,8147909.79,8226145.05,8253846.98,8135488.04,8310865.7,8707477.06,7897219.6,8716026.58,7895604.2,7701247.45,8048327.43,8879747.45,8818585.81
100,0L,1100,2025,520200,GX002,ESK1,F3,10,ZAR,8283348.19,7730975.71,8011533.74,9032788.43,8414439.07,8520538.13,8734284.7,8746860.29,9003136.57,7972121.19,8968994.19,8448801.93,8126258.49,8328239.78,8846849.46,8538961.54
100,0L,1100,2025,520200,GX002,ESK1,F4,10,ZAR,12721308.33,13206899.36,12979501.55,11978437.97,12485309.51,12070268.52,11522471.94,12146221.73,12467197.23,13227914.1,13131823.12,12601698.51,11710227.11,12555063.06,13087463.09,11610484.96
100,0L,1100,2025,520200,GX002,ESK1,F5,10,ZAR,7617143.27,8487917.44,8275369.47,8768462.72,8935214.53,8268527.32,8434423.32,8487562.85,7645594.58,8148770.14,7806048.13,8451119.37,7844862.44,8217920.52,7974849.52,8233337.32
100,0L,1100,2025,530100,GX002,ESK1,F1,10,ZAR,15307417.6,14821554.49,15595066.48,16283499.53,15743517.19,14811294.41,14335404.32,14932735.21,15233021.26,16190046.6,16182422.73,16316644.08,15937282.88,14867071.85,15830534.19,14853916.33
100,0L,1100,2025,530100,GX002,ESK1,F2,10,ZAR,16476421.99,15573790.95,16383036.91,16698429.43,16211998.11,15777789.11,16673156.16,16975258.39,16271139.45,14655420.33,16314724.35,16203590.59,16722804.93,15198916.68,15158780.59,15855314.52
100,0L,1100,2025,530100,GX002,ESK1,F3,10,ZAR,12787448.93,11570200.21,12449552.14,12896165.58,12043933.23,12828140.7,13154891.35,11514162.37,12393901.91,11682583.99,11543942.42,11968631.31,12696323.08,13045280.76,11467219.14,12428164.6
100,0L,1100,2025,530100,GX002,ESK1,F4,10,ZAR,13736055.77,14084318.62,15161276.17,16015823.81,14581368.05,15642572.77,15493348.93,13895314.54,14127308.73,16080468.38,15738481.7,13824449.31,15893293.16,15373255.72,16085851.22,13909593.78
100,0L,1100,2025,530100,GX002,ESK1,F5,10,ZAR,14929403.87,16281177.39,16396273.45,16108363.33,16999747.92,14985232.18,15566420.43,15798024.51,14875999.15,16237733.81,16822623.96,15752541.72,15567364.63,16219694.14,15790857.03,15723063.86
100,0L,1100,2025,540100,GX002,ESK1,F1,10,ZAR,10557376.72,10456314.02,11425245.07,11311688.8,11709357.68,11907512.09,11556412.58,11627488.06,10585359.37,11380104.0,10720037.46,11365005.36,11118436.96,10656900.88,11205878.75,12049878.07
100,0L,1100,2025,540100,GX002,ESK1,F2,10,ZAR,4270579.56,4371575.83,4430869.43,4606529.02,4436291.56,4335131.78,3964627.56,4398200.41,4524321.06,4266443.55,3942397.7,4245542.97,4421230.24,4305455.33,4349030.83,4606714.74
100,0L,1100,2025,540100,GX002,ESK1,F3,10,ZAR,4391291.25,4157988.53,4296122.83,3768829.11,4300267.49,4026139.18,4302404.11,4004181.69,3855200.2,4053538.67,4134230.58,3913472.97,4177821.4,4290948.16,4321510.03,3997763.16
100,0L,1100,2025,540100,GX002,ESK1,F4,10,ZAR,12014299.09,11282202.53,10718581.3,11078296.1,10938538.01,12098476.47,11566726.49,12342562.94,11508470.51,11667269.2,12308500.48,11985381.47,12376118.81,10843171.56,10784959.77,12217784.79
100,0L,1100,2025,540100,GX002,ESK1,F5,10,ZAR,19913351.69,18791486.08,19641066.98,19841394.31,19214631.75,19182629.91,19299847.57,18189498.28,17780685.33,17721658.61,20486710.44,18380396.8,19541800.32,18316314.57,18142068.07,18723865.87
100,0L,1100,2025,150100,GX002,ESK1,F1,10,ZAR,8535063.69,7984467.15,7878742.78,8623308.65,8882785.58,7698012.06,8218959.48,8073220.12,8052674.75,8532858.95,7948863.72,8902737.1,7676470.57,7889663.52,8520817.14,8601074.63
100,0L,1100,2025,150100,GX002,ESK1,F2,10,ZAR,2875304.29,3017292.44,2936077.57,2867496.47,3284008.85,3283691.24,2915215.28,2960887.54,2956816.69,2959563.45,3216374.08,3211941.11,3022988.39,2995074.42,3002543.84,3244847.52
100,0L,1100,2025,150100,GX002,ESK1,F3,10,ZAR,13675496.53,13832607.22,14423878.5,13126602.09,14497854.47,14836058.55,13525391.39,13955700.77,14209036.99,13020522.06,15025424.07,14855666.98,14871780.41,13272010.61,14868322.4,13675453.06
100,0L,1100,2025,150100,GX002,ESK1,F4,10,ZAR,16566761.96,15891264.58,16181019.72,17618849.43,16508868.79,18311509.29,17586104.37,16371643.64,17420158.15,16284663.84,18319864.01,16830566.01,16597371.71,15806802.59,18181463.92,18082710.6
100,0L,1100,2025,150100,GX002,ESK1,F5,10,ZAR,9873784.11,9128560.64,9915634.55,9492962.64,9914686.64,9668075.83,9336127.72,9177713.93,9345395.63,10714594.6,9339542.4,10386082.34,9926501.82,10210196.11,10237571.41,10594367.81
100,0L,1100,2025,150200,GX002,ESK1,F1,10,ZAR,6042245.07,6820406.37,6605522.72,7052911.98,6928467.69,6437693.26,6341936.39,6257133.74,6750317.22,6306545.6,6303801.13,7004649.86,6518414.25,7048916.66,6757205.22,6343074.93
100,0L,1100,2025,150200,GX002,ESK1,F2,10,ZAR,11666590.65,12646682.11,12021132.24,12533519.35,12554778.04,11749635.16,11958234.56,11398490.17,11723135.33,12805842.07,11861767.81,12838697.52,11798384.59,11190064.34,11282188.75,11728857.92
100,0L,1100,2025,150200,GX002,ESK1,F3,10,ZAR,14193897.77,14406891.26,15091921.23,14083539.13,16084501.24,14572731.35,16234466.07,15079697.04,16136865.41,15159438.95,14837259.01,14971303.47,15571666.96,14226543.48,14852882.39,13929363.87
100,0L,1100,2025,150200,GX002,ESK1,F4,10,ZAR,10879071.49,10036617.33,10167178.45,9959986.63,11083414.46,10509947.62,10188651.94,10547294.22,9932505.72,10060088.33,10747137.06,9790367.48,11275521.6,9655020.61,10435032.18,10114444.02
100,0L,1100,2025,150200,GX002,ESK1,F5,10,ZAR,4983867.33,5217927.88,4776869.45,5321785.46,5143059.43,4952034.59,4885992.54,4677301.64,5098188.0,4906181.18,5317100.43,4959642.56,5231085.39,5245144.24,5079363.76,5266929.56
100,0L,1100,2025,150300,GX002,ESK1,F1,10,ZAR,15067672.91,15933622.9,17437629.01,17150638.19,16057658.68,16483492.83,16710820.89,17288822.04,16909119.32,16669818.58,15616579.83,15237584.71,16499073.3,15676892.85,17500978.97,16729407.24
100,0L,1100,2025,150300,GX002,ESK1,F2,10,ZAR,3162013.98,3151490.18,3182942.68,3275931.17,3144997.62,3042541.68,3185805.49,2888208.4,3224807.26,3299777.94,3235455.24,2885836.18,3211109.42,3079822.57,3307220.36,3208502.22
100,0L,1100,2025,150300,GX002,ESK1,F3,10,ZAR,6974646.59,7431111.27,7913865.3,8007817.86,7485202.39,7695370.06,7800501.43,7449691.65,7422241.89,7389924.23,7176865.76,7384723.37,8009252.09,7969730.91,7599698.92,7608978.88
100,0L,1100,2025,150300,GX002,ESK1,F4,10,ZAR,8328449.94,8737610.3,8631830.13,7973841.29,7678690.75,7546821.5,8746724.1,8305357.15,7651475.36,7737924.24,7715783.63,7773564.57,8236792.39,7491551.17,7842387.06,8608647.94
100,0L,1100,2025,150300,GX002,ESK1,F5,10,ZAR,15215198.83,15913078.95,15970396.37,14631632.63,15833214.94,15677891.13,14821573.39,14158119.51,16547387.48,15198119.87,16285196.78,14790323.2,16522583.53,16396026.77,15373507.47,14744340.73
100,0L,1100,2025,500100,GX003,ESK1,F1,10,ZAR,7269558.37,7919300.85,7823503.84,9571791.77,9145972.43,7572794.39,7064283.8,7007969.15,7331677.74,7011070.16,7539837.77,7254638.18,7504844.04,7791355.44,7010961.72,7374312.32
100,0L,1100,2025,500100,GX003,ESK1,F2,10,ZAR,6909887.33,7291767.22,7019957.0,8931988.85,8889657.93,6757624.37,7473850.72,7377636.26,7610816.38,7806721.03,7526571.61,7145585.16,6905644.73,7733051.93,6721206.18,7082346.08
100,0L,1100,2025,500100,GX003,ESK1,F3,10,ZAR,4696086.32,4987651.35,5236542.76,5673767.38,5873430.44,5192759.0,5180878.21,4549210.85,4705099.02,5149377.85,4769105.11,4654031.57,5142047.12,5114054.37,5013242.86,4768168.37
100,0L,1100,2025,500100,GX003,ESK1,F4,10,ZAR,6621698.64,7033405.36,6574963.42,7615415.55,8720328.25,6238833.8,6477173.43,6872526.23,6763631.97,6377962.78,6932259.45,7002607.33,7179242.14,6627376.23,6718113.55,6290034.5
100,0L,1100,2025,500100,GX003,ESK1,F5,10,ZAR,4546682.97,4066662.78,4584101.33,5269240.16,4916981.45,4109885.75,4279181.42,4442624.41,4657196.64,4323310.2,4016521.49,4113266.04,4145792.6,4248446.99,4538573.34,4614408.56
100,0L,1100,2025,500200,GX003,ESK1,F1,10,ZAR,6621215.1,6603503.0,6421579.29,8782280.52,7681669.1,6971653.34,7162436.73,6227795.2,7085222.65,6368283.48,6616067.47,6917298.79,6243529.06,6673794.31,6248869.44,6598729.42
100,0L,1100,2025,500200,GX003,ESK1,F2,10,ZAR,6455336.8,6319742.68,6704734.01,8375866.61,8174400.78,7055374.47,6511643.05,6282959.57,6875640.55,6511000.67,6780994.57,6282899.87,6300654.25,6525091.24,7026100.98,6790905.14
100,0L,1100,2025,500200,GX003,ESK1,F3,10,ZAR,14356838.16,14822534.34,15658494.25,18264140.68,19002338.26,15243159.97,14656569.6,14871488.45,15283149.46,14111017.23,14954223.02,15449439.24,14446820.86,15023874.61,14566956.63,13750602.52
100,0L,1100,2025,500200,GX003,ESK1,F4,10,ZAR,16947849.29,17338963.07,17434525.15,20481299.65,22316369.92,19263475.32,18419953.73,16923378.94,16742088.44,18356138.86,17708394.73,17546464.78,18725331.1,16920494.46,18775308.48,18700225.56
100,0L,1100,2025,500200,GX003,ESK1,F5,10,ZAR,7657900.17,7907155.17,7642489.18,10617116.76,10370620.16,7855490.76,8537574.48,7760092.87,7789597.47,8622872.28,8726581.77,7927960.14,7693895.94,7604247.64,8248148.59,7734534.25
100,0L,1100,2025,500300,GX003,ESK1,F1,10,ZAR,17565058.85,15818773.44,17337408.4,20932275.47,20822760.54,15758631.69,16331227.06,16686751.4,16046546.95,17405689.62,15340709.17,16604236.75,17638338.85,16833873.15,15988507.5,17147564.15
100,0L,1100,2025,500300,GX003,ESK1,F2,10,ZAR,4526253.7,4398817.79,4267331.06,5649231.01,5196828.04,4545265.48,4605003.51,4204214.34,4562256.72,4150933.12,4669839.03,3997242.76,4273713.8,4147157.63,4492329.19,4472037.22
100,0L,1100,2025,500300,GX003,ESK1,F3,10,ZAR,12647859.6,12544308.57,12101150.79,13719646.93,14714611.66,10929155.59,10945894.68,12776662.09,12678723.72,11618912.59,12289016.22,11833952.99,11546143.85,11792300.87,11462083.81,11670731.45
100,0L,1100,2025,500300,GX003,ESK1,F4,10,ZAR,9435363.52,10488087.15,10651836.86,11695944.19,12508187.57,10209048.81,9993907.94,10145056.49,9668060.61,9715404.57,10061446.48,10147711.28,9830115.77,9563963.22,10269624.67,10495445.41
100,0L,1100,2025,500300,GX003,ESK1,F5,10,ZAR,5310996.59,5753857.02,5181748.97,6889541.8,7243817.17,5612280.84,5867739.86,5425843.2,5092157.96,5923021.74,5383459.02,5116086.93,5068830.11,5495193.21,5133202.68,5379035.08
100,0L,1100,2025,510100,GX003,ESK1,F1,10,ZAR,16038720.79,15438316.82,15502605.1,14599325.7,15079482.45,14553318.03,15297287.22,14534784.39,15817391.42,15791545.08,14135916.16,14224356.73,15505662.19,15866859.99,15794181.71,15324431.68
100,0L,1100,2025,510100,GX003,ESK1,F2,10,ZAR,15242858.37,15827340.44,14057000.06,14028577.1,14437923.22,14429323.06,15801907.64,14800768.46,15558629.17,14478280.3,14262246.83,16091990.96,16196520.78,15723445.16,15637336.97,14959522.17
100,0L,1100,2025,510100,GX003,ESK1,F3,10,ZAR,9301058.26,9549879.31,9874060.01,8847528.26,9605763.72,9414452.22,9581410.25,8923948.92,9205952.08,8884934.19,8824796.19,9929046.95,9390367.28,8631223.09,8952249.86,9022160.17
100,0L,1100,2025,510100,GX003,ESK1,F4,10,ZAR,12508525.69,12424000.02,13881971.59,12097796.52,14063045.65,13366116.35,13948792.34,12340442.88,12678454.27,12026527.17,13301199.95,12307652.95,12071980.71,12197409.34,12034038.77,13798830.91
100,0L,1100,2025,510100,GX003,ESK1,F5,10,ZAR,5920741.89,6032950.76,5334334.56,5679951.36,5272839.83,5940024.69,6109950.62,5475197.82,5401398.87,5952899.09,5779915.98,5784279.45,5993384.05,5488186.24,6020226.24,5375826.17
100,0L,1100,2025,520100,GX003,ESK1,F1,10,ZAR,3851159.84,3767385.36,3589362.33,3613793.03,3844459.69,3470351.76,3890679.32,3496241.89,3564166.49,3735871.83,3568633.16,3512575.0,3390064.82,3832210.17,3712227.0,3886445.13
100,0L,1100,2025,520100,GX003,ESK1,F2,10,ZAR,14712414.97,13020833.57,14411345.39,12774017.26,14372153.22,12765263.25,12932995.26,14687450.79,14634672.39,14420905.36,14715611.17,14270039.4,13576840.15,13011427.52,14552339.76,14097290.48
100,0L,1100,2025,520100,GX003,ESK1,F3,10,ZAR,2494058.39,2324431.38,2334192.1,2452292.89,2469091.88,2576299.46,2398245.91,2348151.18,2503137.04,2510605.44,2501183.74,2448054.88,2599036.85,2569096.5,2612984.24,2404888.65
100,0L,1100,2025,520100,GX003,ESK1,F4,10,ZAR,2815924.25,3163557.3,3277840.28,2828385.27,3155423.6,3121109.35,3211741.87,3034443.9,2925822.58,2824935.32,2848236.67,3177320.53,2983969.23,2901845.58,3075123.46,2988303.95
100,0L,1100,2025,520100,GX003,ESK1,F5,10,ZAR,5375772.39,4763292.17,5571827.51,4762123.13,5049067.74,4794236.75,4873758.04,5417087.99,5030379.9,5308065.48,4769674.73,5309603.26,4828338.88,4817237.64,5388007.4,5251564.51
100,0L,1100,2025,520200,GX003,ESK1,F1,10,ZAR,10102009.06,10350591.54,10318798.04,9967040.0,9299620.16,9306606.37,9258353.1,10054762.27,10095993.88,9298364.7,8967506.35,10095791.59,9379338.02,9892532.84,9523309.63,9727723.9
100,0L,1100,2025,520200,GX003,ESK1,F2,10,ZAR,2962036.22,3167323.17,2904418.8,3157288.28,3176407.74,3074260.08,3082980.86,3095073.79,3206158.14,3142699.7,3115825.73,3176226.74,3008737.8,3214659.34,3272878.34,3010280.16
100,0L,1100,2025,520200,GX003,ESK1,F3,10,ZAR,9978699.56,11159373.95,11090201.15,10726673.26,9855144.92,10911765.12,11080929.76,10500449.83,10141779.61,10756506.11,11173590.6,10911282.23,10644433.84,11429541.82,9839873.31,11456877.92
100,0L,1100,2025,520200,GX003,ESK1,F4,10,ZAR,8084235.69,7082734.8,8033559.73,7363676.57,8179126.05,7545828.99,7677246.37,7087678.46,8164508.96,8174999.22,7105126.37,7817012.38,7128050.54,7652050.48,7566096.66,8017822.49
100,0L,1100,2025,520200,GX003,ESK1,F5,10,ZAR,6207425.82,5652300.09,6186676.36,5773184.82,5936610.37,5670020.11,5492416.33,6040543.87,5705857.32,5872096.81,5891089.12,6185778.48,5395316.08,5593617.26,5568364.5,5440928.42
100,0L,1100,2025,530100,GX003,ESK1,F1,10,ZAR,12554925.08,12466634.45,11730157.48,12376119.53,12813419.14,11514131.02,11812696.0,11561642.33,11656171.79,13406618.51,13115456.26,13233633.7,13185367.05,12680255.19,13319363.72,12229861.77
100,0L,1100,2025,530100,GX003,ESK1,F2,10,ZAR,15020857.98,14423230.67,15456037.97,16657553.35,16542240.91,14820835.61,16351575.13,15405065.61,16621764.72,15411873.04,15267141.29,14706231.98,16121685.72,14574538.38,14610063.6,14500338.74
100,0L,1100,2025,530100,GX003,ESK1,F3,10,ZAR,2954182.92,3043920.92,2813671.92,2776971.5,3022314.36,2742237.31,3095888.17,2648953.17,2782395.07,2711314.09,2864030.31,3051180.82,2693775.48,2681324.28,2701190.83,2672129.8
100,0L,1100,2025,530100,GX003,ESK1,F4,10,ZAR,6502485.12,6982883.12,6424919.86,6664766.64,7395376.62,6697488.55,6467016.68,7166881.92,7404596.7,6512626.01,7119965.01,6594461.07,6776654.27,7440475.58,7277210.5,7378804.39
100,0L,1100,2025,530100,GX003,ESK1,F5,10,ZAR,19444695.97,17820789.59,18574765.22,20335234.53,17772030.07,17704792.99,17919517.04,18787339.64,20300645.95,17740932.05,18097604.46,19842232.3,19402187.84,20054403.92,18119458.64,17748530.55
100,0L,1100,2025,540100,GX003,ESK1,F1,10,ZAR,6330971.48,6388119.95,7055691.68,6822438.73,6532776.05,7256760.9,7014930.8,6351297.18,6493161.63,7037188.24,6397491.17,6652858.22,6539808.83,6806439.26,6966349.6,6578757.41
100,0L,1100,2025,540100,GX003,ESK1,F2,10,ZAR,6250531.09,6901515.53,6623673.33,6869863.11,7115522.11,6868326.51,6597863.68,6686749.4,6342869.36,6930355.51,6632528.93,6832865.89,6994686.25,6707394.28,6461039.11,7083570.85
100,0L,1100,2025,540100,GX003,ESK1,F3,10,ZAR,19189404.69,17880550.45,18847402.11,17393428.08,18134326.59,17254386.81,19404548.9,18114701.49,18547552.49,19201556.63,18355123.87,17289639.3,16957404.76,16651174.53,19431521.29,19414076.18
100,0L,1100,2025,540100,GX003,ESK1,F4,10,ZAR,17580381.89,17504387.19,16371219.57,16203487.74,17781962.4,18463643.07,17045722.68,16672319.01,16297953.41,16013686.11,16899008.91,17549457.3,16185122.29,18056421.18,17094663.72,17255809.45
100,0L,1100,2025,540100,GX003,ESK1,F5,10,ZAR,16177238.87,15579639.68,15326628.94,15992768.71,15345201.96,16289222.65,17220154.36,15090099.1,17333239.52,16722451.07,15163924.43,16505828.67,16131288.68,16101876.62,16842439.85,17450165.34
100,0L,1100,2025,150100,GX003,ESK1,F1,10,ZAR,5370711.98,6187337.92,5633408.85,6082758.0,5984159.49,5563225.83,6209088.77,6092342.35,5653143.26,5664839.11,6207162.77,5964743.23,5950872.98,6170851.12,5786295.7,5383412.02
100,0L,1100,2025,150100,GX003,ESK1,F2,10,ZAR,12577171.48,13749929.34,13716815.69,13006117.17,14203818.58,14021341.03,13396596.15,13038348.66,12551148.52,13269021.49,13760379.76,14307681.03,12927622.53,13492141.6,13810497.2,12318918.57
100,0L,1100,2025,150100,GX003,ESK1,F3,10,ZAR,12948697.38,12476939.58,13307325.7,12683349.22,12683144.93,12074935.18,12620244.54,12294412.41,11790176.6,12976362.11,11622598.45,12064121.92,11652888.84,12422741.71,12099665.13,11762318.71
100,0L,1100,2025,150100,GX003,ESK1,F4,10,ZAR,19150376.97,17387950.27,17598709.5,16780186.06,18669004.67,18296801.68,18296941.01,16687589.16,19306823.86,17665782.4,18077606.91,17139038.56,18930530.17,19330564.66,19258704.27,17657497.68
100,0L,1100,2025,150100,GX003,ESK1,F5,10,ZAR,4753955.16,4569733.35,4608224.07,4954179.31,4730423.19,4753117.55,4779312.78,4791114.92,4725914.05,4903425.3,5083672.98,5215758.26,4854759.1,4918481.27,4662463.38,5099631.89
100,0L,1100,2025,150200,GX003,ESK1,F1,10,ZAR,4768191.59,4703520.11,4660858.03,4435347.95,4515107.1,4683366.33,4541866.65,4348189.89,4308243.65,4803667.34,4484013.68,4824904.11,4778987.85,4671891.97,4894047.52,4499385.72
100,0L,1100,2025,150200,GX003,ESK1,F2,10,ZAR,10099038.0,9951254.23,10578467.99,10360269.07,11358284.62,9764047.79,11244603.61,9792646.52,10599513.52,10406063.39,10388640.7,11143269.94,11439662.32,10089426.76,11017713.89,11281109.54
100,0L,1100,2025,150200,GX003,ESK1,F3,10,ZAR,6798143.22,7544602.41,6565860.62,7194635.42,7150896.85,6592308.22,7170350.23,6928240.4,7508352.11,6492428.81,7443960.8,7205286.22,7463558.15,6777237.49,6875523.01,7397918.05
100,0L,1100,2025,150200,GX003,ESK1,F4,10,ZAR,6246136.76,6082152.05,5950276.21,6198168.32,5798116.7,5753360.6,5906181.2,5606555.28,6496450.35,6161516.91,5550438.46,5728118.96,6275387.72,6468852.7,5807768.05,6249689.21
100,0L,1100,2025,150200,GX003,ESK1,F5,10,ZAR,10048129.33,10008857.18,10277586.54,10823690.06,9713990.62,9656219.4,10135025.06,10988383.43,10484676.45,10221542.02,10119290.65,9533651.46,9636826.81,10445248.82,10526887.54,9954962.7
100,0L,1100,2025,150300,GX003,ESK1,F1,10,ZAR,5129364.53,5676369.2,5605084.89,4978937.65,5427556.01,4893825.73,5214731.09,5503830.98,4851730.87,5602581.34,4980890.93,5436791.23,5151784.09,4861978.62,5073613.8,5183436.14
100,0L,1100,2025,150300,GX003,ESK1,F2,10,ZAR,10407145.98,10881549.27,11218552.13,10854006.82,10853478.35,10861056.98,10309173.76,9995123.63,9846386.67,9756345.3,10018640.81,10182877.15,10993052.92,10992843.2,9806030.78,10392162.25
100,0L,1100,2025,150300,GX003,ESK1,F3,10,ZAR,3042871.83,3096932.6,3324202.39,3425805.26,3060958.55,3076669.72,3180585.91,3163945.62,3125127.44,3476925.19,3386250.0,3105835.16,3488889.64,3198234.59,3454692.69,3384165.2
100,0L,1100,2025,150300,GX003,ESK1,F4,10,ZAR,17821603.55,17397972.43,19349548.77,19563251.09,17958291.68,18628837.36,18150534.2,17335808.61,17968200.82,18151043.07,18323205.72,18255906.56,19349047.8,17595532.47,17041514.53,17346667.31
100,0L,1100,2025,150300,GX003,ESK1,F5,10,ZAR,14947933.38,15288181.16,14220567.52,14470702.42,13467299.0,14100411.66,14664302.57,14249094.51,13637982.9,15056164.37,13973523.7,15364495.95,14735056.43,14262798.06,14356647.88,15528587.98
100,0L,1100,2025,500100,GX004,ESK1,F1,10,ZAR,12835928.82,11734314.95,13457570.67,14761953.75,14644177.8,12475678.45,12295604.49,11710869.42,13534847.14,12958429.59,12169077.52,13233415.8,12110589.09,11841331.24,12282103.67,11815005.53
100,0L,1100,2025,500100,GX004,ESK1,F2,10,ZAR,11695988.21,10033549.5,10294303.13,13518183.38,13600128.61,10677468.61,11603029.33,11078095.95,11159722.55,11693046.31,11643891.47,11149586.26,10788963.26,11704685.4,10652057.51,10426615.56
100,0L,1100,2025,500100,GX004,ESK1,F3,10,ZAR,16550421.6,17105058.78,16507618.05,22344075.5,21779764.28,18056782.72,16598573.43,18431323.01,18120376.73,16416632.25,17383395.55,18353713.31,18624916.0,16270705.25,18259783.78,16760655.39
100,0L,1100,2025,500100,GX004,ESK1,F4,10,ZAR,17288844.43,16849941.03,16293698.08,21818941.56,19837665.45,16152536.78,16884299.8,16696986.54,16436753.48,16754617.08,17128158.67,16932263.04,17990134.05,15994421.81,15461389.7,16922113.24
100,0L,1100,2025,500100,GX004,ESK1,F5,10,ZAR,5537250.29,6192102.44,6360421.08,7527172.41,7040987.85,6037811.45,6008956.04,6185923.12,5552870.55,5887971.04,5925880.52,5533976.35,6051240.97,5896568.11,6322582.56,6139833.85
100,0L,1100,2025,500200,GX004,ESK1,F1,10,ZAR,6842069.37,7241953.52,7380166.58,9212960.8,9002557.21,6855729.88,7843691.39,7038867.19,7102229.54,6983992.06,7777068.25,7896281.67,7571193.73,7881221.49,6809945.63,7541170.68
100,0L,1100,2025,500200,GX004,ESK1,F2,10,ZAR,14129852.38,14942738.57,13879117.82,17516485.11,18527738.72,13754996.71,14885712.03,13350300.8,15631580.17,13506685.14,14977402.54,14965950.64,13971090.51,13497425.71,14715549.62,15423088.8
100,0L,1100,2025,500200,GX004,ESK1,F3,10,ZAR,9119579.71,9406068.13,8911831.32,11772427.5,10324450.05,8635743.47,8701577.21,9585792.03,9145869.43,8504530.63,9056808.1,8659508.92,9634095.16,9658015.84,8727421.62,9434752.86
100,0L,1100,2025,500200,GX004,ESK1,F4,10,ZAR,7313400.68,7224526.93,7561895.38,8534384.93,8534620.0,6679926.18,7435138.8,7665093.51,7416337.14,7239947.51,7157944.41,7558423.89,7381608.85,7203321.33,7083763.11,7219859.33
100,0L,1100,2025,500200,GX004,ESK1,F5,10,ZAR,5637776.56,5939684.15,5898094.32,7466724.56,7128287.57,5994908.55,5347986.62,6222187.28,5893600.11,5503454.4,5998311.58,5386872.18,5828209.9,5717714.23,5501779.88,5573055.68
100,0L,1100,2025,500300,GX004,ESK1,F1,10,ZAR,6353787.93,6912020.26,6606597.15,7978034.88,8342674.59,6666854.79,7001294.43,6708038.45,6366088.15,6167803.75,6676360.96,6438557.01,6368898.7,7002281.25,6745207.04,6502749.28
100,0L,1100,2025,500300,GX004,ESK1,F2,10,ZAR,16293483.25,15701598.52,15881725.74,19009900.36,19635271.82,14951230.89,15251720.26,14586081.6,14875281.02,16060364.36,16699183.78,15267332.02,15305676.59,14755162.04,14924531.11,15411470.58
100,0L,1100,2025,500300,GX004,ESK1,F3,10,ZAR,17586518.84,15426642.8,16074755.3,20545854.76,21279406.14,16088528.0,15417383.96,17119835.71,16640310.14,16436787.65,16740661.17,15914071.27,17601159.16,16536256.84,15933950.47,16582993.25
100,0L,1100,2025,500300,GX004,ESK1,F4,10,ZAR,3205312.64,3200400.52,3278326.26,3932400.43,3932785.46,2870206.11,3191329.78,2913063.46,3122069.29,3191949.47,2966646.94,3110666.4,2900911.64,3095364.0,3088814.65,3173006.6
100,0L,1100,2025,500300,GX004,ESK1,F5,10,ZAR,10057589.67,10604331.52,10693747.42,13922484.16,13803558.51,10326279.09,10047596.81,11527510.67,10548257.08,10928916.56,10008738.59,11003219.39,10942235.96,10725424.2,10747160.32,11134492.57
100,0L,1100,2025,510100,GX004,ESK1,F1,10,ZAR,6627170.59,6654272.59,6636322.23,7644048.47,7109877.58,7628320.59,7640410.45,7606067.96,7377147.34,7605781.26,7219522.24,7469597.78,6754448.27,6896202.16,7385776.72,7336720.65
100,0L,1100,2025,510100,GX004,ESK1,F2,10,ZAR,5454491.21,4844615.91,5473715.91,4989948.67,4988957.2,5464045.53,5171809.46,5257270.14,5492139.77,5351133.67,5210291.62,5173346.89,4798965.67,5323430.16,4778838.15,5112488.33
100,0L,1100,2025,510100,GX004,ESK1,F3,10,ZAR,17416974.94,17998740.62,16546025.5,16161825.75,18197704.77,18548420.27,16222219.39,17091399.72,17524165.93,16577006.17,18457148.39,17369403.64,18673679.22,16249227.83,17737418.06,18112172.15
100,0L,1100,2025,510100,GX004,ESK1,F4,10,ZAR,14812892.63,14039162.32,14848311.45,13711534.43,14286321.14,14500676.76,14260072.25,15565378.54,14823538.22,13768752.34,15117164.15,15263865.18,15603058.03,16001098.88,14070197.04,14236035.93
100,0L,1100,2025,510100,GX004,ESK1,F5,10,ZAR,12234812.42,11200682.45,13040190.88,13020231.53,13023143.57,11247710.78,12565603.93,12401986.42,11827780.32,12832623.11,12576979.39,13003501.23,12207764.48,11818981.24,12684178.14,11333774.5
100,0L,1100,2025,520100,GX004,ESK1,F1,10,ZAR,8298934.83,8648872.59,8023223.27,8035168.42,9059891.38,8255773.82,8378547.01,8931425.43,8947542.19,8993359.63,8911250.11,8725599.25,8847869.33,9147505.1,8453313.45,8473103.29
100,0L,1100,2025,520100,GX004,ESK1,F2,10,ZAR,12104441.74,11827387.98,12215903.55,12072490.44,10896635.81,10490354.59,11996990.96,11417344.79,11864465.65,11365554.43,11316692.39,12264113.44,11146180.71,11631780.69,11121818.66,11068316.26
100,0L,1100,2025,520100,GX004,ESK1,F3,10,ZAR,2331297.9,2379564.37,2250743.43,2300007.3,2293608.09,2475328.09,2306011.86,2295889.62,2534663.2,2501908.25,2483986.89,2325861.96,2265021.65,2395207.16,2528958.79,2253142.5
100,0L,1100,2025,520100,GX004,ESK1,F4,10,ZAR,14369005.24,14377392.89,13887189.84,13771243.79,15317359.74,15315325.4,14843972.56,15269973.09,14591730.01,14944193.2,14566135.67,15434187.18,14231563.58,16007796.04,14083906.34,16123736.32
100,0L,1100,2025,520100,GX004,ESK1,F5,10,ZAR,18353868.39,19126973.01,18143927.33,20036310.16,19235027.75,17470715.59,17473071.43,17342096.16,19894013.56,17931339.83,17997303.61,17775847.64,18835914.6,18289755.57,19180135.33,18520477.54
100,0L,1100,2025,520200,GX004,ESK1,F1,10,ZAR,3711769.87,3732986.07,3781111.23,3593239.94,3436051.03,3375901.81,3801038.39,3344283.36,3757043.06,3466340.57,3689979.05,3355373.77,3540701.86,3564646.43,3795759.23,3812255.81
100,0L,1100,2025,520200,GX004,ESK1,F2,10,ZAR,3553670.1,3704075.95,3557301.67,3853189.85,3522650.83,3502078.18,3658063.88,3679060.0,3808824.06,3754499.65,3468735.92,3784490.69,3437569.02,3523561.44,3711618.78,3582575.58
100,0L,1100,2025,520200,GX004,ESK1,F3,10,ZAR,15385787.39,14610963.81,16393879.66,15809050.43,14238849.67,16327171.6,15713648.64,15055416.4,15428307.33,14917492.51,15553491.1,14309717.49,15271775.09,14098696.77,14961750.49,15349640.13
100,0L,1100,2025,520200,GX004,ESK1,F4,10,ZAR,18609556.98,18897287.66,18333665.62,17007483.45,18869348.24,19053323.89,18360625.77,18184082.19,17540989.16,16351863.61,18613804.87,16704326.49,18584074.11,17896130.06,18547560.51,18060842.04
100,0L,1100,2025,520200,GX004,ESK1,F5,10,ZAR,9177288.33,9125921.39,8115648.25,8262039.52,8442081.17,8795814.79,8662320.37,8240574.05,8639698.23,9061537.01,8146628.48,8345723.99,8209204.02,8229565.07,8895244.95,8163617.55
100,0L,1100,2025,530100,GX004,ESK1,F1,10,ZAR,13019385.11,12639043.0,12805023.21,13766898.28,13106763.01,13471551.58,13036565.61,14045711.89,14722229.4,13868108.18,12713492.57,14061954.44,12925142.67,13057725.0,14758034.2,14386179.34
100,0L,1100,2025,530100,GX004,ESK1,F2,10,ZAR,5239791.4,4941635.59,5470645.66,5066949.14,5306640.75,5046121.42,5011118.89,5265617.09,5512939.03,5062324.73,4931385.01,5335549.49,5642705.68,5156212.1,5038801.86,5591516.72
100,0L,1100,2025,530100,GX004,ESK1,F3,10,ZAR,10228340.46,10726946.61,10752121.83,9637362.03,9929268.72,9936018.48,9314673.42,10434918.09,10569423.42,10413808.58,9561619.39,10807243.78,9402456.14,10562317.09,10051205.8,10182610.1
100,0L,1100,2025,530100,GX004,ESK1,F4,10,ZAR,9642252.08,9827427.17,10425395.27,9208145.77,10578095.75,9132186.89,9394576.16,9382666.54,10172618.35,10557010.37,9111589.38,9297200.23,9192737.79,9537326.67,9816991.75,10136509.53
100,0L,1100,2025,530100,GX004,ESK1,F5,10,ZAR,7785942.09,8601212.7,7758157.4,7805148.29,7558373.79,7911905.84,8340669.3,8470212.3,8277817.3,8220542.49,7926368.95,7438386.71,8010485.63,8051393.35,7863672.14,7985886.93
100,0L,1100,2025,540100,GX004,ESK1,F1,10,ZAR,10565541.06,10669993.53,10060958.84,11384938.83,11297712.55,10852309.65,11432577.61,10435477.68,11164023.39,11193598.79,11312960.9,11477552.18,11608710.77,11117387.8,11638350.07,10746546.47
100,0L,1100,2025,540100,GX004,ESK1,F2,10,ZAR,6589278.15,6923251.35,6905326.73,6046461.95,6637749.63,6416661.12,6980568.89,6808966.8,6547092.02,6232893.42,6300715.95,6199974.2,6207035.66,6251576.58,6809399.73,6901126.62
100,0L,1100,2025,540100,GX004,ESK1,F3,10,ZAR,16664510.65,15310016.89,14738766.09,14919522.26,16095294.89,15128194.2,16003986.62,15525792.15,16295305.77,15748395.26,16660532.26,16503699.17,14752997.46,14713001.69,16639491.41,15169292.8
100,0L,1100,2025,540100,GX004,ESK1,F4,10,ZAR,2149512.39,2295609.47,2114938.59,2205082.83,2395464.39,2374918.85,2301302.98,2281477.95,2298684.62,2146544.47,2292015.09,2464549.29,2184145.86,2355167.98,2290193.4,2398552.24
100,0L,1100,2025,540100,GX004,ESK1,F5,10,ZAR,8117717.11,9006502.86,8897722.84,8428681.47,8009029.42,8963690.63,8682933.0,7996235.0,7852339.83,8449894.39,8204112.36,8698300.48,8138693.55,9096780.51,9009182.33,7946079.63
100,0L,1100,2025,150100,GX004,ESK1,F1,10,ZAR,7043120.7,7828288.41,7795727.44,7877563.36,8108564.31,6975933.45,7666437.66,7642829.97,7053915.11,7690632.43,7369016.17,7841593.83,7942065.23,7473816.66,7338821.42,6968662.29
100,0L,1100,2025,150100,GX004,ESK1,F2,10,ZAR,13272218.8,12831111.78,14287861.3,14184633.64,13509451.35,13096421.31,13045012.16,13008653.46,13187258.15,14334266.46,12453430.09,13275798.48,12579629.01,13234732.13,13014783.19,12948813.31
100,0L,1100,2025,150100,GX004,ESK1,F3,10,ZAR,4498320.2,4574998.28,4746233.1,4565672.63,4543965.23,4917438.17,5030811.83,4896817.21,4633252.76,4840563.79,4695597.93,5058329.62,5081359.96,5067176.67,4613772.91,4853331.45
100,0L,1100,2025,150100,GX004,ESK1,F4,10,ZAR,17206222.35,17706960.13,16514104.95,18445159.13,17160167.3,16595485.26,17161691.53,17112687.41,17611286.69,18745063.76,16257285.44,17523984.98,16990469.76,17615405.44,17916948.54,17138317.84
100,0L,1100,2025,150100,GX004,ESK1,F5,10,ZAR,8943479.56,8779735.26,10141386.29,9526570.4,9060736.53,9148693.45,9693011.78,9324284.98,9793904.62,10210983.25,8791254.57,9265109.54,8960836.86,10111879.61,9802791.4,9315826.28
100,0L,1100,2025,150200,GX004,ESK1,F1,10,ZAR,10505066.89,10441942.96,10487635.87,9745330.64,10058363.7,10565734.75,10971653.11,11180486.75,10701909.75,10321529.78,9953225.44,10565627.34,10312615.11,10738520.43,10290181.94,10400473.79
100,0L,1100,2025,150200,GX004,ESK1,F2,10,ZAR,9727919.47,9609614.93,10212039.85,9986260.13,9845877.53,9332635.25,9509756.82,9340767.06,9017290.12,9435660.38,9878241.57,9156325.74,9820904.74,8967449.83,9250907.8,9727256.46
100,0L,1100,2025,150200,GX004,ESK1,F3,10,ZAR,14217979.9,12981576.56,14171135.54,13331873.11,13550487.61,14085897.66,14363267.73,13882421.79,12413530.75,12616291.23,14395436.84,14440806.97,13006819.75,13063551.97,13535449.63,13784590.92
100,0L,1100,2025,150200,GX004,ESK1,F4,10,ZAR,6841527.72,6792568.17,7061295.92,7372780.21,6973573.31,7003736.7,6419368.17,6403649.17,7335322.0,6557021.94,7073211.04,7157789.73,6969721.44,7439852.6,6887073.07,7369472.16
100,0L,1100,2025,150200,GX004,ESK1,F5,10,ZAR,13842479.81,14340500.54,14909272.54,15250148.82,14866224.05,14430879.38,13735391.73,15365394.05,15276993.37,13951305.15,15187404.2,13737435.38,14657889.72,13470591.17,14008209.96,13311619.49
100,0L,1100,2025,150300,GX004,ESK1,F1,10,ZAR,4020544.61,4033947.0,3845250.68,3801379.27,3641940.34,3815825.17,3678746.87,3696560.92,3923969.8,4050067.71,3548910.28,3994295.6,3897469.23,3711628.88,3724280.8,3676918.98
100,0L,1100,2025,150300,GX004,ESK1,F2,10,ZAR,6709363.66,6790781.83,6283261.57,5939494.51,6483426.05,6035413.01,5987467.58,6094011.42,6421628.16,5892642.31,5889324.81,6173843.8,6284542.99,6247189.99,6643478.7,5841180.4
100,0L,1100,2025,150300,GX004,ESK1,F3,10,ZAR,13185194.66,12084324.39,12000104.78,13030979.31,12923019.96,12061836.38,12141267.4,12653075.55,12111857.88,13572640.31,12054709.97,12208885.52,12863477.31,12818451.59,13456081.15,13238719.06
100,0L,1100,2025,150300,GX004,ESK1,F4,10,ZAR,13662641.38,13797833.16,13260160.58,13258288.1,12707259.5,13764319.67,14456070.97,12841202.78,12590730.6,12499265.3,12444139.17,13329126.94,13312128.93,13415283.24,13195485.84,14083791.63
100,0L,1100,2025,150300,GX004,ESK1,F5,10,ZAR,3669028.99,3830259.01,3914367.49,3867451.39,3603761.71,3770052.25,3496347.53,3418593.35,3529972.69,3929988.7,3742009.31,3436808.49,3468869.03,3867431.52,3929066.37,3560946.21
100,0L,1200,2025,500100,NTC001,ESK1,F1,10,ZAR,4181857.48,4804308.28,4263641.84,5175008.46,5828369.5,4390676.5,4728940.57,4789116.58,4770138.85,4168320.23,4676233.59,4751926.34,4414382.61,4739735.73,4526604.83,4624804.18
100,0L,1200,2025,500100,NTC001,ESK1,F2,10,ZAR,13403737.06,13267598.78,13577875.32,14469703.72,16310280.54,12332782.95,13701535.16,12856046.67,12685104.35,12313737.61,13228642.23,11770830.46,13288939.99,12950957.32,13202129.35,13045194.74
100,0L,1200,2025,500100,NTC001,ESK1,F3,10,ZAR,8458748.43,7512142.35,7912527.14,9548660.17,10280297.61,8313190.49,8292679.76,7960385.39,7309320.66,7924596.44,8512126.38,7794454.94,7311566.81,7452777.09,7920516.89,7402574.96
100,0L,1200,2025,500100,NTC001,ESK1,F4,10,ZAR,18883164.33,16994100.3,19307935.27,23004903.56,22794102.57,17539278.62,17566445.83,18456952.36,17750244.41,18168511.68,17856068.05,19521642.03,17764863.66,18380510.6,18998343.71,19737410.22
100,0L,1200,2025,500100,NTC001,ESK1,F5,10,ZAR,4461714.39,4649762.13,4368104.8,5359469.95,5787142.51,4079423.77,4269213.93,4106723.22,4062485.42,4121875.23,4333640.19,4274553.55,4070475.94,4408300.55,4364243.81,4488148.12
100,0L,1200,2025,500200,NTC001,ESK1,F1,10,ZAR,4848151.09,4555572.27,4724492.63,5553296.5,5689811.18,4604139.11,4927277.39,5048131.0,4869243.64,4705859.72,5222084.78,4545460.95,4954820.27,4576358.98,5136961.37,5010160.91
100,0L,1200,2025,500200,NTC001,ESK1,F2,10,ZAR,15291751.52,15437703.87,15785858.89,17871425.75,17363997.13,16459903.11,16235659.86,15097580.49,14631063.68,15136738.7,15316318.32,15086380.48,14076184.45,15757532.06,15914712.91,14721390.38
100,0L,1200,2025,500200,NTC001,ESK1,F3,10,ZAR,5170384.7,5747006.33,5200834.16,6594300.53,6993565.89,5701292.46,5426362.53,5636721.51,5234061.89,5484003.12,5137801.0,5520968.11,5393216.76,5517559.4,5737324.77,5524489.47
100,0L,1200,2025,500200,NTC001,ESK1,F4,10,ZAR,9327077.43,9589007.46,8587681.07,11951086.06,10642108.43,8909700.82,9803735.91,8681441.02,9871011.18,9902758.94,9345795.87,9397554.86,9664507.66,9011600.48,9982741.9,9706762.22
100,0L,1200,2025,500200,NTC001,ESK1,F5,10,ZAR,4639417.27,5061444.24,4847327.1,5626696.97,5669897.17,4835978.38,4652023.47,4584345.94,4975463.98,4516914.8,4453949.99,4867316.4,4897287.58,4627132.42,4935563.3,4651105.43
100,0L,1200,2025,500300,NTC001,ESK1,F1,10,ZAR,17301611.15,15075907.89,15613087.09,19305771.74,18825949.39,16655011.82,15365621.37,15144431.71,15488180.99,16648757.6,15356043.49,14843150.06,16192643.62,16799569.64,15181779.99,16315134.87
100,0L,1200,2025,500300,NTC001,ESK1,F2,10,ZAR,10272885.04,10058546.45,10339746.88,11711701.1,12457690.85,10109268.65,10293301.59,9119798.1,9235246.5,9016980.63,10198975.18,10441336.45,10227130.24,10225579.65,9640494.06,9384450.28
100,0L,1200,2025,500300,NTC001,ESK1,F3,10,ZAR,7117770.78,6246823.86,6573704.75,8200868.92,8116460.02,6477005.25,6282035.0,6415561.61,6954645.64,6924617.71,6592559.84,7088167.81,6878435.99,7131473.79,6551517.19,7277714.89
100,0L,1200,2025,500300,NTC001,ESK1,F4,10,ZAR,14968852.34,15034440.1,14672119.62,18782222.17,17133853.37,14704502.49,14970247.89,15558091.09,15218636.26,16100964.24,14689142.17,16007809.56,15184937.24,15407483.67,14872965.26,14424883.38
100,0L,1200,2025,500300,NTC001,ESK1,F5,10,ZAR,6033692.98,6032317.28,5897296.17,6907838.73,7116723.41,5572734.6,5578214.68,5260982.77,5406490.69,5896578.43,6016337.53,5566344.57,5371822.03,5701876.41,5588295.38,5585751.92
100,0L,1200,2025,510100,NTC001,ESK1,F1,10,ZAR,9591971.3,8855368.84,9315473.53,8892176.55,10044950.96,9453775.3,9136393.88,9577929.22,9607861.08,8662720.72,9706493.49,8737945.8,8631868.94,9886222.42,9496687.51,9485144.66
100,0L,1200,2025,510100,NTC001,ESK1,F2,10,ZAR,2557797.76,2496327.38,2402518.7,2478261.6,2501436.86,2408803.85,2498714.87,2542023.28,2617351.51,2586427.64,2503733.2,2654669.19,2365138.16,2590771.17,2757481.85,2747556.38
100,0L,1200,2025,510100,NTC001,ESK1,F3,10,ZAR,3010767.29,3004431.63,2762014.92,2909577.47,3147322.13,2933530.42,2894418.6,2821302.37,2775797.86,2923994.16,3173668.06,2828801.99,2810170.89,3208936.95,2876505.48,2805585.56
100,0L,1200,2025,510100,NTC001,ESK1,F4,10,ZAR,16897881.18,17129434.35,17872674.2,16126115.82,16851152.0,18808449.87,18094968.63,17381298.88,16655481.01,16678797.0,18475940.32,17589221.3,18190866.05,16245966.17,18415400.83,17823417.41
100,0L,1200,2025,510100,NTC001,ESK1,F5,10,ZAR,18246956.82,18807757.23,16920008.77,16520372.84,18665183.13,18727636.87,18281037.93,16219742.55,17879990.24,16453419.01,16191255.09,17396001.73,17211553.48,17903296.81,16341205.24,16401552.85
100,0L,1200,2025,520100,NTC001,ESK1,F1,10,ZAR,3622760.25,3661659.24,3756922.34,3525963.9,3774500.73,3722247.13,3813683.02,3790348.1,3579817.17,4020374.31,3810000.29,3877301.78,3505894.52,3928701.58,3808277.86,3516857.22
100,0L,1200,2025,520100,NTC001,ESK1,F2,10,ZAR,12973684.13,12453127.87,13048504.24,13240791.89,13615423.91,13561929.21,13404566.51,12400916.65,13253678.09,14228273.78,13292384.94,13672128.3,13677262.38,13786886.63,12236547.21,13271003.77
100,0L,1200,2025,520100,NTC001,ESK1,F3,10,ZAR,17283974.41,17699560.69,17709467.27,17063958.83,16993660.08,17225854.89,19310856.22,18731171.97,16667273.79,19229056.29,16869369.9,18445450.62,17685150.33,18737191.21,16815430.12,18008522.98
100,0L,1200,2025,520100,NTC001,ESK1,F4,10,ZAR,18931799.57,17715988.72,19051397.88,17547286.64,19378750.27,19173466.07,18320235.78,17677871.73,18691707.25,19251361.7,17773088.13,17921167.65,18500920.68,16654480.29,17492656.89,17814603.4
100,0L,1200,2025,520100,NTC001,ESK1,F5,10,ZAR,7393666.44,7926872.1,7963856.01,7623908.85,8322788.78,7288381.07,8136943.97,7397644.14,8051982.18,7349418.89,8180537.94,7997677.55,8235438.26,8323247.77,7909171.99,8193823.89
100,0L,1200,2025,520200,NTC001,ESK1,F1,10,ZAR,9099921.17,9411012.78,10477120.07,9407302.2,10128487.31,10455314.3,10278893.77,10278762.72,9651782.28,10386199.95,10046394.13,9206331.38,9224200.53,9506214.72,9278374.41,9663523.38
100,0L,1200,2025,520200,NTC001,ESK1,F2,10,ZAR,6812814.91,7071716.33,6429039.24,6406322.11,6696354.05,6607651.48,6844852.3,6888553.13,6412461.95,7197036.28,7137089.79,6784443.17,6766589.53,6395290.0,6253587.49,6796647.44
100,0L,1200,2025,520200,NTC001,ESK1,F3,10,ZAR,13720428.44,14799387.93,15403525.51,15188979.99,14712056.54,13891093.07,15726568.32,14792193.82,14793133.6,13985289.61,14861062.43,15469788.51,15168279.78,14870594.69,15731431.34,13978258.01
100,0L,1200,2025,520200,NTC001,ESK1,F4,10,ZAR,17170108.13,16677733.82,15720385.33,15698242.52,16272050.05,17795246.67,16786862.9,16191492.44,16986107.3,15703583.61,18189980.63,15756438.52,15878175.37,15737308.51,15865346.27,17269977.42
100,0L,1200,2025,520200,NTC001,ESK1,F5,10,ZAR,16185313.21,16071730.29,17650886.09,16607608.39,17730212.46,15754020.44,15962562.66,17331696.0,17916390.14,17058473.63,16609610.85,16354758.07,18038016.1,18408087.87,17681731.02,17612390.6
100,0L,1200,2025,530100,NTC001,ESK1,F1,10,ZAR,12627693.84,11955511.37,11432114.63,12842343.72,13064222.54,12608932.38,11485683.74,12865066.81,12039763.13,13089210.45,11825474.12,12540350.77,12896372.57,11864533.84,12053046.75,12998810.47
100,0L,1200,2025,530100,NTC001,ESK1,F2,10,ZAR,2743239.07,3033625.82,2674197.91,2893993.57,2592804.83,2742675.66,2967959.94,2712326.28,3017407.63,2633647.0,2829343.41,3000312.65,2607924.09,2792344.38,2628520.12,2663055.28
100,0L,1200,2025,530100,NTC001,ESK1,F3,10,ZAR,3779462.95,3824292.16,3560515.46,3625364.63,3963251.32,3775653.23,3830050.01,4080533.62,3789450.04,3914615.98,3655398.32,3964347.91,3845199.69,3956869.77,3920259.14,3956222.18
100,0L,1200,2025,530100,NTC001,ESK1,F4,10,ZAR,4953752.51,4986183.55,4793810.94,4767806.89,4489509.37,4593735.32,4742456.01,4320464.66,4686322.77,4586821.58,4713872.53,4640532.14,4531501.33,4301125.71,4933828.32,4613023.32
100,0L,1200,2025,530100,NTC001,ESK1,F5,10,ZAR,19010622.66,18783670.11,18429617.58,17336640.07,18680913.4,20001250.63,17614990.72,17536671.94,18303665.74,19522324.0,17784252.36,17737823.32,17265017.48,19746772.28,19350388.5,18027011.67
100,0L,1200,2025,540100,NTC001,ESK1,F1,10,ZAR,10504200.19,10409193.02,10823253.78,10381389.87,10285301.08,10679487.42,10458849.94,10379363.58,10713752.61,9784362.97,10842701.83,9842369.95,10305247.28,11023468.19,10025347.98,10008531.76
100,0L,1200,2025,540100,NTC001,ESK1,F2,10,ZAR,16390967.62,16726474.81,15017802.25,16736908.31,15684070.99,16823935.92,15317687.55,15721555.77,15887597.51,17143311.33,15552708.2,15353880.66,16041878.85,17253200.13,15220045.98,15124607.36
100,0L,1200,2025,540100,NTC001,ESK1,F3,10,ZAR,3023097.57,2783443.22,2855981.12,3062974.11,2761167.12,2873599.58,2743283.37,3114102.24,2954594.48,3094003.59,3077760.82,2783928.7,2998490.62,2798118.9,3018934.61,2911192.12
100,0L,1200,2025,540100,NTC001,ESK1,F4,10,ZAR,7176770.26,6955985.66,6862271.28,6604776.09,6708401.3,7279437.9,7216441.88,6314263.42,6926019.14,7155169.26,7091422.39,6967952.86,7329570.47,6424028.6,6617023.69,7064578.35
100,0L,1200,2025,540100,NTC001,ESK1,F5,10,ZAR,8770266.86,8452448.76,8605060.62,9488488.58,9065313.15,9571859.48,9580889.71,9043972.72,9458129.04,8650019.25,9291567.72,9387917.72,9193666.14,8748510.62,9396035.65,8708554.02
100,0L,1200,2025,150100,NTC001,ESK1,F1,10,ZAR,8277704.78,7730322.87,8070400.03,8717924.33,8575187.89,8024909.63,8057651.29,8167570.19,8160500.03,7660132.21,8009056.3,7621040.37,7965711.15,7870687.2,7575888.65,8181231.43
100,0L,1200,2025,150100,NTC001,ESK1,F2,10,ZAR,15396551.39,15945699.85,14041346.82,14573947.93,13821498.37,15350890.05,14050042.21,15803821.55,14805050.68,14223495.85,14060998.36,15282812.55,14143613.62,14059635.72,15231150.39,14447049.26
100,0L,1200,2025,150100,NTC001,ESK1,F3,10,ZAR,13082690.11,11942154.19,11789958.78,12607935.69,12346211.98,13062475.25,12341436.76,13109772.73,13227081.97,11596790.89,11858097.13,12266581.84,12604790.65,13102857.79,11739003.33,11611650.91
100,0L,1200,2025,150100,NTC001,ESK1,F4,10,ZAR,15325724.04,15048832.39,14868651.01,15630098.34,17368759.65,17292241.25,16127033.33,16218736.49,15500108.42,15888949.71,15801205.49,16782652.82,15845426.86,16628498.93,16963565.21,16237959.89
100,0L,1200,2025,150100,NTC001,ESK1,F5,10,ZAR,18620266.29,17639911.86,19104833.06,18188256.83,17649495.93,19231268.21,17007854.68,16714797.26,16777946.1,18916746.92,17934294.68,16937391.04,19087536.44,18248318.26,17302558.51,18654268.62
100,0L,1200,2025,150200,NTC001,ESK1,F1,10,ZAR,8666655.67,8747788.12,8846213.8,7937890.15,8186531.91,8315222.81,8913259.25,9028310.56,7823302.86,8050247.46,8842587.56,7828306.15,8605648.83,8455940.48,8568985.67,8133570.4
100,0L,1200,2025,150200,NTC001,ESK1,F2,10,ZAR,12498307.74,12567023.98,11768196.62,12430434.75,12016645.33,11370163.52,12257155.38,11645921.08,12602963.19,12010008.25,12413743.99,12040632.12,12154874.64,12436148.39,12653707.79,11710153.63
100,0L,1200,2025,150200,NTC001,ESK1,F3,10,ZAR,10365750.99,10246542.14,10609354.73,10345580.36,10453183.73,11051483.15,9968331.99,11358386.22,9999490.46,10448349.85,10639377.14,10604410.23,10700362.76,9976636.42,10664972.75,10393157.19
100,0L,1200,2025,150200,NTC001,ESK1,F4,10,ZAR,10855351.25,11128487.68,10093255.22,10209800.42,10157445.04,10141744.39,10316995.77,10119850.72,10649203.79,10604964.42,9785155.45,10015402.95,9736706.17,10509508.09,10619544.86,10693916.56
100,0L,1200,2025,150200,NTC001,ESK1,F5,10,ZAR,10112106.98,9674381.52,9127999.82,9717270.17,10302720.25,8938491.68,10250532.85,9314751.99,9051523.86,9873125.07,10282778.67,9598037.43,9913702.7,9606597.84,9466464.91,10233222.33
100,0L,1200,2025,150300,NTC001,ESK1,F1,10,ZAR,2696176.49,2737301.88,2852330.05,3025754.83,3028917.49,2773864.26,2773729.47,2903586.71,2789233.6,3050864.22,2761204.46,3080810.01,2926744.5,2781609.21,3120769.09,2800902.26
100,0L,1200,2025,150300,NTC001,ESK1,F2,10,ZAR,13544026.36,14352776.2,13502731.26,13746780.6,14614141.21,14650313.43,13473815.55,14029575.89,13561211.99,14514929.62,13750612.7,15393845.87,15410782.32,14094637.25,15267505.09,15157749.1
100,0L,1200,2025,150300,NTC001,ESK1,F3,10,ZAR,10069443.25,10099533.08,8900506.49,10009607.9,9238888.91,9254778.23,9943931.43,9926549.27,9002930.75,9456089.52,9694994.54,8753371.62,9936547.83,9224312.34,10012055.49,9638403.34
100,0L,1200,2025,150300,NTC001,ESK1,F4,10,ZAR,6756282.43,7232746.2,7034485.4,6468388.42,6435619.07,7086635.12,7016405.75,6956188.53,6397944.68,6211144.11,6639121.82,6939991.83,6602038.33,6850177.69,7028544.67,6269783.09
100,0L,1200,2025,150300,NTC001,ESK1,F5,10,ZAR,7813087.98,8119524.72,8187342.74,8332528.24,7405528.71,7879459.29,8203141.78,8135118.46,7440174.3,7483348.93,8119962.46,7500937.22,8094265.3,7438301.88,7403710.94,7602623.68
100,0L,1200,2025,500100,NTC002,ESK1,F1,10,ZAR,9308528.64,9414331.59,9213692.72,10458631.62,11113486.1,8635991.17,9236827.34,8665936.09,8206573.09,9277990.05,8303635.24,8735316.84,9274156.95,8986483.75,8508558.17,8822063.13
100,0L,1200,2025,500100,NTC002,ESK1,F2,10,ZAR,3952259.37,4220672.96,3846717.92,4747985.25,5342160.3,4125378.44,4215986.31,3998727.73,4258134.36,4378466.44,4220585.26,3907727.13,3879754.18,4034979.31,4009079.1,3829304.25
100,0L,1200,2025,500100,NTC002,ESK1,F3,10,ZAR,3466400.36,3484977.23,3778609.73,4069403.43,4187421.67,3800503.13,3513529.63,3650628.63,3697429.44,3376587.21,3815980.15,3337115.03,3473664.19,3735214.85,3497762.02,3401016.71
100,0L,1200,2025,500100,NTC002,ESK1,F4,10,ZAR,6666438.76,6490231.27,6633066.0,7346448.5,8234970.06,6900968.72,6634507.93,6915748.16,6324918.89,6624592.09,6392393.88,6178852.96,6482525.62,6863979.51,6417537.52,6771335.27
100,0L,1200,2025,500100,NTC002,ESK1,F5,10,ZAR,10889092.94,11542400.15,11398707.86,13204119.42,14651739.71,11764138.45,12208124.98,11940230.0,10840967.55,10889113.08,11842068.1,12096827.53,11644501.86,11071585.04,12390665.19,10990546.84
100,0L,1200,2025,500200,NTC002,ESK1,F1,10,ZAR,4303495.84,4394722.0,4409235.51,5592727.67,5030866.84,4546758.8,4779577.19,4178889.06,4364508.15,4428906.5,4138112.03,4640630.56,4481493.49,4311468.71,4151348.25,4225174.51
100,0L,1200,2025,500200,NTC002,ESK1,F2,10,ZAR,11999564.69,10618896.7,11453251.24,12641288.78,14685949.33,10859599.33,11221372.91,11171315.6,11837551.28,10406679.21,11208253.79,11403640.75,12022959.56,12135894.62,11899106.07,10545020.15
100,0L,1200,2025,500200,NTC002,ESK1,F3,10,ZAR,2422735.15,2403591.68,2127648.34,2922477.76,2947061.22,2390738.86,2267841.9,2179992.09,2370171.33,2448206.7,2353136.73,2251459.13,2213714.84,2194695.15,2470750.25,2432199.4
100,0L,1200,2025,500200,NTC002,ESK1,F4,10,ZAR,2824692.39,2775199.94,2668218.34,3124275.71,3237566.22,2734926.08,2560422.91,2857064.7,2484475.78,2569435.92,2531162.98,2788102.79,2538249.17,2458078.95,2847683.65,2660715.73
100,0L,1200,2025,500200,NTC002,ESK1,F5,10,ZAR,3105295.88,2920915.76,3151898.69,3655879.61,3568961.17,2805063.64,3024143.43,3083334.15,2810219.16,2777677.31,2918984.51,3044188.74,2959867.34,2918572.76,3075560.62,2761982.14
100,0L,1200,2025,500300,NTC002,ESK1,F1,10,ZAR,12974653.39,13002114.79,12518857.47,14963009.65,15302819.6,11994147.79,12157363.89,12302665.56,12015691.25,11855857.56,13102718.79,11908534.37,11463943.02,12865019.75,12539011.27,13134648.34
100,0L,1200,2025,500300,NTC002,ESK1,F2,10,ZAR,11300860.43,11383710.28,12641250.17,14802959.04,13959422.04,11960305.83,11545493.98,11281558.53,11310614.93,11749632.25,12102801.74,11724452.91,11982776.0,11037480.88,12255016.69,11040978.77
100,0L,1200,2025,500300,NTC002,ESK1,F3,10,ZAR,17131586.48,16511126.73,17706142.67,20634809.07,19388157.54,17857772.76,17288957.36,17329598.76,16017435.2,17890231.81,16951882.11,16874984.84,16964926.82,17010093.68,18353322.69,16161295.66
100,0L,1200,2025,500300,NTC002,ESK1,F4,10,ZAR,11233363.01,12234248.55,11349109.53,14246774.21,14231349.85,12777872.97,11479863.62,11663844.76,11850962.68,12278925.5,12648898.33,11732256.03,11879253.65,11073026.92,12447068.29,11633544.51
100,0L,1200,2025,500300,NTC002,ESK1,F5,10,ZAR,14266760.16,13814028.5,14183431.83,16423454.79,17053249.26,14543577.28,14517054.34,13486969.0,15743496.65,14132940.6,14077669.8,15506613.26,15402260.94,15597069.63,13745924.95,13858149.51
100,0L,1200,2025,510100,NTC002,ESK1,F1,10,ZAR,15653003.16,15976573.53,15922296.19,15819540.35,17088243.32,15384610.09,17361816.5,17365630.54,15046259.13,16420632.69,16035434.86,16320203.89,15983388.24,16116356.27,15179851.48,15071382.13
100,0L,1200,2025,510100,NTC002,ESK1,F2,10,ZAR,14600369.5,14704921.1,13592996.23,13911335.84,12847603.63,14715004.45,13737336.82,14650744.06,12949345.55,12722287.09,13759743.53,13665063.06,13383592.51,14770917.1,14185045.7,13328399.76
100,0L,1200,2025,510100,NTC002,ESK1,F3,10,ZAR,7797579.38,7211481.68,7001055.13,7187310.11,7046601.57,6924712.65,6870854.93,6827702.96,7129328.93,6984245.48,6825922.65,7553340.93,7413549.67,6780987.23,7360557.42,6850952.22
100,0L,1200,2025,510100,NTC002,ESK1,F4,10,ZAR,7282799.46,7405053.63,7721307.1,7817117.59,8012368.81,7055553.31,7166215.22,7878171.53,7294511.65,7090207.25,8043631.93,7771301.21,7831802.43,7170805.02,7839833.83,7856536.0
100,0L,1200,2025,510100,NTC002,ESK1,F5,10,ZAR,5135338.61,5170927.12,5743005.36,5561424.69,4941614.2,5439859.7,5388784.7,5657977.74,5532316.15,5766891.78,5121924.45,5648067.79,5629518.95,5122460.59,5265921.04,5523674.41
100,0L,1200,2025,520100,NTC002,ESK1,F1,10,ZAR,13074646.69,13053567.18,12861796.53,13602828.96,14343267.9,12967308.47,13097199.76,12946326.27,14412275.6,13525843.56,12767458.6,14667047.16,13652712.59,14445255.87,14095034.09,14199686.1
100,0L,1200,2025,520100,NTC002,ESK1,F2,10,ZAR,10457811.09,10212910.47,9621077.15,10964951.58,10463075.57,9658030.94,9659416.57,9892403.8,10836711.33,10494377.48,10417172.48,10581585.5,9554200.13,10597163.11,10968699.16,9914035.14
100,0L,1200,2025,520100,NTC002,ESK1,F3,10,ZAR,8610098.16,8404573.62,8238678.0,8498678.11,8649638.98,8410230.34,8207632.75,9059540.74,8568528.8,7968685.1,8843379.57,8169763.75,8167943.36,9051176.91,7818207.47,8122421.66
100,0L,1200,2025,520100,NTC002,ESK1,F4,10,ZAR,12828739.93,12002876.18,12137507.11,12270143.55,12488070.19,12888556.62,12819493.72,12313941.61,12472984.96,12374158.47,13137774.98,12874103.97,13276672.4,13738940.12,13417185.24,12751840.22
100,0L,1200,2025,520100,NTC002,ESK1,F5,10,ZAR,7235647.16,6948026.01,6950848.79,7566398.2,7287666.99,7705958.6,7323356.02,7985757.99,7712550.79,7079564.31,7793179.79,7910371.46,7518591.17,7170001.49,7565784.94,7021543.94
100,0L,1200,2025,520200,NTC002,ESK1,F1,10,ZAR,9714437.28,10374003.23,10402962.7,9452493.23,9589892.07,9972612.08,9745416.29,9314194.99,9479248.41,10118149.91,10118939.2,9293418.85,9724042.96,10078207.71,10305067.38,9993907.89
100,0L,1200,2025,520200,NTC002,ESK1,F2,10,ZAR,12388268.69,12496563.45,12941904.86,13457621.22,11836147.79,13645162.44,13344515.09,13282468.03,13179180.92,12968986.46,13153311.88,12798856.16,13035832.45,11678166.93,13337295.94,13325875.31
100,0L,1200,2025,520200,NTC002,ESK1,F3,10,ZAR,11699987.64,10905441.49,11270629.63,10619563.67,10819393.52,10618747.39,11345460.85,10558520.29,10749220.89,11291402.31,11045055.36,10669635.04,11242341.32,11046283.59,11903285.81,11090756.49
100,0L,1200,2025,520200,NTC002,ESK1,F4,10,ZAR,13656677.96,14124751.85,13676504.88,13838630.87,13698114.12,13433843.51,14102012.98,13438224.46,13948929.9,13330146.29,12850702.15,12799945.93,12667345.71,13206249.43,12432510.05,12963071.69
100,0L,1200,2025,520200,NTC002,ESK1,F5,10,ZAR,15187354.81,16736059.24,15191770.86,16816928.82,15673119.13,15210317.39,14591942.05,15070586.73,16576458.66,14513055.74,16798491.56,16184625.02,15638204.22,16228946.25,16804628.33,15477788.31
100,0L,1200,2025,530100,NTC002,ESK1,F1,10,ZAR,13445464.86,13423937.66,13529176.64,14888175.03,14583644.04,13189512.28,13529861.59,13544335.45,15156249.48,14652848.29,15101872.68,13782423.97,13132395.99,14151914.15,13493380.31,14208614.91
100,0L,1200,2025,530100,NTC002,ESK1,F2,10,ZAR,17219395.28,16063728.45,16039025.64,16766560.53,18478600.59,16656006.43,16965207.09,16867216.22,15913086.01,16726431.9,16345613.07,16602651.36,16347409.53,17068221.14,16547701.67,18117024.4
100,0L,1200,2025,530100,NTC002,ESK1,F3,10,ZAR,7016314.11,6941945.39,7169540.11,7530972.41,7624523.86,7781773.63,7178226.26,7129323.05,6648430.47,6748456.08,7111506.1,6668600.08,6702022.73,7776750.86,7368664.95,6708894.68
100,0L,1200,2025,530100,NTC002,ESK1,F4,10,ZAR,11630080.59,11304002.48,10595422.51,11331922.81,10441447.02,11767677.91,11899965.27,11694842.03,11124874.0,11289652.01,11560415.21,10379005.5,11500699.12,11169211.49,10692012.97,10767397.43
100,0L,1200,2025,530100,NTC002,ESK1,F5,10,ZAR,18906198.91,18315481.42,18658650.48,17872192.45,20145307.64,20383400.27,19167687.72,17698620.93,19165950.02,18168082.13,17805422.14,20379593.22,17575083.49,19048399.74,17736819.34,18768783.3
100,0L,1200,2025,540100,NTC002,ESK1,F1,10,ZAR,16883727.74,16487009.13,16262324.37,15848571.57,15466797.64,16932571.54,15776975.27,15884621.45,14899277.03,16575545.8,15286764.9,15513195.24,16532850.45,14572891.33,14839471.77,15116192.7
100,0L,1200,2025,540100,NTC002,ESK1,F2,10,ZAR,13657119.62,13244581.1,14120302.99,15148797.57,14566122.63,14636332.83,15204737.07,13696394.85,13075492.52,13961059.21,14001654.72,14030489.79,13857644.57,14911502.89,13309553.0,14973061.18
100,0L,1200,2025,540100,NTC002,ESK1,F3,10,ZAR,15942411.45,13682932.26,15785029.81,14537604.93,15163437.2,15159341.98,14181199.99,14532770.38,15631569.18,14849253.2,15350168.74,14652871.41,14656499.91,14281270.93,14248047.98,15987508.37
100,0L,1200,2025,540100,NTC002,ESK1,F4,10,ZAR,2629009.67,2686648.43,2395266.37,2418215.06,2585748.42,2674450.31,2703231.28,2423579.66,2640393.3,2654689.69,2434271.85,2517397.86,2614426.35,2636014.09,2456853.87,2613440.06
100,0L,1200,2025,540100,NTC002,ESK1,F5,10,ZAR,7544368.96,7509127.09,6885463.92,7364187.03,7393989.81,6616896.25,6608364.39,7116935.16,6837190.96,7170246.06,6816244.83,7549054.78,7442429.54,6821955.44,7598631.47,7064272.28
100,0L,1200,2025,150100,NTC002,ESK1,F1,10,ZAR,2499057.21,2677875.82,2861100.08,2559548.81,2511240.9,2683952.85,2867249.12,2670189.39,2502649.28,2804797.47,2820497.94,2541968.04,2654575.5,2492439.58,2670233.35,2831353.82
100,0L,1200,2025,150100,NTC002,ESK1,F2,10,ZAR,7314142.27,8159215.78,7920450.45,7697615.56,7636860.52,7995607.47,7498317.21,7820088.88,7672853.36,7999441.72,8394446.03,7922413.49,7617143.34,7579101.39,8072327.5,8011614.25
100,0L,1200,2025,150100,NTC002,ESK1,F3,10,ZAR,5039693.79,4565903.05,5005910.22,4892604.39,4904458.16,4921264.06,5098940.75,5206851.33,5170451.57,5000563.23,4969648.76,4535533.22,4657519.93,4695170.88,5157450.15,5242678.64
100,0L,1200,2025,150100,NTC002,ESK1,F4,10,ZAR,19505606.1,17282173.11,18711808.65,17075584.1,19755706.41,18096593.19,18642711.06,17333298.8,19467939.54,18093169.59,18757861.89,19336811.17,17238145.16,17169599.36,17636060.96,18366943.22
100,0L,1200,2025,150100,NTC002,ESK1,F5,10,ZAR,14423942.15,14475332.48,14829743.75,14918187.95,13439691.41,14794111.63,14718553.12,13842158.24,13947740.12,12936322.27,14866530.17,14595532.48,14682229.21,13698316.13,14404656.94,14314278.87
100,0L,1200,2025,150200,NTC002,ESK1,F1,10,ZAR,5879022.07,5082012.7,5261540.22,5410652.79,5277082.73,5632931.75,5153009.47,5152370.58,5675512.31,5168866.81,5635073.98,5086837.97,5515628.97,5122905.4,5502140.28,5044337.04
100,0L,1200,2025,150200,NTC002,ESK1,F2,10,ZAR,9196430.96,9838986.51,8753194.55,9295290.54,9952010.25,9707086.29,9462828.35,9506449.47,10133135.06,9035497.22,9169331.53,8723279.18,8871468.25,8916423.84,9707811.12,9886362.84
100,0L,1200,2025,150200,NTC002,ESK1,F3,10,ZAR,10320543.39,10338007.99,11157704.85,11806134.46,11026694.41,11526980.37,11640210.33,11720152.74,11277006.45,10122642.57,11835303.61,11192070.48,11242017.0,10565479.54,10799376.84,11679301.83
100,0L,1200,2025,150200,NTC002,ESK1,F4,10,ZAR,11221076.81,11343673.53,11464463.25,10696919.31,11242733.63,12035774.69,11160904.37,10871786.94,12138874.92,11895205.87,11344340.54,11120167.95,12172972.9,10826802.5,11768931.01,11247512.89
100,0L,1200,2025,150200,NTC002,ESK1,F5,10,ZAR,7658666.65,8184892.91,7832146.61,8324281.47,8011972.94,7908525.59,8205820.82,7983348.05,8495727.8,7612833.2,7931592.87,7922156.02,8019815.99,8472501.97,8439924.26,7599769.66
100,0L,1200,2025,150300,NTC002,ESK1,F1,10,ZAR,13416161.5,12451983.06,12761461.78,12207861.42,11688166.59,12790603.05,11892150.74,13315857.8,11949239.16,12150189.68,12659116.13,13342970.12,12403415.81,11816707.29,12355098.81,12604370.29
100,0L,1200,2025,150300,NTC002,ESK1,F2,10,ZAR,5619614.16,5175176.74,5322506.21,5252735.69,5349172.27,5602220.01,5191796.53,5841635.26,5404552.09,5345178.85,5407691.67,5556737.98,5654037.44,5650800.69,5464794.01,5680521.37
100,0L,1200,2025,150300,NTC002,ESK1,F3,10,ZAR,8728183.45,8043206.5,9040026.93,8698060.51,8480795.49,8903908.62,8715562.26,8803484.04,8374039.3,8591485.72,8017492.03,8451336.42,7722397.88,8375669.23,8510410.01,8503217.16
100,0L,1200,2025,150300,NTC002,ESK1,F4,10,ZAR,4446595.01,4256786.59,4235591.87,4344852.52,4064253.8,4221765.22,4421328.6,4473295.99,4496073.32,4570181.41,4429811.71,4479530.13,4057603.06,4536734.23,4089135.71,4244691.41
100,0L,1200,2025,150300,NTC002,ESK1,F5,10,ZAR,18183972.84,16943296.41,17442321.52,16483091.42,16993069.44,16476154.7,16938500.63,16818813.35,18401855.2,17289837.94,16435460.14,18477585.33,16736574.81,16353966.26,16364543.82,16086134.29
100,0L,1200,2025,500100,NTC003,ESK1,F1,10,ZAR,13748593.36,13069365.82,14052769.92,17202398.65,15996732.97,12962393.58,13454352.66,12272079.91,13729344.84,12456674.82,12356512.13,13845634.22,13753834.59,13997184.82,12617878.88,14256824.78
100,0L,1200,2025,500100,NTC003,ESK1,F2,10,ZAR,9658475.33,9984721.03,11230087.65,12996768.78,13204906.07,10811628.61,11100599.03,11006791.27,11130204.6,10083461.06,9747123.05,9984953.07,10812238.87,10829699.3,10032359.94,10850571.24
100,0L,1200,2025,500100,NTC003,ESK1,F3,10,ZAR,4738995.13,4441321.62,4510916.71,5467918.18,5759702.05,4308944.8,4284470.23,4360259.44,4483476.12,4791157.51,4560004.53,4282523.54,4554654.01,4476262.85,4289916.63,4677221.41
100,0L,1200,2025,500100,NTC003,ESK1,F4,10,ZAR,16050418.07,17800937.4,16500041.89,19407748.83,21572042.59,16679265.91,16450461.17,18306460.39,17305884.7,18289131.27,18424208.02,16885777.96,18394833.17,17475678.23,17483645.18,16715119.92
100,0L,1200,2025,500100,NTC003,ESK1,F5,10,ZAR,12998234.0,12938277.31,12039628.99,15351232.54,16029474.12,11808026.16,12921660.55,12123829.26,12082453.02,13261034.55,12233938.31,12634803.01,12179229.3,13081364.96,12997493.91,12490264.99
100,0L,1200,2025,500200,NTC003,ESK1,F1,10,ZAR,16293368.5,15431785.96,17413463.45,18861363.86,19185154.98,17193053.91,16666074.59,15477031.8,16746914.75,16693252.52,17220677.34,17512278.9,16342570.24,17523933.59,15288568.94,15391038.06
100,0L,1200,2025,500200,NTC003,ESK1,F2,10,ZAR,9546597.73,9329985.71,9027870.51,10602351.28,10505754.64,8693954.32,8817172.99,9327041.06,9304607.42,8484284.85,9005348.97,8514683.06,9006789.7,8638663.88,9488417.27,8948232.88
100,0L,1200,2025,500200,NTC003,ESK1,F3,10,ZAR,15625126.19,15031954.39,13506677.05,17860643.35,18925233.95,14062494.44,15370967.5,14781495.43,15312823.27,15679381.75,15197082.74,13933517.83,14176708.6,14762661.84,15111699.42,13484905.31
100,0L,1200,2025,500200,NTC003,ESK1,F4,10,ZAR,14944787.87,14307425.48,15772755.21,19274268.32,17826760.06,14888867.03,16075750.3,14333015.37,14868089.4,15202992.16,14562113.5,14757985.68,16023519.72,15304404.46,15906481.84,14783682.12
100,0L,1200,2025,500200,NTC003,ESK1,F5,10,ZAR,9243491.63,9224218.87,8756718.55,10557711.19,10894662.03,8772324.67,8904241.58,9407613.7,9681569.29,8861449.72,8856199.37,8753872.16,9182180.91,9694523.42,9243456.5,8967865.51
100,0L,1200,2025,500300,NTC003,ESK1,F1,10,ZAR,4982065.02,5159023.62,4693972.38,6171402.2,5647020.77,4530310.92,5022872.85,4976850.58,4436363.02,4726959.72,4490217.45,5176268.86,4809993.62,4850230.29,4609306.65,4987508.11
100,0L,1200,2025,500300,NTC003,ESK1,F2,10,ZAR,13644951.89,13512365.04,14147324.42,16293238.11,17074870.96,12978134.29,14139388.47,15050943.9,13840656.57,13612856.47,15058787.14,14135416.31,14118117.7,14008041.0,13142744.15,13791981.84
100,0L,1200,2025,500300,NTC003,ESK1,F3,10,ZAR,2368308.53,2606810.25,2566121.22,3141628.13,2950557.58,2367701.2,2715194.15,2702690.67,2684776.84,2619826.34,2639411.14,2484810.43,2339530.12,2606879.29,2326603.21,2680278.75
100,0L,1200,2025,500300,NTC003,ESK1,F4,10,ZAR,10765520.59,10981422.69,9811923.48,12266475.62,11968590.52,10775473.59,10215850.18,11094140.67,10419077.16,10702161.87,9896025.22,10723879.62,10290791.01,9642109.68,11245817.43,10329236.47
100,0L,1200,2025,500300,NTC003,ESK1,F5,10,ZAR,14501617.78,13767354.87,13807417.61,18906258.71,18491446.92,14412782.1,15055302.04,15638468.87,14736850.35,15132938.56,15630647.51,14487988.06,15735866.75,15375051.86,14796270.58,14755010.45
100,0L,1200,2025,510100,NTC003,ESK1,F1,10,ZAR,15501496.36,16255851.52,15740798.95,15186523.55,15744176.72,15001828.97,15288442.34,14459134.44,14365670.4,14856239.36,15715663.62,14434633.87,14874771.71,15593097.35,14017737.46,15488329.81
100,0L,1200,2025,510100,NTC003,ESK1,F2,10,ZAR,7593736.19,8154668.38,7123925.72,7968959.27,7981183.4,8077469.37,7628544.02,7924214.83,8012498.81,7469984.41,7602036.73,7003799.84,7862671.03,7723574.83,7141892.6,7182064.79
100,0L,1200,2025,510100,NTC003,ESK1,F3,10,ZAR,3154747.75,3357332.34,3188431.21,3617654.16,3373286.12,3486383.36,3307203.88,3247458.29,3369905.17,3410052.3,3158890.91,3233738.28,3426962.09,3187588.86,3234746.7,3197439.89
100,0L,1200,2025,510100,NTC003,ESK1,F4,10,ZAR,15723225.88,17372304.75,15839609.81,16560367.83,17311806.45,16938849.74,16164493.98,16938497.29,16904293.41,16054187.69,17155188.62,17606576.11,15811602.19,15636091.49,17978359.55,16771365.38
100,0L,1200,2025,510100,NTC003,ESK1,F5,10,ZAR,12705874.23,13276026.45,12933899.66,12328169.58,13125805.6,12888156.97,12031547.4,12032248.62,11932279.09,11563229.59,12244705.43,11952309.88,13416046.11,12092000.99,11749371.65,11917913.71
100,0L,1200,2025,520100,NTC003,ESK1,F1,10,ZAR,13102033.2,13380591.35,13595607.53,12371306.0,12067992.92,13546375.79,12950285.79,12883080.4,12449706.44,13911180.06,12570592.32,12824733.68,13632759.92,12715511.6,13577303.31,12475644.47
100,0L,1200,2025,520100,NTC003,ESK1,F2,10,ZAR,4656162.27,4866833.21,4560232.04,4788746.16,4383536.91,4843024.05,4823168.43,4429620.66,4793005.23,4685678.35,4489187.88,4466609.05,4656494.95,4443883.83,4517858.99,4385732.96
100,0L,1200,2025,520100,NTC003,ESK1,F3,10,ZAR,3236679.72,3045178.27,3234624.59,2945256.95,2939497.07,3160804.47,3004444.02,2850541.86,2823188.48,2829399.94,2791725.55,3240076.25,2858735.14,3229344.3,2989290.28,3121545.7
100,0L,1200,2025,520100,NTC003,ESK1,F4,10,ZAR,15574781.41,15626761.3,15177695.77,14604464.64,15935189.58,13974111.93,15628910.5,14652919.04,15900115.11,15589381.98,14012657.81,15370407.34,15795877.92,15077827.81,15762574.69,16001618.88
100,0L,1200,2025,520100,NTC003,ESK1,F5,10,ZAR,16614205.64,17060562.53,15265751.45,16702932.3,16397491.4,15270709.48,16385444.18,14971278.88,14839955.22,16168370.2,16474516.96,17372661.0,16189084.36,15773526.79,15612671.41,15707101.6
100,0L,1200,2025,520200,NTC003,ESK1,F1,10,ZAR,13194050.02,13339727.64,13396615.03,13299704.06,13902366.98,14063811.39,14111454.39,13183281.48,14855675.07,14370330.68,14628636.88,13490812.07,14079541.44,14647291.22,14566124.89,13840501.3
100,0L,1200,2025,520200,NTC003,ESK1,F2,10,ZAR,10575008.38,10689294.9,9621702.99,10116734.15,9928049.81,10192059.03,10390744.07,10671118.51,10282886.42,9986543.44,10371253.91,10864619.46,9831162.24,9804020.18,9879505.65,10558535.21
100,0L,1200,2025,520200,NTC003,ESK1,F3,10,ZAR,8518498.23,8210344.81,8046619.11,7981038.26,8346495.1,7989901.5,8143189.66,8071274.13,7974919.25,8971422.07,8371711.84,8518035.12,8623788.08,7975932.13,8504119.45,9203761.51
100,0L,1200,2025,520200,NTC003,ESK1,F4,10,ZAR,13805289.08,13656965.69,14083897.86,14711683.56,12583759.81,12758834.21,13570794.14,13247745.48,14349738.59,14405241.4,13199211.83,13538721.29,13921330.03,13304381.12,13844176.82,13583352.89
100,0L,1200,2025,520200,NTC003,ESK1,F5,10,ZAR,13966238.45,13870860.95,13925999.05,15565772.42,13785236.78,15135453.49,15146475.93,14723106.93,15254222.08,14272663.45,14914244.44,14357945.37,13775278.9,13744912.46,14485602.26,13813373.65
100,0L,1200,2025,530100,NTC003,ESK1,F1,10,ZAR,2508038.27,2373459.01,2488678.21,2277497.25,2272664.23,2213104.87,2253023.41,2297283.98,2450148.11,2362868.53,2187239.38,2404911.99,2475801.42,2350360.16,2555951.87,2445617.32
100,0L,1200,2025,530100,NTC003,ESK1,F2,10,ZAR,9138150.66,8172087.26,8801700.22,8236043.15,8796480.65,7873240.08,7811966.96,7802142.51,8533316.5,9080595.55,8694740.54,7983362.78,8499985.27,8574106.0,9134624.91,8954729.14
100,0L,1200,2025,530100,NTC003,ESK1,F3,10,ZAR,16134974.55,17145674.13,16234353.69,16173590.96,15266383.42,14879623.04,16401120.64,14963418.34,15828652.78,14717435.32,14852920.33,16959672.77,16960229.54,15122416.42,16182820.64,15828405.51
100,0L,1200,2025,530100,NTC003,ESK1,F4,10,ZAR,10765078.47,9634424.42,10178961.48,9732668.79,10833927.33,9710838.7,10256352.0,10450901.52,10692500.84,10501062.1,9921214.87,10161641.64,10391195.57,9941749.89,10444996.94,10034264.92
100,0L,1200,2025,530100,NTC003,ESK1,F5,10,ZAR,14603078.41,14666319.93,14285876.0,14480133.38,15856561.19,15534487.31,15798829.2,15650838.62,14122218.17,16301282.97,14905172.37,15950698.54,15794676.92,14712140.53,16265176.21,13963539.79
100,0L,1200,2025,540100,NTC003,ESK1,F1,10,ZAR,4650919.76,5061575.83,5159146.62,4582375.58,4556789.38,4524073.68,4590377.72,4761932.93,4866674.74,4987169.24,5010408.67,4796658.35,4923445.41,4458900.74,4995986.67,5079676.28
100,0L,1200,2025,540100,NTC003,ESK1,F2,10,ZAR,2917474.36,3250873.15,3096951.87,2853376.79,3195943.8,3173934.96,3042786.54,3123448.63,3132463.7,3195026.52,2791760.78,2894029.49,3188184.69,2878322.52,3088353.82,2959599.17
100,0L,1200,2025,540100,NTC003,ESK1,F3,10,ZAR,14476083.13,15770947.71,15994394.0,14780216.46,14217901.13,16273689.25,14453109.22,15859899.16,15766709.07,15305792.62,14605740.26,14527310.96,14226675.36,16647063.12,14236680.29,15666991.28
100,0L,1200,2025,540100,NTC003,ESK1,F4,10,ZAR,9339283.05,9457308.04,8192561.76,8446418.57,8612302.82,9487957.35,8579329.48,8345141.69,8926005.17,9359666.15,8501091.14,8442000.42,8820236.98,8688781.92,9167716.51,9268371.2
100,0L,1200,2025,540100,NTC003,ESK1,F5,10,ZAR,7491329.91,7638133.85,7316368.18,7669531.1,7632809.98,6735743.37,7619074.64,7400986.35,7090209.77,7387650.97,6776389.97,7594676.92,6602922.09,6821985.4,7522943.88,7461089.3
100,0L,1200,2025,150100,NTC003,ESK1,F1,10,ZAR,4192768.82,3961284.57,4509643.06,4447452.34,4338555.32,4253289.27,4281468.45,4023125.39,4262070.57,4323062.75,3991955.12,4624447.22,4175801.47,4486044.8,4596093.95,4559004.04
100,0L,1200,2025,150100,NTC003,ESK1,F2,10,ZAR,12676648.74,13358112.54,13566506.05,14504225.12,13338105.31,14082263.68,12689778.1,13115094.27,13622320.88,13965423.08,14467632.61,13833823.62,12900063.88,13406786.94,14463547.51,14090603.71
100,0L,1200,2025,150100,NTC003,ESK1,F3,10,ZAR,7593355.26,7686985.17,7995214.94,8769245.09,7837567.11,8230467.16,8363673.23,8173468.17,8776133.01,7614988.67,8439158.82,8064647.01,8491807.95,8510460.38,7726580.17,8372294.97
100,0L,1200,2025,150100,NTC003,ESK1,F4,10,ZAR,8363180.8,8366821.99,8967218.23,8911070.6,8499659.65,8199819.61,8005363.67,8279766.15,8082796.77,8942820.84,8818420.4,8950731.27,7869406.85,8179583.56,8006928.85,8572400.56
100,0L,1200,2025,150100,NTC003,ESK1,F5,10,ZAR,4504145.2,4848378.95,5012017.66,4711383.41,4642527.55,4392880.35,4578543.57,5055651.86,5082023.28,4850071.65,4960011.76,4787425.83,5069011.62,4440878.46,4982536.35,4797973.79
100,0L,1200,2025,150200,NTC003,ESK1,F1,10,ZAR,12073031.15,12499810.94,12455589.87,12777338.79,13528383.81,12419373.86,13405238.16,11990756.53,11664785.46,13515032.55,12189677.37,11728840.9,11746397.55,13269131.98,12346614.22,12976271.99
100,0L,1200,2025,150200,NTC003,ESK1,F2,10,ZAR,5373540.67,5425778.33,5286390.75,5469131.76,5466797.47,5401620.16,5059571.84,5065001.24,5673778.28,5075438.25,5518291.98,5539568.75,5593961.4,5703819.61,5444559.59,5352275.76
100,0L,1200,2025,150200,NTC003,ESK1,F3,10,ZAR,2513731.96,2530146.38,2534645.18,2827470.3,2525665.53,2765446.39,2531241.56,2755700.99,2729803.7,2706028.0,2638758.4,2707596.66,2749501.79,2530920.16,2614848.21,2653996.56
100,0L,1200,2025,150200,NTC003,ESK1,F4,10,ZAR,10705031.8,10590236.88,9474614.1,10943846.22,10269239.5,10720348.42,10880537.07,10386073.7,9546052.61,9948681.47,10797095.97,10553970.58,10851827.27,10251107.12,9576771.85,10935745.15
100,0L,1200,2025,150200,NTC003,ESK1,F5,10,ZAR,17449252.66,16243843.29,17684669.32,18247741.42,17342104.2,16053237.31,17487116.77,16287788.91,17488228.73,17004320.74,18051396.45,17685315.57,17858812.38,17842781.12,17001497.99,18273382.99
100,0L,1200,2025,150300,NTC003,ESK1,F1,10,ZAR,8032082.71,7499132.78,7767758.17,7974750.86,7866749.92,8081984.22,8635053.02,7889822.95,8113578.94,7497736.99,8053635.88,7800023.9,8587698.96,7420682.39,8038790.51,8074898.93
100,0L,1200,2025,150300,NTC003,ESK1,F2,10,ZAR,14381722.93,15228030.41,15531063.88,14598645.83,16265714.63,14681224.84,14204221.51,14373148.73,15625995.53,14536628.5,14603300.29,16596431.3,15276352.04,15468531.11,14171926.01,15323624.54
100,0L,1200,2025,150300,NTC003,ESK1,F3,10,ZAR,15493189.79,15239491.18,17466626.23,14950697.17,17108460.73,15394497.0,15663249.07,16399628.71,15629524.9,15574675.58,16235215.68,15414036.28,15610745.18,17228786.03,16172452.13,15372897.54
100,0L,1200,2025,150300,NTC003,ESK1,F4,10,ZAR,5929208.55,5443350.41,5300418.34,5206473.95,5172041.0,5922204.0,5216884.12,5804696.58,5481315.39,5314721.35,5195720.9,5196422.95,6012291.9,5827917.56,5516957.36,5684797.55
100,0L,1200,2025,150300,NTC003,ESK1,F5,10,ZAR,17192175.11,16834913.74,15638814.92,17653591.99,16761048.92,17823625.29,15726912.05,16496484.57,17748188.4,16455575.71,17148673.56,16692465.87,16331879.28,16091593.07,17396652.54,16768967.69
100,0L,1200,2025,500100,NTC004,ESK1,F1,10,ZAR,7749052.1,7657691.92,7205538.42,8907573.28,9581195.37,7527163.65,7521900.39,7662464.73,7574193.3,8292451.84,7231517.71,8154714.54,7522325.58,7264916.81,8021806.02,7564089.11
100,0L,1200,2025,500100,NTC004,ESK1,F2,10,ZAR,8003945.58,8683874.98,9200242.17,9718017.37,11109812.92,8338923.58,7953067.2,8126157.21,8366347.16,8270332.0,8675151.32,8098598.97,9038170.71,9198131.78,8699665.94,8479475.52
100,0L,1200,2025,500100,NTC004,ESK1,F3,10,ZAR,15499105.2,14033672.87,14755075.04,17835888.47,17199018.9,15680391.42,14273981.06,15850945.33,15184907.67,15856051.57,14530671.67,14524259.61,15002090.3,13800337.41,15061018.43,14884257.55
100,0L,1200,2025,500100,NTC004,ESK1,F4,10,ZAR,6444347.39,6006539.71,6274937.79,8058185.1,7913451.67,6368086.17,5770301.43,5913594.9,6641123.35,6064624.18,6266848.27,6147567.18,6624336.62,6573813.16,5829419.0,6013660.55
100,0L,1200,2025,500100,NTC004,ESK1,F5,10,ZAR,18272673.91,19958705.86,18617919.96,21734987.92,22569382.62,19634840.16,20094494.0,18333506.12,19001236.79,19553595.96,20014349.88,18025319.49,18688045.15,17980603.13,20163456.99,20490602.93
100,0L,1200,2025,500200,NTC004,ESK1,F1,10,ZAR,4372924.72,4191306.87,4322940.33,5330490.78,5445507.07,4017184.55,4078314.57,4529039.29,4173014.91,4438735.28,4034748.27,4088671.96,4313957.28,4300947.98,4038835.72,4333204.21
100,0L,1200,2025,500200,NTC004,ESK1,F2,10,ZAR,12603635.18,12369094.32,11840931.21,16120929.15,14743900.18,11691922.1,11633402.86,13096605.37,11652522.27,13200660.29,12489635.59,13249429.05,13128160.46,11720726.31,11621926.42,12582665.7
100,0L,1200,2025,500200,NTC004,ESK1,F3,10,ZAR,3411254.92,3626820.46,3134874.79,4355829.11,3963289.54,3544446.77,3153644.37,3400046.91,3243741.18,3133263.55,3476008.3,3643769.98,3237855.67,3659426.01,3139915.86,3310095.26
100,0L,1200,2025,500200,NTC004,ESK1,F4,10,ZAR,9273507.52,8800752.65,9629103.56,11021411.27,12192597.43,9713105.23,9037730.51,8843289.4,9169645.15,9014087.24,9581296.04,9120920.04,9743754.63,8692672.71,9420641.83,9207194.65
100,0L,1200,2025,500200,NTC004,ESK1,F5,10,ZAR,15233456.4,14649249.56,15884453.39,18938479.03,20239265.41,15607820.25,15220623.92,16601281.59,15399659.86,15711049.48,15482937.87,16035008.97,16278284.66,16366612.05,16092526.21,14497779.17
100,0L,1200,2025,500300,NTC004,ESK1,F1,10,ZAR,14122890.69,14790964.96,13933289.51,15761166.62,17650809.38,14268271.56,14935259.0,14836898.04,13049457.57,13107666.74,13719603.56,14826840.94,14185668.72,13789165.37,13750482.17,14569301.6
100,0L,1200,2025,500300,NTC004,ESK1,F2,10,ZAR,11582403.05,9912581.28,10183063.62,12886512.16,12194827.66,10409411.93,11233041.34,11427209.19,9996229.74,9935900.08,11074382.77,10794522.17,11234885.49,10827257.79,10671256.9,10338829.65
100,0L,1200,2025,500300,NTC004,ESK1,F3,10,ZAR,10628583.14,9367420.11,9462884.89,12954034.32,11951966.19,10480469.35,10614319.32,9983782.28,10687789.87,10707779.01,10516120.54,10496311.32,10290503.2,10732171.75,10602495.43,9860191.87
100,0L,1200,2025,500300,NTC004,ESK1,F4,10,ZAR,14663572.24,14107945.55,15720807.17,19090498.95,17767372.65,16109576.97,14820369.48,14791966.61,14005522.49,14260252.54,14438520.85,14424697.31,14987286.24,14144375.46,15981379.49,15455945.43
100,0L,1200,2025,500300,NTC004,ESK1,F5,10,ZAR,4531447.32,4481619.54,4469668.28,5601599.96,5369589.79,4587033.89,4903726.75,4861454.72,5090708.57,4671029.45,4544626.2,4410589.15,4781144.24,4484151.62,4734182.24,4865207.16
100,0L,1200,2025,510100,NTC004,ESK1,F1,10,ZAR,7082539.52,7100301.81,7691959.08,7551553.53,7347691.61,7524898.52,6978312.09,6717738.15,6712925.18,6601060.23,7621400.47,7468260.72,7247416.7,7531801.6,6807203.57,7681715.97
100,0L,1200,2025,510100,NTC004,ESK1,F2,10,ZAR,9929761.52,10337132.68,10825776.3,10527049.42,10542259.48,10975453.84,10237837.63,10967002.61,9969174.1,10875469.18,9755071.17,10525694.66,10275192.66,10118876.36,10967998.98,9923155.14
100,0L,1200,2025,510100,NTC004,ESK1,F3,10,ZAR,6404403.11,6516152.05,6846635.55,6140338.2,6076924.39,6803244.86,6306750.44,7048194.08,7050998.3,6683498.53,7003815.67,6953235.08,6161371.38,6606928.49,6091463.81,6476222.18
100,0L,1200,2025,510100,NTC004,ESK1,F4,10,ZAR,12171397.99,11235880.28,12092865.17,11780165.85,11978833.6,11278280.48,11034826.73,11531834.31,11077462.15,11012392.29,11006639.35,11769926.44,10741924.33,11265593.67,11844600.47,12181077.89
100,0L,1200,2025,510100,NTC004,ESK1,F5,10,ZAR,4054078.55,3807141.8,4361395.96,4219664.93,3815819.67,4101508.12,4184663.09,4360855.37,4150417.32,4271978.91,4435904.23,4191543.29,4252490.05,3928230.71,4429299.32,4413715.67
100,0L,1200,2025,520100,NTC004,ESK1,F1,10,ZAR,2681111.46,2715464.31,2878830.29,2799026.5,2729937.69,2847746.89,2613409.39,2717933.79,2598641.89,2565932.08,2590748.08,2759855.92,2529647.97,2830813.48,2542263.8,2805013.58
100,0L,1200,2025,520100,NTC004,ESK1,F2,10,ZAR,8748679.73,7722579.2,7941921.75,8693845.84,8689033.89,8780153.36,7923609.71,7809596.24,7790874.52,8617128.75,8164497.79,7988270.24,8952171.99,8254298.26,8430523.08,7756793.91
100,0L,1200,2025,520100,NTC004,ESK1,F3,10,ZAR,4210380.84,3943150.83,3850852.78,4052887.22,3986517.22,3919016.45,3615397.97,3709394.26,4004061.47,3993096.87,3873411.79,3926744.01,3954546.87,3834163.99,3666495.79,3688545.5
100,0L,1200,2025,520100,NTC004,ESK1,F4,10,ZAR,4325711.48,3885991.19,3748762.56,3966983.01,3741540.49,3932985.3,4295215.26,4230222.58,4118632.66,3920811.51,4076785.57,4082243.66,3693437.97,3856448.57,4286159.49,4133840.24
100,0L,1200,2025,520100,NTC004,ESK1,F5,10,ZAR,5036912.31,5217903.29,5103270.33,5217646.61,4974567.11,4974937.05,5140733.81,5220134.48,5017578.82,4939238.9,5257745.52,5350113.92,5133637.22,4753128.94,5307782.19,4929826.92
100,0L,1200,2025,520200,NTC004,ESK1,F1,10,ZAR,13856351.74,12828900.62,12335519.74,12275011.52,14115988.74,12186132.65,13579984.81,13544581.63,14093303.54,13628768.9,12488828.74,14135612.39,12149104.49,14246748.72,13075982.95,12626913.25
100,0L,1200,2025,520200,NTC004,ESK1,F2,10,ZAR,9801816.3,9235944.82,9365964.19,9466758.49,9375914.59,10091647.3,9738299.25,9423540.95,9708732.95,9893801.64,9341951.85,8826366.11,9633875.54,9709691.81,9537085.87,8985920.03
100,0L,1200,2025,520200,NTC004,ESK1,F3,10,ZAR,9607844.16,9575586.04,9642996.81,9968977.36,9863666.18,8737317.36,9961213.33,8897670.13,9440393.22,9243537.95,9695311.16,9901352.73,8725025.81,9060472.0,9391838.81,9723425.78
100,0L,1200,2025,520200,NTC004,ESK1,F4,10,ZAR,8624213.1,9496291.53,9385115.54,8806519.69,8858299.77,9584612.23,8861926.46,9037814.88,9017711.03,9057157.0,9342047.96,8768554.07,9488243.17,8369855.96,9481228.71,8422459.4
100,0L,1200,2025,520200,NTC004,ESK1,F5,10,ZAR,19297364.87,18459657.36,17704934.31,16935245.71,18733886.18,17648295.57,17750505.28,17290998.67,18915542.63,16563638.88,17040621.64,16566174.71,18378801.57,16588552.18,17233020.46,19290054.03
100,0L,1200,2025,530100,NTC004,ESK1,F1,10,ZAR,10210707.97,10806827.18,10288615.61,10340039.47,9536115.67,9877025.29,10530929.05,10420278.13,9613032.83,10950530.79,10774583.86,10856377.42,10911595.44,9626188.43,9968658.68,9867237.88
100,0L,1200,2025,530100,NTC004,ESK1,F2,10,ZAR,16490880.53,16323927.18,17248141.45,18268691.51,16333540.83,17272631.66,18047007.66,16465263.52,15856453.35,17346059.34,16920890.62,15664088.88,18169895.25,15760944.2,17465184.03,16862158.97
100,0L,1200,2025,530100,NTC004,ESK1,F3,10,ZAR,3183986.48,3153691.85,3007769.01,3035291.93,3453428.26,2976251.82,3045045.5,3378959.07,3468237.49,3060765.48,3054418.83,3089467.46,3221274.65,3303800.08,3396693.68,2957113.42
100,0L,1200,2025,530100,NTC004,ESK1,F4,10,ZAR,8692663.55,9686746.93,10095083.35,9920792.82,9609481.75,9626575.02,9349531.14,8977349.37,9718866.87,8795442.82,9606874.51,9289731.65,9635573.59,8930891.06,9940973.53,9936024.78
100,0L,1200,2025,530100,NTC004,ESK1,F5,10,ZAR,3183529.08,3261762.07,3085210.39,2899485.9,3050690.49,3040336.19,3164986.32,3014168.14,2899241.11,3279452.87,3024950.55,2958694.93,3246544.88,3058647.42,3212829.82,3289168.81
100,0L,1200,2025,540100,NTC004,ESK1,F1,10,ZAR,2326933.07,2351454.05,2395855.15,2457107.68,2348177.42,2465470.75,2627130.61,2447722.12,2576736.49,2302836.9,2408883.16,2371034.48,2601846.54,2275465.71,2374658.77,2264990.41
100,0L,1200,2025,540100,NTC004,ESK1,F2,10,ZAR,12226882.04,13065720.44,13399471.27,11777412.43,12177560.4,12193850.58,12247846.29,13200336.25,12716826.11,11788452.58,13201999.13,13202585.98,11970280.82,12109590.59,11631644.01,12823904.04
100,0L,1200,2025,540100,NTC004,ESK1,F3,10,ZAR,15528730.37,16189271.62,16575948.39,15329295.27,15411988.22,14725392.13,16089599.6,15179551.85,15637409.42,15826989.48,16523936.85,14850393.45,15856187.73,16529172.84,17060844.77,16069319.39
100,0L,1200,2025,540100,NTC004,ESK1,F4,10,ZAR,9765185.58,9009924.96,8793874.47,9491374.59,9186954.14,9157206.2,9204543.33,9656502.43,9707183.27,8738187.22,9262033.07,9309291.74,8964981.15,9486565.59,9004282.47,9980630.49
100,0L,1200,2025,540100,NTC004,ESK1,F5,10,ZAR,13327079.68,13853585.32,12993167.13,14019021.16,12807269.26,12435410.93,12351768.23,13855380.35,13740481.92,13496816.57,13725785.71,13314238.7,13467024.63,12634877.73,12270437.78,13373397.96
100,0L,1200,2025,150100,NTC004,ESK1,F1,10,ZAR,14666612.13,14343023.96,14315327.93,14618464.53,15229546.78,15354412.32,14555735.93,13567057.13,15406829.01,13658384.53,15813070.57,14386617.37,14170130.36,14869293.63,15785560.24,14310942.88
100,0L,1200,2025,150100,NTC004,ESK1,F2,10,ZAR,3969494.12,4187978.38,3807388.41,4093501.8,4382169.33,4453667.4,4236377.92,4104679.39,3903892.14,4185414.82,4015375.46,3936432.95,4142598.02,3865837.19,4394732.0,4052795.06
100,0L,1200,2025,150100,NTC004,ESK1,F3,10,ZAR,10225160.13,10454308.21,10811447.13,10331785.54,10172262.13,9935256.45,10653558.49,10401204.34,11047798.31,10066072.96,10392568.38,9967628.92,11476922.25,10983559.26,10745638.61,11113448.11
100,0L,1200,2025,150100,NTC004,ESK1,F4,10,ZAR,10800344.0,10769351.52,11865391.76,12537922.69,11420043.84,11165797.34,11965430.82,11229322.18,10808334.2,10830219.96,12401791.48,11199282.84,11790193.91,12501574.09,12221295.98,10919515.86
100,0L,1200,2025,150100,NTC004,ESK1,F5,10,ZAR,8811852.94,9172626.51,9355919.91,10195451.97,10157285.39,9863608.6,9414680.51,9931851.26,9497209.77,9032730.48,8923864.18,9868524.07,10137059.31,10177961.27,9500066.28,10188609.81
100,0L,1200,2025,150200,NTC004,ESK1,F1,10,ZAR,8900978.7,8679604.68,8849267.24,8252649.95,8653763.44,8472079.3,9001226.66,8883207.41,9263209.72,8468816.56,8842146.67,8186857.82,9338049.81,8796983.12,8714000.84,8916124.19
100,0L,1200,2025,150200,NTC004,ESK1,F2,10,ZAR,13987231.21,14839293.81,14167879.94,15541377.24,13786294.2,14716730.17,14154045.39,14430427.46,14280712.88,15241832.51,13658208.77,14179719.84,15678832.3,13907036.65,13652250.6,15579661.01
100,0L,1200,2025,150200,NTC004,ESK1,F3,10,ZAR,17386278.41,17843998.07,16675617.27,18356496.06,17024533.36,17054705.4,17507858.36,15933228.99,17190520.36,17105744.62,17869214.61,16777744.67,17345325.4,17828666.72,17917701.24,16534006.74
100,0L,1200,2025,150200,NTC004,ESK1,F4,10,ZAR,2835001.1,2940055.78,2893091.43,2640185.43,2904291.3,2756565.73,3003077.9,2613503.71,2965657.77,2685087.57,2939108.23,2689430.12,2962136.66,2621561.12,2611894.84,2682975.69
100,0L,1200,2025,150200,NTC004,ESK1,F5,10,ZAR,17787247.44,17565478.36,17845642.03,16952678.89,19270650.29,17458538.59,18754782.65,17169061.74,19515229.09,18261176.2,17511636.81,17243252.56,17333890.47,17805496.44,18012960.0,19593248.47
100,0L,1200,2025,150300,NTC004,ESK1,F1,10,ZAR,17168142.04,15132671.13,17295874.33,15160803.85,16106228.18,15433208.62,15862482.95,14869175.8,15567175.46,16921503.37,16889900.38,17043284.08,15871549.45,17002673.65,16165646.93,15328508.3
100,0L,1200,2025,150300,NTC004,ESK1,F2,10,ZAR,11418145.01,11531085.14,10349416.31,10899482.82,11463536.01,11321661.58,11057101.07,11624447.87,11275020.86,11050050.26,11682555.11,10896684.3,10753319.42,11669638.21,11176598.0,10879901.37
100,0L,1200,2025,150300,NTC004,ESK1,F3,10,ZAR,15363342.87,15918845.13,16665421.71,14698289.07,14827110.95,14704026.97,15870743.46,16884886.2,16639178.33,15506414.41,15470871.54,17008067.89,14862221.97,16009792.88,15673106.65,14857090.57
100,0L,1200,2025,150300,NTC004,ESK1,F4,10,ZAR,8752565.9,8704918.46,8769766.23,8702820.29,8984751.93,9452198.23,8610397.81,9199325.02,8311721.74,8205198.85,8505114.72,9054015.74,8446106.87,8352637.71,8521770.95,8732419.39
100,0L,1200,2025,150300,NTC004,ESK1,F5,10,ZAR,15611254.48,15468841.3,16042755.16,15714259.09,14093957.79,14907432.79,15970271.34,14402782.1,14668713.6,15162412.77,15260630.54,15244682.5,15528547.35,14661165.29,14349806.22,14715661.72
100,0L,1300,2025,500100,DX001,ESK1,F1,10,ZAR,14576868.92,16147527.12,15346145.04,16880347.32,17741459.39,14163934.94,14482161.53,14990014.57,14613781.74,14482907.65,14142065.14,13858992.85,14403077.14,15356397.85,16128734.28,15210089.61
100,0L,1300,2025,500100,DX001,ESK1,F2,10,ZAR,14706459.85,14686697.28,13057229.3,15728964.77,18031676.29,14792466.35,13464095.18,13031849.47,13828588.2,12934463.32,12752676.55,13958723.62,13135090.82,14641813.13,14107560.13,13505559.84
100,0L,1300,2025,500100,DX001,ESK1,F3,10,ZAR,16400016.41,15917493.98,17024183.67,20246215.5,18262208.15,17554629.59,15816989.3,16088520.44,15953408.4,16015035.76,16621905.84,15362241.12,16356984.01,16213614.14,15965221.78,17406357.37
100,0L,1300,2025,500100,DX001,ESK1,F4,10,ZAR,15221681.76,14385511.45,15804420.34,19068028.81,19079349.36,14453271.84,13964209.25,13766435.73,13984112.55,13745710.43,14319038.38,14166728.25,14472907.94,14440889.82,14505682.59,15007164.83
100,0L,1300,2025,500100,DX001,ESK1,F5,10,ZAR,10144671.28,9705072.78,10163775.58,11720770.53,11921441.14,9317096.51,10168799.87,9226316.83,9277926.09,9266325.24,10221365.87,9981423.21,9090926.49,9023327.35,10001291.89,9225042.66
100,0L,1300,2025,500200,DX001,ESK1,F1,10,ZAR,14373875.87,14425962.12,13715704.03,18460068.06,17312827.17,15680562.11,15860794.34,14804109.47,15421702.32,14551497.7,14137614.79,13619435.45,15563603.35,14120273.17,13779618.34,13750808.57
100,0L,1300,2025,500200,DX001,ESK1,F2,10,ZAR,9749180.73,9081655.61,9568142.57,11998526.54,12724042.34,10105200.93,10067399.14,10296375.91,10074330.79,9360583.21,9686986.5,10293715.85,9133316.44,9601446.05,9783124.65,9708914.75
100,0L,1300,2025,500200,DX001,ESK1,F3,10,ZAR,17936947.38,17544183.73,15504778.07,20909345.83,19068775.25,17458794.32,15594680.82,17644058.97,15636038.03,16729572.68,17665031.61,16539040.7,15959133.26,16372057.43,17101368.21,15808866.53
100,0L,1300,2025,500200,DX001,ESK1,F4,10,ZAR,10781875.17,10283810.78,10335142.02,13375777.22,14056586.59,11917348.97,10958222.54,11695586.25,11037638.38,10411507.52,10227337.41,11762316.57,10251003.58,10708195.53,11926264.48,11405347.28
100,0L,1300,2025,500200,DX001,ESK1,F5,10,ZAR,6613087.58,6630174.56,6383472.68,8391586.26,8500445.55,7296839.12,6500901.06,7074549.31,6655424.07,6876493.84,7000109.76,6688155.34,6725009.92,7254374.14,6217355.71,6895207.48
100,0L,1300,2025,500300,DX001,ESK1,F1,10,ZAR,12961750.75,12900186.24,12880550.19,15810969.52,14901841.98,12159066.61,12179758.23,12787633.24,11496032.14,12992203.8,12620857.42,11415634.49,12196330.86,11264363.25,12639691.19,12839306.04
100,0L,1300,2025,500300,DX001,ESK1,F2,10,ZAR,15263210.49,13678717.06,14327404.0,18294740.18,17377077.5,14922851.6,13872831.22,14988584.1,13374198.69,13909707.47,14880767.35,15466867.92,15311422.69,15040890.97,13966879.84,14361018.29
100,0L,1300,2025,500300,DX001,ESK1,F3,10,ZAR,7435080.66,7243770.95,7436750.16,9830178.78,9846895.25,7191145.61,7840216.29,7760009.25,7775209.01,7037275.52,7866675.09,7455401.96,7653821.75,8032746.11,7504657.79,7861935.71
100,0L,1300,2025,500300,DX001,ESK1,F4,10,ZAR,3172786.43,3133620.55,2932183.52,3999936.13,3854377.33,2998325.24,2960098.66,3272090.6,3243710.1,3129064.99,3103021.19,3166819.88,2917383.63,2858234.25,3266733.17,3236827.03
100,0L,1300,2025,500300,DX001,ESK1,F5,10,ZAR,4727513.59,5462490.81,5169875.35,6705506.92,5932272.44,5476513.5,5371699.06,5493373.68,5388120.48,4753357.11,5071563.77,4903461.43,5055663.29,5169792.16,4995957.81,5420069.73
100,0L,1300,2025,510100,DX001,ESK1,F1,10,ZAR,9085278.56,9619801.07,9725282.54,8894556.77,9987618.97,9964371.98,9790233.5,9862851.76,10011092.61,9637981.28,9297637.41,9358501.12,9657196.22,9970671.34,9612904.78,9161248.7
100,0L,1300,2025,510100,DX001,ESK1,F2,10,ZAR,7815602.46,8552810.49,7976359.12,8638611.53,8349308.75,8563731.49,8016305.48,8241759.94,7552241.45,8072975.72,7843938.28,8382102.98,7747824.7,7562860.24,8243763.77,8001460.32
100,0L,1300,2025,510100,DX001,ESK1,F3,10,ZAR,8467043.63,8802834.09,8357694.37,9441914.75,9369983.23,8943271.9,8086869.0,9039806.55,8874170.83,8587924.68,8329653.89,8353515.46,9384759.93,8734016.3,9265767.68,8927534.41
100,0L,1300,2025,510100,DX001,ESK1,F4,10,ZAR,15260740.79,15230171.88,15276738.16,16104990.46,14238848.58,15562678.86,14164469.54,14922289.45,13963339.4,15676116.2,14405378.72,15577570.11,13936092.79,15995256.0,14143479.57,13998349.08
100,0L,1300,2025,510100,DX001,ESK1,F5,10,ZAR,12638143.24,14389383.19,13158697.35,13933117.2,14512609.01,14239723.56,14388992.14,13767204.08,12812279.12,13498145.13,14623403.57,13129677.6,14564536.24,13954618.34,13991854.27,14416211.14
100,0L,1300,2025,520100,DX001,ESK1,F1,10,ZAR,8052002.95,8209108.34,7713422.14,7487449.44,7737930.01,7645432.26,8059528.58,7669497.0,8151117.72,7475941.63,8148106.96,7405485.97,8128010.28,8204381.96,8227871.78,8251079.75
100,0L,1300,2025,520100,DX001,ESK1,F2,10,ZAR,4587519.67,4839913.38,4660797.12,4842554.44,4602023.35,4339874.19,4361209.14,4608141.41,4735843.89,4560365.03,4251774.05,4549070.66,4401947.59,4535401.95,4446592.41,4808151.09
100,0L,1300,2025,520100,DX001,ESK1,F3,10,ZAR,17885948.76,16091755.57,17680649.93,17988899.89,16772816.12,17488379.25,16796046.25,18709055.5,16958385.93,16664333.62,18737104.77,17315203.23,17614176.37,17933413.78,16040347.14,17507104.72
100,0L,1300,2025,520100,DX001,ESK1,F4,10,ZAR,7364017.11,6935636.19,7333624.54,6897151.04,8028279.17,7692267.77,7952292.54,7998959.24,7529076.62,7732185.95,7183963.1,7999969.69,8021141.63,7601265.26,7202980.87,7697496.05
100,0L,1300,2025,520100,DX001,ESK1,F5,10,ZAR,14993090.35,15343460.56,15765707.5,15410868.91,15654634.09,15309226.89,14919091.51,15030123.8,13868922.65,15896438.26,15444531.66,14780216.95,13787278.36,14139305.47,14082608.64,14430095.74
100,0L,1300,2025,520200,DX001,ESK1,F1,10,ZAR,12821933.41,11271569.3,11691414.13,12797006.53,12197961.02,11932458.4,12456734.11,11325793.72,12227871.94,12828379.7,12185347.41,12345766.43,12175763.11,12142145.85,11401041.66,12914248.28
100,0L,1300,2025,520200,DX001,ESK1,F2,10,ZAR,5611663.9,5612239.7,5550751.58,5366582.48,5430243.8,5678018.31,5772511.47,5896787.09,5484741.39,5240149.72,5395859.31,5482685.09,5862771.6,5763075.79,5887010.46,5634407.78
100,0L,1300,2025,520200,DX001,ESK1,F3,10,ZAR,10012781.15,9743833.61,10240338.22,10369547.18,9568322.33,9777552.35,10862155.28,10701207.75,10436869.26,10372362.53,10217628.14,10909694.36,10093296.39,10757716.15,9555507.84,10959386.02
100,0L,1300,2025,520200,DX001,ESK1,F4,10,ZAR,9149682.16,9518024.55,9339152.29,9212466.98,9005292.57,9816294.77,8863740.3,9640356.45,9427390.09,9657065.79,9365563.45,9711542.87,9036844.84,8947563.34,8906119.82,9627956.83
100,0L,1300,2025,520200,DX001,ESK1,F5,10,ZAR,8762509.4,8471299.63,8485057.73,9138222.53,8603881.95,8164153.78,8703078.62,7893874.5,8999235.6,8188465.52,8097856.07,8452168.69,8202873.6,9161046.47,9185933.39,8433680.54
100,0L,1300,2025,530100,DX001,ESK1,F1,10,ZAR,2348680.52,2190238.24,2159144.0,2184695.02,2318462.55,2293637.4,2128277.04,2185499.16,2449229.27,2344950.49,2416424.7,2393214.42,2143911.86,2164561.33,2296551.24,2426255.1
100,0L,1300,2025,530100,DX001,ESK1,F2,10,ZAR,3362677.08,3675842.91,3530414.91,3384281.94,3235118.91,3380203.82,3697691.96,3232986.85,3347561.34,3487654.85,3335548.29,3224673.5,3419221.27,3636373.83,3253159.96,3614705.06
100,0L,1300,2025,530100,DX001,ESK1,F3,10,ZAR,9759666.22,9572618.28,9628970.81,10203765.01,10400799.18,9279577.26,9909520.95,10416074.63,9743861.65,10160593.69,10001672.87,9571789.11,9540929.84,9317571.64,10645810.27,9434426.21
100,0L,1300,2025,530100,DX001,ESK1,F4,10,ZAR,17998999.88,16967343.27,16806831.04,16242920.96,17832626.92,18016875.53,17896203.75,15702502.99,16609635.45,16920859.35,16951461.94,17428465.06,15917613.72,16130093.71,17949199.56,17980520.6
100,0L,1300,2025,530100,DX001,ESK1,F5,10,ZAR,20077087.76,18233040.91,19271465.9,18078258.78,19506629.05,18490360.7,18340088.59,19284423.58,20344055.1,20171547.47,19188926.94,18442168.01,19673437.86,19099546.79,20058467.05,18862615.59
100,0L,1300,2025,540100,DX001,ESK1,F1,10,ZAR,3587802.87,3670614.48,3404399.48,3780156.65,3269186.88,3490851.47,3703874.37,3619088.41,3243244.01,3785308.38,3638304.4,3459775.29,3438014.62,3353153.09,3328293.55,3795844.87
100,0L,1300,2025,540100,DX001,ESK1,F2,10,ZAR,13171514.99,12863207.09,13233527.06,12803695.26,12670973.51,13991811.88,12778513.15,13643247.7,14572114.95,12746760.86,12609287.88,14486478.48,13848013.19,13206481.23,13750171.74,14185990.93
100,0L,1300,2025,540100,DX001,ESK1,F3,10,ZAR,14048001.52,13381474.6,14742586.12,14132792.72,13102314.26,14521022.91,13750878.63,15040117.0,13344109.56,14482928.92,13279826.53,13482751.9,13955641.99,15034233.96,14969541.16,15088772.37
100,0L,1300,2025,540100,DX001,ESK1,F4,10,ZAR,4389377.36,4462512.19,4660857.41,4558016.16,4319626.66,4654110.22,4337978.87,4844601.02,4737464.93,4267238.28,4665211.7,4734962.85,4606316.83,4671046.16,4966569.27,4810070.02
100,0L,1300,2025,540100,DX001,ESK1,F5,10,ZAR,19256209.14,16843568.58,18123116.84,18475842.11,18965757.54,17363399.43,19105906.47,19228951.26,18992980.07,19110807.4,17919235.1,17765218.06,18075533.55,18443562.02,17008739.16,17099411.11
100,0L,1300,2025,150100,DX001,ESK1,F1,10,ZAR,1960574.08,1951558.56,2044319.31,2162775.95,1954511.47,2103945.11,1980178.07,2010429.96,2213492.7,2187903.48,1998798.14,2252847.0,2016434.23,2090699.13,1951798.15,2020104.79
100,0L,1300,2025,150100,DX001,ESK1,F2,10,ZAR,3924578.8,3811983.98,3968401.87,3783523.31,4195679.94,4162672.78,4207092.89,3938498.94,3999023.69,3871584.28,3631929.46,3631463.58,3717276.16,3813797.34,3647281.48,3769257.65
100,0L,1300,2025,150100,DX001,ESK1,F3,10,ZAR,6048109.29,6092391.93,6565603.26,6858358.18,6682711.84,6198893.73,6897637.7,6837239.5,6787581.62,6172083.81,5946362.44,5927826.63,6270142.68,6536357.33,5905435.9,6266376.59
100,0L,1300,2025,150100,DX001,ESK1,F4,10,ZAR,3565631.05,3751679.6,3938796.05,3555787.3,3810820.06,3986633.09,4074455.08,3750449.16,3760870.93,3549232.35,3794163.27,4080683.22,4075056.64,3713040.33,3597646.11,3803096.24
100,0L,1300,2025,150100,DX001,ESK1,F5,10,ZAR,3472032.96,3778408.92,3754867.07,3774009.9,3589237.14,3745974.43,3954193.2,3836521.47,3464679.91,3629845.68,3560647.22,3480388.95,3735643.65,3709458.28,3549903.6,3847356.62
100,0L,1300,2025,150200,DX001,ESK1,F1,10,ZAR,11841470.12,11902870.11,11951258.95,11605449.12,12182805.92,11920874.29,11500388.22,10927554.09,12647060.55,11230844.72,12145321.41,12186404.89,12026789.71,11396329.53,11474822.89,12528022.88
100,0L,1300,2025,150200,DX001,ESK1,F2,10,ZAR,13428089.14,13559073.39,13778893.21,13355400.06,12647167.85,12694915.13,13019613.52,12411865.74,14215246.49,13890356.34,13724959.7,12691348.89,14171105.07,12522838.02,14186180.15,14243765.99
100,0L,1300,2025,150200,DX001,ESK1,F3,10,ZAR,12433206.25,12444137.44,11949932.33,11986506.85,11413231.9,12094145.72,12092864.93,13227808.82,11380800.73,12534424.89,13143192.7,12901050.43,11370320.71,12785468.22,12818992.69,12851643.48
100,0L,1300,2025,150200,DX001,ESK1,F4,10,ZAR,5965538.54,5971579.15,6474771.0,6528964.03,5963809.21,6121253.78,5708836.0,6087020.27,6148994.18,6103773.75,6425262.95,5634171.56,5613979.24,6296768.98,6186936.48,6232795.53
100,0L,1300,2025,150200,DX001,ESK1,F5,10,ZAR,2306338.99,2245884.98,2257088.11,2542760.38,2575474.05,2364545.15,2468163.09,2544351.6,2476031.67,2395668.67,2385063.84,2516673.65,2485209.23,2505143.24,2319363.23,2256715.45
100,0L,1300,2025,150300,DX001,ESK1,F1,10,ZAR,9583636.67,8588922.01,9282593.47,9124532.64,9702759.06,9451080.57,9034837.28,9828384.28,9189930.91,8813503.06,8778772.51,9772246.96,9661243.45,9398380.21,8971375.82,9054760.92
100,0L,1300,2025,150300,DX001,ESK1,F2,10,ZAR,8976890.74,8206518.24,8352556.94,8651716.0,8635193.27,8201027.44,9392596.44,8927962.44,8182141.1,8606146.13,9543271.61,9082536.63,9125081.56,9002623.9,8483771.55,8415213.37
100,0L,1300,2025,150300,DX001,ESK1,F3,10,ZAR,12008643.41,13442838.51,12853040.74,13781322.56,11992349.26,13713010.79,13577908.26,13692526.67,12099867.33,13617950.69,12020062.97,12421246.95,13778902.81,13325147.98,13524737.8,12122595.36
100,0L,1300,2025,150300,DX001,ESK1,F4,10,ZAR,8037620.36,8272414.74,9115525.92,8220894.61,8155373.7,8948774.33,8511558.81,9201604.05,8174243.54,8975697.67,9050086.32,8372320.11,8484560.93,8790872.95,8531897.08,8311283.43
100,0L,1300,2025,150300,DX001,ESK1,F5,10,ZAR,18705732.27,18077481.2,16815877.33,18736573.09,18247787.83,16551878.47,17320064.91,16896891.19,18265886.41,16178918.23,17989095.51,15998460.98,16650587.59,16407845.95,18016803.65,17400577.23
100,0L,1300,2025,500100,DX002,ESK1,F1,10,ZAR,13598994.02,14333036.99,13884751.69,16492044.66,16834134.31,12977698.5,14668743.17,14721038.03,14621637.21,13453663.55,13721879.95,13009394.4,14055536.11,14471075.54,13286439.42,12978367.74
100,0L,1300,2025,500100,DX002,ESK1,F2,10,ZAR,4686377.52,4969590.24,4711740.65,5817582.74,5858995.01,5230180.2,5408653.93,4718297.56,5268972.29,5083428.48,5337413.62,5304413.08,4856599.28,5333754.24,4940121.32,4723932.25
100,0L,1300,2025,500100,DX002,ESK1,F3,10,ZAR,11034699.52,11181467.86,12243067.94,14482267.74,13804236.2,12510976.21,11736265.03,12482600.33,12413087.06,11986187.34,11526010.3,12061858.72,11661690.25,12219826.68,11203210.05,10768674.03
100,0L,1300,2025,500100,DX002,ESK1,F4,10,ZAR,6158409.22,6768558.12,6015299.67,8221125.59,8077496.25,6079640.43,5999953.44,5914511.66,6880501.19,6236519.69,6624819.53,6042315.49,6844080.5,6544676.97,6621614.13,6281303.78
100,0L,1300,2025,500100,DX002,ESK1,F5,10,ZAR,10308597.9,9804253.45,10098986.76,11848930.72,12611460.89,10811713.31,10069291.97,9726727.21,10946262.08,9954692.73,10022513.96,10405098.31,9761243.8,10871199.59,9755198.96,10736437.74
100,0L,1300,2025,500200,DX002,ESK1,F1,10,ZAR,11323649.65,10592394.95,10470917.8,12665492.63,13756247.55,10471176.29,10519584.38,10354929.44,11069344.92,10066983.97,11105824.56,11237855.55,10131193.66,10143541.56,10418893.8,10399726.38
100,0L,1300,2025,500200,DX002,ESK1,F2,10,ZAR,15792446.7,16717677.58,15180173.46,19133190.45,18982286.06,16244858.8,16060228.22,15481301.61,16017512.88,16347412.74,16317467.56,15289916.91,15092785.79,15803355.87,16597137.6,15190318.68
100,0L,1300,2025,500200,DX002,ESK1,F3,10,ZAR,3630234.78,3947484.42,3740079.12,4806745.63,5045114.55,4146024.86,4018184.31,3840182.49,3841044.52,3611047.86,3916653.51,3914030.57,3614802.59,4000154.9,4150203.05,3797652.0
100,0L,1300,2025,500200,DX002,ESK1,F4,10,ZAR,4701348.29,4135970.44,4590647.18,5646113.75,5004978.65,4755459.11,4180673.8,4575312.64,4472302.2,4173972.03,4590076.6,4126678.67,4352590.32,4273077.14,4671981.28,4532630.62
100,0L,1300,2025,500200,DX002,ESK1,F5,10,ZAR,19451780.09,19820445.83,19937041.69,24775370.86,22245876.49,17612386.81,17589182.45,17941596.67,19166157.78,20081715.06,20185341.96,20502052.42,20165806.99,18130447.48,18278453.78,19214371.68
100,0L,1300,2025,500300,DX002,ESK1,F1,10,ZAR,8929772.9,8271954.83,8194216.83,10220687.46,10460486.86,8785739.88,7719419.25,8057862.92,8393729.72,8722513.03,7900653.99,8792497.08,7729731.7,8562439.62,8907567.75,8675777.59
100,0L,1300,2025,500300,DX002,ESK1,F2,10,ZAR,16773903.08,17136766.66,15288642.78,20291312.57,18972726.76,15553141.52,15159994.43,16540664.98,15129748.73,16419199.53,16303986.01,17025709.61,15456594.7,16551662.91,15307826.11,16856484.77
100,0L,1300,2025,500300,DX002,ESK1,F3,10,ZAR,12229505.45,13555076.01,14223924.05,15084971.71,15564827.24,12894009.18,12707072.08,12232858.08,12391049.6,13556640.67,13282414.28,12164345.25,13101799.81,14107071.38,12790495.8,12670158.16
100,0L,1300,2025,500300,DX002,ESK1,F4,10,ZAR,13087929.69,13435048.84,11666284.59,16511854.74,15783305.52,13009239.67,11736256.31,12366151.85,12888089.33,12312092.08,12633894.4,12109134.59,11705111.69,12310542.41,12077486.78,12977652.85
100,0L,1300,2025,500300,DX002,ESK1,F5,10,ZAR,12847651.33,13531175.21,13000970.0,15446108.33,15825512.0,14146317.15,13277359.86,14025798.0,13358763.27,13777978.05,12133835.13,13144409.62,13320768.39,12334013.72,13928150.97,12540070.33
100,0L,1300,2025,510100,DX002,ESK1,F1,10,ZAR,10887265.83,10745087.51,11009163.54,11247250.63,10059049.41,11221263.71,10797263.01,10850062.75,10844293.74,11206647.88,11685621.99,11522925.49,10676781.09,11350167.31,10199041.93,10625416.07
100,0L,1300,2025,510100,DX002,ESK1,F2,10,ZAR,7172463.15,6608676.96,7278755.36,7011100.15,7172774.39,7284841.55,6499926.7,7243067.18,6913475.91,6730738.56,6951397.61,6483635.78,6328076.52,7201901.31,6253575.27,7019870.52
100,0L,1300,2025,510100,DX002,ESK1,F3,10,ZAR,6239490.33,6250895.26,5986439.9,6127313.44,5858045.26,5942410.42,5950779.36,6133373.46,5919878.77,6493465.44,6818555.65,6683998.45,6585286.52,6398931.99,6037716.11,5938691.34
100,0L,1300,2025,510100,DX002,ESK1,F4,10,ZAR,9693494.57,9572680.83,8648019.3,9326780.62,8941806.11,10034495.11,9384697.01,8793285.52,8908344.9,10029374.49,9003484.79,8723447.73,9372500.45,9578763.96,8667970.77,9640413.31
100,0L,1300,2025,510100,DX002,ESK1,F5,10,ZAR,12708659.83,12099672.14,12999239.1,13406699.85,12145276.64,13009451.89,12933306.06,12252293.7,13330855.49,13428903.11,12736418.53,13447318.7,12894683.87,12555087.78,12521232.45,13001045.83
100,0L,1300,2025,520100,DX002,ESK1,F1,10,ZAR,8869127.74,9547780.87,9520587.06,8748542.08,9444192.73,9508443.13,8841448.51,8881350.69,9580162.95,9144626.8,9847004.25,8966439.18,9603782.04,9826185.65,8791714.8,9370402.85
100,0L,1300,2025,520100,DX002,ESK1,F2,10,ZAR,3714791.1,3564192.0,3412870.55,3493663.04,3248727.24,3271799.9,3278868.72,3232895.64,3579620.4,3678520.29,3554044.51,3553832.19,3348585.31,3548080.3,3524966.6,3323670.04
100,0L,1300,2025,520100,DX002,ESK1,F3,10,ZAR,4512123.01,5041646.41,4960292.26,5044340.03,4859827.46,4795264.85,4867173.75,4874988.56,4586450.06,4489152.01,5145937.64,5047575.91,4852001.98,4553183.58,4971063.41,4697711.43
100,0L,1300,2025,520100,DX002,ESK1,F4,10,ZAR,4157335.87,4162615.2,4276974.17,4406259.12,4129948.93,3889768.7,4142023.14,3877212.53,4344307.08,3824675.66,4371038.78,3941363.98,4427138.71,3788021.06,3883069.98,3968742.13
100,0L,1300,2025,520100,DX002,ESK1,F5,10,ZAR,11739050.02,11507007.46,10919159.68,10737189.68,10625106.63,11077842.44,11858500.91,10870357.96,11145415.2,11765803.83,11181071.33,10348037.07,10940385.6,11112158.92,10548358.64,11311944.52
100,0L,1300,2025,520200,DX002,ESK1,F1,10,ZAR,11880936.67,13011525.11,11968552.53,13807296.67,13750920.78,12986752.53,13073737.53,12160735.13,12984475.41,12002477.77,13312267.93,12723471.58,12306251.02,13465373.92,12843067.53,13256102.72
100,0L,1300,2025,520200,DX002,ESK1,F2,10,ZAR,4952631.92,5028453.45,5198284.92,4842086.48,4738228.81,4993046.33,5070103.9,4976519.16,5258467.63,5259147.41,5023279.86,4910960.99,4686425.56,4634938.0,4750944.25,5184905.43
100,0L,1300,2025,520200,DX002,ESK1,F3,10,ZAR,8288762.66,9418981.78,9108315.6,9412283.62,8895186.9,9634478.27,8279960.84,9344629.2,9425640.7,8942347.37,9265898.95,9596933.9,9378228.94,8312166.24,8348791.65,8596985.59
100,0L,1300,2025,520200,DX002,ESK1,F4,10,ZAR,17769498.9,18004540.2,19003928.87,17072096.94,17969180.16,18289633.7,18667690.48,16284526.0,17592439.5,18685143.37,17537362.59,18826500.74,16757682.58,18408346.54,17069036.72,16455818.39
100,0L,1300,2025,520200,DX002,ESK1,F5,10,ZAR,17682903.26,19098133.12,17790105.01,17463025.34,19764987.44,17934872.56,17751039.42,19363008.64,19763624.27,18798981.44,18826016.07,18933509.37,18720892.14,18909102.99,19618975.77,18161680.17
100,0L,1300,2025,530100,DX002,ESK1,F1,10,ZAR,12073847.04,12712539.44,12868259.5,12207099.42,13358124.68,12526395.33,12614278.23,13196271.3,12449402.39,12029014.34,12902563.54,12179132.37,13532377.63,13412312.74,12609220.38,13675154.23
100,0L,1300,2025,530100,DX002,ESK1,F2,10,ZAR,2820069.55,2893435.87,2765613.43,2795293.35,2960876.42,2830665.05,2974810.16,2808482.9,3071773.58,2635321.75,2802933.13,2635782.6,3069375.33,2958627.43,2914195.36,2949987.78
100,0L,1300,2025,530100,DX002,ESK1,F3,10,ZAR,2356305.83,2012647.16,2260331.47,2256734.63,2101865.69,2117555.73,2331983.38,2277485.62,2195862.54,2079295.1,2355784.26,2322909.15,2211955.18,2254922.37,2094753.81,2257575.41
100,0L,1300,2025,530100,DX002,ESK1,F4,10,ZAR,17610928.18,17751439.19,16775801.49,15836407.64,16114952.52,15680778.17,17493898.63,16732550.8,16388386.93,16591230.39,17441043.72,17781899.76,16892881.8,15720492.58,16332287.03,17792252.55
100,0L,1300,2025,530100,DX002,ESK1,F5,10,ZAR,9612587.45,10146744.06,9406039.97,10047774.96,9410282.12,9482844.82,9926229.01,9037565.98,10154249.03,9609431.57,8997868.46,9705220.54,10502685.75,10417027.75,9611853.13,9608359.0
100,0L,1300,2025,540100,DX002,ESK1,F1,10,ZAR,8741331.58,8399027.58,8357022.68,8429668.34,8534305.98,8216525.48,7854565.8,8725578.91,8621053.41,8219207.54,9006673.21,7805712.27,9067611.36,9034428.05,8431480.98,7889372.4
100,0L,1300,2025,540100,DX002,ESK1,F2,10,ZAR,6626455.29,6030932.33,5845056.04,6622938.75,6626841.84,5787932.8,6676184.11,6328805.52,6319643.15,6477499.32,5869040.15,5742217.47,6422146.72,5917283.76,5858882.02,6124739.54
100,0L,1300,2025,540100,DX002,ESK1,F3,10,ZAR,5403901.6,5037633.26,5050380.24,5163276.51,5220504.89,5187607.42,5356988.45,5144892.79,5248648.3,5650587.91,5083938.93,5142491.84,5458751.63,5212467.22,5158675.2,4956062.92
100,0L,1300,2025,540100,DX002,ESK1,F4,10,ZAR,13712240.14,13518582.21,12901035.9,13242194.88,13840133.84,13963168.59,12705171.08,12687140.29,13206507.35,14123710.41,14353006.45,13926854.39,13307945.78,13270429.88,13465341.37,13099986.45
100,0L,1300,2025,540100,DX002,ESK1,F5,10,ZAR,11291284.17,11034529.84,10169589.44,10926602.1,10732408.94,11215537.27,10114420.94,10816878.13,11353459.46,11105941.12,11084462.11,11409941.2,10177587.09,11143230.02,10469207.49,10885579.44
100,0L,1300,2025,150100,DX002,ESK1,F1,10,ZAR,14216967.42,13661075.45,14437268.93,15089826.19,15383213.01,13684939.16,15649322.5,13755541.97,13618370.51,14705783.28,13736544.45,15901354.48,15339263.9,13626257.41,15415272.87,15448087.2
100,0L,1300,2025,150100,DX002,ESK1,F2,10,ZAR,14415490.66,13732823.56,13212158.47,14799666.7,13623301.82,14024281.96,12924358.16,13370261.03,13072606.26,13123756.65,14850593.7,14242705.49,13545046.69,13047147.79,13153133.24,14143050.53
100,0L,1300,2025,150100,DX002,ESK1,F3,10,ZAR,10969824.11,10448820.61,10910668.94,12009231.63,11457910.45,11691307.67,11404361.79,11538487.47,11267002.08,10952335.3,11706311.92,10550282.95,11807857.36,11447892.71,10754904.46,11443543.69
100,0L,1300,2025,150100,DX002,ESK1,F4,10,ZAR,10117030.25,11127951.94,10909655.37,11820300.89,10643253.76,11465768.43,10930096.67,11135425.64,11687005.99,11572538.46,11096837.69,11382118.78,10907005.39,11012006.45,10534578.46,10995833.03
100,0L,1300,2025,150100,DX002,ESK1,F5,10,ZAR,8285809.76,7324902.29,7314544.21,7624810.76,7702736.18,7824738.53,7719743.43,8005564.15,8530206.75,7818790.23,7441790.57,7614777.6,8558063.91,8053465.34,7854424.66,7617443.86
100,0L,1300,2025,150200,DX002,ESK1,F1,10,ZAR,5263104.45,4976018.69,5260438.23,4930916.61,5267984.93,4786489.79,4574362.01,5158734.67,4718291.08,4926124.68,5285972.88,4936521.76,4844691.74,4910143.63,4954261.94,4706027.29
100,0L,1300,2025,150200,DX002,ESK1,F2,10,ZAR,4435724.96,4335756.12,4142744.75,4376329.85,4550217.23,4259182.12,4293077.73,4485059.5,4369218.6,4073704.56,4478726.62,4443603.82,4618493.63,4374434.22,4318961.12,4081499.78
100,0L,1300,2025,150200,DX002,ESK1,F3,10,ZAR,2250479.78,2424088.46,2478943.84,2534541.87,2361972.36,2536765.35,2461832.11,2502812.88,2411053.16,2357724.25,2525965.59,2553717.09,2429418.03,2573879.52,2523938.38,2450893.61
100,0L,1300,2025,150200,DX002,ESK1,F4,10,ZAR,5866126.03,5643355.88,5926797.0,5761252.47,6080816.03,6082113.81,6445448.52,5567633.03,6075529.94,5888572.54,5811948.16,6285826.73,5904560.83,6097913.24,5989386.46,5725799.09
100,0L,1300,2025,150200,DX002,ESK1,F5,10,ZAR,10621370.13,11779356.59,11832822.87,11801697.29,11365565.2,11096636.32,10909581.34,11245594.94,11915282.32,11501420.28,11090011.24,11408699.76,10640153.28,12174289.63,11394906.58,12171531.1
100,0L,1300,2025,150300,DX002,ESK1,F1,10,ZAR,14829270.89,14996473.96,14535333.44,15323943.07,13625335.76,13570221.91,13705476.41,14946281.87,15158678.4,13244018.94,13257498.48,14088160.45,13914382.55,13759857.38,14506010.54,15145625.25
100,0L,1300,2025,150300,DX002,ESK1,F2,10,ZAR,16556549.8,16390407.15,17761365.3,17339314.74,17359394.49,15707102.1,15859443.9,17175128.54,17131780.48,15786506.32,17975776.49,15788567.79,17064859.1,16622557.72,16778360.26,16372228.33
100,0L,1300,2025,150300,DX002,ESK1,F3,10,ZAR,3426716.7,3195604.57,3548937.59,3240279.11,3607083.26,3713223.78,3363191.23,3472814.39,3253761.84,3444403.57,3498475.86,3537319.38,3711365.42,3629431.02,3248502.4,3693861.92
100,0L,1300,2025,150300,DX002,ESK1,F4,10,ZAR,16561358.41,16894222.74,15742966.48,15292977.35,15956960.3,15819332.57,15018643.02,15825055.14,16925464.1,15794071.57,15227331.54,16645561.28,16904273.94,15018629.68,16184403.02,14806565.19
100,0L,1300,2025,150300,DX002,ESK1,F5,10,ZAR,18836456.43,17318608.91,17392891.89,17751747.19,19421659.17,18306117.8,19136535.03,17851915.54,19837195.38,19042589.17,17837827.12,18721257.54,17440868.29,18420463.23,17563453.63,19004426.83
100,0L,1300,2025,500100,DX003,ESK1,F1,10,ZAR,5494434.93,5197653.21,5352590.35,7166574.68,6314098.58,5159657.38,5301035.1,5567380.98,5217864.31,5335201.93,5352578.28,5737824.91,5602664.83,5597988.99,5235604.33,5213136.23
100,0L,1300,2025,500100,DX003,ESK1,F2,10,ZAR,14698931.17,15032576.65,15832509.22,17113234.04,19563330.96,15809700.71,14277373.34,15471757.75,15302231.59,13689636.69,14655901.52,15668556.33,14303122.48,15869942.95,13992501.78,14170192.39
100,0L,1300,2025,500100,DX003,ESK1,F3,10,ZAR,14817092.87,15366813.02,15130015.74,19073048.27,17635586.46,15523703.37,15871852.03,14608285.09,15623140.49,16124473.15,14117931.71,16007977.29,14672903.16,14074910.59,14236567.55,15392067.75
100,0L,1300,2025,500100,DX003,ESK1,F4,10,ZAR,9484685.89,9434837.47,9773535.08,12448718.29,12650537.36,10287978.67,9234629.67,9324091.3,9170232.99,9152711.72,9599840.55,10470158.57,9814868.75,9373051.63,10078866.1,9098807.58
100,0L,1300,2025,500100,DX003,ESK1,F5,10,ZAR,10619032.34,10310740.44,9370188.95,12331563.5,11974848.37,10013801.19,10847265.08,10106850.62,9503061.99,9333695.05,9925941.99,10670188.86,10250092.68,10334257.91,10443725.94,9842763.03
100,0L,1300,2025,500200,DX003,ESK1,F1,10,ZAR,12696313.35,11443290.1,12626220.2,13503907.77,15321653.36,12123212.25,12725375.43,12491362.97,11601438.75,11149069.57,11803123.6,11063399.25,12443029.42,11646228.18,11285315.27,12066940.02
100,0L,1300,2025,500200,DX003,ESK1,F2,10,ZAR,2140681.82,2399195.97,2262839.33,2846736.83,2803335.71,2233620.32,2108740.25,2361627.18,2226872.66,2190931.82,2428798.79,2326115.95,2371474.92,2254215.45,2367215.36,2274432.73
100,0L,1300,2025,500200,DX003,ESK1,F3,10,ZAR,13750943.69,11817485.32,13009523.77,16074349.66,14413875.72,13136811.7,13065462.26,11883494.9,13407134.88,11908565.27,12339656.48,13211295.93,11971070.67,12490719.36,13393744.59,12839773.95
100,0L,1300,2025,500200,DX003,ESK1,F4,10,ZAR,15520202.72,14936988.35,15686950.47,20139026.76,19372857.49,15028939.1,15350145.05,15860484.75,17105469.45,15836653.83,16121093.38,15253715.35,15128698.67,16123368.78,15271997.21,14915633.69
100,0L,1300,2025,500200,DX003,ESK1,F5,10,ZAR,15497543.85,15616350.42,15698340.07,18463442.09,18903622.4,13589200.51,15277993.0,14204956.59,15664953.44,15188420.12,14469271.35,15680509.66,13781974.92,13579411.79,13418055.93,13488830.61
100,0L,1300,2025,500300,DX003,ESK1,F1,10,ZAR,8164708.66,7361183.26,7835977.67,10291404.55,9454601.1,7432756.44,7662315.12,7820843.51,8228414.14,7946913.77,8406968.93,7623965.0,7616907.62,8438802.19,8224819.55,7598668.94
100,0L,1300,2025,500300,DX003,ESK1,F2,10,ZAR,14155238.52,14196479.24,14995468.18,16869773.45,18321847.7,14102586.5,15981115.33,15237156.59,14331605.59,15252773.85,15887172.79,14972563.42,13791209.57,13805302.57,15470048.24,15973890.84
100,0L,1300,2025,500300,DX003,ESK1,F3,10,ZAR,13902694.38,13546998.73,13694599.32,17354265.93,16970004.08,15591269.23,14969690.27,14196488.22,14272411.88,14321363.76,14113260.33,15020057.12,13455400.81,13751862.79,15660923.1,15178851.59
100,0L,1300,2025,500300,DX003,ESK1,F4,10,ZAR,14769882.0,14166207.56,15169826.76,19223705.82,17712744.66,14355955.23,14499152.98,14823113.62,13887235.17,15548546.49,15335507.55,15892586.21,15300118.31,15744735.43,15353120.06,15651085.77
100,0L,1300,2025,500300,DX003,ESK1,F5,10,ZAR,12285202.16,10775469.26,11155506.43,13394723.14,14649339.33,12357546.0,11483750.88,12118469.48,12160088.92,11756974.36,11916569.09,11572740.45,11945021.14,12041376.85,11092393.49,11115079.63
100,0L,1300,2025,510100,DX003,ESK1,F1,10,ZAR,7586967.42,7381240.39,7769040.31,7949793.71,8231704.56,7506342.59,7277793.64,8181153.49,7440248.54,8273328.21,7993692.59,7996738.7,8278454.89,7430860.6,7547656.55,7468198.14
100,0L,1300,2025,510100,DX003,ESK1,F2,10,ZAR,3621787.37,3576560.83,3758387.5,3588444.22,3535670.37,3974665.18,3469928.42,3576370.8,3660115.15,3520364.34,3505888.07,3831914.79,4020987.69,3889689.26,3975019.56,4000310.12
100,0L,1300,2025,510100,DX003,ESK1,F3,10,ZAR,8703045.31,7515607.77,7885957.84,8556952.85,8411493.76,8652610.33,7563659.98,8500966.57,7705567.47,7926690.1,7737547.7,8195609.56,8048747.77,7595620.52,8152786.03,7859242.38
100,0L,1300,2025,510100,DX003,ESK1,F4,10,ZAR,9412784.76,9404912.86,10682160.53,10445731.39,9430472.46,10182524.2,10256683.13,9454299.11,9524955.54,10577585.94,10857701.93,10431827.73,10124223.99,10060615.73,9547581.08,10510820.58
100,0L,1300,2025,510100,DX003,ESK1,F5,10,ZAR,12242768.81,11032528.57,12207398.69,12062967.97,12438348.66,10976455.12,11985537.41,12085501.28,11470527.52,12181708.23,11944995.65,11041743.27,12134205.96,10992831.66,11305047.89,10990176.65
100,0L,1300,2025,520100,DX003,ESK1,F1,10,ZAR,8105631.54,9111304.51,8579480.54,9329799.36,8312551.31,8594968.28,8804443.85,8593558.64,8913106.42,8983646.6,8475075.45,8709236.2,8625922.64,8910063.71,8165055.51,8961992.45
100,0L,1300,2025,520100,DX003,ESK1,F2,10,ZAR,14250642.49,14699230.6,15490293.35,14476959.06,16008479.85,14253032.31,15328906.53,14463943.95,15434566.09,15076261.25,14324923.02,14568573.6,14413600.33,15643417.53,14619470.18,14189546.96
100,0L,1300,2025,520100,DX003,ESK1,F3,10,ZAR,8253605.43,8264544.08,8640083.85,9155529.91,8487476.94,9563683.43,8931181.76,8389342.8,8632952.28,8166192.72,8849871.02,8315797.14,9071897.21,8778220.62,8368537.47,9520238.58
100,0L,1300,2025,520100,DX003,ESK1,F4,10,ZAR,3923444.37,3947441.3,4023437.72,4096578.37,4209093.5,4193020.71,3955776.05,4529698.89,4513618.98,3960496.18,4478050.89,4413502.81,3986607.03,4419286.49,4158320.74,4072184.41
100,0L,1300,2025,520100,DX003,ESK1,F5,10,ZAR,15955157.83,16194673.59,16244735.27,15294331.2,15995699.38,16420585.95,15720526.11,15707394.85,14942366.22,15043680.08,16717179.84,15499464.56,15754447.27,15883248.2,14780064.84,14911700.05
100,0L,1300,2025,520200,DX003,ESK1,F1,10,ZAR,5292462.83,5674023.77,5552796.94,6009324.47,5235929.41,5750135.08,6001313.85,5457176.59,5930605.01,5500769.67,5258682.54,5830577.89,5764305.63,5270843.83,5967952.81,5219570.48
100,0L,1300,2025,520200,DX003,ESK1,F2,10,ZAR,12714724.06,12063479.41,12352952.78,12615298.54,11665986.97,12702851.6,13043833.72,12185199.81,12807391.67,12152716.77,11610509.49,12408947.14,11846446.84,12429401.45,13002122.72,13222133.27
100,0L,1300,2025,520200,DX003,ESK1,F3,10,ZAR,9295305.71,10686468.0,9137976.27,10506402.92,9242124.05,9284311.12,10063672.52,10455406.73,10660122.04,9389390.79,10405451.26,9968685.68,10226405.43,10099936.77,10349662.11,9342173.91
100,0L,1300,2025,520200,DX003,ESK1,F4,10,ZAR,15615435.79,16229141.22,17489211.09,16968070.79,16142065.48,16695938.09,16427822.11,17794445.09,17131867.51,15673418.4,15424580.26,16252823.02,16000984.18,16049041.38,16389541.28,16095703.4
100,0L,1300,2025,520200,DX003,ESK1,F5,10,ZAR,8314005.33,7958997.06,7876945.58,8092849.54,8126013.04,8352514.08,7523121.51,7685593.61,8409629.16,8087623.14,8441533.55,8597387.19,8261015.7,7490297.26,7509027.83,7579341.65
100,0L,1300,2025,530100,DX003,ESK1,F1,10,ZAR,2685516.63,2595844.72,2691109.21,2589039.26,2650610.82,2454634.27,2763823.37,2527275.45,2570676.34,2739439.73,2622683.22,2666346.23,2564360.39,2542144.39,2657360.52,2516614.23
100,0L,1300,2025,530100,DX003,ESK1,F2,10,ZAR,11945682.37,11964051.25,12629929.16,12200980.03,12431169.83,12658980.55,12243034.42,12654957.92,12043707.71,11493021.39,12622221.14,11930626.83,12371000.53,11938981.07,12032139.64,11104697.45
100,0L,1300,2025,530100,DX003,ESK1,F3,10,ZAR,5603001.97,6126678.5,5682626.38,6166251.17,5881320.33,6224662.98,5485486.35,5918263.86,5958042.6,5524524.16,5964279.45,6016573.94,6078552.92,5702918.16,6019202.62,6188196.42
100,0L,1300,2025,530100,DX003,ESK1,F4,10,ZAR,6125502.46,6532957.39,6437581.65,6509537.43,6491049.15,6608332.02,6617148.18,6646463.66,6457156.8,6278383.6,5820588.88,6691636.74,6017480.98,6761499.4,5992900.96,6370363.16
100,0L,1300,2025,530100,DX003,ESK1,F5,10,ZAR,18906061.91,18406023.74,18911060.55,17488355.55,19148522.05,18882933.19,17313933.72,19218704.6,17732424.77,17446768.33,17780265.71,18413662.28,17228300.83,18697652.03,17511240.96,19271191.42
100,0L,1300,2025,540100,DX003,ESK1,F1,10,ZAR,10650366.23,11385659.09,11041325.73,11288569.52,11358614.12,10944268.43,11378095.09,10838478.61,10358329.87,10059785.29,9864989.62,11246701.73,11331955.74,11077603.81,10638629.87,9707042.01
100,0L,1300,2025,540100,DX003,ESK1,F2,10,ZAR,15815343.95,16957732.34,17958674.34,16015082.25,16795379.75,17839942.53,15462201.36,17676729.84,16991780.72,17858272.87,17311880.8,16628135.07,17360087.07,16666569.47,16519386.4,17162857.69
100,0L,1300,2025,540100,DX003,ESK1,F3,10,ZAR,14866019.61,13764878.19,13877444.74,14322987.36,14327061.24,14370384.77,15073477.04,14468177.93,15019045.88,14080888.44,13453265.8,14249034.76,15271956.9,15182505.22,13884990.07,13161283.64
100,0L,1300,2025,540100,DX003,ESK1,F4,10,ZAR,19448338.97,17734354.97,18563270.93,18057743.83,17259880.8,18231025.22,17127018.07,17314643.46,16800615.74,17340339.51,19293485.82,17034508.97,19283482.8,19272981.43,19094848.34,18212010.04
100,0L,1300,2025,540100,DX003,ESK1,F5,10,ZAR,7436003.27,6992129.85,7504321.18,7362784.41,7618896.45,7228766.69,7546351.52,6846031.07,7188982.95,6836359.41,7798517.42,7207508.27,7843650.92,7315445.73,6788172.98,6830909.75
100,0L,1300,2025,150100,DX003,ESK1,F1,10,ZAR,8760442.73,7999702.23,8371956.11,8499774.21,8652600.23,8352474.76,7667659.62,7782686.15,7822640.8,8313874.31,8767725.18,8682053.91,8157197.41,7660142.92,8097838.49,7926145.82
100,0L,1300,2025,150100,DX003,ESK1,F2,10,ZAR,16636347.91,15086067.4,15769595.54,15740210.9,14886103.65,14906052.91,16592098.96,16157367.02,17128248.81,15138781.17,14983935.12,14960558.1,16913214.89,15604818.62,16117452.15,15751889.74
100,0L,1300,2025,150100,DX003,ESK1,F3,10,ZAR,5786956.74,5878658.88,5706522.54,5983603.2,5239860.55,5383338.04,5917297.45,5737768.02,5865608.27,5565361.04,5852338.05,6088915.65,5315391.84,5622574.17,5449939.34,6002590.21
100,0L,1300,2025,150100,DX003,ESK1,F4,10,ZAR,2854359.05,2868953.54,2885922.07,3062351.1,2849612.33,2854853.48,3164088.73,3017788.96,2931757.88,3082430.44,2813615.66,2924353.62,3122966.91,2856375.87,3093395.13,3229905.15
100,0L,1300,2025,150100,DX003,ESK1,F5,10,ZAR,5056849.29,5570336.06,5011831.99,5560433.24,5044352.1,5700464.4,5360832.77,5006817.26,5125800.36,5314754.33,5512294.69,5114968.77,5113553.29,5568639.84,4930054.22,5691772.49
100,0L,1300,2025,150200,DX003,ESK1,F1,10,ZAR,11996408.77,11708717.67,13233845.53,11388152.87,11768567.35,11334100.18,12803718.08,12061731.54,11746310.75,12677700.47,11430585.62,13065151.33,13276806.7,11525668.8,12276656.35,11888929.47
100,0L,1300,2025,150200,DX003,ESK1,F2,10,ZAR,14060299.54,12592823.89,13189274.42,12669819.19,14116406.05,12928443.86,14106603.53,13370403.44,13565628.83,13700419.53,13407919.53,12178363.38,12307289.01,12310054.61,13795297.4,13781926.76
100,0L,1300,2025,150200,DX003,ESK1,F3,10,ZAR,3526174.07,3510171.23,3423855.2,3047746.6,3163623.39,3090864.98,3447439.61,3302392.23,3482797.09,3016214.57,3037734.56,3490780.4,3502272.25,3132540.6,3115952.33,3489906.09
100,0L,1300,2025,150200,DX003,ESK1,F4,10,ZAR,14720031.62,17028526.93,16944186.4,16485667.33,16740667.07,14762895.05,14934032.03,17057956.05,15241787.31,14882391.08,17124005.96,16855124.37,15400731.0,14783882.52,16917538.65,15619137.11
100,0L,1300,2025,150200,DX003,ESK1,F5,10,ZAR,15212749.49,14819496.1,13458771.57,13769825.01,13362449.09,13268125.99,14151771.94,14648851.41,14933362.32,15294862.58,13941052.42,14727138.11,14456061.69,14954623.81,14334927.43,15385940.52
100,0L,1300,2025,150300,DX003,ESK1,F1,10,ZAR,10619650.9,10506200.56,11269271.44,10697236.0,10722551.38,11762760.79,11182507.97,11687572.53,11240472.47,12096009.49,11617925.68,10614931.51,11563180.12,10717796.51,10831733.63,11606885.91
100,0L,1300,2025,150300,DX003,ESK1,F2,10,ZAR,12848921.56,12656944.58,14033072.08,13445346.68,13762913.31,12885819.79,12498196.45,12373152.97,13133571.1,13634547.24,12672898.36,14065071.28,13619570.81,13501067.39,14068163.6,13330966.67
100,0L,1300,2025,150300,DX003,ESK1,F3,10,ZAR,12965328.01,13313578.7,12169489.01,12989636.73,11666572.5,12893426.24,13141925.2,12470611.84,12955466.81,13003991.54,12914157.27,12035068.75,12357043.73,12962140.12,11608640.6,12965126.63
100,0L,1300,2025,150300,DX003,ESK1,F4,10,ZAR,2141443.01,2110430.29,2263266.38,2257432.07,2392416.42,2222616.46,2363406.13,2384042.8,2343821.83,2305127.17,2059522.1,2194250.81,2174478.66,2194981.8,2270997.75,2271442.83
100,0L,1300,2025,150300,DX003,ESK1,F5,10,ZAR,12317157.89,10590346.47,11020307.73,10629062.99,10683301.47,10578906.81,11551324.16,11105448.48,11201129.45,12291124.47,12282464.73,11487800.89,10720460.07,11497810.39,12201946.81,10957197.65
100,0L,1300,2025,500100,DX004,ESK1,F1,10,ZAR,10575126.52,10902750.83,10933641.46,11506732.63,12215624.57,9446497.78,9614537.72,10304772.55,10786587.78,10948901.01,9758656.5,10953086.07,10257699.1,10761325.24,9911424.41,10390366.66
100,0L,1300,2025,500100,DX004,ESK1,F2,10,ZAR,2334059.95,2262969.45,2353897.34,3009192.59,2883657.15,2249060.28,2591152.74,2397045.38,2514411.34,2578782.78,2532471.55,2287259.25,2479887.14,2359995.18,2295265.95,2274145.12
100,0L,1300,2025,500100,DX004,ESK1,F3,10,ZAR,5642132.65,6134883.88,5410892.75,6648325.1,7101863.4,5686515.97,5388263.97,5469343.02,5828989.4,5820187.5,5690030.41,5345371.68,5425220.15,5895664.33,6129249.21,6053691.96
100,0L,1300,2025,500100,DX004,ESK1,F4,10,ZAR,2917816.34,2699822.2,2918508.79,3364692.13,3271159.03,2517817.96,2725747.12,2897967.94,2812529.12,2813903.39,2766656.31,2848557.25,2783122.48,2766221.68,2718249.08,2825191.94
100,0L,1300,2025,500100,DX004,ESK1,F5,10,ZAR,5135162.99,4827605.59,5114272.43,5873339.61,5726445.77,4778255.75,4871590.06,4656287.58,5261815.63,4884910.18,5244184.14,5113173.13,5290719.35,4787981.93,5061330.92,4894821.74
100,0L,1300,2025,500200,DX004,ESK1,F1,10,ZAR,11669640.04,11454906.51,11528605.61,15342285.85,13466369.78,11427771.83,11247290.63,11571889.13,12450593.16,11507797.41,11509645.91,11044201.07,11734207.68,12133352.81,12581828.55,11503543.25
100,0L,1300,2025,500200,DX004,ESK1,F2,10,ZAR,3388892.59,3132025.37,3469754.41,3817809.86,3788153.14,3230002.46,3466419.93,3147831.55,3122610.11,3271946.66,3376975.57,3285532.73,3439344.0,3388732.71,3569169.4,3507932.7
100,0L,1300,2025,500200,DX004,ESK1,F3,10,ZAR,3666296.94,4009264.31,3472091.31,4399620.43,4856248.01,3682624.66,3788269.68,3527108.97,3796818.11,3858562.07,3967174.55,3980007.09,3513978.4,3505332.4,3942883.02,3992409.48
100,0L,1300,2025,500200,DX004,ESK1,F4,10,ZAR,5726765.38,6304774.13,5549808.09,7174304.37,7321890.27,5750386.86,5908254.43,5901173.03,5752018.87,5706250.44,5719898.35,6270215.1,6252565.81,5671956.83,5880043.96,6236158.32
100,0L,1300,2025,500200,DX004,ESK1,F5,10,ZAR,19430380.08,18586784.23,19674832.99,23798345.85,23558226.02,18413084.64,18986574.91,20289368.13,18104270.63,18612728.31,17671970.26,18788994.8,17638883.83,18948627.19,18481748.87,17555419.48
100,0L,1300,2025,500300,DX004,ESK1,F1,10,ZAR,13488585.14,13676248.26,14345736.27,16446841.61,16285798.8,13127600.68,13002959.42,14884559.03,14497465.03,13885718.31,13165325.63,13494119.96,13557073.62,14093703.04,13708358.83,12976873.65
100,0L,1300,2025,500300,DX004,ESK1,F2,10,ZAR,10420933.63,10361118.95,10916500.93,12542790.71,12623415.31,10764018.53,10076140.07,9554682.67,11044198.81,9967084.94,10735195.92,10230719.43,10437303.88,10302917.63,10670225.49,9674746.13
100,0L,1300,2025,500300,DX004,ESK1,F3,10,ZAR,16765373.13,17054595.47,16227520.45,20523056.94,21238749.29,16201497.41,17836689.8,16438106.71,18667155.19,16695493.11,16313298.07,16950780.01,17054787.26,17701467.92,17490541.59,17440339.73
100,0L,1300,2025,500300,DX004,ESK1,F4,10,ZAR,8612237.51,8333112.58,8923593.09,10291295.19,10471434.31,8514417.27,8190805.33,8037253.91,8605129.77,8071930.38,8826288.66,8750444.18,8036322.43,8610325.15,8551908.52,8715216.3
100,0L,1300,2025,500300,DX004,ESK1,F5,10,ZAR,9672365.81,8996360.17,9470574.47,11114235.66,11495896.38,9195900.36,9638256.46,9547419.82,9309541.21,9742734.52,9265041.47,8836051.87,8899367.1,10035085.22,8786351.72,9359468.52
100,0L,1300,2025,510100,DX004,ESK1,F1,10,ZAR,7699727.05,8883031.72,8095876.51,8520839.33,8908829.82,7952782.32,8829729.73,8600435.17,8550850.71,8041817.31,8797797.04,8281077.28,8706106.63,8514972.77,8695243.02,8550767.03
100,0L,1300,2025,510100,DX004,ESK1,F2,10,ZAR,14961215.91,15350058.44,15057454.06,15642863.84,15381106.37,14500886.26,16211976.62,16054026.13,15074756.54,15911429.69,14994850.1,15571646.91,15995113.33,15924323.97,14274696.43,16131260.41
100,0L,1300,2025,510100,DX004,ESK1,F3,10,ZAR,17350109.49,16933942.02,15814253.31,17075094.75,18470405.42,18277960.9,15941948.26,16275470.58,17317290.72,18176288.22,16108049.92,18183251.84,16540200.14,18071904.15,18358075.44,17303322.7
100,0L,1300,2025,510100,DX004,ESK1,F4,10,ZAR,6796530.26,6351043.68,6681796.1,6822917.94,6344043.91,6604931.35,7218535.69,6498280.55,6335242.74,7110568.42,7220661.9,7170997.84,6261557.51,7175519.19,7231278.91,6403152.29
100,0L,1300,2025,510100,DX004,ESK1,F5,10,ZAR,6326715.83,6179913.71,5628197.96,6015081.04,6126700.41,5599969.5,5543476.63,6440569.71,6307280.64,5984882.83,6031252.14,6235472.88,6199740.11,6348959.89,5690960.1,5871566.55
100,0L,1300,2025,520100,DX004,ESK1,F1,10,ZAR,5026994.83,5172363.14,5464083.62,5211455.0,4994470.89,4880381.06,5254741.32,4839711.8,5428409.12,5091105.42,5165055.33,5052415.87,5452512.29,4772335.38,5266907.94,5215198.75
100,0L,1300,2025,520100,DX004,ESK1,F2,10,ZAR,3002181.23,2793516.41,3056309.45,2967037.18,2935169.52,2746919.42,2972324.8,3048045.81,2848573.12,2826287.88,2996374.89,2891581.96,2994876.65,2930672.28,2744456.03,2912337.04
100,0L,1300,2025,520100,DX004,ESK1,F3,10,ZAR,15977305.77,14496325.23,14200248.53,14952994.07,14808643.28,15321825.21,15456861.1,14779894.5,16386111.95,14235283.76,15432256.53,15767402.25,14194476.49,15220541.78,16337127.2,15519642.75
100,0L,1300,2025,520100,DX004,ESK1,F4,10,ZAR,4768949.58,4477733.4,4200095.57,4262464.06,4147778.77,4519142.94,4288176.17,4542689.99,4623006.77,4151728.88,4165455.79,4234928.27,4647710.55,4261893.23,4707351.74,4326747.52
100,0L,1300,2025,520100,DX004,ESK1,F5,10,ZAR,19454411.45,17717121.26,17730070.8,18577619.27,19612253.59,19741008.13,18304718.78,19828714.7,17531560.54,17560219.51,19442892.13,18930688.5,20110187.8,18350691.54,17965056.1,20465549.09
100,0L,1300,2025,520200,DX004,ESK1,F1,10,ZAR,7343485.54,6908751.59,7259457.38,7920992.48,7444145.68,7518473.32,7534050.88,7921577.1,7779003.99,7748809.07,6919359.0,7389803.81,6868256.68,7788315.3,7481481.13,7966887.27
100,0L,1300,2025,520200,DX004,ESK1,F2,10,ZAR,16573671.23,15873884.9,18153699.83,18030857.74,16145438.53,16356260.57,18235407.08,16652606.1,18047284.72,16824606.63,16112347.49,17376329.56,17841171.98,16566706.08,16208520.05,16045334.72
100,0L,1300,2025,520200,DX004,ESK1,F3,10,ZAR,15508232.93,17556214.84,15450268.87,15486613.1,17516048.38,17473130.3,15960766.85,15329166.37,15739508.0,17226017.92,15346707.86,17467558.59,17633079.67,15226594.8,17617659.06,17664844.88
100,0L,1300,2025,520200,DX004,ESK1,F4,10,ZAR,13970323.42,13590629.89,12883566.63,13956322.1,12930696.51,13562653.33,14719975.54,14429585.37,14730869.81,13862469.73,14848706.23,13657137.27,14986982.45,13885715.98,14550898.71,15030935.86
100,0L,1300,2025,520200,DX004,ESK1,F5,10,ZAR,8044951.97,8520240.57,8063384.63,8448605.39,9265133.87,8998614.92,8908460.83,8196806.44,9004775.5,8145533.92,9276155.8,8086498.55,8458854.48,8283309.39,9338325.48,8560291.21
100,0L,1300,2025,530100,DX004,ESK1,F1,10,ZAR,15610248.51,14612803.76,14319428.96,15262993.66,14440891.53,15240424.27,15371960.08,16138555.89,14637611.08,16193961.08,15041316.72,14184207.92,15756696.88,14840023.4,14222751.2,15971577.52
100,0L,1300,2025,530100,DX004,ESK1,F2,10,ZAR,15978868.25,15410661.04,15794323.06,14468775.53,16154537.08,16435558.53,15789024.75,15339766.94,16834217.76,16400228.91,15870901.24,16564680.19,16429888.21,14559511.87,14620379.15,15539281.21
100,0L,1300,2025,530100,DX004,ESK1,F3,10,ZAR,7405000.61,6997480.92,7011698.35,6848487.23,7053749.04,7670885.07,7400727.09,7454800.62,7562955.52,6653079.2,6864435.67,7443135.12,6991338.35,6703407.86,7611350.55,7346809.35
100,0L,1300,2025,530100,DX004,ESK1,F4,10,ZAR,2178931.37,2289506.47,2179361.98,2067600.97,2273430.71,2149016.44,2283084.46,2352544.22,2354054.74,2101758.45,2394621.49,2403171.93,2276824.8,2394650.54,2176857.34,2137251.57
100,0L,1300,2025,530100,DX004,ESK1,F5,10,ZAR,6099198.29,6350928.46,6239013.7,6318286.19,6666430.95,6098341.86,6135372.43,6609447.37,6341898.93,6229819.81,6558401.03,5891822.88,5727116.85,5755866.66,5820262.07,6085852.67
100,0L,1300,2025,540100,DX004,ESK1,F1,10,ZAR,14572551.53,14757503.14,14184507.43,14353963.36,14203029.08,14373385.12,13687790.72,13048189.25,14024132.49,13651514.09,13317663.8,13396500.47,14839637.66,13034771.89,14779727.69,13643516.33
100,0L,1300,2025,540100,DX004,ESK1,F2,10,ZAR,7991008.73,7923306.74,7601343.94,8017113.31,7785024.24,7756758.62,7401779.43,7496410.06,7875231.25,8160733.93,8129585.11,7100490.96,7236096.15,7430846.43,7606947.77,8141932.22
100,0L,1300,2025,540100,DX004,ESK1,F3,10,ZAR,5492442.31,5361536.19,5723031.92,5567875.66,5767856.77,5068862.99,5003896.23,5334388.98,4995706.37,5639325.41,5436954.62,5712956.79,5555853.66,5718211.84,5017458.28,4976859.42
100,0L,1300,2025,540100,DX004,ESK1,F4,10,ZAR,18549013.82,17491158.99,17423412.74,17646041.21,19290521.56,17957875.32,18200259.08,19274416.75,18246057.67,19176728.8,19360389.18,18259934.45,17374657.23,17698973.03,18073369.34,17390998.35
100,0L,1300,2025,540100,DX004,ESK1,F5,10,ZAR,17527082.12,17590338.03,19877239.36,18532363.04,17576422.63,18089171.05,17554232.22,18316131.55,18434814.93,18577905.54,19841774.45,19843843.03,18341574.67,19280447.12,17830047.68,19840434.67
100,0L,1300,2025,150100,DX004,ESK1,F1,10,ZAR,9111549.68,8690055.13,8716453.72,9653978.92,9479112.03,9629519.04,9857993.73,8965617.61,9687616.59,9155945.08,8914985.37,9723257.38,8547114.15,9060697.15,8881513.97,8644406.13
100,0L,1300,2025,150100,DX004,ESK1,F2,10,ZAR,14959207.96,15804879.17,13943342.86,15339055.24,13554076.65,13601452.75,15492483.89,13798181.39,14631679.9,15247858.06,15788539.22,15054668.2,15771719.0,15733226.94,15815628.15,13833588.13
100,0L,1300,2025,150100,DX004,ESK1,F3,10,ZAR,13988899.28,12505527.05,13008531.43,12978234.42,14111398.48,14430172.22,13449469.36,13988680.46,13490996.32,13655707.57,12503938.22,12945194.08,13975653.69,13190343.6,13871940.88,13093470.4
100,0L,1300,2025,150100,DX004,ESK1,F4,10,ZAR,16489007.26,15448071.21,16016189.2,16431443.99,15614835.46,16149535.83,16283780.88,15322829.54,14524995.48,14963642.53,14952559.96,14757978.8,15242012.69,16730908.9,14622538.73,16783743.73
100,0L,1300,2025,150100,DX004,ESK1,F5,10,ZAR,15581225.8,13864593.83,15433042.35,14142477.34,15221694.86,16171252.54,16103536.86,15762271.02,14787020.65,14939070.82,15337211.06,14330399.92,15440415.84,15099487.42,13893248.14,14956375.01
100,0L,1300,2025,150200,DX004,ESK1,F1,10,ZAR,13742417.68,15604112.09,14251215.68,15915829.11,15826230.01,15550812.22,15082254.07,14993190.33,14678161.23,15209946.33,14035872.1,15579408.37,15163625.71,14901473.87,14375395.25,15680691.73
100,0L,1300,2025,150200,DX004,ESK1,F2,10,ZAR,15717365.89,16087991.39,16000658.71,17294609.59,16590301.13,15683166.78,15874214.59,15649715.01,16680368.9,16434165.49,17242011.08,16921128.05,15636372.15,16917835.07,16182934.57,16591434.01
100,0L,1300,2025,150200,DX004,ESK1,F3,10,ZAR,14335960.41,15650159.59,13915068.42,15237905.73,13978943.99,14734647.03,13546479.36,13469698.49,14206886.08,14597821.24,13463670.78,15641893.24,15150578.2,14549846.5,13796301.31,15022884.66
100,0L,1300,2025,150200,DX004,ESK1,F4,10,ZAR,6599420.87,5778676.39,5822815.15,5983063.86,6579479.8,5939990.74,6490764.96,6109482.46,5914232.68,5879682.96,6132657.21,6259791.78,6051429.38,6034269.22,6075538.38,6017214.4
100,0L,1300,2025,150200,DX004,ESK1,F5,10,ZAR,13554305.91,15024530.6,15418878.62,14693479.12,14449199.47,14901281.83,15446514.04,14584089.36,13652110.88,14313814.82,15423533.08,15362917.27,13671693.57,14887519.4,15564669.5,14879410.1
100,0L,1300,2025,150300,DX004,ESK1,F1,10,ZAR,15603938.27,14624342.19,16581871.61,14402313.84,14797746.16,14314229.83,15798400.99,15704706.16,16243089.05,16536351.13,14503992.73,15746085.69,16659593.69,16347278.3,15635532.56,16536120.78
100,0L,1300,2025,150300,DX004,ESK1,F2,10,ZAR,8808466.66,8572377.39,9066277.8,8624891.4,8902773.58,8723305.81,8522837.52,8195048.28,8389266.77,7894544.57,7855916.43,8811632.3,8872893.47,8753798.19,7947568.26,8406064.06
100,0L,1300,2025,150300,DX004,ESK1,F3,10,ZAR,14284516.76,14769212.73,14762739.72,16079221.78,13865558.52,14398716.18,14076253.81,15842942.46,16011676.18,14857053.28,15265099.7,16235863.23,16174969.76,15687878.02,14802113.93,15966766.9
100,0L,1300,2025,150300,DX004,ESK1,F4,10,ZAR,19016805.12,17942689.27,19726002.21,17829927.37,18726614.48,18266990.8,19038701.98,17106515.63,19284680.51,17038738.97,16922041.24,19095154.16,17931493.59,18180401.08,16952274.78,17040616.71
100,0L,1300,2025,150300,DX004,ESK1,F5,10,ZAR,4278802.17,4555217.13,4566779.59,4466825.15,4410367.87,4653451.27,4646582.36,4405202.49,4732012.13,4522458.58,4581903.0,4758508.02,4365022.77,4414456.58,4505361.84,4544343.03
100,0L,1000,2026,500100,ERI001,ESK1,F1,10,ZAR,10790232.99,10134661.38,11066527.71,12406593.44,12222530.29,9923490.01,9826857.52,9783000.08,11392645.45,10399706.01,11052771.7,10832649.35,11232829.19,9795611.1,10824652.19,9986571.45
100,0L,1000,2026,500100,ERI001,ESK1,F2,10,ZAR,3250597.3,3243194.83,3429768.06,4490104.94,4426663.32,3635707.55,3252533.24,3414133.55,3491951.77,3366253.26,3440152.5,3660852.65,3739297.6,3540015.02,3715382.19,3515893.39
100,0L,1000,2026,500100,ERI001,ESK1,F3,10,ZAR,15826932.72,14549925.69,14114928.83,17457056.71,17110409.31,15319075.03,15098839.07,15407976.27,15192115.67,13568727.13,14402284.1,15174015.15,13981566.78,15141903.33,13979854.72,14439327.31
100,0L,1000,2026,500100,ERI001,ESK1,F4,10,ZAR,4322534.6,4281775.21,4195873.03,5546880.79,5298192.92,4544083.83,3965521.32,3901354.61,4186102.17,4180508.39,4474785.42,4122406.51,4172057.02,4096660.55,4377971.01,4383106.93
100,0L,1000,2026,500100,ERI001,ESK1,F5,10,ZAR,15412789.08,14880023.95,15973340.4,17477047.53,18653289.3,14442365.13,14153283.44,15061200.46,15437062.43,14114393.38,15045030.05,15606556.89,14422675.35,14615622.29,14162457.1,16169654.62
100,0L,1000,2026,500200,ERI001,ESK1,F1,10,ZAR,16771583.04,16863794.37,15475171.4,19001929.47,18018875.7,15273363.44,16377678.43,16996837.14,15543756.29,15898763.11,15327321.84,15365320.39,15550485.46,15876188.4,15859581.82,15808882.08
100,0L,1000,2026,500200,ERI001,ESK1,F2,10,ZAR,7073463.64,7405203.87,7018724.44,8699655.47,8300395.82,7093485.74,6620217.76,6690560.46,6623807.56,6786856.9,6946603.87,6781316.91,6984319.27,6847604.04,6930950.04,6657231.68
100,0L,1000,2026,500200,ERI001,ESK1,F3,10,ZAR,16862028.65,17641622.58,16041259.69,21745510.58,20167973.03,17098050.64,17765468.24,15624791.55,16005046.56,17624834.66,15918181.18,16739638.66,16791206.0,18011033.28,16742523.26,15980724.59
100,0L,1000,2026,500200,ERI001,ESK1,F4,10,ZAR,2516612.01,2505387.38,2663821.19,3410252.05,3046197.01,2782103.88,2725310.85,2472947.95,2731374.94,2464195.34,2819080.05,2746292.47,2519585.02,2546497.26,2609390.84,2811264.47
100,0L,1000,2026,500200,ERI001,ESK1,F5,10,ZAR,3437176.58,3233960.68,3463961.54,4095347.22,3822062.39,3381901.91,3194255.01,3434437.56,3216801.35,3579673.06,3455985.05,3560351.54,3280452.59,3132810.14,3085716.63,3133528.63
100,0L,1000,2026,500300,ERI001,ESK1,F1,10,ZAR,7813969.84,7405866.62,8371357.71,9431231.0,9676820.02,7967746.05,7233608.56,7664072.38,8426021.98,7228964.76,7853324.39,8157985.43,7914462.49,7887993.23,7375688.25,7644800.87
100,0L,1000,2026,500300,ERI001,ESK1,F2,10,ZAR,16907796.57,16995554.5,15174759.76,18680904.36,20063737.45,17535796.35,16688568.78,16126635.51,17209890.27,17371081.45,15086926.01,17201354.05,16945972.22,17687089.65,15647791.56,15388190.36
100,0L,1000,2026,500300,ERI001,ESK1,F3,10,ZAR,9663975.75,10724995.34,10106229.51,11709088.23,11521572.42,10315659.87,9196674.84,10378172.11,10630454.63,9652196.06,9847600.05,10741324.18,9483387.3,9465986.1,9169522.66,9485234.67
100,0L,1000,2026,500300,ERI001,ESK1,F4,10,ZAR,13933256.74,14103100.77,13407533.11,17605810.28,17166522.16,14249791.73,13647265.44,13415530.73,13561537.62,13877807.15,12979935.15,13925842.57,13428333.29,13840009.85,12674686.6,12741285.56
100,0L,1000,2026,500300,ERI001,ESK1,F5,10,ZAR,13962023.28,14041860.1,12624398.24,17556024.26,15559693.12,13029904.14,12803334.2,13771896.37,14282268.44,14676501.73,13348830.22,14368481.22,13714875.53,12850733.69,14223827.07,14271542.5
100,0L,1000,2026,510100,ERI001,ESK1,F1,10,ZAR,14803160.75,14815833.85,13529857.12,13233463.79,13222937.69,13057172.07,13224225.77,13515236.63,13274369.81,13616329.75,13557496.15,13422748.67,13801518.7,14365032.86,14589547.4,14919332.04
100,0L,1000,2026,510100,ERI001,ESK1,F2,10,ZAR,6862750.27,6891633.87,5935696.19,6664700.44,6096879.25,6347014.25,6723681.66,6105775.87,6927706.06,5974621.01,6871473.32,6352795.13,6199251.18,5929262.57,6925194.1,6408684.74
100,0L,1000,2026,510100,ERI001,ESK1,F3,10,ZAR,14064726.95,13325830.41,14041771.44,14228581.87,13648588.29,13824020.75,13379190.28,12953741.41,14223000.57,13395400.46,12590218.55,13714351.2,13443235.38,13197349.97,12822210.1,13557584.72
100,0L,1000,2026,510100,ERI001,ESK1,F4,10,ZAR,12379827.42,11889857.01,11936031.42,11211377.8,12578255.31,11451240.36,12506666.52,12168801.22,11741465.04,12143354.02,12370484.79,11394158.68,11941278.52,12087780.16,11219322.63,11176363.55
100,0L,1000,2026,510100,ERI001,ESK1,F5,10,ZAR,3627426.85,3656424.91,3920777.72,3371933.44,3743128.72,3547860.73,3607380.12,3559188.68,3389255.16,3386505.8,3797806.28,3758282.02,3896702.25,3502605.31,3605743.76,3391858.94
100,0L,1000,2026,520100,ERI001,ESK1,F1,10,ZAR,9064703.66,9016569.25,8014426.29,9211064.39,8614885.79,8673483.01,9068582.69,9094583.88,8556030.93,9173123.55,8676273.49,9300709.0,9051204.98,8648248.32,8859192.95,9089267.05
100,0L,1000,2026,520100,ERI001,ESK1,F2,10,ZAR,17712845.05,17420320.46,16991061.88,15908666.99,17084887.64,16967760.42,17333512.58,16559482.44,17987221.98,16212149.46,17880214.8,17944460.12,18291983.1,17632461.0,18490312.43,17988751.35
100,0L,1000,2026,520100,ERI001,ESK1,F3,10,ZAR,6597995.03,7036381.06,6546043.8,6256761.06,6634168.2,6860905.07,6372115.0,6212345.16,7037574.15,6874689.36,6612825.02,6156956.39,6741462.16,6235863.43,6563997.47,6272293.36
100,0L,1000,2026,520100,ERI001,ESK1,F4,10,ZAR,3304874.21,3049659.73,3340396.62,2969159.56,3090507.93,3267493.5,3267541.78,3110424.05,3189757.94,3029597.79,3126037.86,3105706.32,3359695.91,3058842.8,3432297.24,3210270.02
100,0L,1000,2026,520100,ERI001,ESK1,F5,10,ZAR,9421879.95,9088720.0,8797623.29,9521284.55,9443114.17,8439796.42,8319700.98,9470974.77,8994088.22,8406020.51,9278967.46,8544819.05,8453888.05,8593937.61,9170957.07,9019971.6
100,0L,1000,2026,520200,ERI001,ESK1,F1,10,ZAR,8647708.13,8292065.0,8952245.49,8996705.74,8529109.1,9091698.47,9028493.3,8670119.08,8071289.61,9301727.92,8125878.98,8790458.22,8120632.62,8741799.44,8123072.54,8815655.59
100,0L,1000,2026,520200,ERI001,ESK1,F2,10,ZAR,3595026.03,3857720.08,3534982.23,3430471.8,3314993.01,3672758.54,3653026.41,3554563.08,3452038.29,3876875.46,3349472.41,3419836.94,3369612.43,3310516.74,3481353.91,3620494.72
100,0L,1000,2026,520200,ERI001,ESK1,F3,10,ZAR,12233460.59,12731190.73,13526462.9,12827531.34,13635976.71,12187755.44,13403605.99,13573810.14,13223731.91,14171183.41,12161273.97,12572119.53,13018593.98,13702844.17,12823759.12,13620423.08
100,0L,1000,2026,520200,ERI001,ESK1,F4,10,ZAR,5429321.02,5296074.32,5905143.48,5801247.61,5774567.99,5780301.41,5617382.16,5276072.68,5602531.3,5893313.91,5272186.63,5626646.0,5103861.2,5537474.92,5433427.85,5302517.19
100,0L,1000,2026,520200,ERI001,ESK1,F5,10,ZAR,17429250.57,17412938.46,15756810.0,17391839.13,17128360.78,16161097.15,17969729.8,17126560.14,17452824.7,16058460.27,17511205.14,16198255.43,17230438.37,18036089.37,17237653.68,17219665.59
100,0L,1000,2026,530100,ERI001,ESK1,F1,10,ZAR,13663524.25,14646620.85,12932381.0,13115831.44,14432876.59,14845495.85,12970824.88,14426445.14,13487978.44,14358374.34,13257076.89,13348364.84,12918804.66,12718587.33,13358911.53,12995803.05
100,0L,1000,2026,530100,ERI001,ESK1,F2,10,ZAR,15240718.84,15267184.01,15191352.19,14626659.8,16315510.74,14304816.52,15937694.77,16344686.81,15824213.92,15516506.16,15253879.67,16378045.59,13986002.81,15091739.67,14537876.65,14594059.57
100,0L,1000,2026,530100,ERI001,ESK1,F3,10,ZAR,14215309.69,13392062.71,12665377.59,13476043.89,13707757.57,14210130.41,12964576.35,13788174.57,12812886.62,13643652.75,13335612.32,13410278.1,13295810.01,14115497.86,14174911.86,13691233.77
100,0L,1000,2026,530100,ERI001,ESK1,F4,10,ZAR,13232016.49,14297619.91,13371415.66,13197792.12,13083248.29,15023621.86,14174222.65,14709409.99,15180361.11,14776981.24,14714623.85,12979427.09,14604561.51,13708477.26,14973457.49,13630819.76
100,0L,1000,2026,530100,ERI001,ESK1,F5,10,ZAR,7206352.32,6720013.19,7525129.96,7358027.94,7752166.56,7543952.5,6745665.6,7700270.81,7443921.77,6953335.38,6837027.6,7450770.09,6727353.25,7022784.83,6874681.48,7255017.93
100,0L,1000,2026,540100,ERI001,ESK1,F1,10,ZAR,12809733.47,12160289.15,12957241.76,11721065.56,12481561.51,12258945.11,12649339.02,11911334.89,12065304.3,12385175.25,13689631.39,12728744.46,13660757.31,13055235.47,12006822.04,11918734.86
100,0L,1000,2026,540100,ERI001,ESK1,F2,10,ZAR,17373384.11,17622440.27,17124930.68,16219834.29,16481075.2,15943299.36,15340335.24,17621609.36,16780984.3,15833987.55,17119791.97,16733922.03,17166124.31,17456490.98,16881389.04,15410048.14
100,0L,1000,2026,540100,ERI001,ESK1,F3,10,ZAR,15591150.28,13956335.26,15859648.46,16084810.02,14516153.33,13869556.39,15567018.76,15798092.86,14057497.56,14543525.06,13979217.94,14544499.18,14203856.69,14064494.12,15622540.99,14625635.63
100,0L,1000,2026,540100,ERI001,ESK1,F4,10,ZAR,3312813.03,3143177.54,3106643.44,3142747.84,3489208.54,3392492.05,3318995.6,3228387.72,3152088.89,3401466.78,3437572.63,3254620.6,3251146.37,3436923.53,3161114.95,3103736.04
100,0L,1000,2026,540100,ERI001,ESK1,F5,10,ZAR,6296820.22,5873327.43,5560713.51,5450522.83,5673654.25,5574933.22,5451341.48,6182382.68,5767354.8,5439426.66,6007948.92,6298496.64,5396262.56,5756097.34,6059207.16,5450657.4
100,0L,1000,2026,150100,ERI001,ESK1,F1,10,ZAR,8519608.46,7563050.41,7809190.08,8654492.73,7959744.7,7993097.83,8603561.77,8269592.88,8749250.37,7655812.44,7943216.41,7950097.64,7655745.72,8533169.86,8621316.33,8229555.12
100,0L,1000,2026,150100,ERI001,ESK1,F2,10,ZAR,8529745.99,8510090.46,8379278.76,7593361.73,8735844.17,8141810.28,8256627.21,8423012.2,8341032.43,7907075.5,8254043.1,8180027.06,8561097.93,7562645.05,8542155.34,8560178.16
100,0L,1000,2026,150100,ERI001,ESK1,F3,10,ZAR,7542993.61,7364567.72,7072204.89,7396597.19,7220361.97,7194801.49,7931077.5,8044980.74,7366857.26,8007066.65,7309425.21,7212460.1,7028761.48,7642112.42,7127002.66,7697549.77
100,0L,1000,2026,150100,ERI001,ESK1,F4,10,ZAR,9090939.07,8319460.96,8592008.38,8663695.29,8981113.52,9305731.91,8311181.3,8612695.87,9313710.24,9374048.82,8571305.51,8393388.07,8957054.43,8539631.01,9073112.8,8961894.27
100,0L,1000,2026,150100,ERI001,ESK1,F5,10,ZAR,16614744.82,16781669.42,15777306.88,17089334.44,16774437.54,15000434.95,16495949.9,15862781.37,15383465.45,17006853.71,17166500.37,17224720.22,17107864.96,16379670.64,16126731.08,15579865.69
100,0L,1000,2026,150200,ERI001,ESK1,F1,10,ZAR,7758773.24,7739622.64,8328761.61,8829401.37,7937752.54,7856793.97,8196420.6,8226835.76,7986020.88,7843796.51,8731689.24,8342929.21,7696932.4,8035327.68,8825780.68,8554553.6
100,0L,1000,2026,150200,ERI001,ESK1,F2,10,ZAR,14804365.36,14833971.14,15226575.51,14496770.89,13943619.98,15215938.99,14140225.8,14291142.71,14041395.26,14060487.35,13042335.39,14191400.17,14387417.09,13019420.65,14019825.14,14709169.72
100,0L,1000,2026,150200,ERI001,ESK1,F3,10,ZAR,4165887.54,4517918.82,3925477.11,4160777.98,4195558.81,4548486.63,4393942.97,4397841.89,4097021.61,4346853.18,4146380.98,4219397.56,4286762.7,4553269.35,3980669.99,4458395.49
100,0L,1000,2026,150200,ERI001,ESK1,F4,10,ZAR,3367842.7,3381581.77,3611069.03,3508350.99,3232203.62,3308879.14,3292285.33,3647683.83,3526696.94,3503111.27,3265703.42,3375218.42,3267908.54,3657941.81,3675338.58,3407282.87
100,0L,1000,2026,150200,ERI001,ESK1,F5,10,ZAR,13555780.27,13398902.27,13130698.95,14865831.44,14962908.21,14155517.22,13702947.31,13213501.32,13696579.02,14648104.74,12884758.21,14060332.45,13566913.41,13592567.83,14719557.5,14569303.88
100,0L,1000,2026,150300,ERI001,ESK1,F1,10,ZAR,4984255.82,4476533.51,4912149.35,4741639.06,4742544.7,4962908.99,5065953.22,4613122.68,4874393.87,4844215.13,4541768.2,4383293.04,4793985.92,4742578.18,4362236.35,4434650.08
100,0L,1000,2026,150300,ERI001,ESK1,F2,10,ZAR,11698950.65,11341508.86,10437163.56,12065415.73,11808909.81,11318174.57,10948410.74,10728255.17,10623171.0,11822564.75,10674808.57,11204826.67,11921363.67,10527910.27,10727809.74,12059667.49
100,0L,1000,2026,150300,ERI001,ESK1,F3,10,ZAR,8417754.0,8924248.26,8051650.87,8238100.42,8969013.93,9003649.18,8528641.85,8559705.96,8743782.2,8555241.33,7980969.7,8214483.77,8371473.32,8710062.18,8827774.88,8983914.68
100,0L,1000,2026,150300,ERI001,ESK1,F4,10,ZAR,6065929.92,6382746.45,6559437.03,5797805.31,6418973.22,6414663.4,5856491.55,6005133.18,6101947.92,5661534.95,6406993.89,5989301.39,5882225.09,6138989.13,5678901.56,5902962.88
100,0L,1000,2026,150300,ERI001,ESK1,F5,10,ZAR,17543231.89,17353451.2,17533806.89,17739381.33,18283106.61,16845226.17,15959726.86,15981759.87,17386528.6,16736985.81,17711943.77,16114374.03,18576414.96,16635926.74,18118459.55,16965514.37
100,0L,1000,2026,500100,ERI002,ESK1,F1,10,ZAR,13686532.74,14025641.47,15502665.59,17171709.25,18657265.5,15752031.88,14892781.42,14809606.46,15237637.19,15053086.11,14960565.88,15762522.03,14845829.61,15043751.81,14672226.38,14860639.08
100,0L,1000,2026,500100,ERI002,ESK1,F2,10,ZAR,5801590.27,5616696.66,5563567.35,7760982.1,6959163.77,6009463.29,5468839.69,5503523.34,6385322.22,6118932.12,5711591.09,6086972.26,5987610.62,6337325.22,6350751.41,5867852.37
100,0L,1000,2026,500100,ERI002,ESK1,F3,10,ZAR,15365068.32,13966601.55,16051106.23,19039472.26,18477541.99,14394546.64,14811909.33,14890529.59,15070476.93,13786568.52,16119493.27,13894057.83,14263854.55,15161393.39,16116191.71,14840375.73
100,0L,1000,2026,500100,ERI002,ESK1,F4,10,ZAR,16559812.21,17272930.66,18147566.24,20568946.55,20678076.15,16811877.26,18764347.39,18688935.29,17963008.57,16999715.24,16659489.75,18513468.04,17973352.55,18679685.91,18799598.09,16660654.71
100,0L,1000,2026,500100,ERI002,ESK1,F5,10,ZAR,18078284.06,19571837.79,18253701.96,23680142.89,23260607.2,17061385.09,17058312.47,18505026.93,17446526.33,19282547.09,17472853.5,18528062.28,19305647.33,18946354.71,19175350.76,18518885.19
100,0L,1000,2026,500200,ERI002,ESK1,F1,10,ZAR,4917800.25,5265654.91,5452905.02,5893612.4,6241261.45,5319329.64,4877235.76,4825099.12,5297138.43,5171933.86,5246762.19,5282602.61,4766157.86,5545799.09,4983954.46,4820477.88
100,0L,1000,2026,500200,ERI002,ESK1,F2,10,ZAR,5900752.9,6437488.78,6399352.84,7825314.88,7162962.08,5832997.25,5929961.5,6248618.76,6021304.41,6451854.71,6628304.47,6105624.95,6645371.45,6297565.43,6711304.06,5850434.88
100,0L,1000,2026,500200,ERI002,ESK1,F3,10,ZAR,5137118.12,4958385.07,4553257.77,5731802.26,5863198.32,5108923.25,5186118.37,4717249.29,4779969.72,4678002.92,4896069.94,4598569.0,5088695.26,4979801.36,5271989.81,5179294.8
100,0L,1000,2026,500200,ERI002,ESK1,F4,10,ZAR,11619442.67,10418039.75,11067968.84,13141507.85,13859955.68,10581672.71,10418126.19,10541308.77,11276348.07,10953607.79,10696988.83,10950387.35,10771824.26,10428082.3,11959471.63,11055329.8
100,0L,1000,2026,500200,ERI002,ESK1,F5,10,ZAR,13244582.69,13701609.32,12967459.67,15663590.21,16291972.51,13220205.5,14094096.22,14717020.97,13189500.79,14258004.79,13722768.26,14624714.09,14060887.68,13470365.36,14898711.83,12998470.7
100,0L,1000,2026,500300,ERI002,ESK1,F1,10,ZAR,9129168.0,8991149.71,8823711.15,11101183.44,11010680.65,9059615.81,9338316.62,9494657.01,9853913.21,8814094.38,9970235.7,9419965.6,9113216.63,9488324.49,8869067.25,9748461.46
100,0L,1000,2026,500300,ERI002,ESK1,F2,10,ZAR,5034753.8,5344738.58,5485846.33,5934596.85,6434370.12,5312145.31,5024882.18,5012309.55,5096786.95,5093757.46,5255607.83,4932872.97,5609214.31,5669239.41,5521757.98,4898884.79
100,0L,1000,2026,500300,ERI002,ESK1,F3,10,ZAR,6732736.96,6007146.81,6129755.78,8286659.36,8369804.15,6233723.51,6754168.73,6769563.33,6167449.86,6619388.49,6900009.15,6689673.12,6213955.24,6138327.14,6222810.14,6520531.29
100,0L,1000,2026,500300,ERI002,ESK1,F4,10,ZAR,11596591.61,11718126.09,11688731.93,14188499.64,15473952.14,12509994.82,11729507.72,12020116.44,12942300.02,11932953.16,11361440.62,12106410.56,12963947.06,11994241.72,11591565.58,12061671.63
100,0L,1000,2026,500300,ERI002,ESK1,F5,10,ZAR,11294155.99,11960020.7,11925494.32,13293735.01,12943472.91,10690728.44,10530186.51,11996635.85,11274262.88,11516867.83,11993249.68,11558165.86,11552701.08,10551284.22,12178906.02,11641278.73
100,0L,1000,2026,510100,ERI002,ESK1,F1,10,ZAR,13362823.04,14849088.22,14474222.79,13059705.5,15171210.89,14512603.93,15059801.18,14686565.2,14792013.78,15206430.05,14642535.6,13218023.5,13697930.56,15019438.72,13068092.85,14961719.91
100,0L,1000,2026,510100,ERI002,ESK1,F2,10,ZAR,7282997.7,7494088.4,7127490.08,8224352.88,8260645.28,7686842.09,7489301.54,7532324.12,7249515.24,7222387.5,7171826.15,7742979.58,7978838.35,7311591.69,7982277.78,7671526.81
100,0L,1000,2026,510100,ERI002,ESK1,F3,10,ZAR,6894273.39,6948361.35,6259496.82,6573383.34,6453285.77,7131790.57,6315693.61,6988504.43,6589406.3,7185768.68,7085919.53,6241747.16,6392753.71,6512356.28,7171160.63,6365613.28
100,0L,1000,2026,510100,ERI002,ESK1,F4,10,ZAR,9128147.5,9676168.82,8733709.59,9550001.14,9045894.28,9873687.55,9569740.31,9553139.41,8856552.58,9914085.45,9560692.18,9689545.72,8716030.11,8748780.42,8945908.25,9302196.64
100,0L,1000,2026,510100,ERI002,ESK1,F5,10,ZAR,4805099.09,5010581.0,4974073.95,4998669.08,5322534.89,5162967.68,4698821.74,4896587.58,5402730.52,5358524.5,5273320.32,4835394.12,5168399.15,4756294.5,5312712.1,4699737.71
100,0L,1000,2026,520100,ERI002,ESK1,F1,10,ZAR,14870293.15,14847852.64,13517878.08,13947955.05,13796771.77,14071729.39,14690204.83,14000453.69,13516010.63,13941063.79,14563207.52,13612753.56,13951774.55,14867286.69,13454528.29,15014885.87
100,0L,1000,2026,520100,ERI002,ESK1,F2,10,ZAR,16741631.74,15962120.31,16957946.66,15385119.82,15451826.89,15374667.76,17015986.49,17233826.3,15417470.2,15121997.51,17216233.67,14811681.13,16618034.33,16730141.58,15760624.6,16166818.04
100,0L,1000,2026,520100,ERI002,ESK1,F3,10,ZAR,7262936.65,7225445.9,6574324.25,6461851.38,6676788.34,6273074.72,7202449.84,6311903.48,7092668.34,6911668.36,6800756.91,7286399.96,7187415.03,6377121.02,6279394.9,6294391.52
100,0L,1000,2026,520100,ERI002,ESK1,F4,10,ZAR,2638268.58,2741323.02,2524284.55,2577708.89,2637712.5,2556077.85,2697139.95,2685710.99,2563605.63,2734694.93,2823731.48,2541978.18,2735684.28,2628765.43,2842324.56,2875983.54
100,0L,1000,2026,520100,ERI002,ESK1,F5,10,ZAR,2279202.56,2448966.66,2327816.41,2234197.29,2325261.64,2271784.72,2475768.65,2261296.47,2398480.5,2199484.29,2509422.8,2266628.3,2354045.16,2512870.11,2147885.12,2423157.4
100,0L,1000,2026,520200,ERI002,ESK1,F1,10,ZAR,4004897.83,3784558.01,3682739.06,3815429.12,4154054.9,3797664.82,3674375.44,4130072.32,3753733.68,3668354.25,3893568.41,3734442.68,3971290.86,3962507.62,3918518.64,3782238.26
100,0L,1000,2026,520200,ERI002,ESK1,F2,10,ZAR,7655826.18,7861670.16,7746658.78,7053175.26,7480447.54,7083925.71,7054240.45,7170760.05,7826140.7,7131106.25,7179793.02,7815637.91,7658369.76,7577389.92,7652548.34,7894966.84
100,0L,1000,2026,520200,ERI002,ESK1,F3,10,ZAR,16953714.53,15778505.61,16962362.3,15972949.29,16988590.43,16101583.11,17062955.79,15183670.58,16729125.9,15417976.77,15417886.99,15018629.4,16320164.1,16381882.22,15372339.92,15063912.46
100,0L,1000,2026,520200,ERI002,ESK1,F4,10,ZAR,10701383.79,10990876.19,11462528.05,11785135.55,12021490.06,10950914.98,11230010.81,11914419.33,10551305.2,11046905.2,11792623.8,11249949.14,12244085.76,10586668.42,11995619.67,10808715.94
100,0L,1000,2026,520200,ERI002,ESK1,F5,10,ZAR,9073876.62,9443563.93,8976687.92,8630177.99,9025462.61,8625611.49,8722407.93,8680618.21,8215506.87,8436306.99,9202859.36,8457112.74,9443448.78,8270523.43,8467821.05,8308270.14
100,0L,1000,2026,530100,ERI002,ESK1,F1,10,ZAR,15428777.5,15456820.29,16249915.3,16453429.37,17111142.12,16628182.68,17012467.81,15623057.53,16911331.78,16987367.22,15593542.14,15817922.39,17185425.54,15934951.82,16676808.69,17025850.24
100,0L,1000,2026,530100,ERI002,ESK1,F2,10,ZAR,1981198.23,1911194.22,2105928.82,2199981.09,2032643.16,1982854.41,2069386.13,2156612.18,2069748.67,1915157.05,2176054.04,2191763.72,1897610.2,2136386.65,1902927.88,1928654.28
100,0L,1000,2026,530100,ERI002,ESK1,F3,10,ZAR,11336612.67,11154035.06,10450381.41,10549481.37,11344915.61,11359483.14,10171247.73,10183500.05,11130475.75,11237699.74,9881839.56,10653738.47,10259461.74,10895045.18,10400103.19,10904234.83
100,0L,1000,2026,530100,ERI002,ESK1,F4,10,ZAR,14543897.19,13959288.61,13286050.52,13930334.2,13831686.92,14432657.9,13475164.51,13923548.27,13105458.08,12913875.22,12962930.22,13577094.69,14173285.55,13799169.27,12969739.2,12675497.04
100,0L,1000,2026,530100,ERI002,ESK1,F5,10,ZAR,15446403.81,15916031.14,15241003.48,14455013.02,13910435.35,13969517.28,14741138.62,13693326.89,15327874.29,13802651.6,15786857.13,14391145.45,14682570.93,14544445.1,15047893.85,13643835.53
100,0L,1000,2026,540100,ERI002,ESK1,F1,10,ZAR,9718017.91,10021735.66,10352840.33,10560650.56,9452947.8,10885651.12,9598695.17,10626505.23,10624680.58,10745807.38,10079768.38,9863396.51,10264504.38,9872959.86,9299498.07,10090557.84
100,0L,1000,2026,540100,ERI002,ESK1,F2,10,ZAR,7559410.78,8446819.74,7519925.15,7833883.53,8486623.36,8085497.05,8071741.76,8607685.74,8154624.34,7406842.02,7392747.63,7427536.56,7613654.11,8309155.81,7421817.95,7519869.64
100,0L,1000,2026,540100,ERI002,ESK1,F3,10,ZAR,6207616.76,6700101.5,6525098.23,6763661.86,5944563.8,6233824.36,6160781.49,6460934.82,6486660.16,6796190.75,6908516.87,6127152.81,6178161.79,6038695.24,5963387.64,6783900.72
100,0L,1000,2026,540100,ERI002,ESK1,F4,10,ZAR,12604040.5,12686206.36,11298737.79,11158635.11,12357501.65,12512333.27,11751295.78,11780950.7,11839157.2,12373886.36,12440994.27,11778777.57,12562017.52,12720637.76,11869588.05,11403957.32
100,0L,1000,2026,540100,ERI002,ESK1,F5,10,ZAR,9362915.39,9725301.4,9390341.89,8875639.3,9779248.28,9081682.91,8994573.18,9091792.97,9613367.47,8717203.68,8732668.35,8665946.65,8611133.16,9552955.84,8717573.06,9217501.6
100,0L,1000,2026,150100,ERI002,ESK1,F1,10,ZAR,5799632.01,5825392.73,6549522.66,6407141.6,6148723.08,6200263.31,6139867.41,6146743.17,6569963.29,6043279.59,5922112.01,5948496.99,5855288.82,6380708.03,6261500.2,6050193.01
100,0L,1000,2026,150100,ERI002,ESK1,F2,10,ZAR,8019749.71,7084935.46,7362527.71,7361900.85,7689466.19,7706508.89,7207842.58,7015729.37,7693269.4,7313736.86,7576041.25,7713056.51,7205776.33,7547353.36,7432686.13,8193943.22
100,0L,1000,2026,150100,ERI002,ESK1,F3,10,ZAR,8053283.75,9255745.26,9215961.69,8831327.59,8951373.45,8777425.11,8610247.77,9077657.08,8925816.14,8408719.52,8998278.94,9322351.39,8087680.2,8981793.91,8359467.63,8614325.35
100,0L,1000,2026,150100,ERI002,ESK1,F4,10,ZAR,11793829.54,12591015.25,12365134.06,13399588.06,13391439.5,13123991.85,12271856.46,12240459.24,13440731.47,12864593.17,13755212.17,12845850.96,11756727.87,11979740.55,12326685.02,12209237.36
100,0L,1000,2026,150100,ERI002,ESK1,F5,10,ZAR,12640016.72,12473308.6,12022473.14,12790409.13,11326204.74,12065818.38,11998860.34,11485886.02,12434967.66,11353780.3,12752453.36,12413499.48,11173678.68,11839447.23,12556166.45,11404364.61
100,0L,1000,2026,150200,ERI002,ESK1,F1,10,ZAR,2236793.2,2263337.23,2155948.76,2365290.48,2262208.19,2428920.82,2345549.48,2250994.05,2292852.53,2312382.36,2510773.32,2457158.72,2477207.08,2468139.47,2155552.89,2157464.7
100,0L,1000,2026,150200,ERI002,ESK1,F2,10,ZAR,2815986.28,2919978.25,3106638.71,2741688.77,2836736.51,2978152.33,2901062.83,2900060.43,2877153.65,2972789.83,3041846.3,3014904.89,3157897.02,2856867.28,3014664.24,2882812.37
100,0L,1000,2026,150200,ERI002,ESK1,F3,10,ZAR,12747185.45,12603078.5,12687544.38,13437041.16,13001051.03,12742082.55,13742096.42,11954369.24,12354051.89,12051475.18,13819112.11,11873604.71,13371665.84,12614209.49,12285893.81,12449453.18
100,0L,1000,2026,150200,ERI002,ESK1,F4,10,ZAR,7157840.0,7405006.24,7064434.38,7643716.43,7529581.1,7197101.7,7020160.48,7728897.76,7461850.37,7218284.12,7002615.65,7542943.54,6699087.83,7058565.96,6792410.55,7325622.84
100,0L,1000,2026,150200,ERI002,ESK1,F5,10,ZAR,12371091.46,13871129.1,13035460.38,13599520.91,12855685.24,12283064.49,12523547.7,12650409.49,12625090.91,12566228.26,13610279.67,12808112.74,14036687.33,12667621.24,12326030.83,12489368.28
100,0L,1000,2026,150300,ERI002,ESK1,F1,10,ZAR,4483309.47,4119723.96,4065210.71,4022734.02,4373295.4,4201059.09,4419251.1,3981946.81,4092710.0,3999196.99,4524408.81,4491295.34,4067798.88,4092672.6,3926724.66,4027865.36
100,0L,1000,2026,150300,ERI002,ESK1,F2,10,ZAR,7889689.15,7997740.88,8508873.93,8357442.1,7972346.32,8689539.07,7954129.8,8305098.8,8931478.56,8330979.61,8191977.29,8734175.13,9122118.77,9020385.82,9128174.34,7935209.34
100,0L,1000,2026,150300,ERI002,ESK1,F3,10,ZAR,4654082.91,4793757.4,4290917.68,4498782.55,4344492.44,5007816.69,4596030.53,4515752.39,4797751.51,4532728.19,4510495.86,4815318.13,4328137.21,4734896.79,4457425.19,4552505.69
100,0L,1000,2026,150300,ERI002,ESK1,F4,10,ZAR,2280045.44,2267514.84,2443990.21,2349173.08,2424126.19,2460542.77,2344706.78,2570575.46,2247805.0,2231540.45,2430106.33,2529821.03,2215669.47,2373718.05,2301985.46,2457154.78
100,0L,1000,2026,150300,ERI002,ESK1,F5,10,ZAR,12634483.8,12619739.72,12112487.22,12714043.55,12622115.65,11231832.78,12228215.88,12380654.3,12119503.29,11266011.76,11297989.41,11652276.66,12047214.02,12659350.41,12633490.64,12121099.71
100,0L,1000,2026,500100,ERI003,ESK1,F1,10,ZAR,3891580.94,3777813.9,3969582.89,4506422.61,4748566.27,3647681.39,3515009.02,3670493.73,3631953.78,3847120.86,3512011.69,3795354.23,3717910.96,3800778.59,3662084.55,3630915.94
100,0L,1000,2026,500100,ERI003,ESK1,F2,10,ZAR,4411963.46,3991785.65,4260615.6,4904226.31,5142306.17,3798198.49,3851735.73,4407198.29,4068435.42,3913022.4,4313289.67,4175721.4,3795479.04,4176401.28,3889040.04,4029927.79
100,0L,1000,2026,500100,ERI003,ESK1,F3,10,ZAR,5809876.12,5870274.86,5748635.17,6812782.85,6648993.07,6008838.15,5408362.83,5441003.36,5844074.25,5247589.14,5700847.67,5772920.91,5877925.21,5706601.44,5924041.72,5462472.15
100,0L,1000,2026,500100,ERI003,ESK1,F4,10,ZAR,2683176.92,2898989.33,2658857.38,3197300.13,3210674.48,2807884.88,2882527.88,2772313.88,2638742.3,2693643.5,2729019.37,2783074.38,2825846.16,2690069.72,2511732.52,2648555.38
100,0L,1000,2026,500100,ERI003,ESK1,F5,10,ZAR,7597088.7,7613974.85,7520782.24,10591034.98,9615023.65,7894646.62,8231707.05,8723848.8,8167254.54,8449762.66,8635358.39,8454055.65,7765580.7,7938220.6,8119726.16,7751241.1
100,0L,1000,2026,500200,ERI003,ESK1,F1,10,ZAR,10154737.99,9702318.19,9510711.4,11256459.96,11576878.12,9838868.74,8764878.16,9824490.35,10060045.7,9709350.46,9311530.1,10209746.35,9071723.38,9294899.31,9128813.63,8906704.66
100,0L,1000,2026,500200,ERI003,ESK1,F2,10,ZAR,13300630.72,14378826.01,13450817.93,16758534.46,17069726.24,12563703.7,14538463.7,14428518.88,13798976.54,12827429.73,13079192.37,12778194.12,12711154.63,12550837.78,13152404.36,13162132.33
100,0L,1000,2026,500200,ERI003,ESK1,F3,10,ZAR,15535190.76,15566237.79,13384047.62,16836618.12,18904792.6,13877886.85,13695558.41,15239732.02,15444490.63,15298669.83,13373689.16,14317170.13,13948567.43,15349699.14,14099219.39,15451303.65
100,0L,1000,2026,500200,ERI003,ESK1,F4,10,ZAR,11598976.37,11021046.58,10986338.38,14409140.28,13078267.97,10896393.95,11595168.07,10821148.7,12055985.41,11115599.97,11254762.57,12335176.68,11292150.94,10761443.47,11274052.68,12333161.75
100,0L,1000,2026,500200,ERI003,ESK1,F5,10,ZAR,2477769.45,2460820.4,2310626.3,2836606.18,2763370.3,2262874.55,2505505.13,2302751.03,2342196.95,2496068.93,2408261.03,2357732.41,2220051.05,2561466.17,2262775.84,2527220.92
100,0L,1000,2026,500300,ERI003,ESK1,F1,10,ZAR,10739690.49,9508571.06,10539777.58,12221097.29,12860885.15,10849227.48,10370774.16,9478581.0,10735859.24,10055230.61,9620690.03,9690687.88,10438694.32,9748481.38,10396550.29,9851395.24
100,0L,1000,2026,500300,ERI003,ESK1,F2,10,ZAR,11686689.82,11618737.26,10838578.85,13575819.55,14271667.23,10808203.41,10441200.12,11684943.41,10251981.37,10656306.28,11280161.4,10565284.95,11266187.83,11424803.62,11211605.27,10268315.97
100,0L,1000,2026,500300,ERI003,ESK1,F3,10,ZAR,6439226.68,6397997.06,6634319.21,7754764.68,8165751.82,6079284.77,6210268.61,6241483.89,6042894.88,6346934.03,6646059.09,5999390.89,6270185.21,6714272.61,6378380.59,6620623.11
100,0L,1000,2026,500300,ERI003,ESK1,F4,10,ZAR,10666488.84,11600641.58,10606527.26,12517455.54,13997370.65,11296846.79,10569786.9,10932506.41,11241782.98,11861158.57,10610341.24,11103638.32,11953313.58,10828565.89,11419669.78,11618244.25
100,0L,1000,2026,500300,ERI003,ESK1,F5,10,ZAR,5858722.97,6452318.13,6583658.97,7101772.3,7861708.99,6454013.64,5898840.76,6449846.17,6771249.91,6823158.25,6243328.37,6264118.48,6639948.59,5822783.79,6690735.03,6587047.75
100,0L,1000,2026,510100,ERI003,ESK1,F1,10,ZAR,10497137.18,10471186.98,10257459.01,11143130.89,9845330.57,10353447.36,10844764.88,11054797.42,10948892.05,9929785.52,10548269.83,10462811.12,10304798.5,11184677.52,10784558.05,10117277.55
100,0L,1000,2026,510100,ERI003,ESK1,F2,10,ZAR,5270674.56,5533056.02,4847967.1,4988198.73,5120591.07,4926068.64,5648485.17,5270686.58,4892659.99,5360584.12,5011516.26,5656080.94,5527551.25,5011004.22,5610349.6,5082218.35
100,0L,1000,2026,510100,ERI003,ESK1,F3,10,ZAR,10263783.58,10101429.24,10112370.66,9940858.49,9897903.14,10172451.28,10515830.09,10702178.09,10332720.47,10761328.65,10251743.34,10502854.96,9853721.59,9814119.72,9707928.87,10167864.49
100,0L,1000,2026,510100,ERI003,ESK1,F4,10,ZAR,11086232.05,11070256.45,9885568.34,10428062.39,11009744.2,11223927.68,10267848.34,10525873.65,10115546.74,10566372.77,10691759.22,10562132.16,10187047.02,10608584.15,10037954.55,10873574.85
100,0L,1000,2026,510100,ERI003,ESK1,F5,10,ZAR,14177143.95,12963060.75,13472573.18,14783007.34,13366940.16,14406409.83,14723151.25,12800654.99,14172080.57,13807043.71,12805490.45,14035061.89,14387172.28,14118972.16,14101391.07,13564983.79
100,0L,1000,2026,520100,ERI003,ESK1,F1,10,ZAR,4051495.37,4541752.37,4422432.87,4118504.86,4272989.15,4170865.62,4390232.22,4102527.49,4235570.05,4447017.3,4127462.07,4316431.44,4161758.59,4164549.27,4162388.49,4372961.74
100,0L,1000,2026,520100,ERI003,ESK1,F2,10,ZAR,15049178.93,13284831.46,13958642.5,14756637.94,14766719.23,13621375.91,13999976.35,14722005.88,15065903.29,13814218.59,13818351.28,15311448.98,14917706.41,14824118.74,15325472.14,13702047.11
100,0L,1000,2026,520100,ERI003,ESK1,F3,10,ZAR,2775524.43,2836530.32,2779846.41,2883943.42,2971958.63,3080332.94,2944537.93,2769269.54,2975595.11,2894012.35,2949956.25,3048241.0,2986467.6,3083527.79,2731127.0,2759106.03
100,0L,1000,2026,520100,ERI003,ESK1,F4,10,ZAR,7540357.6,6875949.19,6779143.32,7405488.07,7451396.21,6784193.51,7574645.51,6853792.49,7168127.57,7463653.41,7676838.51,6902760.88,7521305.87,7333096.68,7185161.91,7788519.86
100,0L,1000,2026,520100,ERI003,ESK1,F5,10,ZAR,15387805.02,15274546.15,17008228.34,16547561.11,16222010.22,15354155.38,15981164.34,15721015.7,14745523.22,15356129.47,15223196.43,16497091.86,14746102.05,15459873.22,17012660.28,15858475.28
100,0L,1000,2026,520200,ERI003,ESK1,F1,10,ZAR,8250362.0,7501725.4,7828069.33,7972589.55,7731109.1,7809533.12,7056940.29,7327069.24,7872198.62,7465646.71,7383479.74,7876663.24,7075764.3,7521167.89,8244452.01,7172994.03
100,0L,1000,2026,520200,ERI003,ESK1,F2,10,ZAR,11700876.21,11380267.63,10641914.6,10792486.44,11943921.27,11425052.14,11357888.54,11515421.99,11895548.99,12093119.9,12085864.97,11039216.13,11607021.96,12206669.17,11528906.09,11948256.43
100,0L,1000,2026,520200,ERI003,ESK1,F3,10,ZAR,14762645.56,13645847.67,15194267.61,15676997.51,13912680.9,13803863.76,14359132.61,15531278.0,14706162.23,15167491.05,15867458.47,15640709.48,14161350.74,13612658.71,15415290.97,14433169.27
100,0L,1000,2026,520200,ERI003,ESK1,F4,10,ZAR,4403022.75,4424184.3,4472328.03,4160457.8,3865385.65,4174263.45,3943566.98,3859456.81,3868475.4,4496761.51,4203200.74,4236539.87,3868002.5,4235253.57,4493885.28,4236896.54
100,0L,1000,2026,520200,ERI003,ESK1,F5,10,ZAR,13525310.8,12006254.77,13746413.71,12120186.66,13203832.5,14061485.78,12656134.05,13214292.96,12822012.21,13403437.97,12925192.17,12788064.3,12432288.47,13925692.83,13340105.89,12844329.17
100,0L,1000,2026,530100,ERI003,ESK1,F1,10,ZAR,3546358.56,3248515.28,3649100.86,3368357.17,3382877.14,3339605.77,3465881.59,3351127.49,3376253.13,3328240.82,3252456.2,3497570.84,3429813.66,3275588.54,3630424.42,3183339.03
100,0L,1000,2026,530100,ERI003,ESK1,F2,10,ZAR,13887011.9,15019096.7,14743602.44,14068218.86,13732826.66,14836897.12,15982389.98,14380660.96,15874163.44,14868522.17,14870248.27,15080198.08,15802570.23,14352766.83,14148591.14,14884777.57
100,0L,1000,2026,530100,ERI003,ESK1,F3,10,ZAR,2625266.16,2727271.66,2934525.19,2856383.41,2754615.61,2768528.8,2577278.02,2778709.18,2978584.67,2901051.49,2915939.92,2672030.8,2977401.96,2660260.82,2713878.4,2963449.45
100,0L,1000,2026,530100,ERI003,ESK1,F4,10,ZAR,13948864.36,14096591.05,14944882.03,14243704.38,13840224.2,15147206.11,14972292.74,15117500.53,15573773.81,15901690.54,13979616.01,15870208.1,14753565.9,14632020.12,15264108.9,14976988.02
100,0L,1000,2026,530100,ERI003,ESK1,F5,10,ZAR,12969105.7,12388902.64,14153983.76,13320273.32,13296285.45,13293039.6,13249010.25,13402499.57,14357166.6,12784091.94,12456431.44,12786531.0,14093042.03,14208927.86,13766157.82,12712764.27
100,0L,1000,2026,540100,ERI003,ESK1,F1,10,ZAR,2391890.61,2629113.12,2447737.61,2526065.44,2552351.7,2447038.61,2359213.95,2634956.23,2362875.06,2577118.03,2593852.84,2497259.31,2290715.75,2496372.62,2373633.93,2417598.54
100,0L,1000,2026,540100,ERI003,ESK1,F2,10,ZAR,16629516.4,17001111.52,16947681.63,16988174.14,15616372.26,17417107.72,17553804.06,16377704.69,15946969.1,16031171.8,16272378.08,16875366.0,17035960.19,15822282.75,17554446.41,15274712.9
100,0L,1000,2026,540100,ERI003,ESK1,F3,10,ZAR,9278990.28,9092258.2,8089280.61,8238271.4,9314885.94,8854953.35,8336129.58,8565148.54,8865023.3,8297438.34,8079834.45,8996545.23,8545923.21,8637216.25,9289589.58,8492364.18
100,0L,1000,2026,540100,ERI003,ESK1,F4,10,ZAR,16497667.23,19050464.76,18389649.29,18508510.6,18067686.79,18429169.62,17056531.77,18357599.12,17357803.03,19162643.43,17182529.94,19108833.66,17249526.81,16697249.71,19058781.26,18076389.25
100,0L,1000,2026,540100,ERI003,ESK1,F5,10,ZAR,14276402.47,15304394.56,14213173.15,15073592.69,14661628.08,15008085.86,14420483.35,14591718.54,15478362.83,15021700.89,13468910.96,15666772.27,14578061.2,13996007.52,15265245.61,14716489.3
100,0L,1000,2026,150100,ERI003,ESK1,F1,10,ZAR,16226061.64,14402889.74,16467242.89,14599049.62,15820095.86,15742714.74,15052251.02,15201863.52,15037077.64,16622404.81,16622355.57,14443419.6,15655482.69,14919636.19,16596544.07,15204470.33
100,0L,1000,2026,150100,ERI003,ESK1,F2,10,ZAR,15211344.0,15569667.28,14654269.93,14609956.96,14101637.64,16295156.25,14324959.85,16339738.83,14109454.0,15674663.78,14844748.27,15599740.45,16094401.49,15049083.75,14947224.36,15964142.48
100,0L,1000,2026,150100,ERI003,ESK1,F3,10,ZAR,14318820.95,15747838.88,15759171.32,16040716.0,14206930.39,15220374.14,14944614.85,16020552.7,14869800.73,14066146.7,14514477.27,15774438.38,16109512.88,14726569.82,14863425.6,14554764.25
100,0L,1000,2026,150100,ERI003,ESK1,F4,10,ZAR,4968251.18,5122644.89,5271391.66,5317794.75,4651131.45,4901808.94,4978923.81,5028049.51,5235201.8,4707551.71,5098300.77,5057472.61,5072782.15,4921667.42,4900349.16,5051776.89
100,0L,1000,2026,150100,ERI003,ESK1,F5,10,ZAR,7502190.42,7519238.27,7725548.41,7222251.3,7843009.73,7916675.34,8069044.35,7832542.15,7596103.54,7268773.87,7104517.95,7844564.92,8093920.13,7747111.34,8097173.13,7668778.93
100,0L,1000,2026,150200,ERI003,ESK1,F1,10,ZAR,9348958.54,9514330.67,9526109.51,9172246.7,9466633.64,9209748.08,8703759.12,8640151.99,8882852.06,9132405.42,9476497.55,9143319.92,9418886.82,8444948.68,9695350.46,8631178.87
100,0L,1000,2026,150200,ERI003,ESK1,F2,10,ZAR,15418933.45,14414855.19,14115804.66,15129317.95,15770657.72,14649017.04,15137919.1,15208425.89,15612747.24,15570213.13,15276100.65,15883021.61,14706661.08,14997399.76,14567799.64,15555143.48
100,0L,1000,2026,150200,ERI003,ESK1,F3,10,ZAR,5092138.23,4851149.54,4829318.53,4415448.91,5031809.52,4490200.5,4579711.48,4544194.7,4678140.34,5156968.6,4541489.04,5019751.27,5125255.91,5100507.3,4755483.36,4703948.04
100,0L,1000,2026,150200,ERI003,ESK1,F4,10,ZAR,4537204.14,4769861.34,4563950.13,4920603.52,4441074.05,4494426.08,4925253.23,4488647.87,4495734.99,5078137.09,4916557.41,5013518.46,4632406.75,4735417.66,4992631.22,4744375.46
100,0L,1000,2026,150200,ERI003,ESK1,F5,10,ZAR,18457407.2,19374376.41,18045535.19,17964256.96,17564903.11,17116038.51,19547704.91,18342828.49,19329376.62,19521722.77,17538000.66,19397056.11,17374815.76,17909695.07,16998122.42,19788318.96
100,0L,1000,2026,150300,ERI003,ESK1,F1,10,ZAR,6771687.89,6271038.9,6875812.13,6269930.68,7096212.45,6644401.61,6408028.63,6473302.83,6245713.63,7181027.79,7263111.61,6260642.8,6534058.88,7066554.63,6287856.73,6223078.25
100,0L,1000,2026,150300,ERI003,ESK1,F2,10,ZAR,8855872.94,8558127.55,8725788.38,9479665.25,9459675.49,8587466.33,8931749.81,9033080.11,9557949.28,8906641.64,9036100.69,8781206.63,9348937.93,8514852.3,8743405.97,8716271.47
100,0L,1000,2026,150300,ERI003,ESK1,F3,10,ZAR,8291268.28,8177881.31,9294404.65,9199035.99,9482927.98,8446387.98,8121410.71,8396792.27,8265787.4,8786181.67,9212967.91,8120144.7,9211885.99,8177639.73,8866046.09,8257448.97
100,0L,1000,2026,150300,ERI003,ESK1,F4,10,ZAR,4425389.19,4833609.67,4726929.62,4657579.66,5003161.5,4496687.69,4599314.65,4565588.55,4721134.4,4646002.63,4777328.53,4609212.58,4656615.3,4430421.29,4613954.03,4581461.82
100,0L,1000,2026,150300,ERI003,ESK1,F5,10,ZAR,5792606.54,5725320.68,5596498.04,5824295.4,5647177.77,5691269.38,6164103.96,6154506.44,5968778.67,5988815.32,5825252.59,5659167.25,6189057.93,6041040.44,6431994.59,5767200.9
100,0L,1000,2026,500100,ERI004,ESK1,F1,10,ZAR,12772018.23,12679598.52,12981806.91,15870033.04,15578602.63,13715739.69,12699883.24,13631484.12,13712829.22,11963969.51,12077565.74,12697130.01,12939281.21,13404775.39,12300265.98,12581575.03
100,0L,1000,2026,500100,ERI004,ESK1,F2,10,ZAR,7847640.96,7614768.96,8691194.84,9312210.07,9837473.37,8576467.88,7916150.76,8444491.39,8228784.27,7989121.71,8603663.98,8035218.28,7572727.35,8161194.65,8655294.82,7464368.15
100,0L,1000,2026,500100,ERI004,ESK1,F3,10,ZAR,10537088.36,12006933.89,11531644.25,12843082.51,13922170.86,10532202.45,11846197.6,10486219.87,11822840.48,11168967.73,10747775.29,12157727.15,10837179.01,12073956.59,10776727.96,10698192.32
100,0L,1000,2026,500100,ERI004,ESK1,F4,10,ZAR,2605475.44,2710265.5,2745688.71,3386731.69,2916415.15,2471676.56,2736640.79,2422034.22,2655776.64,2509710.95,2542862.12,2738916.04,2737358.42,2424568.27,2542081.44,2418093.74
100,0L,1000,2026,500100,ERI004,ESK1,F5,10,ZAR,4434843.56,4047656.61,4314474.95,4988495.84,5333511.7,4130076.18,4525560.46,4547170.41,4197800.09,4117094.48,4492147.82,4219777.82,4123698.77,4113264.28,4357057.94,4359870.13
100,0L,1000,2026,500200,ERI004,ESK1,F1,10,ZAR,12469693.78,12662514.06,12084024.71,14017116.44,14719888.58,12332274.91,12088605.72,12164203.67,11557275.28,11902960.55,11727811.8,11978949.7,11463892.72,11751649.45,11318990.78,11815584.71
100,0L,1000,2026,500200,ERI004,ESK1,F2,10,ZAR,16568398.58,16168369.89,17303814.65,18074074.45,19713193.94,15896311.58,15134008.29,16979098.57,16291558.15,14922382.07,16808981.86,17285330.71,17288024.52,17083213.27,17006120.91,15166047.85
100,0L,1000,2026,500200,ERI004,ESK1,F3,10,ZAR,2121332.58,2281977.86,2292863.21,2908361.07,2733722.76,2158265.13,2361200.38,2343587.75,2205072.23,2430055.99,2333577.05,2389858.08,2138870.51,2242088.17,2303752.16,2134075.69
100,0L,1000,2026,500200,ERI004,ESK1,F4,10,ZAR,12576428.47,12299384.89,12643570.58,17111693.01,15502103.86,13203898.03,12811146.45,12686939.75,13366709.66,12618686.16,13870670.19,13570653.56,13723079.71,13077919.62,12729976.64,12296361.04
100,0L,1000,2026,500200,ERI004,ESK1,F5,10,ZAR,6799631.76,6513195.15,5914371.29,8285140.65,7994293.5,6638686.77,6425472.35,6082348.17,6465501.64,6036446.73,6732658.59,6703723.35,6033287.97,6310762.69,5822124.03,6395889.64
100,0L,1000,2026,500300,ERI004,ESK1,F1,10,ZAR,11692641.39,11684175.78,12227286.55,13838756.49,14360691.89,12823280.59,11365515.42,11484261.24,13050481.04,12481704.65,12371568.02,12250395.25,12002984.12,11595298.54,11880427.22,12823257.14
100,0L,1000,2026,500300,ERI004,ESK1,F2,10,ZAR,4742238.52,5285094.88,4965924.67,6338240.04,5883573.15,5280169.57,5172394.69,4837105.59,5293641.51,5186778.68,4687054.77,5188348.47,5045246.07,5075308.16,5363926.63,4725617.79
100,0L,1000,2026,500300,ERI004,ESK1,F3,10,ZAR,2134476.59,1936949.56,2123613.86,2508054.92,2629679.62,2036975.76,2055831.94,1965471.96,2015323.01,2165019.8,2179039.38,2216869.73,2139558.22,2086482.14,1984201.76,2196504.55
100,0L,1000,2026,500300,ERI004,ESK1,F4,10,ZAR,9388800.75,10389096.32,10994326.16,12781004.95,12174984.2,10481883.3,10274403.22,10043794.31,10403829.29,9790935.69,9651682.51,10696600.42,10986931.65,10324774.41,10249213.86,9787720.38
100,0L,1000,2026,500300,ERI004,ESK1,F5,10,ZAR,15776616.64,15002553.64,14289920.04,18723720.46,18867389.49,14006241.93,15632680.67,14450945.25,13721855.21,14080673.3,15120264.75,14457844.75,14606041.08,14081899.74,15527370.68,15015962.31
100,0L,1000,2026,510100,ERI004,ESK1,F1,10,ZAR,5493784.51,5584442.68,5121240.76,5263256.54,5151167.12,4983600.61,5327148.82,4950354.1,5560096.42,5304477.99,5430311.95,5623418.37,5133987.78,5619499.34,5273395.64,5605692.43
100,0L,1000,2026,510100,ERI004,ESK1,F2,10,ZAR,11462838.25,11689405.34,11658296.48,11320421.67,11012791.18,11454684.54,10892505.19,11629845.54,11585495.06,10161599.73,10657367.09,10648689.15,11885171.36,11855989.72,11104898.51,10697243.28
100,0L,1000,2026,510100,ERI004,ESK1,F3,10,ZAR,9420370.34,8992870.38,8920128.03,10118346.22,9772948.68,8984862.37,10206165.81,9380905.44,9174869.52,10167194.26,9270211.17,10228120.1,8863585.92,9131376.15,8824209.79,8841490.61
100,0L,1000,2026,510100,ERI004,ESK1,F4,10,ZAR,10634454.65,11818689.3,11512677.69,12021574.04,10846980.52,10838579.14,11442626.93,10504301.67,10482489.52,11964369.55,11137073.19,10457420.6,12010128.31,12194664.33,11345625.95,11291884.14
100,0L,1000,2026,510100,ERI004,ESK1,F5,10,ZAR,6002736.0,6578465.93,6235151.55,6626111.17,6142307.86,6589555.93,6581115.48,5931087.95,6572856.98,6215055.13,6000654.77,6219093.25,6141262.81,6267836.31,5998072.31,6400422.59
100,0L,1000,2026,520100,ERI004,ESK1,F1,10,ZAR,12372820.44,10691515.74,12310080.44,12179956.57,10983324.76,10987018.33,10664087.65,11094635.48,12321420.32,11725741.8,11922614.39,10969257.18,11262119.37,10903774.78,10770920.7,11319600.57
100,0L,1000,2026,520100,ERI004,ESK1,F2,10,ZAR,10707712.67,10977064.02,10808930.59,10534543.59,10410470.43,10055749.65,11167885.16,10740508.24,10301403.38,10881193.3,11022213.57,10241042.07,10254818.97,11632605.25,10343980.45,10868291.04
100,0L,1000,2026,520100,ERI004,ESK1,F3,10,ZAR,4614117.47,5248229.12,5200333.76,4809985.37,4727186.02,4496845.3,5140251.85,4962024.32,4569446.49,4802065.79,4629214.11,4586587.79,5003205.78,4708825.23,4529457.19,4940555.09
100,0L,1000,2026,520100,ERI004,ESK1,F4,10,ZAR,5399155.58,4966673.08,5128508.89,5287000.38,5534963.94,5018221.16,5280490.87,5120623.0,5221871.37,5631557.46,4924509.81,5631291.64,5219433.52,5514924.11,5126062.98,5319053.08
100,0L,1000,2026,520100,ERI004,ESK1,F5,10,ZAR,11810024.54,12066348.2,11207167.33,12517715.16,12209312.89,11014430.02,11455750.66,12556366.47,12015937.17,12248358.61,11856990.56,11904366.23,12394822.93,12002114.56,12040815.6,12290721.83
100,0L,1000,2026,520200,ERI004,ESK1,F1,10,ZAR,6790138.32,7514072.23,6752993.44,7386119.77,7737467.13,6767497.41,6847784.18,6730206.16,7178158.36,7695550.42,7312749.46,7583729.88,7293851.76,7588103.7,7315398.0,7259096.98
100,0L,1000,2026,520200,ERI004,ESK1,F2,10,ZAR,11015129.37,10430644.91,10839024.72,10922376.4,10186428.05,10718728.9,10028357.77,9733049.58,10195865.42,9962640.74,9848471.83,11314220.79,10690264.33,10855250.44,9778193.66,11332908.23
100,0L,1000,2026,520200,ERI004,ESK1,F3,10,ZAR,13567911.36,13877377.8,12765725.62,12700396.87,12720528.1,13310011.76,13204281.78,12561877.78,13474342.76,13263394.26,13704562.24,12392409.77,14172298.1,13504057.0,12395355.25,14181736.96
100,0L,1000,2026,520200,ERI004,ESK1,F4,10,ZAR,2783946.0,2752671.2,2908756.84,2627464.74,2736459.14,2967566.73,2614450.45,2746641.14,2885386.16,2727632.4,2983202.75,2764344.4,2708525.18,2864838.9,3015973.51,2627739.6
100,0L,1000,2026,520200,ERI004,ESK1,F5,10,ZAR,6294578.02,6412900.42,6572826.31,6857772.55,6426567.83,6956531.67,6146119.0,6429204.63,6170976.16,6810754.28,6163062.56,6346993.28,6946261.44,6076230.0,6421962.2,6472596.88
100,0L,1000,2026,530100,ERI004,ESK1,F1,10,ZAR,3998115.93,4037577.58,4153305.07,4371410.64,3960300.93,4275738.75,4368235.44,4558539.53,4137886.29,4199125.44,4304723.04,4078141.29,4333320.03,3980417.94,4358141.9,4100766.41
100,0L,1000,2026,530100,ERI004,ESK1,F2,10,ZAR,3995500.07,4411891.73,4508731.88,4087615.31,4199423.25,4527605.49,4336553.73,4495354.22,4378099.73,4293501.21,4176068.34,4455450.43,4517914.37,4142365.69,4065019.0,3908073.25
100,0L,1000,2026,530100,ERI004,ESK1,F3,10,ZAR,11225743.18,9942055.7,9740169.09,10984012.38,10655991.39,10469544.27,9975916.36,10254375.74,10727348.56,10439428.68,10830261.41,10852643.28,10241046.74,10563322.16,11202904.26,10732627.13
100,0L,1000,2026,530100,ERI004,ESK1,F4,10,ZAR,6061607.78,5924821.47,6187340.13,6207379.38,5509200.9,5763336.56,6081926.88,5887186.79,6186951.92,5709296.94,6028653.09,5403048.27,6270474.24,5840399.73,5669243.11,5766382.8
100,0L,1000,2026,530100,ERI004,ESK1,F5,10,ZAR,3538387.32,3434241.32,3281684.55,3625253.57,3176236.41,3186574.76,3266569.73,3672662.64,3232094.83,3175455.81,3587067.55,3432548.61,3386297.63,3406531.7,3521204.1,3673264.77
100,0L,1000,2026,540100,ERI004,ESK1,F1,10,ZAR,12601194.52,12330602.63,13393992.18,12760338.56,11680446.51,11650780.16,13432142.88,13489143.16,13414260.65,11874422.4,11896262.64,13318473.34,12577353.19,13386521.74,11901959.35,12334474.63
100,0L,1000,2026,540100,ERI004,ESK1,F2,10,ZAR,13950039.04,14775522.08,14186146.01,15780799.84,15956448.52,13992297.03,14002478.29,15513769.89,13818300.09,14672911.07,14543717.32,15629277.61,14356594.28,15654801.59,15398061.11,13790342.56
100,0L,1000,2026,540100,ERI004,ESK1,F3,10,ZAR,17336384.58,16174106.61,17246210.94,18028232.05,16839762.09,18091400.87,17747975.09,16650041.93,18168130.43,17987158.85,16205542.46,17524290.91,16457788.15,16405273.05,16951264.63,18346489.58
100,0L,1000,2026,540100,ERI004,ESK1,F4,10,ZAR,16173836.28,14448243.57,15905049.06,16350707.44,14600501.27,14673170.9,14507529.81,15156260.9,16106213.06,16291087.55,15369559.99,14712579.12,14358990.85,14228646.67,15889498.3,14047230.08
100,0L,1000,2026,540100,ERI004,ESK1,F5,10,ZAR,4094453.08,4268384.23,4294509.03,4194353.12,4270588.46,4203769.04,4436104.97,3960163.64,4178623.85,3865126.09,3986070.1,4191373.71,4433613.43,4127084.9,3989096.29,3925769.18
100,0L,1000,2026,150100,ERI004,ESK1,F1,10,ZAR,10478541.18,10146550.22,9466654.3,10216037.99,9940523.02,9486931.81,9763371.04,9573862.94,10096216.27,9376243.65,10081389.5,10277779.41,9188833.88,10074417.79,9579365.1,9727355.79
100,0L,1000,2026,150100,ERI004,ESK1,F2,10,ZAR,7269758.26,7090347.07,6458922.32,7067686.05,7338249.5,6841543.72,7072169.13,7278944.28,7031059.57,6604831.24,6809707.55,6797449.74,6929579.16,6942685.71,6828980.98,7433619.21
100,0L,1000,2026,150100,ERI004,ESK1,F3,10,ZAR,7022413.82,7367801.98,7182002.66,6674186.45,7232343.23,7349887.35,7767186.59,7277910.74,7531788.67,7347888.63,7428611.35,7374157.97,7616179.15,7763979.04,6832679.46,7634292.25
100,0L,1000,2026,150100,ERI004,ESK1,F4,10,ZAR,5759037.37,5592898.08,6233312.61,6301863.03,5913691.75,6094196.99,5873124.38,6428644.76,6221239.6,5553458.42,6081239.41,5917078.07,5816344.13,6118878.18,5812958.39,5622503.81
100,0L,1000,2026,150100,ERI004,ESK1,F5,10,ZAR,12249582.62,12550304.71,13086857.06,13435380.1,12870602.18,11670004.13,12476356.51,12026971.37,13543142.19,12986353.84,12088613.5,13177151.89,12077370.69,13559153.16,12549077.07,13032776.16
100,0L,1000,2026,150200,ERI004,ESK1,F1,10,ZAR,4622550.97,5342380.65,4678611.22,4971576.26,4579049.51,4839360.8,4683951.29,4688580.5,5102910.73,5080334.72,4850667.41,5214759.45,4880854.11,5061009.43,5122553.98,4692162.14
100,0L,1000,2026,150200,ERI004,ESK1,F2,10,ZAR,14307185.06,14302288.74,15297333.11,14719279.51,14300104.62,15844770.7,15645780.17,15038093.22,14635722.28,15258795.82,14113498.04,14585086.62,13853139.37,15211871.78,15872906.49,13983321.25
100,0L,1000,2026,150200,ERI004,ESK1,F3,10,ZAR,14890736.28,15079125.79,15433442.0,13627037.12,15770445.14,15548334.78,14297744.57,15787264.18,14198229.14,13663608.04,15361277.99,13882105.16,15181235.32,13625542.53,15458020.58,13905015.98
100,0L,1000,2026,150200,ERI004,ESK1,F4,10,ZAR,2291172.47,2475694.68,2485183.66,2364776.98,2479148.49,2253361.39,2345057.67,2451581.78,2279975.74,2485351.38,2399680.33,2356647.26,2520448.19,2601558.62,2412308.54,2475588.26
100,0L,1000,2026,150200,ERI004,ESK1,F5,10,ZAR,15270319.3,15158130.64,14756001.71,16071650.06,14794824.59,14462555.55,15898214.62,13734825.6,14129172.45,14027374.0,15975989.01,15005064.83,14924062.44,15979376.48,15451244.66,15970347.75
100,0L,1000,2026,150300,ERI004,ESK1,F1,10,ZAR,14495229.31,12631216.7,14476209.05,14420956.23,12534867.96,13155678.01,14218614.25,13534891.26,12897969.88,13352276.28,13431096.47,14284199.3,13161146.05,13813579.63,13032320.31,12670404.02
100,0L,1000,2026,150300,ERI004,ESK1,F2,10,ZAR,13310914.41,13036324.78,12340686.24,13402779.16,13407784.04,12313139.12,11698841.81,12405535.62,12524510.77,13518667.64,13228845.34,12609253.85,13312540.76,12892895.27,13545983.26,13203090.32
100,0L,1000,2026,150300,ERI004,ESK1,F3,10,ZAR,8706825.89,8457222.34,8784580.39,8130050.62,8183227.94,8236482.09,8922873.29,8220176.87,8306830.82,8393706.88,8902004.23,7745260.11,8558286.0,8343766.2,8812805.02,8083714.0
100,0L,1000,2026,150300,ERI004,ESK1,F4,10,ZAR,9411251.15,8402618.51,9718854.18,9538997.21,9041109.2,8790471.89,8348102.23,8681988.03,9243898.3,9351551.4,8407361.22,9661561.17,8507836.72,9742879.71,9208667.25,8468065.99
100,0L,1000,2026,150300,ERI004,ESK1,F5,10,ZAR,14881728.25,15287492.93,14946095.61,15270601.99,15060480.96,16428904.94,15564831.34,16318981.55,15370228.49,15511003.99,15868995.98,14040078.45,16059366.57,15611371.51,14877334.49,15307619.94
100,0L,1000,2026,500100,CX001,ESK1,F1,10,ZAR,4985230.11,5102177.86,4752693.7,5638802.25,5561311.71,4943600.02,4852808.14,5115311.49,4934276.96,4976053.7,4729536.92,4462625.26,4987986.96,4951534.81,5168167.75,4889158.51
100,0L,1000,2026,500100,CX001,ESK1,F2,10,ZAR,17647065.65,16298882.54,16722945.72,18988185.11,20606160.35,16674384.92,16136789.94,16839079.12,17622710.07,15426221.87,16269578.81,16397436.2,16461107.29,15692322.41,17474473.89,16694553.82
100,0L,1000,2026,500100,CX001,ESK1,F3,10,ZAR,3800363.77,3543388.06,3782308.32,4134946.41,4181774.11,3774017.89,3456158.4,3766751.22,3782874.89,3387641.96,3406172.95,3536754.92,3402427.07,3291241.8,3659740.92,3649829.13
100,0L,1000,2026,500100,CX001,ESK1,F4,10,ZAR,7514409.29,6703053.68,7686362.39,9497004.02,9232331.71,7136071.97,7340873.47,7115262.37,7204930.7,6704888.25,7745669.38,6881297.72,7494623.27,7592134.07,7178423.29,6989801.41
100,0L,1000,2026,500100,CX001,ESK1,F5,10,ZAR,15848470.24,15343979.94,14897570.2,17554222.01,18232311.23,15583895.07,16631695.79,16363678.96,16388715.47,14744331.25,15499148.5,16235236.25,15472082.62,14550389.07,16566248.35,16573118.5
100,0L,1000,2026,500200,CX001,ESK1,F1,10,ZAR,12148790.52,12072878.15,12260536.18,14651167.09,14512640.81,11811779.22,11942089.83,11102493.99,11095871.11,11646463.42,10763722.28,12217003.29,10797181.73,11673501.75,10993647.51,12192747.73
100,0L,1000,2026,500200,CX001,ESK1,F2,10,ZAR,3036240.12,3140094.41,2937548.12,3576623.26,3898557.59,2910914.87,2907966.47,3118045.39,3132519.34,3239397.28,2937009.5,2968604.14,3267096.29,3236128.98,2870136.97,3249143.12
100,0L,1000,2026,500200,CX001,ESK1,F3,10,ZAR,6493900.36,7352234.99,7401661.52,8873877.73,8747089.6,7302900.88,7403987.2,6818683.58,7223359.56,7159911.07,6394357.01,7419507.31,6960201.77,7465100.23,6689863.83,7074386.52
100,0L,1000,2026,500200,CX001,ESK1,F4,10,ZAR,7236524.27,7707003.6,7953523.07,9875140.83,10127348.21,8401993.34,7237770.46,8215180.94,7896497.53,7960673.23,7742643.46,7752485.63,7641166.69,7689390.66,8035625.22,8146366.99
100,0L,1000,2026,500200,CX001,ESK1,F5,10,ZAR,15821118.49,14880099.02,15128351.13,20443140.54,19495446.95,14754909.53,14950686.6,15327551.86,15069157.97,16311801.57,15283107.75,16453862.09,16736808.91,16219765.7,16234690.23,16015163.79
100,0L,1000,2026,500300,CX001,ESK1,F1,10,ZAR,7505537.23,8191877.51,8154886.3,8849364.2,9909892.28,8129724.88,8302713.06,7183405.44,7700595.5,7261618.2,8376399.5,7356966.34,7795097.44,8004253.69,7572204.54,7273701.45
100,0L,1000,2026,500300,CX001,ESK1,F2,10,ZAR,12794574.33,14143474.44,13441326.62,16265537.83,16923325.15,12984319.01,14053362.63,13935331.32,14567936.72,13181000.16,14357652.71,12721189.73,12549583.58,13038529.07,14073381.14,14202529.27
100,0L,1000,2026,500300,CX001,ESK1,F3,10,ZAR,7044053.25,6926921.82,6540057.8,8492106.54,8264036.87,6918497.88,7305069.06,6975180.7,7051211.69,6330601.56,7140701.55,6492360.93,6313089.56,7336491.2,6400350.67,6399995.52
100,0L,1000,2026,500300,CX001,ESK1,F4,10,ZAR,15794998.29,16016782.9,17171400.16,20832372.58,19591193.64,16411795.47,16993603.84,16518896.93,17965278.63,15990169.14,15582388.92,18000837.34,16656282.72,16938019.13,17721052.1,16195542.15
100,0L,1000,2026,500300,CX001,ESK1,F5,10,ZAR,12652637.02,11630189.6,11882256.04,16297595.71,15790000.61,11980808.49,11886592.63,12067870.89,11655897.11,12479413.38,12108408.3,12593620.76,12173874.62,12933314.96,12140029.9,13114847.52
100,0L,1000,2026,510100,CX001,ESK1,F1,10,ZAR,13116224.64,13555204.72,14038773.7,14494069.21,13073002.64,14362054.5,14646284.24,13086620.89,12926507.61,14591938.05,12934018.94,13767030.79,13409712.79,14936040.17,14732807.01,14248261.95
100,0L,1000,2026,510100,CX001,ESK1,F2,10,ZAR,7295081.78,7499037.5,7270047.28,6797952.77,7803804.17,6818605.81,6884560.65,6845483.89,7740364.86,7582212.21,7853949.18,7265591.81,7462008.59,7048473.39,6780812.11,7286392.97
100,0L,1000,2026,510100,CX001,ESK1,F3,10,ZAR,17297569.94,17357170.08,18461746.17,16592052.51,16550171.78,18186174.21,17131405.14,19128101.46,16863800.31,16841976.96,18117195.69,19093272.4,16502556.06,17728915.21,17217380.09,17426085.8
100,0L,1000,2026,510100,CX001,ESK1,F4,10,ZAR,3733817.35,3696383.6,3852359.21,3856405.53,3713935.82,3424899.63,3572238.58,3388374.46,3686666.81,3400160.71,3551385.07,3820700.58,3526236.33,3647702.83,3382530.42,3611925.51
100,0L,1000,2026,510100,CX001,ESK1,F5,10,ZAR,19619626.2,18034856.48,18981428.7,18420089.55,19324827.96,17461517.66,18190371.77,18986291.82,18647990.39,17798868.97,18548157.14,19970017.11,19800181.29,19280967.05,19022885.7,18454719.62
100,0L,1000,2026,520100,CX001,ESK1,F1,10,ZAR,12267381.17,12487839.57,12264880.98,12860744.44,12493024.1,13094669.46,12299612.0,13231281.68,11350119.1,11475957.7,12027942.08,12583559.81,13232875.04,12188046.75,12978087.53,12520374.01
100,0L,1000,2026,520100,CX001,ESK1,F2,10,ZAR,16925077.37,17746005.59,16363246.43,17817946.87,16428557.68,15626339.27,16498084.03,15759180.74,16537398.88,16263496.53,15717262.56,18290961.44,18292689.3,18076137.59,16326364.21,18021857.64
100,0L,1000,2026,520100,CX001,ESK1,F3,10,ZAR,9093293.3,8831414.36,9515753.31,9664865.57,9409172.53,9211854.59,9269960.35,8621045.3,10104669.15,9806854.59,9402993.8,10042862.12,10020696.43,8807804.8,8709626.46,9895067.99
100,0L,1000,2026,520100,CX001,ESK1,F4,10,ZAR,14599986.11,15089224.23,14121578.38,14662893.1,15678210.49,15708052.35,16069663.68,15197433.51,15027858.34,14227379.05,14304486.36,14606818.32,14024194.91,15572136.77,15309895.18,15430892.16
100,0L,1000,2026,520100,CX001,ESK1,F5,10,ZAR,15291617.48,13644452.09,14784622.55,14558674.53,14428062.2,14770316.95,15506240.01,14906595.41,15408478.14,13813718.54,13403435.94,15167903.22,15244022.99,13609116.68,15216108.48,14460804.51
100,0L,1000,2026,520200,CX001,ESK1,F1,10,ZAR,13386503.68,12880957.16,13396731.75,13698402.59,12662667.61,13780280.0,12309349.56,13940374.32,12279766.94,12335724.47,13880683.99,13596302.19,13478385.09,13452547.8,12824543.76,13590734.93
100,0L,1000,2026,520200,CX001,ESK1,F2,10,ZAR,12931673.69,13001884.41,12057174.99,11621430.38,13072135.66,13269484.42,12165608.72,12370218.78,13212352.01,12425719.38,12934747.22,11799378.74,11918154.15,11464593.94,11578398.15,11773324.92
100,0L,1000,2026,520200,CX001,ESK1,F3,10,ZAR,18115412.0,16049801.98,16872392.03,16606493.27,16003395.97,16424222.56,18017517.58,17846522.11,16849155.13,16546321.87,16116691.08,17105733.25,15924217.2,17188252.15,17579231.61,17525705.67
100,0L,1000,2026,520200,CX001,ESK1,F4,10,ZAR,3083425.45,3009800.45,3086567.95,2847125.02,3013757.31,2831983.58,3184996.39,2934189.87,2818632.67,3185619.91,3095794.39,2883502.17,3098707.48,2915953.83,2979522.83,3058365.62
100,0L,1000,2026,520200,CX001,ESK1,F5,10,ZAR,9036499.49,8390685.21,8654647.89,8017000.53,8459972.69,9022636.98,9073245.27,9008568.3,8381047.45,7993407.95,8936423.22,8755814.03,8271809.84,8338017.7,7967501.92,9119209.43
100,0L,1000,2026,530100,CX001,ESK1,F1,10,ZAR,7890817.11,8709039.62,7543361.17,8529229.79,8565927.26,7657665.73,8205354.3,7798005.11,8408460.84,8258552.04,7500225.36,8332738.28,7628215.14,8624041.16,7734084.04,8700517.56
100,0L,1000,2026,530100,CX001,ESK1,F2,10,ZAR,2541294.76,2286846.49,2609159.45,2325199.79,2285821.18,2301104.88,2553954.67,2487217.52,2650028.01,2426758.78,2377387.4,2349397.14,2488656.63,2548005.35,2445762.9,2495660.05
100,0L,1000,2026,530100,CX001,ESK1,F3,10,ZAR,15774681.2,14439615.45,16599058.92,16137824.48,14890620.06,15493610.12,15459682.03,16607744.8,15677622.66,14391398.33,16411743.55,16243905.29,14933660.99,15783592.79,15931703.38,15547805.49
100,0L,1000,2026,530100,CX001,ESK1,F4,10,ZAR,14034811.83,14684368.89,14762390.88,14021869.31,13885095.69,14115332.86,14836070.56,13992777.96,13601150.29,13608070.72,13708366.02,14465511.22,15840563.0,14209668.19,14333732.09,15768309.3
100,0L,1000,2026,530100,CX001,ESK1,F5,10,ZAR,11686621.56,12609784.95,12769824.26,11871269.99,12062372.98,13008634.56,12608193.51,12265657.47,11517296.8,13240825.09,13431230.71,13023780.99,12239949.03,13230653.66,12639114.79,11694289.78
100,0L,1000,2026,540100,CX001,ESK1,F1,10,ZAR,17358762.67,16059207.32,16913140.62,16701497.9,15675259.79,15974974.81,16694668.56,16938842.14,17230031.88,17091671.99,15668511.35,16428306.69,17032636.82,15690851.94,17089244.91,15894607.75
100,0L,1000,2026,540100,CX001,ESK1,F2,10,ZAR,8429430.15,9288678.16,9478113.33,9197578.26,9119302.11,9153032.11,8765086.78,9496458.27,9472474.21,8602328.53,8826585.69,9351053.66,8495851.9,9078795.06,8851612.79,9491843.14
100,0L,1000,2026,540100,CX001,ESK1,F3,10,ZAR,2862867.83,2997535.24,3016634.71,2835794.94,2984690.93,3046404.16,2714997.07,2696729.85,3074344.56,2720195.08,3067523.98,2837481.67,3152866.67,3099594.84,2990060.59,2947845.0
100,0L,1000,2026,540100,CX001,ESK1,F4,10,ZAR,6608166.0,6255325.26,6018560.87,6761218.28,6593636.24,6136114.34,6343517.96,6638638.73,6899510.34,6549490.56,6531803.31,7018061.57,6656367.91,6070775.78,6947241.36,6910329.21
100,0L,1000,2026,540100,CX001,ESK1,F5,10,ZAR,3109243.53,2991145.82,2979948.9,3077223.64,2665146.64,2958990.25,2713166.55,3018972.16,2844316.86,3029389.12,2995174.35,2670861.08,3025882.76,2846900.62,2720123.66,3002705.68
100,0L,1000,2026,150100,CX001,ESK1,F1,10,ZAR,2210247.32,2234583.45,2318480.71,2223742.71,2489215.22,2337326.1,2291431.77,2496313.79,2464083.75,2224850.13,2447826.78,2305954.8,2440415.69,2429649.95,2270970.1,2260156.08
100,0L,1000,2026,150100,CX001,ESK1,F2,10,ZAR,4589943.17,4342750.45,4211882.24,4811570.11,4545302.11,4481654.37,4726335.23,4806354.37,4201616.71,4674600.4,4685460.58,4783788.11,4176796.7,4674027.61,4527191.66,4450068.92
100,0L,1000,2026,150100,CX001,ESK1,F3,10,ZAR,17011650.23,16327040.31,16081662.89,15326624.03,16139325.66,15350067.66,15134638.64,15727676.41,16884204.15,16940336.83,15063637.08,14728927.34,15471775.17,16477319.18,15464255.37,15280996.9
100,0L,1000,2026,150100,CX001,ESK1,F4,10,ZAR,16144744.12,15786860.23,17536587.15,17018031.03,16390481.14,15802672.77,16376801.4,16122398.19,18045687.53,16190690.74,17790987.88,18195464.32,16539666.04,15782006.71,16109665.49,18102894.08
100,0L,1000,2026,150100,CX001,ESK1,F5,10,ZAR,7950335.46,7859099.41,7420778.7,8300932.02,8492205.91,8586002.96,7654217.24,8194837.39,7398208.89,8502007.43,7509935.57,7731076.86,8474194.27,7405344.89,8058265.76,7351297.45
100,0L,1000,2026,150200,CX001,ESK1,F1,10,ZAR,8203920.7,7876169.8,8419804.88,7818382.51,7881991.24,7852300.61,8048709.32,7799092.03,7947876.4,8139226.61,8747364.49,7685710.68,8754983.92,8686168.42,8533054.87,8591802.78
100,0L,1000,2026,150200,CX001,ESK1,F2,10,ZAR,12864828.42,12277585.31,13260751.55,12884234.68,13074584.41,13436146.0,11719841.98,12808914.84,13035762.67,13218435.21,11884802.28,12706561.99,11606585.07,11968623.19,12888322.12,12460947.95
100,0L,1000,2026,150200,CX001,ESK1,F3,10,ZAR,5846566.73,6422066.39,6037773.06,6567254.39,6049732.64,6552218.25,6577051.78,6107727.16,5769572.61,5665304.1,5991926.7,6131678.14,5971267.62,6304823.09,6207464.69,6180853.77
100,0L,1000,2026,150200,CX001,ESK1,F4,10,ZAR,12608250.94,13318843.43,12726484.64,13536130.29,13973835.15,12688701.74,13628332.11,13941250.51,12521989.83,12689187.27,12438700.78,13750136.2,12686316.58,12434108.09,14137720.35,12908419.17
100,0L,1000,2026,150200,CX001,ESK1,F5,10,ZAR,10472629.37,9042547.59,9698557.97,9373723.16,9320038.64,10276064.34,9464540.39,10029310.71,9418751.68,9199451.34,10140692.84,9108651.39,10349767.28,9143433.98,10479022.22,9556498.02
100,0L,1000,2026,150300,CX001,ESK1,F1,10,ZAR,14367842.89,14858144.8,15809489.65,16221405.28,15152394.97,14257496.78,16117731.62,14655555.84,16004281.1,15293817.68,15082938.47,15152873.87,15080099.7,15867326.25,14352450.88,15210254.71
100,0L,1000,2026,150300,CX001,ESK1,F2,10,ZAR,2340829.9,2126454.39,2212291.96,2188274.29,2065111.8,2176043.33,2070550.22,2163855.92,2064079.67,2073649.67,2212160.73,2301935.88,2350523.8,2213349.76,2226927.21,2043465.56
100,0L,1000,2026,150300,CX001,ESK1,F3,10,ZAR,12067582.2,11747344.33,12374416.61,12140953.94,12082331.3,12643817.15,12751471.62,11444014.38,12482147.47,11653494.64,11145583.26,12123931.43,11264599.11,12283549.31,11540295.08,11623391.4
100,0L,1000,2026,150300,CX001,ESK1,F4,10,ZAR,14475195.13,15323771.02,14005797.83,13739736.24,15186649.17,14106389.56,14009409.48,13422635.5,14116964.99,14093194.0,13385213.45,14191192.62,15539679.05,13445544.44,14485206.71,13361177.36
100,0L,1000,2026,150300,CX001,ESK1,F5,10,ZAR,19583265.53,18695605.43,18121988.45,18688485.44,18883916.96,19132298.21,18476229.09,17381465.38,19052715.99,17608263.32,18869481.92,20170682.61,19644065.76,19627762.25,18627074.26,19302984.62
100,0L,1000,2026,500100,CX002,ESK1,F1,10,ZAR,11941430.71,12703694.9,13459629.3,14842890.68,15399504.88,12627399.28,12990233.71,13117310.88,11751790.11,13515193.04,12328684.21,13306065.75,12782485.88,12309195.94,12655725.4,12228771.85
100,0L,1000,2026,500100,CX002,ESK1,F2,10,ZAR,13379702.08,13998542.88,14112056.73,15888890.81,17603477.5,13469904.3,13752722.52,13626341.03,14088239.58,13260332.52,13180086.73,13943532.57,13640567.86,13962809.31,13366880.19,14542236.56
100,0L,1000,2026,500100,CX002,ESK1,F3,10,ZAR,2848972.7,2852517.15,3158930.14,3684389.84,3468121.72,3106856.57,3227262.46,3120776.11,2948078.96,3112005.87,2931829.02,2882679.62,2862301.96,3016528.67,2900385.23,2942926.68
100,0L,1000,2026,500100,CX002,ESK1,F4,10,ZAR,10048165.01,9813815.44,9880126.66,12033654.86,12399935.55,9185642.61,9316743.66,9400858.42,9158462.23,10486549.55,10453432.13,10441945.13,10101375.39,10431233.21,9191582.76,9841386.12
100,0L,1000,2026,500100,CX002,ESK1,F5,10,ZAR,8656656.28,8566135.28,7876687.25,9501188.78,10360914.1,7493090.3,8625588.79,7532478.99,7953112.65,8338788.1,8015650.87,8265212.62,7793563.62,8444357.21,8481771.79,8102138.19
100,0L,1000,2026,500200,CX002,ESK1,F1,10,ZAR,4582690.04,4910987.03,4847110.54,6320029.11,5891112.72,5255217.16,5376161.72,4884843.96,5274713.33,4716747.26,4600603.73,4996838.48,4718250.86,5288187.35,5260047.77,5164915.16
100,0L,1000,2026,500200,CX002,ESK1,F2,10,ZAR,9757561.19,10232041.61,10069183.89,10913542.87,11381732.3,9179100.92,9200221.42,10234096.29,10267299.03,10293102.03,9304408.71,8997826.7,9097455.52,10383095.25,9403062.72,9975765.79
100,0L,1000,2026,500200,CX002,ESK1,F3,10,ZAR,18721408.1,17816738.93,18386222.9,22307099.99,20448206.57,17465374.13,17433361.98,18175503.65,17236926.92,16150277.21,17448029.18,16490248.27,16238839.84,16220051.8,17349871.73,18916032.36
100,0L,1000,2026,500200,CX002,ESK1,F4,10,ZAR,8838762.48,8581426.18,8855076.24,10433388.53,10590750.87,9632956.31,8941853.14,8884568.73,9893261.45,9109622.3,9127706.95,9427262.07,9574312.13,8786907.5,9141165.47,8996954.28
100,0L,1000,2026,500200,CX002,ESK1,F5,10,ZAR,9467776.82,9218826.73,8569417.69,12051348.47,12048096.34,8656402.32,9182472.29,9496327.97,9747927.12,9588064.63,9842817.05,8501984.58,9353981.72,8470980.47,8735580.77,9107355.53
100,0L,1000,2026,500300,CX002,ESK1,F1,10,ZAR,11250014.2,11207742.78,11718996.24,14593213.78,13606326.65,10968236.37,11131757.35,10709434.66,10618874.42,11629444.61,11031563.8,11639944.4,11634740.61,11968984.95,11591367.93,11136452.4
100,0L,1000,2026,500300,CX002,ESK1,F2,10,ZAR,5129251.68,5227260.17,5425873.93,6076127.18,6574874.13,5117861.97,4788758.41,4781212.77,5166933.32,4748661.61,4713021.12,5373345.62,4868055.37,5023675.05,5137165.97,4922126.9
100,0L,1000,2026,500300,CX002,ESK1,F3,10,ZAR,9446044.81,10212573.98,10186739.47,11533344.08,11921915.26,9670540.88,9806132.36,9691923.71,9814299.22,9878620.84,10403868.54,9948978.99,9327087.02,10429986.02,10097600.63,10377832.14
100,0L,1000,2026,500300,CX002,ESK1,F4,10,ZAR,9428947.27,10442447.86,10737862.7,13178669.08,13400250.53,9928927.88,9729661.28,10720203.6,9663261.06,9710212.55,10405396.59,10948589.72,9972694.54,9789288.28,10425340.57,10550318.05
100,0L,1000,2026,500300,CX002,ESK1,F5,10,ZAR,17053596.86,19087238.56,18805559.53,22085739.46,24241857.95,18222675.21,18688281.49,17356869.88,18482929.43,17917152.05,17722626.54,18051927.01,18301851.0,18120838.45,18885905.28,17927390.23
100,0L,1000,2026,510100,CX002,ESK1,F1,10,ZAR,5561281.99,6036058.78,6150226.44,5833170.35,6234522.6,5498915.47,6089723.24,6080022.95,6325216.46,5990150.98,5722951.6,5519113.21,5912386.69,5744773.95,6298543.43,5578235.3
100,0L,1000,2026,510100,CX002,ESK1,F2,10,ZAR,3307124.35,2884147.22,3282237.1,3284210.03,2845450.9,2862332.65,2894169.34,2885987.18,2982260.82,3284818.13,3267525.82,3319779.79,2899946.93,3307586.41,3008413.02,3162597.02
100,0L,1000,2026,510100,CX002,ESK1,F3,10,ZAR,7231212.61,7690114.77,7856590.09,8016699.69,7373112.04,8400353.26,7565807.36,7333356.38,7789213.3,7431047.66,7541494.71,8120519.55,8338051.62,7941896.54,8023162.72,7604252.5
100,0L,1000,2026,510100,CX002,ESK1,F4,10,ZAR,7857085.35,7714374.71,8763212.75,8740459.69,7784953.6,8540434.37,8100043.71,8785491.92,8635896.52,8353263.41,8665326.98,8872460.97,8135254.97,8399315.89,8477788.24,8700255.82
100,0L,1000,2026,510100,CX002,ESK1,F5,10,ZAR,4113893.76,4323285.35,4145350.35,4533294.56,4316715.42,4086045.74,4348067.72,4724092.89,4364505.64,4504799.43,4497576.22,4415426.25,4159560.28,4219500.53,4167304.82,4414830.0
100,0L,1000,2026,520100,CX002,ESK1,F1,10,ZAR,12114626.11,11794827.45,11268471.55,11499978.79,11862763.15,12148136.65,10981913.85,11978464.52,12017753.09,10566423.86,11406297.93,10705712.91,11211597.23,10980285.92,11315256.56,11565093.96
100,0L,1000,2026,520100,CX002,ESK1,F2,10,ZAR,4169554.42,4202733.95,4058909.44,4531291.95,4537592.8,4542780.1,4557819.47,4187541.28,4644499.93,4176078.35,4430822.06,4664546.74,4108589.84,4059924.94,4488170.38,4206639.38
100,0L,1000,2026,520100,CX002,ESK1,F3,10,ZAR,17932443.23,16981888.77,18344691.81,18542150.28,18694688.48,18747253.89,16454177.28,17565424.92,17440319.26,18838191.27,17792875.91,18705819.96,18171014.99,17636819.04,17081588.16,17997225.69
100,0L,1000,2026,520100,CX002,ESK1,F4,10,ZAR,15571528.98,14907574.78,14774813.67,16106868.61,16119866.33,15919993.24,16830855.27,16001312.67,15450025.14,16691087.67,16203213.46,16593080.92,14619623.9,16003394.81,15518190.27,16226903.04
100,0L,1000,2026,520100,CX002,ESK1,F5,10,ZAR,7111974.87,6821996.85,6617829.51,6973173.86,6852717.95,7261228.76,7245149.33,6820474.07,7502009.62,6897372.4,6700067.28,7563343.3,7128783.72,6953108.14,6517741.05,6978657.73
100,0L,1000,2026,520200,CX002,ESK1,F1,10,ZAR,14042762.23,13658925.54,15032884.01,13025586.19,14847292.19,13622844.0,14242237.06,13458880.49,12929618.05,15032113.06,13964203.46,13507406.63,15045684.3,14608440.42,13248562.28,14063418.94
100,0L,1000,2026,520200,CX002,ESK1,F2,10,ZAR,13396361.06,13577082.42,13431995.97,12741329.67,12575788.68,13620158.96,12963363.59,12072658.28,11967803.57,12276876.16,12055135.19,12687703.51,11939200.39,13748569.94,12219665.02,13078651.77
100,0L,1000,2026,520200,CX002,ESK1,F3,10,ZAR,11114300.3,10146648.39,10816187.76,10906723.32,10326618.08,11457026.04,9960076.37,10012634.73,10050829.94,10250361.51,11281505.93,11426895.71,10714900.45,11107631.8,9905085.7,11350283.51
100,0L,1000,2026,520200,CX002,ESK1,F4,10,ZAR,7585652.41,8315632.11,7496782.8,7678337.36,8140909.52,8038297.84,7456544.99,7562833.77,7387367.36,7824358.2,8109546.64,7954942.78,7981643.89,8306034.59,8044630.33,8018712.81
100,0L,1000,2026,520200,CX002,ESK1,F5,10,ZAR,11184300.8,11490967.52,11051013.08,11363436.31,11334535.17,11718660.59,10218912.4,10491003.92,10675714.23,11399458.79,11345277.27,11853257.76,11622840.3,11250288.75,11194426.71,11644044.15
100,0L,1000,2026,530100,CX002,ESK1,F1,10,ZAR,3502610.45,3241613.07,3501652.72,3191898.07,3211849.92,3475016.41,3236033.25,3242800.78,3415017.75,3230491.71,3253801.59,3327148.95,3457948.35,3402148.93,3423186.65,3356640.98
100,0L,1000,2026,530100,CX002,ESK1,F2,10,ZAR,14900354.12,14635126.41,15098200.55,15968571.06,16302185.85,15685828.83,15597243.95,15920627.36,15328170.67,15257879.76,16262234.34,15557892.69,16564980.0,16084669.85,15066958.51,16655400.44
100,0L,1000,2026,530100,CX002,ESK1,F3,10,ZAR,16622607.07,16933407.73,15509033.05,15340040.8,16565024.32,16280153.25,15326774.08,17132019.24,15052926.48,15027059.72,14864262.51,15040924.51,15534288.8,16634120.81,15192846.73,15400246.71
100,0L,1000,2026,530100,CX002,ESK1,F4,10,ZAR,14177048.11,13493300.08,13855405.95,13656744.5,14396381.14,13580314.73,14761840.48,13228030.93,14089552.76,14539663.13,14818388.39,12998679.22,14001527.3,14396126.81,13194930.56,13728654.92
100,0L,1000,2026,530100,CX002,ESK1,F5,10,ZAR,4045755.91,3768359.32,4047087.79,3714162.62,3760987.89,3707286.02,4026414.26,3816410.26,3524412.07,3519336.6,3785589.45,3929690.86,3841001.12,3598614.7,3538676.48,3534285.15
100,0L,1000,2026,540100,CX002,ESK1,F1,10,ZAR,12491471.29,11675059.97,12669884.74,12638846.25,12906702.44,11572222.75,12658350.54,11439300.23,11745220.61,12451180.38,12259144.51,11519787.75,11946341.57,13055229.37,12946466.29,13298305.24
100,0L,1000,2026,540100,CX002,ESK1,F2,10,ZAR,13384544.25,13577980.86,12473011.07,12139252.31,12884982.95,13045523.2,13667058.91,13038785.09,13276114.57,12393414.18,12220429.74,12799303.58,13125442.59,12017530.85,12203348.17,13589863.45
100,0L,1000,2026,540100,CX002,ESK1,F3,10,ZAR,2181061.27,2504874.48,2435971.49,2559220.51,2335246.79,2239113.17,2413911.74,2316218.96,2181165.54,2509765.28,2404932.57,2271288.16,2356160.22,2415101.8,2413059.19,2477518.55
100,0L,1000,2026,540100,CX002,ESK1,F4,10,ZAR,15449237.34,15395764.72,14195232.21,14399320.2,14654470.76,15003755.28,15432268.98,14223355.58,15801821.84,15242461.13,15114224.1,14232717.33,14078157.1,16115837.47,15983969.7,14068296.54
100,0L,1000,2026,540100,CX002,ESK1,F5,10,ZAR,7509583.6,6677038.04,7682564.1,6962814.92,6822384.45,7015243.89,7056460.51,7381280.47,7245440.34,6757265.12,6788562.98,7729482.23,6789128.27,7616425.58,6655280.93,6687802.65
100,0L,1000,2026,150100,CX002,ESK1,F1,10,ZAR,2042093.42,1904192.3,2098154.11,2073963.33,1981839.45,1892918.09,1950565.36,1855881.85,2062183.76,1930314.48,1977830.84,2013486.99,2023497.65,1853243.92,2058517.5,1847761.79
100,0L,1000,2026,150100,CX002,ESK1,F2,10,ZAR,6408512.86,6333538.5,6521366.89,6669570.42,7007040.11,6282626.63,6062998.29,6131557.31,6032128.15,6983881.72,6478259.15,6107851.83,6251184.9,7027927.9,6002896.42,6847533.67
100,0L,1000,2026,150100,CX002,ESK1,F3,10,ZAR,3705821.05,3986726.96,3526934.02,3781439.01,3975143.12,3570158.84,3779445.44,4001763.34,3724455.37,3535290.69,3910654.93,4087726.42,3558836.9,3956646.18,4077123.31,3970512.56
100,0L,1000,2026,150100,CX002,ESK1,F4,10,ZAR,5172296.36,5168505.66,4755646.8,4982378.03,4677059.78,5171367.62,5185527.87,5147479.26,4985336.7,5187610.65,4911696.01,5200686.79,4858669.45,4661964.41,4868468.37,5268391.75
100,0L,1000,2026,150100,CX002,ESK1,F5,10,ZAR,14297234.68,14313840.46,13909534.73,14416124.44,16130265.61,15930006.59,15542541.3,16229332.17,15677605.03,15961665.44,15185898.92,15114692.0,16287025.1,15205041.81,14646089.39,14938642.44
100,0L,1000,2026,150200,CX002,ESK1,F1,10,ZAR,7573050.86,6812706.11,6903255.44,6735007.81,7268449.89,7114791.02,7490322.22,7393525.01,7114590.84,7456982.12,7053381.28,7149568.8,7198127.09,7251475.56,7473070.63,6909900.67
100,0L,1000,2026,150200,CX002,ESK1,F2,10,ZAR,4837841.99,4515705.63,4152063.28,4844931.43,4375077.43,4501219.71,4317744.14,4667569.71,4709295.06,4798657.1,4442748.89,4729080.29,4722396.36,4262729.91,4815817.53,4721772.11
100,0L,1000,2026,150200,CX002,ESK1,F3,10,ZAR,16430408.08,16078817.76,16028417.85,15530981.25,16071036.68,16065738.4,14203798.87,14452645.57,15159917.63,14169642.39,14959264.52,14795506.44,14611888.6,16411697.29,15952257.67,15231466.88
100,0L,1000,2026,150200,CX002,ESK1,F4,10,ZAR,16528089.7,15222232.93,15124774.94,16503321.74,16728365.94,15717755.41,15625161.57,15861269.48,15175162.33,15694870.92,15905167.42,16907021.13,17504184.29,15282614.95,15329245.51,17273070.25
100,0L,1000,2026,150200,CX002,ESK1,F5,10,ZAR,10721398.39,11909453.84,11379929.03,11351136.14,10409544.83,11739271.63,11107375.34,10401353.59,10914160.27,10588483.96,11850812.64,11474466.99,11035813.09,10684743.47,11827189.18,10829363.36
100,0L,1000,2026,150300,CX002,ESK1,F1,10,ZAR,10218013.52,10815540.02,10554074.88,11437953.09,10711929.71,10087491.31,10861487.71,10554299.97,9803022.62,10450374.31,11025022.95,9797896.14,10211539.01,11102830.52,10362521.19,11277715.28
100,0L,1000,2026,150300,CX002,ESK1,F2,10,ZAR,8587368.84,8862022.38,8735050.14,7612639.53,7743821.42,8441907.11,7957499.86,8569129.52,8196182.31,8874902.79,8130598.22,8011712.28,8320996.86,7634595.95,7901254.66,8548221.15
100,0L,1000,2026,150300,CX002,ESK1,F3,10,ZAR,7629656.26,8241933.85,8150808.36,7584056.02,7933144.26,7442867.2,8194286.0,7592191.14,7314712.24,7501802.65,7678553.97,7304737.3,8363163.72,7866475.44,8144015.27,7845553.32
100,0L,1000,2026,150300,CX002,ESK1,F4,10,ZAR,16288907.74,14233902.3,14416237.06,15140843.88,15491380.77,16086698.6,15566816.25,14648307.97,14151835.99,15231403.36,14401614.27,14220158.07,15505602.11,15928399.97,15004267.97,14235366.83
100,0L,1000,2026,150300,CX002,ESK1,F5,10,ZAR,15219393.06,16113206.64,14918773.01,15775237.25,15482155.33,17141214.28,15219637.94,16444682.39,16253702.54,17241073.4,14996982.95,16403204.38,16585376.19,15423693.16,15597861.36,15326876.75
100,0L,1000,2026,500100,CX003,ESK1,F1,10,ZAR,6425120.91,6344958.0,5853986.91,7464746.41,7914236.96,6220366.3,6337684.54,5624062.2,5944359.55,6295931.74,5669886.67,6222927.93,6189826.65,6314627.06,5708752.25,5612160.71
100,0L,1000,2026,500100,CX003,ESK1,F2,10,ZAR,14574135.57,13961513.87,13626258.34,18346085.97,17317994.68,13491111.39,13548030.32,13385176.23,13673159.21,13643664.93,14122282.44,14052298.41,13253211.72,13258775.4,13316557.54,13086138.3
100,0L,1000,2026,500100,CX003,ESK1,F3,10,ZAR,14019003.06,13953514.66,12764795.62,15486895.98,17431059.63,12926829.36,13935904.83,14120198.73,13971346.85,14062794.67,14227673.5,12493172.13,13802228.12,12849030.26,12928847.4,13382131.93
100,0L,1000,2026,500100,CX003,ESK1,F4,10,ZAR,16197732.09,15907983.11,15459347.5,18663785.4,21389179.19,15265903.67,15351374.47,15453979.61,17674249.21,15869590.3,16543993.01,16022488.99,17738450.39,15718429.19,17364682.98,15315506.77
100,0L,1000,2026,500100,CX003,ESK1,F5,10,ZAR,10114158.3,10212574.59,11037276.2,12459047.28,13394348.75,11280752.96,10799759.01,10272071.28,10501607.12,10973015.1,11073456.82,10452564.99,10467747.21,10601842.06,9941295.93,11563679.66
100,0L,1000,2026,500200,CX003,ESK1,F1,10,ZAR,3310341.57,3312099.88,3420610.88,4118600.75,4233063.32,3218209.47,3259484.18,3356920.84,3210160.22,3148245.74,3084720.91,3247766.19,3316883.26,3245485.71,3018424.12,3331440.69
100,0L,1000,2026,500200,CX003,ESK1,F2,10,ZAR,9556032.15,10352560.7,10020965.86,13164945.72,13006740.47,10320666.74,10542157.54,10769263.31,10140351.15,10581207.78,9681125.64,10485422.47,10118378.42,9430868.77,10852332.62,9739346.55
100,0L,1000,2026,500200,CX003,ESK1,F3,10,ZAR,10208890.53,10783567.35,11003554.26,13206831.82,13265461.88,10907522.47,11594780.37,10526390.89,10475276.58,11678913.52,10152189.77,11610274.75,11696280.0,10365165.53,10468412.81,10607750.04
100,0L,1000,2026,500200,CX003,ESK1,F4,10,ZAR,8034092.55,8483730.02,7403481.57,10246125.5,9253430.75,8146062.64,7366719.75,8024028.59,7661002.85,8430748.42,7424070.44,7412865.71,8600490.96,7856265.13,8567844.01,8055161.11
100,0L,1000,2026,500200,CX003,ESK1,F5,10,ZAR,9737614.52,9049149.86,9887409.22,12025123.16,11166633.43,9301285.14,9099155.49,9915796.4,10292783.26,9579949.16,10186990.38,9786990.66,10363194.32,10120777.73,10423856.01,10102874.98
100,0L,1000,2026,500300,CX003,ESK1,F1,10,ZAR,3300504.02,3243375.06,3520140.18,3963852.83,4219564.46,3232897.0,3277541.26,3566873.29,3408889.89,3330279.97,3605800.23,3635000.5,3603369.74,3589327.27,3393939.63,3145695.28
100,0L,1000,2026,500300,CX003,ESK1,F2,10,ZAR,14194753.43,14608160.96,14530905.77,17564737.83,17950020.31,12985694.44,14341074.52,13438391.37,14776481.76,13182171.21,13562509.88,12689829.01,13250536.65,12977317.62,12845077.97,12799367.78
100,0L,1000,2026,500300,CX003,ESK1,F3,10,ZAR,6597769.09,7179002.73,7461848.9,8797297.73,8856152.43,6676981.3,6990593.67,6507115.46,6483223.78,6434065.44,6365630.29,7070189.63,7237007.64,6762429.79,6891187.69,6387053.56
100,0L,1000,2026,500300,CX003,ESK1,F4,10,ZAR,5353182.01,5412219.75,5790432.28,7201748.29,6883282.53,5921962.97,6183715.35,5713288.12,5899641.26,6004777.3,5888742.28,5929542.34,5712382.56,5976542.76,5893999.41,6134431.09
100,0L,1000,2026,500300,CX003,ESK1,F5,10,ZAR,3500589.36,3645705.13,3770297.73,3968836.5,4355799.22,3461134.08,3725758.08,3404786.82,3746803.99,3752497.39,3591579.01,3700348.42,3525529.44,3461483.38,3255814.96,3582590.95
100,0L,1000,2026,510100,CX003,ESK1,F1,10,ZAR,3686102.17,3870211.68,3577069.2,3602247.93,3414791.06,3732267.88,3635196.88,3753871.01,3818536.66,3845723.74,3941146.48,3680764.46,3456165.07,3668524.63,3935754.1,3892485.38
100,0L,1000,2026,510100,CX003,ESK1,F2,10,ZAR,13018805.19,11594667.2,12581544.74,12232202.52,13062083.09,12871482.98,11347669.28,12840823.79,11557818.03,11303260.13,11765098.5,11724958.06,12106210.09,12373899.33,11626861.79,12961857.1
100,0L,1000,2026,510100,CX003,ESK1,F3,10,ZAR,6446086.4,6888813.04,7128419.03,6825190.98,6332751.14,6326328.23,6550651.95,6678811.91,7077847.63,6487476.24,7289991.16,6585761.9,7055578.96,7293840.97,6948712.91,6357795.39
100,0L,1000,2026,510100,CX003,ESK1,F4,10,ZAR,14828716.61,15004843.15,14445414.86,15524020.06,15690730.79,15509880.14,15179569.32,15374490.91,14727946.77,16367986.28,16522533.8,16085508.0,14994689.57,16144687.63,15386890.55,15478851.26
100,0L,1000,2026,510100,CX003,ESK1,F5,10,ZAR,12446604.66,13438493.2,12112906.37,12606024.38,13557130.88,13562911.23,12579550.93,13394082.88,11882711.28,13395106.27,13893073.3,13844851.39,11929241.43,13450823.1,13817081.89,13758117.57
100,0L,1000,2026,520100,CX003,ESK1,F1,10,ZAR,6656404.21,6629596.19,6900302.49,7032170.37,6550541.25,6311876.07,6943894.4,6110580.49,6171748.14,6362035.83,6799716.99,6800228.67,6013215.27,6247125.91,6903094.57,6889944.13
100,0L,1000,2026,520100,CX003,ESK1,F2,10,ZAR,2324120.62,2320900.12,2224570.81,2429026.64,2350910.89,2400258.92,2305821.99,2528853.85,2537406.32,2520229.8,2408733.71,2408642.65,2430781.57,2245643.59,2525304.4,2491740.38
100,0L,1000,2026,520100,CX003,ESK1,F3,10,ZAR,8981015.85,8126159.28,8373318.9,8045475.86,8537775.37,7807077.1,8444564.51,7968999.74,7958475.2,8265711.57,7920305.16,8844052.29,8703653.06,8740644.75,8016738.47,8981398.95
100,0L,1000,2026,520100,CX003,ESK1,F4,10,ZAR,8992960.37,7802182.1,8898136.69,8884549.39,8974554.32,8491413.52,7902113.71,8825955.4,8115738.94,7801659.43,8537250.29,7838421.66,7738019.55,8989819.42,7906598.42,8513166.41
100,0L,1000,2026,520100,CX003,ESK1,F5,10,ZAR,6317329.93,5655836.1,5553825.39,6096928.42,6273121.48,5976816.57,6084006.01,5677044.21,5698805.88,6296347.11,5826601.97,6074384.69,6162907.66,5556987.19,5566103.95,5582325.68
100,0L,1000,2026,520200,CX003,ESK1,F1,10,ZAR,17174782.82,17716066.02,16107737.36,15403817.34,15112801.99,17532350.3,17627149.84,15480402.31,16548367.82,16936174.32,17679373.35,16597918.47,16152077.12,15867056.69,17490715.7,15352825.88
100,0L,1000,2026,520200,CX003,ESK1,F2,10,ZAR,10774355.41,12010619.84,10606595.21,10697426.55,10709409.42,11538904.35,10789357.21,10971727.21,10403116.8,11316553.56,11731237.37,11371614.47,11389506.37,11837987.24,11982901.34,10928768.63
100,0L,1000,2026,520200,CX003,ESK1,F3,10,ZAR,16313432.28,16453438.27,16147022.97,17231272.22,17388816.7,18144163.1,17658004.72,17844491.94,16257169.15,18573554.79,16408705.89,18033774.34,18333830.23,18461160.31,18399277.48,17093502.58
100,0L,1000,2026,520200,CX003,ESK1,F4,10,ZAR,15943491.49,16056700.12,16396191.89,15872355.19,16741096.73,15706120.96,16006933.05,17329016.13,17093648.22,14997826.71,16600393.46,17165763.23,16767025.79,16191183.75,15761250.37,15853550.48
100,0L,1000,2026,520200,CX003,ESK1,F5,10,ZAR,11781342.52,12291561.68,11682036.38,12586051.9,13080632.08,13054313.13,13062110.62,11837085.22,12719483.41,11475469.41,12097161.38,13115681.22,11576151.88,12708265.04,12779323.75,11416352.9
100,0L,1000,2026,530100,CX003,ESK1,F1,10,ZAR,15057990.02,13385165.99,14691424.42,15412984.37,15070065.5,13963351.98,14206372.84,15171985.31,14649355.97,13893847.5,14236773.64,14016399.31,14337028.65,14593183.99,15054654.19,15336302.71
100,0L,1000,2026,530100,CX003,ESK1,F2,10,ZAR,11323347.19,10978113.42,12551956.63,12603836.2,12590530.79,12827362.82,12158046.92,11231106.69,11589890.89,11020190.26,12390782.12,12509825.1,11925824.26,11382496.19,11986607.26,11495581.57
100,0L,1000,2026,530100,CX003,ESK1,F3,10,ZAR,3894000.52,4206655.55,4365410.78,4367640.8,4363471.78,4222722.72,4285666.53,4099186.35,4156239.8,4488318.9,4176727.95,3866789.11,3998102.19,4450309.46,4205138.22,4465892.31
100,0L,1000,2026,530100,CX003,ESK1,F4,10,ZAR,9958142.69,10191850.27,8967331.67,9126051.32,9639095.65,10023341.26,9686207.07,8925400.16,9237419.22,9802089.53,9178409.03,9479300.38,10057410.74,10021315.85,9208312.74,9641050.83
100,0L,1000,2026,530100,CX003,ESK1,F5,10,ZAR,9499475.02,9188315.7,8696715.29,9104027.54,8342948.63,9541276.74,9267151.66,8594052.67,9288211.78,8701998.84,9060892.03,8675188.13,8269115.03,8426909.71,8454021.24,9482710.05
100,0L,1000,2026,540100,CX003,ESK1,F1,10,ZAR,10533186.83,11544823.18,10237502.17,11385856.89,11585671.69,11937451.63,10491235.9,11126655.78,10473029.29,10232555.21,11925383.81,10563494.16,11973745.86,11543789.49,11986396.61,10329559.36
100,0L,1000,2026,540100,CX003,ESK1,F2,10,ZAR,7425635.68,7259496.36,7764953.5,7024268.49,7636837.23,7485732.08,7280282.81,8015442.83,7647885.28,7403624.58,6936509.54,7300358.99,7493545.11,7442581.62,7329625.37,7965586.89
100,0L,1000,2026,540100,CX003,ESK1,F3,10,ZAR,9686376.3,8751285.31,9307264.05,9162463.73,8922725.68,8659454.92,9367250.43,9549047.98,9918402.22,10024866.86,9592688.76,9675561.07,9732682.41,8762083.61,8932650.65,8914961.38
100,0L,1000,2026,540100,CX003,ESK1,F4,10,ZAR,15410926.16,15758978.37,17556667.32,17196129.45,16815233.63,16257023.45,16614110.17,16514583.76,17139346.74,17279870.54,16059592.5,17114911.68,16538650.68,16469759.27,16652635.81,17599213.92
100,0L,1000,2026,540100,CX003,ESK1,F5,10,ZAR,5937993.6,5535467.9,5727144.43,5428254.18,5733255.39,6042030.81,5912860.98,5715782.47,5527306.49,5704411.41,5663853.39,5825177.9,5713384.29,5737748.23,5908433.91,6117548.52
100,0L,1000,2026,150100,CX003,ESK1,F1,10,ZAR,12920422.51,13806598.55,13653562.98,12393962.39,12876993.55,13805176.57,12327639.75,14330454.71,13499501.34,12687368.5,12979564.27,13957559.73,13695815.08,13644584.89,12308543.5,12733331.86
100,0L,1000,2026,150100,CX003,ESK1,F2,10,ZAR,2359387.43,2455688.42,2417211.19,2263406.84,2371478.76,2437149.65,2494131.64,2374055.4,2280332.28,2181371.38,2412894.97,2328955.95,2281349.42,2352586.03,2178956.7,2438172.47
100,0L,1000,2026,150100,CX003,ESK1,F3,10,ZAR,15456674.83,14557890.84,15519790.91,14197522.4,14830762.77,15902601.3,14752459.77,15562278.92,16137165.36,16027430.69,15403607.89,14621798.65,16200582.09,15592198.02,15979617.11,14234823.12
100,0L,1000,2026,150100,CX003,ESK1,F4,10,ZAR,17498560.44,17682896.68,17803533.32,16287083.26,17643363.59,18066832.67,16128596.82,16059646.48,17882102.56,16866531.57,15630191.89,15902097.34,17249375.27,16697957.94,15669165.68,17732580.68
100,0L,1000,2026,150100,CX003,ESK1,F5,10,ZAR,3455652.73,3327461.78,3052103.68,3408207.66,3256986.82,3243987.25,3513387.07,3461327.45,3467578.34,3348306.52,3326687.77,3100794.88,3202931.78,3129140.64,3262367.74,3107070.32
100,0L,1000,2026,150200,CX003,ESK1,F1,10,ZAR,3003689.56,2740332.83,2694315.39,3021336.89,2849118.39,2876931.59,3055203.92,3087345.23,2807411.27,2719699.13,2945194.57,3035432.46,2738743.23,3040510.42,2935294.37,2773928.7
100,0L,1000,2026,150200,CX003,ESK1,F2,10,ZAR,16881004.61,16233380.6,15777173.35,16067405.44,18004705.06,18095276.48,17199129.29,16029770.47,15787347.74,18184707.62,16222972.74,17399642.92,18177751.56,16304836.74,17868309.16,16866005.39
100,0L,1000,2026,150200,CX003,ESK1,F3,10,ZAR,10925206.91,10883938.74,11190922.31,10779859.0,9772830.89,11139495.39,10822454.43,11036306.72,10886571.64,10548801.53,10286615.79,10475034.71,9833502.23,10208329.38,10105847.36,10120725.48
100,0L,1000,2026,150200,CX003,ESK1,F4,10,ZAR,10249280.3,9440429.13,8905084.27,9813243.8,9698886.47,9053622.42,9197656.41,9288194.81,10023923.3,9354837.59,9565310.33,9589846.56,8895698.24,9332152.7,9876605.05,9074096.82
100,0L,1000,2026,150200,CX003,ESK1,F5,10,ZAR,17468694.37,17226954.63,17343134.27,16656537.82,17531763.01,16890424.79,15071769.26,16513919.92,16926214.37,16100855.45,16788923.53,15180958.55,15407195.82,16964882.82,15493535.67,15840519.05
100,0L,1000,2026,150300,CX003,ESK1,F1,10,ZAR,6011527.14,6221727.55,6232034.91,6483033.05,6402990.0,5633644.76,6157244.4,6356570.87,6116852.27,6375542.99,6593206.83,6325306.39,5809325.74,5659264.55,6178368.68,6002541.04
100,0L,1000,2026,150300,CX003,ESK1,F2,10,ZAR,4559378.27,4632610.87,4554153.8,5040116.62,4958337.79,5022395.02,4929038.84,5227333.63,4578784.26,5310491.43,5229986.65,5129056.85,4859309.69,4709846.88,5298588.47,4617253.8
100,0L,1000,2026,150300,CX003,ESK1,F3,10,ZAR,11023510.32,11592161.02,10666727.21,11050309.73,11568100.46,10839319.38,11171081.89,10896682.87,11463774.36,11197522.32,10262822.67,11214123.85,10557613.63,10722143.59,11267146.02,11091652.96
100,0L,1000,2026,150300,CX003,ESK1,F4,10,ZAR,5752697.02,5889574.79,5062103.59,5890051.57,5283731.39,5126911.98,5355017.28,5878714.08,5322448.19,5717524.98,5628174.25,5094486.48,5135386.33,5793128.63,5262552.66,5798285.04
100,0L,1000,2026,150300,CX003,ESK1,F5,10,ZAR,15513250.64,14110304.75,15934017.63,13831205.28,14528122.97,16094320.24,15553774.32,16010487.88,13774748.74,14661965.58,14820560.43,14763057.42,15465071.41,13927190.05,15728130.01,15169566.56
100,0L,1000,2026,500100,CX004,ESK1,F1,10,ZAR,11787385.46,10299165.28,10317876.3,12882442.2,14021044.52,10165340.3,10610426.37,10510302.4,11486417.57,10889952.15,10896801.47,10961235.8,11647148.54,10865994.98,11340681.31,11666057.76
100,0L,1000,2026,500100,CX004,ESK1,F2,10,ZAR,15793855.19,14762905.04,16477646.45,18247195.51,17824382.3,15243997.43,15376684.61,14240673.95,14468832.73,16157172.87,15792164.6,15972748.71,15009257.71,15956730.87,14427440.8,15359745.8
100,0L,1000,2026,500100,CX004,ESK1,F3,10,ZAR,2899196.91,2858204.2,2536222.63,3385097.1,3335412.66,2573120.5,2564560.11,2654669.7,2645166.21,2595094.43,2720188.01,2612307.69,2681925.75,2660888.92,2864657.76,2800151.18
100,0L,1000,2026,500100,CX004,ESK1,F4,10,ZAR,8125782.62,7734313.07,8025239.09,9431234.77,10150134.91,8752939.36,8133264.89,8096595.53,8183997.21,7537616.19,8333565.14,8181440.88,7650487.03,8754723.99,7571760.86,8595491.27
100,0L,1000,2026,500100,CX004,ESK1,F5,10,ZAR,16366860.48,18743297.02,16699462.91,22468188.77,22482094.21,17974095.17,17688220.54,16462912.88,17112633.05,18221747.66,17740666.23,18580836.31,17491078.35,17713353.59,17043397.63,17932889.36
100,0L,1000,2026,500200,CX004,ESK1,F1,10,ZAR,9888632.29,10085991.29,10200533.27,12692302.44,11657188.36,10395756.17,9251192.88,9570547.68,10518403.82,9049381.22,9331859.77,9883456.17,9951334.83,10020966.91,9065851.35,10077068.46
100,0L,1000,2026,500200,CX004,ESK1,F2,10,ZAR,13521254.68,13387576.65,13861394.03,17407868.73,15264475.53,13964325.22,13488762.49,14367751.58,14468242.24,13190010.32,14235455.84,14239788.06,14497874.06,13281047.47,13578710.87,14308520.56
100,0L,1000,2026,500200,CX004,ESK1,F3,10,ZAR,15501821.45,15809785.75,16204006.58,18419917.58,19767823.61,14931597.6,16039097.2,15075150.43,16773671.1,15024685.63,15448534.02,15721896.25,15506222.7,16151308.08,16765013.99,16490556.8
100,0L,1000,2026,500200,CX004,ESK1,F4,10,ZAR,13781751.74,14629871.37,15322442.04,17473070.08,18110591.38,13875801.21,13386654.0,14277398.3,15210865.84,14376790.01,13272466.01,14738877.72,13419295.5,14493895.05,13715434.77,14797071.22
100,0L,1000,2026,500200,CX004,ESK1,F5,10,ZAR,13534845.97,14226084.09,13694390.35,17908959.87,18075305.46,13802321.32,15152004.0,14885448.18,15599893.34,14864411.39,15262438.18,15314089.04,13468618.56,14010535.68,14849865.79,14771272.83
100,0L,1000,2026,500300,CX004,ESK1,F1,10,ZAR,3411149.29,3069024.18,3287968.64,3624223.47,3805093.61,3184032.91,2997889.26,3270592.26,3077268.01,3190242.18,3289180.77,3179670.61,3099089.74,3025012.62,3300136.34,3268330.56
100,0L,1000,2026,500300,CX004,ESK1,F2,10,ZAR,4571094.79,4675761.33,4614435.21,5597206.64,5712979.7,4727323.56,4740956.74,4472886.14,4733248.19,5042115.84,4768135.59,4611001.58,4940135.99,4444886.8,4689981.64,5180952.12
100,0L,1000,2026,500300,CX004,ESK1,F3,10,ZAR,9639944.35,9972630.83,9509709.97,12753704.72,13264536.65,10987851.79,9937851.24,9613528.28,9695551.46,10859927.05,9859793.81,10134332.93,9659059.14,10434510.21,9714332.72,10624563.45
100,0L,1000,2026,500300,CX004,ESK1,F4,10,ZAR,10871712.59,11802246.28,11221583.98,14015287.41,13346452.4,11167479.18,11159484.11,11546369.2,11736998.6,12090670.51,12057704.9,11051460.81,10969988.99,11674680.05,12100026.89,11129629.65
100,0L,1000,2026,500300,CX004,ESK1,F5,10,ZAR,19477535.84,18265092.39,17282121.05,23171508.44,22282609.53,17578951.52,17616752.69,19300457.46,19705263.28,17521999.98,16898882.73,18562816.06,18284384.44,18078403.19,17421739.08,16960260.1
100,0L,1000,2026,510100,CX004,ESK1,F1,10,ZAR,11457225.25,11797736.74,11724040.44,11050101.4,10622014.36,10376122.17,10867233.49,10633445.98,11241119.22,10851560.1,11712330.76,11899800.47,11277289.77,10950974.72,10745068.32,11400012.16
100,0L,1000,2026,510100,CX004,ESK1,F2,10,ZAR,13202172.39,14585077.62,13460224.11,13003953.65,14313437.66,14395044.61,14843960.78,13870555.63,12814147.05,13409220.95,13910146.29,13531962.89,13163314.93,14701013.79,13511810.8,13950888.7
100,0L,1000,2026,510100,CX004,ESK1,F3,10,ZAR,10672550.38,11302282.96,10485043.93,11248620.42,10289905.07,10317389.05,11443596.34,10185570.67,11346214.05,11720224.66,10511726.62,11843168.55,10525593.63,10373490.4,11774642.19,11798832.94
100,0L,1000,2026,510100,CX004,ESK1,F4,10,ZAR,7246600.74,7414275.15,7324909.04,7359805.76,7591135.83,8197819.57,7854912.2,7783797.54,7489490.58,7991960.37,8135677.79,7944863.2,7930773.06,7871543.51,7992914.85,8128383.54
100,0L,1000,2026,510100,CX004,ESK1,F5,10,ZAR,15891938.75,13596691.84,14089405.23,13970034.72,15543174.17,14810539.15,15768235.78,14373989.91,15672251.17,14981466.71,15683950.97,15617294.79,14571298.55,13995254.25,15514902.81,15750292.75
100,0L,1000,2026,520100,CX004,ESK1,F1,10,ZAR,5249173.23,5629329.95,5350445.91,5554249.05,5744314.48,5401373.24,5080322.84,5346071.91,5614032.01,5768029.75,5055224.95,5835170.95,5063996.56,5674365.33,5044332.38,5874212.18
100,0L,1000,2026,520100,CX004,ESK1,F2,10,ZAR,11317888.2,12447518.07,11706735.67,11536582.16,12461273.59,11747927.1,11599661.16,11318414.25,11214176.96,11934936.37,11454259.29,12090050.08,11616649.95,13085696.26,11988227.06,11501114.6
100,0L,1000,2026,520100,CX004,ESK1,F3,10,ZAR,8892567.68,8750935.48,9596956.09,8260862.15,8732750.05,9563936.08,8862793.36,9186903.67,8348826.77,8614096.89,9300427.6,8387768.98,8179180.78,8773597.56,8501072.29,8181565.49
100,0L,1000,2026,520100,CX004,ESK1,F4,10,ZAR,12477029.59,13508480.95,13844308.03,12311438.3,12394102.89,13137189.83,12345151.09,13523308.95,13581942.75,13827995.08,13442996.23,13125126.77,12792652.58,13419980.23,12693334.32,12525618.43
100,0L,1000,2026,520100,CX004,ESK1,F5,10,ZAR,12729562.84,14617990.59,12697005.77,13126536.49,12562039.36,14598756.41,12659865.49,12657956.71,14376233.11,12630605.89,13820770.45,14163682.67,13869368.59,13433465.87,13143336.7,13567770.51
100,0L,1000,2026,520200,CX004,ESK1,F1,10,ZAR,13415259.35,12558729.21,13175792.95,12663478.54,13290231.32,11503578.5,12068414.19,12379439.37,11790532.42,11876993.2,13184754.73,12407357.64,11923722.16,12438809.17,12950483.35,13253663.95
100,0L,1000,2026,520200,CX004,ESK1,F2,10,ZAR,16066646.62,16187154.67,15830734.44,16302252.65,16339887.31,15458245.54,16641116.7,15660834.48,15222341.79,16675518.26,14574633.56,15039179.82,16310628.76,15485261.25,16642346.73,15215796.58
100,0L,1000,2026,520200,CX004,ESK1,F3,10,ZAR,8666480.44,8993528.32,8929294.25,8500800.46,9498291.13,9298291.86,8969339.34,9155347.99,9293930.53,9486269.84,8988224.06,9362553.28,9253006.47,8468123.25,9201125.31,8364113.97
100,0L,1000,2026,520200,CX004,ESK1,F4,10,ZAR,11521377.51,11589308.91,10394472.63,10919290.01,10914749.64,11583582.11,10827692.56,10350769.37,10628950.69,10535797.85,10763708.98,10122447.71,10456637.01,10963116.3,10919277.03,11216176.11
100,0L,1000,2026,520200,CX004,ESK1,F5,10,ZAR,3167023.52,3038709.17,2824896.92,3040566.48,3147992.06,2891461.0,3018319.3,3148058.58,2836301.33,3173536.08,3137486.8,2889197.48,3034985.96,2870370.61,3076470.5,2787809.12
100,0L,1000,2026,530100,CX004,ESK1,F1,10,ZAR,3484380.46,3554720.41,3396986.08,3313586.03,3399522.32,3371288.66,3444906.38,3532897.15,3539505.22,3302097.23,3111882.69,3155343.23,3327740.44,3400594.09,3334553.39,3506115.15
100,0L,1000,2026,530100,CX004,ESK1,F2,10,ZAR,9024131.49,10231999.05,9687518.45,9506382.73,9053805.88,9875989.32,9777679.02,10493220.23,9649804.83,9395409.31,9353663.17,9457550.33,9884078.96,9849981.23,9315093.49,9704920.13
100,0L,1000,2026,530100,CX004,ESK1,F3,10,ZAR,12450693.95,11383639.27,12854885.54,11883156.03,12133844.26,12271172.85,12016581.58,12359866.37,12963599.32,12655148.91,11687549.47,12365170.35,11504451.79,12754761.85,11969237.68,13227506.0
100,0L,1000,2026,530100,CX004,ESK1,F4,10,ZAR,3937343.11,3718464.56,3522885.59,3728766.77,3804429.31,4004175.64,4037787.25,4054387.59,3971443.84,3914554.32,3630619.71,4049366.35,3475737.5,3637953.42,3902092.8,3658517.4
100,0L,1000,2026,530100,CX004,ESK1,F5,10,ZAR,6055170.63,6102732.78,5766893.16,5907136.26,5717645.16,5858497.65,6219316.68,6109818.26,6131384.1,6209832.39,6536470.96,6031276.95,6411769.76,5880600.64,6264436.16,6141142.81
100,0L,1000,2026,540100,CX004,ESK1,F1,10,ZAR,5838072.3,5849810.74,5941565.89,5992210.1,5476163.14,5584987.81,6093738.39,6042565.05,6158584.99,5767057.14,5929904.46,5313815.24,5303500.46,5775971.94,5971576.69,5495805.4
100,0L,1000,2026,540100,CX004,ESK1,F2,10,ZAR,11198273.53,12001055.99,11706798.16,10577245.58,10969907.03,10588291.07,11816801.61,11664272.74,10274535.91,10630529.06,11641191.79,10699989.72,11382555.22,10453841.55,11100742.22,10619835.9
100,0L,1000,2026,540100,CX004,ESK1,F3,10,ZAR,5758546.92,5976034.1,5425103.79,5666836.77,5343510.77,5331330.33,5338246.94,5168433.41,5158399.75,5586723.7,5847131.05,5931522.3,5851107.54,5306521.69,5390652.05,5347134.13
100,0L,1000,2026,540100,CX004,ESK1,F4,10,ZAR,4603731.06,4157346.16,4325058.02,4526008.94,4384043.76,4551047.48,4800439.04,4355220.3,4120145.87,4199814.45,4617371.78,4163003.64,4802119.71,4397845.69,4831441.7,4130210.71
100,0L,1000,2026,540100,CX004,ESK1,F5,10,ZAR,2114641.58,2204997.54,2171084.34,2199534.94,2351799.6,2067810.28,2084389.3,2114179.32,2258409.52,2039462.47,2388440.99,2297012.54,2208599.29,2353996.39,2342758.21,2313280.91
100,0L,1000,2026,150100,CX004,ESK1,F1,10,ZAR,4120727.48,3900689.95,4187883.01,3921083.72,3937308.33,3941378.73,3910041.11,4014472.58,3701672.54,3915855.59,3708143.37,3694095.94,4150192.04,3979724.29,3739460.89,3704646.29
100,0L,1000,2026,150100,CX004,ESK1,F2,10,ZAR,4383319.12,4899659.01,4481010.62,4630615.5,5109950.95,5081570.26,4538199.61,4930367.17,4385034.7,4953640.54,4762542.53,4756089.05,4851815.36,4538880.53,4887503.24,4387431.06
100,0L,1000,2026,150100,CX004,ESK1,F3,10,ZAR,16419724.89,17582386.62,16122056.74,16828488.16,17078719.67,16895184.47,16367076.7,16327706.62,17837869.14,17218694.62,16406710.6,16677899.15,17260685.55,17371478.62,16840060.77,17689892.44
100,0L,1000,2026,150100,CX004,ESK1,F4,10,ZAR,14153611.22,12933317.45,14360285.05,13469397.05,13505458.46,13949639.62,13295332.68,14939717.99,14319711.0,14726432.26,14734884.57,14230297.38,13449154.46,14735303.85,14505747.59,14067267.02
100,0L,1000,2026,150100,CX004,ESK1,F5,10,ZAR,6628273.78,6655824.57,6914898.31,7080985.84,6191820.21,6190368.12,7036654.08,7162864.68,6304912.59,6762786.12,6589138.43,6922725.19,6365391.28,6769989.69,6263502.64,6137832.33
100,0L,1000,2026,150200,CX004,ESK1,F1,10,ZAR,12005333.65,12808012.45,11452561.78,12932205.07,12148759.03,11854446.83,12765290.14,12394708.09,12906578.52,12045159.0,13284251.36,11636832.99,12414889.19,12170327.5,12394275.33,12822036.73
100,0L,1000,2026,150200,CX004,ESK1,F2,10,ZAR,6079281.81,6483870.91,6676619.35,6881269.68,6693897.82,6260087.82,6810581.43,6640883.51,6055942.5,6059216.44,6692874.06,6347373.94,6804225.52,6403507.49,6742030.73,6246310.38
100,0L,1000,2026,150200,CX004,ESK1,F3,10,ZAR,5869725.28,5568535.62,5293862.64,5851213.8,5643577.82,5484954.88,5261842.78,5309444.24,5311405.36,5829700.05,5322631.1,5259989.19,5519019.09,5709276.87,5188256.55,5530875.98
100,0L,1000,2026,150200,CX004,ESK1,F4,10,ZAR,16776676.42,17151631.1,16752759.19,18749955.85,19082282.43,17955313.67,16511174.41,17637256.3,17387345.42,18540468.72,16495517.85,16740906.09,18572411.73,18387594.43,17059441.48,19175146.53
100,0L,1000,2026,150200,CX004,ESK1,F5,10,ZAR,13788540.1,14696035.15,13992830.21,13009185.57,13847425.87,13157712.62,13382126.83,13943061.49,12751878.97,13654198.23,13716945.82,14308177.96,13629266.33,14137587.35,12970492.66,13947041.86
100,0L,1000,2026,150300,CX004,ESK1,F1,10,ZAR,11669858.02,12388370.49,12419268.38,13082869.57,12893892.01,12274431.42,12172400.15,12605134.1,12387380.54,11767705.55,11850994.04,12463049.05,12120317.74,11692910.12,11658717.22,12182284.58
100,0L,1000,2026,150300,CX004,ESK1,F2,10,ZAR,12567610.04,13633956.28,12714384.09,13612551.85,13144674.72,12296928.16,12209875.77,12957361.83,13010860.73,13384434.39,13093682.38,13965338.93,12216540.64,13352453.86,12534513.43,13898713.87
100,0L,1000,2026,150300,CX004,ESK1,F3,10,ZAR,2432216.44,2518159.06,2561737.49,2551122.58,2491747.71,2420404.38,2578663.62,2464813.09,2553598.71,2527835.37,2280015.9,2561648.44,2275394.88,2243383.98,2536220.94,2324753.18
100,0L,1000,2026,150300,CX004,ESK1,F4,10,ZAR,13787031.58,13581737.11,12617663.33,13878856.23,14327320.44,13128714.06,14477424.3,13335922.76,12580176.27,12646871.88,12771673.27,13726933.78,12997325.54,13203515.45,13760008.64,13887377.62
100,0L,1000,2026,150300,CX004,ESK1,F5,10,ZAR,2315002.35,2092377.69,2349835.54,2242235.67,2356339.97,2369092.09,2217798.12,2291203.93,2052162.96,2077530.35,2081946.15,2248900.77,2369332.66,2229761.97,2179567.85,2362582.36
100,0L,1000,2026,500100,ESD001,ESK1,F1,10,ZAR,2028815.34,2085646.5,1870161.71,2285046.48,2608080.72,2015722.15,2083653.46,2005566.25,1894634.14,1986178.27,2133557.13,1895014.21,2078622.58,2076429.48,1976408.26,1889310.43
100,0L,1000,2026,500100,ESD001,ESK1,F2,10,ZAR,3111538.55,3047340.33,2844049.97,3525272.5,3757224.49,2693712.33,3078592.56,3001414.82,2680892.0,2663998.81,2746214.61,3016549.59,3011975.69,3025293.19,2908022.51,2731428.89
100,0L,1000,2026,500100,ESD001,ESK1,F3,10,ZAR,8509416.54,8098078.87,8437874.02,9608693.01,10362472.47,7615252.14,8129081.79,7720103.76,8453163.97,8157426.46,7740740.38,7556803.78,7730194.84,8648221.36,8581325.27,7563177.83
100,0L,1000,2026,500100,ESD001,ESK1,F4,10,ZAR,14410345.37,16142215.7,14576067.09,18756201.01,19331249.01,15257333.82,15208238.45,16482477.14,16036513.37,15433377.0,15651685.24,15992624.46,14699680.63,15325005.32,16018235.74,15674795.24
100,0L,1000,2026,500100,ESD001,ESK1,F5,10,ZAR,4744486.31,4323647.26,4352709.42,5522426.02,5959303.84,4250579.97,4563518.49,4590391.34,4559152.52,4535615.66,4260133.2,4782736.38,4580626.11,4651628.83,4507678.1,4872984.03
100,0L,1000,2026,500200,ESD001,ESK1,F1,10,ZAR,2112471.45,2139346.34,2223908.32,2765339.6,2522524.48,2319111.86,2179292.45,2304270.99,2081024.53,2094521.23,2132389.61,2309744.84,2313202.13,2005783.65,2032736.94,2278476.08
100,0L,1000,2026,500200,ESD001,ESK1,F2,10,ZAR,18244243.09,16242834.41,18009141.55,19349418.96,21536331.72,18054206.35,18119347.14,18227200.64,16918203.1,17857767.61,16830057.89,16770548.11,16729093.37,16933657.42,17432860.21,16968548.21
100,0L,1000,2026,500200,ESD001,ESK1,F3,10,ZAR,3510359.81,3895872.36,4045501.74,4678393.04,4579819.7,3838752.61,3977876.97,3554875.88,4071186.66,3952124.31,3542122.78,3934524.35,3780642.76,4022547.77,3889063.45,4063823.04
100,0L,1000,2026,500200,ESD001,ESK1,F4,10,ZAR,7199143.89,6542123.3,7202082.14,8284054.41,7816407.87,7442417.29,7491285.58,7167000.71,7030102.19,6413744.4,7021598.72,6570833.45,7188043.94,6805373.84,6761548.0,6821537.5
100,0L,1000,2026,500200,ESD001,ESK1,F5,10,ZAR,11091339.59,11682675.8,12253531.42,14618140.95,15045607.26,11892107.97,11497201.12,12652814.64,12632948.24,12262586.51,12685621.74,11203079.31,11500853.62,11062399.62,11609786.62,12027092.36
100,0L,1000,2026,500300,ESD001,ESK1,F1,10,ZAR,15601849.89,16631080.36,15766164.88,19407629.93,20525446.8,16155250.54,15261805.38,16794438.47,16412544.94,14649906.11,16094513.53,14894789.28,15741368.33,14744835.19,16101327.44,16534030.67
100,0L,1000,2026,500300,ESD001,ESK1,F2,10,ZAR,16471378.49,15167045.37,15584767.96,20243143.59,19778743.06,15727000.17,15964766.29,16639512.49,16691607.76,16390210.11,15986030.77,16649798.41,15228668.09,15150209.25,14783732.82,16687676.12
100,0L,1000,2026,500300,ESD001,ESK1,F3,10,ZAR,13721801.58,13126567.7,15152147.85,17256351.57,18625886.64,15335154.78,15003267.99,14711261.02,13242232.09,14222462.37,15213459.05,14269897.66,14327186.09,14016689.83,14177993.48,15115149.75
100,0L,1000,2026,500300,ESD001,ESK1,F4,10,ZAR,2337872.01,2134372.09,2076511.88,2818287.98,2604255.05,2321732.52,2048953.19,2281928.01,2326103.66,2244610.65,2196878.01,2092215.34,2311639.8,2220490.59,2055739.68,2008483.02
100,0L,1000,2026,500300,ESD001,ESK1,F5,10,ZAR,7809485.81,7410345.38,7485562.83,8749704.16,9010731.05,7361852.25,7608810.89,7810322.17,7468974.0,7286287.76,8203989.21,8206745.16,8015820.61,8120728.56,8075007.33,7742937.5
100,0L,1000,2026,510100,ESD001,ESK1,F1,10,ZAR,13460689.26,13396121.12,14953417.6,13961828.33,14384483.48,13799548.69,15080111.97,14688133.67,14655651.29,13892508.23,14341327.62,15456367.12,13354465.88,13877944.54,13403250.43,14616360.72
100,0L,1000,2026,510100,ESD001,ESK1,F2,10,ZAR,2794603.1,2701900.26,2416394.84,2628474.98,2506724.78,2624045.21,2776844.1,2735787.29,2607171.95,2544380.81,2413540.93,2612156.13,2758543.14,2483780.23,2708491.74,2418225.6
100,0L,1000,2026,510100,ESD001,ESK1,F3,10,ZAR,14441632.33,13395811.75,12561857.24,12445846.01,13805214.97,14358808.23,12689541.76,12673658.39,13302656.62,12656005.16,13800709.04,14448334.25,14435326.01,12460469.6,14219771.47,13495873.06
100,0L,1000,2026,510100,ESD001,ESK1,F4,10,ZAR,12089836.73,12987022.49,11872152.61,12068880.4,11966420.98,13167040.35,13041690.22,13057244.46,13176038.35,11665420.17,12530388.27,12052737.58,13019560.98,12389603.71,11878012.01,12242398.17
100,0L,1000,2026,510100,ESD001,ESK1,F5,10,ZAR,18723570.04,18476435.1,16688169.32,18760086.51,16779385.23,17608136.69,16645468.09,18684674.56,16359468.09,17907799.46,16662850.76,17946595.74,18742840.01,19045154.62,16472517.76,16536220.47
100,0L,1000,2026,520100,ESD001,ESK1,F1,10,ZAR,15391048.58,13776123.52,15084067.94,13419682.02,15209364.65,14027616.05,14730841.58,14695912.47,14544456.25,15581675.16,15420850.06,14168719.15,14222071.76,14090016.2,13751831.41,15223237.23
100,0L,1000,2026,520100,ESD001,ESK1,F2,10,ZAR,9838959.68,9282212.22,9954325.85,9192584.9,9248174.7,8885956.8,8897894.96,9293396.73,8784166.35,9571373.81,9367223.96,8965819.14,10171123.25,10166609.49,9144509.3,9856240.35
100,0L,1000,2026,520100,ESD001,ESK1,F3,10,ZAR,16712242.37,16061371.79,17265309.67,17226974.31,18454943.96,18586868.63,18380114.6,16636260.5,16228010.98,16924870.14,18013294.78,18249249.37,18528242.52,16166870.93,17404026.59,17752287.19
100,0L,1000,2026,520100,ESD001,ESK1,F4,10,ZAR,12056720.59,12975261.06,11993021.73,11863172.74,12714186.07,13048818.33,12127834.44,13661479.36,12103482.41,13275811.41,12746524.09,12312675.46,12654032.38,12912548.33,13445694.37,12514697.19
100,0L,1000,2026,520100,ESD001,ESK1,F5,10,ZAR,2687251.85,2564844.25,2448778.26,2818438.1,2613139.28,2569732.49,2542063.75,2704428.59,2502358.44,2557896.75,2447638.01,2798471.2,2503097.04,2808161.4,2584512.86,2670031.39
100,0L,1000,2026,520200,ESD001,ESK1,F1,10,ZAR,5180320.05,5249770.56,5183079.06,4946605.88,5246920.64,4825586.17,5195900.4,5374197.04,5157837.12,4746429.29,4912951.63,4838338.49,4722985.48,4702815.56,5005227.74,5177428.52
100,0L,1000,2026,520200,ESD001,ESK1,F2,10,ZAR,10144480.74,9660176.69,10237720.35,9918759.11,9601665.92,10968102.67,9980018.09,10294358.65,10326865.67,10800026.4,9948128.65,11112878.17,10268168.21,10776093.29,9873311.99,10762368.31
100,0L,1000,2026,520200,ESD001,ESK1,F3,10,ZAR,16223129.82,15009893.8,14485428.69,16276091.28,16696699.14,15696480.5,14746866.85,15737971.55,15730204.46,15410472.0,16566083.46,16192701.82,15026642.84,16569189.75,15622060.11,16090755.64
100,0L,1000,2026,520200,ESD001,ESK1,F4,10,ZAR,3319042.7,3814382.8,3406762.6,3678907.05,3599395.99,3823167.91,3675028.31,3820571.15,3324575.61,3635910.34,3351841.65,3774771.26,3328021.69,3319832.67,3534074.51,3561898.46
100,0L,1000,2026,520200,ESD001,ESK1,F5,10,ZAR,14658175.84,13757972.51,15226970.62,14375181.53,14088765.47,14474472.22,15099285.42,14912207.8,14432668.93,14181154.85,14616770.05,14019793.44,13545735.67,15429610.39,13478835.16,14862339.55
100,0L,1000,2026,530100,ESD001,ESK1,F1,10,ZAR,5002497.74,5564881.73,4910306.54,5294163.09,5291705.79,5234928.76,5169286.19,5601576.95,5493101.51,5091054.81,5476469.27,5071525.36,5301281.77,5112408.25,5006332.16,5599360.66
100,0L,1000,2026,530100,ESD001,ESK1,F2,10,ZAR,1924972.27,1870163.49,1850957.15,1870262.67,2076483.08,2092400.31,2118025.66,2154912.4,2138925.29,1851371.4,1948456.24,1945529.65,1863692.86,1923011.98,2067578.35,1926922.21
100,0L,1000,2026,530100,ESD001,ESK1,F3,10,ZAR,11181953.24,11313698.24,10035633.77,10142367.57,10947164.49,10505082.05,11321985.79,11598316.73,11554025.99,11099199.42,9966969.1,11095175.21,10232124.13,10078720.77,10202437.04,10262085.62
100,0L,1000,2026,530100,ESD001,ESK1,F4,10,ZAR,6369512.09,6766720.78,6720962.5,7113023.32,6728911.31,6226765.69,6310756.65,6881362.57,6368994.07,6900645.53,6670230.52,6989527.04,6511698.96,6698648.97,6276423.99,6466903.54
100,0L,1000,2026,530100,ESD001,ESK1,F5,10,ZAR,12486415.98,12272912.04,11841400.73,11921651.04,12006790.65,12456077.81,11922493.95,11304798.02,11017226.6,10806766.64,12426993.54,12479812.46,11188866.53,11025940.13,11597699.58,11384514.43
100,0L,1000,2026,540100,ESD001,ESK1,F1,10,ZAR,14872839.35,13556514.51,15155177.8,15330365.75,15277282.69,15332937.99,14137889.25,15313032.24,14779217.95,15336843.09,15053438.61,15066320.23,13623438.35,15149208.34,14746917.04,13487817.91
100,0L,1000,2026,540100,ESD001,ESK1,F2,10,ZAR,13549734.85,12490834.54,13894646.95,12984589.16,13305432.59,12360125.32,13604507.44,13378695.43,13644084.02,13569993.3,13912962.47,13752376.29,13860462.51,12793512.67,12320123.33,13441258.72
100,0L,1000,2026,540100,ESD001,ESK1,F3,10,ZAR,8127646.28,8389631.57,7438204.95,7587018.81,8219104.14,8458656.42,7283830.31,8243836.57,8013987.85,7847004.28,7494426.6,8417513.26,8132663.49,7928272.93,8250049.99,7459747.91
100,0L,1000,2026,540100,ESD001,ESK1,F4,10,ZAR,15624431.98,14367789.07,16532383.22,14371595.98,15024150.55,15239357.02,14635272.63,14874076.38,16071016.54,14311783.32,16097604.29,16075266.15,16245379.54,15957997.97,14292821.11,15042087.64
100,0L,1000,2026,540100,ESD001,ESK1,F5,10,ZAR,12780846.19,12490242.64,13264342.61,13733795.87,12320953.18,12353011.18,13086263.95,13608496.56,12897741.67,12697431.25,12547922.18,13478513.01,12025690.79,12256886.36,12885504.3,13167703.03
100,0L,1000,2026,150100,ESD001,ESK1,F1,10,ZAR,7911894.97,8671329.65,7836020.41,7816923.71,7406629.25,7756182.99,7697823.39,7706976.44,8294065.57,8532721.01,7841455.75,7762868.27,8122779.05,8455886.35,8183385.08,8172268.25
100,0L,1000,2026,150100,ESD001,ESK1,F2,10,ZAR,5551421.13,5510582.21,5316094.0,5360214.24,5499483.76,5396797.4,4884152.57,4896129.24,4843391.17,5138445.83,5491487.88,5450769.0,5062484.39,5242623.68,4825206.82,5226898.33
100,0L,1000,2026,150100,ESD001,ESK1,F3,10,ZAR,9175047.76,9466245.56,8901299.18,8454867.56,8233907.81,9170457.39,9345991.38,8206819.82,8656864.14,8869799.39,8568694.85,8694365.8,9364034.59,9326120.95,9161973.57,8518903.45
100,0L,1000,2026,150100,ESD001,ESK1,F4,10,ZAR,3518847.63,3422750.14,3254565.32,3447424.77,3546351.09,3382119.32,3272938.21,3785546.02,3792220.94,3649860.02,3341679.01,3585600.13,3811014.11,3391395.16,3646634.98,3297406.93
100,0L,1000,2026,150100,ESD001,ESK1,F5,10,ZAR,3610382.22,3666129.04,3317783.69,3545646.43,3415212.36,3390686.73,3784291.28,3718531.9,3798841.02,3493589.61,3712767.21,3802961.32,3647111.59,3589309.96,3426493.39,3731783.34
100,0L,1000,2026,150200,ESD001,ESK1,F1,10,ZAR,15177356.46,14071269.03,14302671.28,14449689.49,14732562.8,15794682.2,13950280.84,15357351.13,15110926.31,14141710.36,14830329.1,15272959.49,15256345.34,15437294.7,15289178.02,15602074.79
100,0L,1000,2026,150200,ESD001,ESK1,F2,10,ZAR,10181403.92,11559971.5,10232572.93,10480010.0,10253393.0,10943690.71,10983788.5,10388058.02,11316116.19,10105930.58,11466321.96,10492882.58,10782279.77,10653140.76,10086274.78,11412151.64
100,0L,1000,2026,150200,ESD001,ESK1,F3,10,ZAR,8256088.03,7964862.07,8517263.12,8739823.56,7995539.74,8370056.29,8367965.6,8042738.69,8684657.82,7948576.84,7654950.38,8712395.63,8702660.86,7847307.76,8510460.62,8760960.99
100,0L,1000,2026,150200,ESD001,ESK1,F4,10,ZAR,17669835.68,16189615.08,17370590.87,16257083.63,15299691.03,17458973.61,16786524.84,17193161.64,16589054.06,16988261.18,17523901.65,17195500.07,17901110.1,16154868.38,17558704.54,17005187.51
100,0L,1000,2026,150200,ESD001,ESK1,F5,10,ZAR,5797517.31,6416317.79,6422491.47,5788929.88,5947954.87,6506672.96,6310954.83,5981286.56,6599627.47,6260260.74,5817819.37,6610235.58,6058886.4,6334622.58,5947601.26,6485945.36
100,0L,1000,2026,150300,ESD001,ESK1,F1,10,ZAR,7335524.77,7149649.24,7396185.81,7955326.19,7136807.79,7365124.49,7539668.94,7076114.99,7048343.24,6957232.89,7589790.51,7174603.77,7404483.9,7972311.47,6856309.58,7339062.24
100,0L,1000,2026,150300,ESD001,ESK1,F2,10,ZAR,6520676.81,6646914.67,6882754.29,6850788.18,6588935.43,6933098.56,6524226.57,6171168.6,6373537.93,6318114.8,7039107.04,6765504.05,6521718.51,6790333.11,6122110.26,6668351.1
100,0L,1000,2026,150300,ESD001,ESK1,F3,10,ZAR,13888382.08,14009074.15,14962014.29,15118842.79,14581559.37,15470082.03,15464501.52,13457590.85,14828113.37,13853131.06,14132293.12,13551648.34,13890585.84,15460649.99,14675317.9,15305728.74
100,0L,1000,2026,150300,ESD001,ESK1,F4,10,ZAR,11320410.26,11734357.08,11287333.93,11817901.33,12669511.71,11775227.12,11851160.39,12495333.67,13095574.36,12160211.34,11886504.19,12223162.82,12311743.72,11596871.46,12068420.88,11452577.37
100,0L,1000,2026,150300,ESD001,ESK1,F5,10,ZAR,5670008.38,5637688.76,5966927.15,5726296.25,5555819.26,5663455.23,6299278.31,5653875.64,6137945.08,5494405.44,5996106.44,6037407.6,6074980.24,5647157.81,6269911.09,6252959.68
100,0L,1000,2026,500100,ESD002,ESK1,F1,10,ZAR,13672648.89,12731841.01,12631946.32,16292844.69,16354367.6,12130704.33,12005993.73,12275851.75,12472768.43,13647588.57,12071828.54,13332734.32,12059701.32,12005820.05,12485596.72,12772596.1
100,0L,1000,2026,500100,ESD002,ESK1,F2,10,ZAR,15250694.74,14915546.31,16357796.63,21114326.16,18338577.87,15237690.96,16984578.35,16183735.78,16119671.45,17293596.48,16438454.68,16462752.92,14954058.99,16393940.1,14877282.97,16573810.45
100,0L,1000,2026,500100,ESD002,ESK1,F3,10,ZAR,15602655.51,14341978.84,15103726.59,17300530.35,18595817.68,14827487.35,14457307.29,16142816.0,15595674.21,13962998.06,14364700.34,14028875.4,15477412.27,14603588.01,15900223.57,16093967.76
100,0L,1000,2026,500100,ESD002,ESK1,F4,10,ZAR,12269614.04,10992973.72,11416220.53,13714162.31,14260891.6,11295992.3,11762969.74,11114242.32,11651268.5,11500348.76,10924700.04,11132871.69,11580127.9,11728960.95,12268257.46,11918209.14
100,0L,1000,2026,500100,ESD002,ESK1,F5,10,ZAR,11265053.23,11099953.63,10391419.04,13196889.63,14188703.2,11631852.88,10437916.63,10657367.66,11048017.47,11380375.73,10706118.43,10592918.06,11259940.17,11701539.59,10824444.25,11306478.76
100,0L,1000,2026,500200,ESD002,ESK1,F1,10,ZAR,8310550.6,7896445.88,8193148.71,10649606.34,9307261.79,8467228.64,7966613.76,8807018.52,7753977.31,8772434.97,7700259.96,7759216.61,8730714.72,8502020.83,8143158.41,7845043.96
100,0L,1000,2026,500200,ESD002,ESK1,F2,10,ZAR,7702158.13,6987396.52,7369916.44,8494558.83,9274486.21,7244044.7,7123902.49,6869617.87,7370024.91,7184101.33,7542369.5,7015996.71,7857143.2,6781096.39,7122052.47,7807464.38
100,0L,1000,2026,500200,ESD002,ESK1,F3,10,ZAR,11336036.86,10772660.27,10924242.48,13663315.24,13667061.34,11784482.47,11583596.05,11612802.45,11236196.11,12028419.22,11378654.79,11797415.15,11356631.26,10472399.24,12165551.01,11176621.41
100,0L,1000,2026,500200,ESD002,ESK1,F4,10,ZAR,6353493.72,6830436.57,6474514.56,8219656.14,7843381.13,6169429.25,7075048.2,6872042.78,6767657.45,6561437.14,6496297.43,7042623.39,7003146.36,6829742.9,6324248.22,6291221.25
100,0L,1000,2026,500200,ESD002,ESK1,F5,10,ZAR,15430503.93,17700229.31,15162204.47,18866698.09,21025249.82,16503331.21,16735623.46,16672009.32,17007946.05,15268355.66,15480587.74,16644503.37,16861219.53,16757506.7,17021664.42,15305373.46
100,0L,1000,2026,500300,ESD002,ESK1,F1,10,ZAR,12150805.39,12378654.69,12459572.1,14826596.34,14201240.59,11712402.26,12703537.21,12325372.48,11283664.64,12348581.17,12287521.06,13029446.16,12793729.11,13058698.88,12654555.49,12033934.84
100,0L,1000,2026,500300,ESD002,ESK1,F2,10,ZAR,13996706.25,13302051.32,13794153.56,16146075.75,18444606.79,14320815.2,15089967.66,13483508.03,13533349.05,13440348.51,15228087.83,15021957.2,14381114.49,13684664.7,15356825.7,13368606.58
100,0L,1000,2026,500300,ESD002,ESK1,F3,10,ZAR,6018460.9,5851009.39,5702386.66,7013779.96,7102915.97,6110513.96,5415637.83,5876877.75,5417279.33,5911350.31,5418899.73,5421098.5,6210067.22,5577978.22,6112130.18,5822631.17
100,0L,1000,2026,500300,ESD002,ESK1,F4,10,ZAR,9487379.05,9982090.46,9714062.35,11462242.47,11729283.18,8850237.57,9744828.7,9529954.74,8727818.42,9689665.31,9469097.49,9148316.73,9095801.92,8934070.64,9789678.94,9887729.27
100,0L,1000,2026,500300,ESD002,ESK1,F5,10,ZAR,8234795.03,8805693.51,8053776.8,10407283.52,9754167.84,8164200.3,7546300.54,8079471.18,8843901.49,8355654.16,8782025.71,7781557.37,8679735.82,7779949.16,8683054.79,8070434.62
100,0L,1000,2026,510100,ESD002,ESK1,F1,10,ZAR,14073271.1,12503512.78,12619341.44,12616484.26,13157206.81,12953572.84,13916522.23,14150605.12,14187097.46,13566012.07,14647110.04,12554071.3,13408715.61,14176269.58,13299618.96,14591230.08
100,0L,1000,2026,510100,ESD002,ESK1,F2,10,ZAR,16432287.09,16205750.82,15742681.07,15980814.46,15335602.0,14742939.85,14674642.95,14572947.07,15350000.25,15882415.99,16786233.32,14754291.65,14533744.75,15572015.37,16104414.78,15502211.3
100,0L,1000,2026,510100,ESD002,ESK1,F3,10,ZAR,5634776.4,5865662.28,6251008.97,6021150.97,5833936.64,5447020.86,5601566.81,6080014.47,6075870.7,5470890.62,6118297.09,5495554.33,5469200.42,5940858.1,5651581.64,6049732.2
100,0L,1000,2026,510100,ESD002,ESK1,F4,10,ZAR,11954981.19,12379155.24,12863541.19,12139072.82,12178382.73,13093975.78,12682285.37,13116921.31,13129480.45,12173619.5,13463244.94,13501081.08,12976830.78,12649248.5,12166037.48,11949788.7
100,0L,1000,2026,510100,ESD002,ESK1,F5,10,ZAR,15201644.75,14672028.36,15822492.32,16177809.15,15754183.52,15023317.4,15397208.82,14129441.07,15767044.4,14059062.27,15462048.65,14572719.63,14891606.35,15880097.05,14372587.98,14163311.71
100,0L,1000,2026,520100,ESD002,ESK1,F1,10,ZAR,15065865.75,15324724.61,16257113.18,17426574.6,16889119.31,16889340.36,16097773.57,15644433.53,16872875.68,15441601.61,17273703.77,16793652.34,15690267.78,16040160.3,17030347.33,16755556.58
100,0L,1000,2026,520100,ESD002,ESK1,F2,10,ZAR,10263463.73,10663583.68,10518367.19,10145327.14,10445162.09,10717501.62,10329243.41,10739996.98,10454492.09,10532401.78,11066880.14,10374544.03,11258156.24,10118070.01,10777915.1,11676135.93
100,0L,1000,2026,520100,ESD002,ESK1,F3,10,ZAR,6240756.63,6199975.33,6441331.59,7103436.66,6196248.58,6658613.49,7060247.35,6945709.41,6875289.28,6168944.81,6363236.04,6446624.6,6358065.53,6273671.39,6608392.44,6566809.15
100,0L,1000,2026,520100,ESD002,ESK1,F4,10,ZAR,5123519.31,5057254.75,5372131.4,4863440.63,5105219.27,4948420.12,5538284.87,5203403.59,5197644.48,5188287.0,5547328.82,5110782.25,5458356.57,5380833.46,5544996.31,5534361.09
100,0L,1000,2026,520100,ESD002,ESK1,F5,10,ZAR,3888706.95,3671277.06,4116763.02,3641124.6,3912714.42,3753453.09,4121716.74,4121054.12,3647465.15,3885561.4,3841832.39,4015016.26,3788425.17,3873020.8,3833382.66,3885867.44
100,0L,1000,2026,520200,ESD002,ESK1,F1,10,ZAR,5910782.68,5932183.99,5651258.61,5517734.31,6143810.64,5701264.73,6147728.58,5406671.41,6104997.13,5518973.04,6012561.7,5405316.92,5566365.27,6260892.22,5524988.35,6275337.92
100,0L,1000,2026,520200,ESD002,ESK1,F2,10,ZAR,8782451.06,9091012.34,9079709.03,8246445.49,8596408.54,8539141.73,8371849.9,8742936.97,9166813.65,9153266.51,9319972.62,8587500.1,9121513.3,8180030.08,9347243.38,8678648.48
100,0L,1000,2026,520200,ESD002,ESK1,F3,10,ZAR,7787534.73,7899193.7,7916534.79,7979690.05,7711055.66,7747178.41,8211306.87,7609619.52,7601376.22,7734215.14,8028706.54,8227776.14,7543821.18,8291552.54,7739799.48,7797943.53
100,0L,1000,2026,520200,ESD002,ESK1,F4,10,ZAR,5856746.17,5663689.92,6271885.75,6434753.54,5583764.28,6105350.16,5522961.34,6374206.62,5927485.3,6352840.56,5655149.8,6354315.46,6262400.21,5586716.61,5922707.18,6132910.42
100,0L,1000,2026,520200,ESD002,ESK1,F5,10,ZAR,3237089.34,3325533.03,3153455.01,2990271.86,2964844.31,3394894.44,3255411.25,3127024.59,3348889.93,2998199.95,3104661.25,3012776.9,3369725.67,3234803.64,2932901.71,2995539.77
100,0L,1000,2026,530100,ESD002,ESK1,F1,10,ZAR,3397319.34,3371442.16,2982632.86,3269890.76,3400141.07,3256091.86,3080115.4,2950992.88,2930056.78,3194271.23,3145576.72,3395334.13,3032170.54,3298408.94,3043182.48,3054617.12
100,0L,1000,2026,530100,ESD002,ESK1,F2,10,ZAR,9797192.16,9641599.08,9850026.13,8474203.29,9001153.51,8890876.21,9308473.34,9613086.3,9174236.61,9069789.53,9426566.8,8447584.6,9860436.92,9071894.7,8838139.3,9838474.41
100,0L,1000,2026,530100,ESD002,ESK1,F3,10,ZAR,14987757.62,15568501.03,15124155.01,13385238.8,15569185.93,15015608.56,14733646.46,14005410.25,15000565.06,15628749.36,13780771.42,14133352.78,14511262.19,14055019.9,15077697.71,15094335.31
100,0L,1000,2026,530100,ESD002,ESK1,F4,10,ZAR,17617269.75,17053058.2,17580790.84,15635893.81,16153159.03,15682095.99,17694136.01,15519298.04,15943249.41,17551288.59,16966675.96,16118281.85,18053337.34,17573075.69,16615392.14,15767326.9
100,0L,1000,2026,530100,ESD002,ESK1,F5,10,ZAR,13639980.14,14046532.42,13920958.81,12322661.11,13549100.57,13529590.33,12810878.43,13745297.1,14264654.97,12566956.56,13349396.15,13153041.19,12977927.43,13713129.0,14058778.34,13671463.48
100,0L,1000,2026,540100,ESD002,ESK1,F1,10,ZAR,10455953.19,9640561.19,9830546.96,9360611.92,10077805.56,10048472.37,9621823.38,9997397.12,9957907.54,9820995.14,10430812.57,9355522.08,9714027.44,9524281.53,10433425.82,9692563.49
100,0L,1000,2026,540100,ESD002,ESK1,F2,10,ZAR,11863051.32,11718635.33,10236045.23,11930497.64,11057766.05,10768580.33,11709229.84,10530910.18,11900307.28,11508071.94,11273558.0,10758235.15,10891928.31,11641267.78,10472613.41,10878565.25
100,0L,1000,2026,540100,ESD002,ESK1,F3,10,ZAR,4549684.55,4510931.43,4063442.29,4372962.27,4002503.81,4038864.56,4287625.13,4004781.55,4388610.07,4487724.41,4512460.46,4350582.55,4214247.74,3936629.96,3943394.71,4178654.48
100,0L,1000,2026,540100,ESD002,ESK1,F4,10,ZAR,5248396.42,5105606.55,5165020.57,5614782.52,5617314.26,5026866.65,4932902.88,5354902.98,5504734.81,5090753.8,5246406.67,5417063.07,5660215.46,5056536.19,4899462.96,4999628.94
100,0L,1000,2026,540100,ESD002,ESK1,F5,10,ZAR,12750538.13,13859740.11,14016562.05,13711678.53,13322943.34,12965456.7,12974126.73,13470883.54,12594340.52,12629853.27,13074373.91,13367752.36,13621862.43,13696821.15,13319844.85,12474679.08
100,0L,1000,2026,150100,ESD002,ESK1,F1,10,ZAR,4004575.79,4415673.33,4295927.62,4359698.52,4263432.26,4145211.15,4205293.55,4164774.72,4045891.42,4080731.67,4541808.23,3938341.31,4029679.91,4316590.19,3999265.81,4041445.85
100,0L,1000,2026,150100,ESD002,ESK1,F2,10,ZAR,10791856.97,11489764.06,10729983.01,10850083.71,11116123.99,11835715.45,11241139.0,10652484.4,12060691.49,12287495.48,10946209.92,11126529.15,11971281.7,11110992.3,10627292.54,10715744.09
100,0L,1000,2026,150100,ESD002,ESK1,F3,10,ZAR,8506071.78,7737739.38,8569789.91,8532755.58,8824371.16,8626768.21,8374612.49,8515892.1,8609212.5,8559368.24,8516412.4,8528003.55,8244514.81,8854026.39,8175292.4,8353415.25
100,0L,1000,2026,150100,ESD002,ESK1,F4,10,ZAR,13589286.14,14459697.31,14686802.73,13400893.9,14434485.34,14825582.73,12910644.65,14592613.07,14073005.29,13391659.13,14478833.31,12788526.33,12930957.04,13688254.06,13763241.82,13622169.25
100,0L,1000,2026,150100,ESD002,ESK1,F5,10,ZAR,10870518.33,10950919.65,12221483.27,10983362.27,10962090.54,11360771.28,11773257.25,11353075.82,10606371.15,11765243.25,11049241.67,11563040.79,10951703.39,11552532.32,11410320.73,10667816.44
100,0L,1000,2026,150200,ESD002,ESK1,F1,10,ZAR,12011416.34,12791356.76,12805320.72,11788167.03,13715957.83,12576564.2,13070686.85,13557573.47,12590928.06,13065349.61,13698666.25,13413845.05,13110321.33,12276192.05,12735593.68,12392297.33
100,0L,1000,2026,150200,ESD002,ESK1,F2,10,ZAR,4508980.56,4177410.46,4135157.05,4472166.05,4207364.53,4322455.82,4407338.19,4595638.78,4067364.38,4555575.12,4437457.21,4501975.54,4460131.07,4350264.95,4088372.39,4586177.43
100,0L,1000,2026,150200,ESD002,ESK1,F3,10,ZAR,6452926.93,7167169.67,6750246.74,7028257.9,6323160.09,7033963.76,6386789.15,6541288.51,7176655.76,6702041.04,7254773.2,6406581.61,7123796.22,6589598.35,6362121.47,6615345.68
100,0L,1000,2026,150200,ESD002,ESK1,F4,10,ZAR,9606196.25,10223858.72,9755301.07,9109752.22,9449487.85,9385893.82,10029339.66,9833955.19,9826183.57,9525648.61,10238339.02,9449535.54,9735751.19,9501109.41,10219860.52,10149896.11
100,0L,1000,2026,150200,ESD002,ESK1,F5,10,ZAR,4999786.15,4380636.75,4895757.59,4896172.16,4720995.91,4714451.03,4378385.47,4922348.9,4528207.37,4819906.0,4928989.71,4596752.99,4698840.07,4713768.18,4479089.33,4685336.05
100,0L,1000,2026,150300,ESD002,ESK1,F1,10,ZAR,8256295.08,9142583.9,9004637.56,8080788.27,8164345.84,9121099.22,8348127.14,8963513.07,9037586.82,8315596.74,8850176.2,9195925.88,7936596.18,8892627.0,8992038.38,8100061.87
100,0L,1000,2026,150300,ESD002,ESK1,F2,10,ZAR,9226362.59,10425802.93,9138269.22,9751093.38,9408780.22,9619810.47,10137723.38,9783080.21,9915756.18,9809775.1,9670628.38,9937774.63,9630413.28,10455672.48,10050948.85,10324341.01
100,0L,1000,2026,150300,ESD002,ESK1,F3,10,ZAR,13245144.99,13014916.91,13134434.4,13325263.38,13917945.77,12854134.49,13925582.06,12300891.87,13026707.08,12818581.1,14115212.56,13208018.89,12271921.18,12270904.33,14041753.21,12394776.61
100,0L,1000,2026,150300,ESD002,ESK1,F4,10,ZAR,2343005.64,2544861.39,2365350.05,2223044.1,2530676.63,2478208.76,2486893.54,2373711.03,2429039.63,2548543.14,2450229.58,2475247.99,2465375.27,2239345.59,2413757.85,2302684.58
100,0L,1000,2026,150300,ESD002,ESK1,F5,10,ZAR,12846381.75,11486260.11,11313283.12,11416815.58,11453840.31,12340753.4,12289517.42,11861497.05,11931461.45,11663273.28,11800699.52,11803419.7,12410917.5,12183109.76,13176853.29,12910628.72
100,0L,1000,2026,500100,ESD003,ESK1,F1,10,ZAR,11668367.54,11209933.0,12119390.23,14931776.03,14992843.94,11773797.41,11484979.79,12207750.04,11791024.41,11786065.29,11722863.66,11037176.61,12819726.26,11937067.5,11612965.43,11110135.97
100,0L,1000,2026,500100,ESD003,ESK1,F2,10,ZAR,6487874.48,5866315.48,6129713.06,7076598.59,7149374.08,6039401.94,5780950.3,5928476.39,6690580.37,6507338.97,6310315.87,6693679.07,6231635.9,6455277.07,5781127.59,6557788.52
100,0L,1000,2026,500100,ESD003,ESK1,F3,10,ZAR,16245238.88,17183795.97,17326326.87,20395177.04,22391876.52,16818698.39,16486818.83,17878330.16,18375367.73,16722456.43,18276533.37,16737692.14,16838457.4,17217153.18,18829807.07,18029890.47
100,0L,1000,2026,500100,ESD003,ESK1,F4,10,ZAR,9708820.8,9476946.73,9827610.13,11404659.48,11243406.18,9057867.23,9898745.81,10410147.15,9262216.17,9820828.7,9382328.63,8970873.33,9274865.13,9433368.85,8945218.5,9991832.28
100,0L,1000,2026,500100,ESD003,ESK1,F5,10,ZAR,9390322.14,10240573.53,10083657.24,12015977.1,12459128.37,10509688.22,10286732.73,9181474.57,9445648.28,9663543.25,10144389.13,10641231.05,9760727.51,10655855.56,9668342.88,10717675.65
100,0L,1000,2026,500200,ESD003,ESK1,F1,10,ZAR,12606156.67,13587817.24,12856077.32,16554448.3,16721179.56,12797381.05,12848327.09,13979910.09,13071741.81,13031078.34,14366578.93,14087786.77,14048162.69,13487283.75,14388112.29,12875990.1
100,0L,1000,2026,500200,ESD003,ESK1,F2,10,ZAR,10202830.16,9313017.82,10126303.39,12579939.54,11953154.24,9471466.88,9682507.14,10594256.85,10409024.73,10356526.86,10230015.9,10491841.61,9234797.6,9610911.68,10272914.11,10254414.95
100,0L,1000,2026,500200,ESD003,ESK1,F3,10,ZAR,15638270.31,15076643.08,15291118.27,19660931.23,19579952.92,14820930.4,14938357.96,16528181.7,14285611.65,14173342.65,16028942.04,15438702.05,14803258.58,16472753.74,16384997.38,16541144.79
100,0L,1000,2026,500200,ESD003,ESK1,F4,10,ZAR,2351977.77,2162367.3,2229818.82,2980989.05,2934135.11,2222622.03,2429776.2,2293392.42,2392295.64,2288904.04,2311051.06,2527492.78,2185499.69,2187180.88,2388866.13,2465297.45
100,0L,1000,2026,500200,ESD003,ESK1,F5,10,ZAR,12713777.19,12743995.48,12830443.2,14477939.03,14176289.62,11216092.37,12638512.93,11111209.47,11629111.77,11350896.13,12345257.57,12448124.06,11869923.89,11047659.7,11168056.42,11731131.46
100,0L,1000,2026,500300,ESD003,ESK1,F1,10,ZAR,11646414.31,12809292.71,11948499.42,14325186.54,15469350.11,11561806.77,13182786.04,12251719.49,13113618.28,12769881.06,13177000.49,11529768.39,11922271.99,11418986.3,13200440.89,11875421.4
100,0L,1000,2026,500300,ESD003,ESK1,F2,10,ZAR,2747667.0,2770914.1,2890946.94,3389896.91,3622531.7,2846458.69,2937778.49,3058450.39,2831758.01,3070514.52,3110339.54,2996397.11,3010883.63,2897440.4,2803149.34,3021773.77
100,0L,1000,2026,500300,ESD003,ESK1,F3,10,ZAR,13545534.4,12892862.67,12952639.29,14901078.75,16981272.11,12681772.06,12621230.94,13092634.35,12867715.18,12934491.34,13826566.89,11994378.08,13807252.96,13364680.88,12444040.13,13382081.34
100,0L,1000,2026,500300,ESD003,ESK1,F4,10,ZAR,11772568.18,12532365.5,12806459.5,14541456.86,13715699.28,12447243.83,12219621.6,11231195.59,12397980.11,11153282.83,12614191.2,11019032.47,11542660.19,11142561.76,11846191.46,10971797.42
100,0L,1000,2026,500300,ESD003,ESK1,F5,10,ZAR,15978097.41,16998740.34,15326654.92,18793238.99,19751299.22,15780646.53,15747396.84,16475815.08,15733248.04,16164833.75,17088569.85,14931075.31,16593578.56,15391847.85,14611951.97,14575459.69
100,0L,1000,2026,510100,ESD003,ESK1,F1,10,ZAR,11400829.15,10341575.94,10335264.52,10172027.91,11615526.11,10371023.33,11026750.82,11350648.72,10266265.46,10759680.62,11295142.61,10983316.82,11070026.33,10678763.43,10123713.96,11072958.72
100,0L,1000,2026,510100,ESD003,ESK1,F2,10,ZAR,10804928.18,9805106.95,9472312.08,9778609.35,10080815.11,10150500.22,10043962.95,10100292.17,9840535.57,10093955.33,10684277.81,10951643.93,10027779.05,9393237.9,9459415.37,9886897.84
100,0L,1000,2026,510100,ESD003,ESK1,F3,10,ZAR,14160018.34,13392529.62,13235862.83,12887757.25,12874222.21,14101594.24,13378237.63,13136532.16,13674878.63,13218846.78,14148845.16,12671887.89,13988111.28,14057727.85,13048243.3,13403530.91
100,0L,1000,2026,510100,ESD003,ESK1,F4,10,ZAR,5561584.66,5475392.67,6232867.48,5818289.6,5993812.24,5597259.91,6304110.46,6147772.07,6030535.24,5528843.95,5447073.82,5586108.57,5473602.82,5811397.21,5685543.92,6178844.8
100,0L,1000,2026,510100,ESD003,ESK1,F5,10,ZAR,9870518.06,9868409.09,10553914.47,9851731.75,9650907.33,10710616.23,10549495.73,9391760.86,10300623.2,10353046.77,10784849.92,10474196.85,10778795.66,9678655.16,10858704.19,10680945.72
100,0L,1000,2026,520100,ESD003,ESK1,F1,10,ZAR,12325584.12,13450542.82,12203309.45,12717481.6,13591199.9,13120075.35,12152532.98,11956391.72,13104097.65,12297079.11,12281909.53,12602723.3,13443828.47,12618707.43,12696929.53,12966832.37
100,0L,1000,2026,520100,ESD003,ESK1,F2,10,ZAR,11618243.03,11507645.68,13153572.27,11615388.56,12962805.08,11650068.81,12028042.43,12720302.93,12371019.27,11661431.08,13362099.12,11682000.28,11918156.4,13136290.92,11549844.2,12542505.74
100,0L,1000,2026,520100,ESD003,ESK1,F3,10,ZAR,3882055.8,3891025.71,3769965.92,3922905.92,4008196.31,3803426.58,3847634.22,4048897.5,4066487.95,3754473.0,3943535.01,3990186.35,3887984.95,4204617.14,3825086.94,3933473.86
100,0L,1000,2026,520100,ESD003,ESK1,F4,10,ZAR,13760215.7,13941599.58,14232971.56,12602577.39,12666961.19,12535206.4,14194159.49,12943745.05,14255647.05,13900014.53,13734267.81,13965678.96,14465350.01,14240777.43,13224781.28,14200138.94
100,0L,1000,2026,520100,ESD003,ESK1,F5,10,ZAR,15309088.2,15808249.03,17116247.76,16871411.4,15698314.44,17706677.31,17414479.72,16506735.9,16078057.86,17435885.31,15777746.67,17418050.85,16456936.54,16993408.89,15783171.34,15671760.38
100,0L,1000,2026,520200,ESD003,ESK1,F1,10,ZAR,12433082.67,13542167.88,13913401.31,13978508.26,12310971.45,13100843.88,13430535.28,12207203.08,13354009.8,13187609.44,12911597.11,14163944.13,13990662.24,13574399.37,12944481.13,13698644.54
100,0L,1000,2026,520200,ESD003,ESK1,F2,10,ZAR,11593636.12,13256399.22,13506085.4,11837822.18,11930825.67,12354596.34,12264550.52,11637888.66,11766291.03,13570301.56,13235140.11,11616283.54,11935303.43,11754273.59,12111070.43,13533548.55
100,0L,1000,2026,520200,ESD003,ESK1,F3,10,ZAR,2127283.52,2030083.06,1966893.41,2030116.27,2033652.11,2004210.32,1997327.74,1896045.71,2056265.06,2193791.57,1991718.53,1942541.22,1960792.51,2062343.71,1904390.94,2072700.73
100,0L,1000,2026,520200,ESD003,ESK1,F4,10,ZAR,4464398.07,3994522.79,3994819.51,3912211.07,4402518.64,4467878.15,4450202.4,4039814.67,3981281.38,4020574.37,3927250.4,3878011.3,4185344.61,4460600.45,4416547.09,4401997.79
100,0L,1000,2026,520200,ESD003,ESK1,F5,10,ZAR,9174547.66,9245191.96,9128036.76,8067495.06,8674363.87,8275328.53,9306953.58,9266978.83,8467257.14,8163977.1,8789004.2,8752743.09,8164349.97,9343706.25,8786673.1,8692630.06
100,0L,1000,2026,530100,ESD003,ESK1,F1,10,ZAR,13085151.51,13126917.94,11981827.58,12813117.4,12868293.47,11857932.22,13494369.3,13132489.97,12347918.68,11884571.33,12870396.69,12570455.23,12443089.39,13168040.12,12575799.19,13263628.36
100,0L,1000,2026,530100,ESD003,ESK1,F2,10,ZAR,6491250.32,6875352.0,6710877.84,7069347.26,6363449.99,7094029.71,6393170.36,6835020.61,7134285.25,6584866.62,6140307.12,7059569.04,6567357.12,6411115.34,6579362.9,6623360.85
100,0L,1000,2026,530100,ESD003,ESK1,F3,10,ZAR,3897268.0,3885622.15,3655651.47,4014189.42,4029081.47,3632421.34,3665589.21,3916291.51,3851374.94,3722396.07,3836026.96,3745401.81,3477683.88,3938723.48,3853971.78,3673404.95
100,0L,1000,2026,530100,ESD003,ESK1,F4,10,ZAR,16283373.25,15060204.61,14677105.93,15862042.44,15882127.39,14482686.57,16261354.84,14966843.58,14034783.75,15743364.8,16238388.63,15749562.35,14731183.82,15048426.4,14172015.51,16214053.04
100,0L,1000,2026,530100,ESD003,ESK1,F5,10,ZAR,2297764.76,2061033.59,2287537.09,2113535.68,2316651.32,2104824.46,2160406.56,2400761.87,2097115.28,2320796.28,2176864.93,2120373.15,2272553.12,2131814.75,2061439.99,2401906.42
100,0L,1000,2026,540100,ESD003,ESK1,F1,10,ZAR,8208261.75,7862338.53,7811966.11,7898494.16,7094775.81,7113083.98,7429624.53,8073780.15,7604387.38,7202917.58,7098003.25,7462809.95,7587725.61,8254042.74,7973774.2,7630108.72
100,0L,1000,2026,540100,ESD003,ESK1,F2,10,ZAR,14384095.16,13851406.46,14330026.07,14383384.47,14338888.83,15596222.42,14355524.11,13867228.29,13791347.44,14418263.7,15285377.05,14558163.26,14667012.45,14524250.46,13904551.67,13933540.6
100,0L,1000,2026,540100,ESD003,ESK1,F3,10,ZAR,14696744.17,13840584.57,14093709.73,14654747.96,14314007.19,13940667.78,14390514.33,13864288.09,13067619.24,14408309.58,13661705.9,13892587.65,14859513.42,14767243.82,14653894.61,14610935.27
100,0L,1000,2026,540100,ESD003,ESK1,F4,10,ZAR,4845626.92,5006205.98,4727207.35,5230469.55,4839656.84,4824977.8,4694077.55,4951091.28,4564930.8,4525465.88,5093616.35,5126702.0,4817127.18,5058910.71,5012889.17,5223062.85
100,0L,1000,2026,540100,ESD003,ESK1,F5,10,ZAR,3550335.86,3775828.04,3774500.41,4104952.19,3737666.95,3537415.83,3840714.47,4088062.11,3822946.63,4059895.29,3678345.13,4124797.2,3902295.96,3658192.13,4134571.67,3896637.12
100,0L,1000,2026,150100,ESD003,ESK1,F1,10,ZAR,7817445.44,8223640.76,8282330.12,8328216.96,7989214.06,7698866.02,8417893.7,8467263.41,8692271.21,7750050.81,7637671.06,8223288.65,7776167.01,8459168.86,7801860.82,8360632.93
100,0L,1000,2026,150100,ESD003,ESK1,F2,10,ZAR,2185119.9,2086218.21,2085180.36,2072131.48,2055249.23,2270787.02,2191582.89,2091579.25,2327488.07,2128850.03,2337080.55,2103096.69,2113391.33,2360058.09,2274170.56,2062548.73
100,0L,1000,2026,150100,ESD003,ESK1,F3,10,ZAR,12173872.46,13627996.25,12531733.21,13082704.89,12271975.88,12154897.68,13482467.3,12048679.46,12567131.44,13129163.27,13829946.15,13510888.11,13484316.02,12249323.6,13795797.93,12943697.03
100,0L,1000,2026,150100,ESD003,ESK1,F4,10,ZAR,18553225.15,17762504.62,19015926.82,17216021.49,19235379.81,17614800.89,19879422.16,17822386.92,18930341.97,17639908.25,17317183.47,19596153.81,19099328.57,17865911.49,17987763.17,18027795.73
100,0L,1000,2026,150100,ESD003,ESK1,F5,10,ZAR,12433954.17,13753473.32,13170198.6,13687534.74,11810618.75,13190797.33,11960704.04,12190795.45,13434853.06,12600663.31,11851988.57,12726979.17,12960535.63,13808001.02,12323205.54,12886676.01
100,0L,1000,2026,150200,ESD003,ESK1,F1,10,ZAR,13611135.36,13889659.83,13840884.75,14711602.69,14962728.58,13566672.95,13957654.52,14365773.88,13573615.9,15161747.88,15086131.34,15064129.55,15096032.94,14749079.33,14404692.54,15254579.31
100,0L,1000,2026,150200,ESD003,ESK1,F2,10,ZAR,4496585.04,4181990.0,4214792.43,4089550.26,4217837.56,4559325.07,4080344.61,4617924.92,4126683.49,4617023.97,4496751.59,4063969.25,3968652.3,4193915.02,4229528.5,4277550.22
100,0L,1000,2026,150200,ESD003,ESK1,F3,10,ZAR,14824600.21,14627762.96,15182052.8,14273422.63,13839245.11,15615076.59,13984707.23,14508351.39,15952302.79,15263736.04,14406431.32,15139058.24,14462434.83,15196226.24,14930547.88,14334403.78
100,0L,1000,2026,150200,ESD003,ESK1,F4,10,ZAR,15091535.26,15481328.79,15718273.6,16083329.59,14766850.05,16113622.66,15578010.8,15399664.78,14591076.73,15620272.64,14998687.47,16656798.79,14515943.72,14986131.63,16587004.27,14801458.3
100,0L,1000,2026,150200,ESD003,ESK1,F5,10,ZAR,7449025.36,7623605.33,6866489.31,7070064.22,6740497.03,6554723.17,7553760.37,6621719.31,7234197.68,7108750.46,6881227.8,7520087.38,6709507.39,7473875.31,7642367.56,6688537.06
100,0L,1000,2026,150300,ESD003,ESK1,F1,10,ZAR,4540307.53,4788677.99,4955809.13,4791131.25,4915672.87,4381855.56,4821878.38,4358488.95,4867484.72,5080953.87,4758337.09,4456411.67,5086581.78,4802926.98,4479187.88,4960685.91
100,0L,1000,2026,150300,ESD003,ESK1,F2,10,ZAR,6472511.36,6324160.37,6599235.42,6753159.47,6686004.86,6691163.1,5899543.33,6653406.86,6537509.23,6538821.45,6330035.99,6829051.7,6691507.49,5901311.51,6634982.34,6105172.65
100,0L,1000,2026,150300,ESD003,ESK1,F3,10,ZAR,17288961.3,16460780.77,18585668.38,17931069.88,16486898.46,16305609.48,17021580.32,17279408.94,18348373.14,17384522.76,17290898.4,16270759.84,16294505.27,17301558.06,16247069.77,15888918.25
100,0L,1000,2026,150300,ESD003,ESK1,F4,10,ZAR,2751563.23,2987649.97,2841650.43,3007085.45,2849802.62,2956187.01,2936271.19,2802016.09,3076584.81,3138652.66,3054978.07,2749876.25,3020528.61,3140804.91,2986027.28,3030847.36
100,0L,1000,2026,150300,ESD003,ESK1,F5,10,ZAR,17426511.63,18012953.33,15959306.4,16191028.94,16772941.66,16469830.99,17831239.08,17718823.17,17440064.45,17032458.55,17305267.01,16076913.4,16899670.53,17289064.83,17604526.4,16888999.65
100,0L,1000,2026,500100,ESD004,ESK1,F1,10,ZAR,7692439.96,8413016.52,8544732.42,9279586.09,10416182.3,7941064.62,8301669.84,7686884.01,8040458.94,8308798.72,8494647.36,8100829.43,8746211.74,7823767.07,7644657.52,7582711.22
100,0L,1000,2026,500100,ESD004,ESK1,F2,10,ZAR,5768260.66,5268368.5,5632324.96,6712286.45,7041048.34,5843352.38,5109852.51,5361890.09,5505074.89,5215710.81,5957400.64,5213448.67,5629026.26,5113920.76,5397115.37,5868344.14
100,0L,1000,2026,500100,ESD004,ESK1,F3,10,ZAR,13246689.49,12779982.81,13843309.09,17633111.42,16700659.77,13594569.53,13239707.97,13752255.83,12782995.1,14321937.54,12651620.93,13004613.63,13008754.99,14362405.39,13344306.29,13337059.58
100,0L,1000,2026,500100,ESD004,ESK1,F4,10,ZAR,8689087.46,9584760.28,8652550.87,10829167.4,10535920.88,9790048.83,9742889.04,9463091.9,9092441.75,8564766.3,9020805.39,9535548.32,9235503.63,8649057.53,8565798.82,8871851.89
100,0L,1000,2026,500100,ESD004,ESK1,F5,10,ZAR,13502019.13,14314618.94,14062878.5,16906689.38,17405672.09,15517004.81,14344393.12,14371446.52,14557806.08,14520234.06,13305530.63,13580260.9,14785491.91,14167171.64,15042714.85,15228413.04
100,0L,1000,2026,500200,ESD004,ESK1,F1,10,ZAR,3602762.7,3595318.66,3643248.06,4238875.01,4158246.59,3595862.17,3400203.53,3559776.42,3382709.88,3295116.66,3639890.97,3206424.26,3534262.69,3271661.7,3216563.42,3423536.81
100,0L,1000,2026,500200,ESD004,ESK1,F2,10,ZAR,14154086.81,14666215.98,13897606.84,16770187.59,15767474.09,14984090.54,14380536.49,14536135.02,13560503.44,14652556.42,14546309.77,14332230.37,14256233.35,13567213.01,14492223.75,13679904.03
100,0L,1000,2026,500200,ESD004,ESK1,F3,10,ZAR,8221550.65,8039491.32,7946644.79,9606360.21,9102758.73,7964426.7,7775454.07,7662969.55,8265980.41,7495911.18,7570820.5,7332129.1,7227537.33,8102266.07,8203168.45,7703000.11
100,0L,1000,2026,500200,ESD004,ESK1,F4,10,ZAR,10061051.75,10410215.29,9612250.4,12477615.95,12046904.32,9344501.21,9499165.41,9648693.72,10485881.38,10366131.89,9420242.86,10470896.58,9541091.8,9407352.13,9288180.65,9412586.74
100,0L,1000,2026,500200,ESD004,ESK1,F5,10,ZAR,13328127.63,12917614.3,12223747.09,16305822.93,16980008.0,13362188.87,12301993.58,14114894.79,13606060.23,13904926.96,14150370.62,12694603.37,12596611.32,12374167.24,13441867.15,13591506.97
100,0L,1000,2026,500300,ESD004,ESK1,F1,10,ZAR,15080851.42,15663662.11,16077856.25,20169740.55,20514812.77,15350840.59,15924457.22,16591647.79,15207617.7,15057232.31,15428195.39,14881699.1,17130837.65,14920762.82,15526125.93,15048509.05
100,0L,1000,2026,500300,ESD004,ESK1,F2,10,ZAR,2866513.7,2660821.58,2881901.6,3520088.94,3207237.96,2906013.53,2704715.43,2830258.97,2963463.82,2802335.72,2609923.34,2964183.67,2903254.93,2732361.19,2848895.11,2576544.88
100,0L,1000,2026,500300,ESD004,ESK1,F3,10,ZAR,2877367.06,2964585.7,2712168.72,3615461.49,3557192.49,2907764.92,2585919.54,2840651.24,2880722.76,2610292.95,2797360.04,2738448.07,2945884.67,2952052.94,2771570.59,2946391.82
100,0L,1000,2026,500300,ESD004,ESK1,F4,10,ZAR,7893402.14,7046855.72,8203563.35,8737865.76,8629769.64,7474370.04,7945350.13,7436853.4,7840536.86,7705162.13,7526634.58,7737313.85,7587831.57,7040745.98,7411157.38,7371675.07
100,0L,1000,2026,500300,ESD004,ESK1,F5,10,ZAR,14225508.85,15870087.28,16113448.72,18717453.89,19006454.56,15286829.37,16331960.34,14366480.96,15634980.8,15181866.94,15204916.09,14386244.15,15377881.1,14420061.04,15299954.45,14214915.81
100,0L,1000,2026,510100,ESD004,ESK1,F1,10,ZAR,6604248.0,6448894.85,6198525.96,6457720.56,6638460.95,6278971.66,6726709.95,6131055.22,6844266.04,7036878.02,6782777.06,7031075.82,6256322.78,6397533.83,6638255.49,6244036.15
100,0L,1000,2026,510100,ESD004,ESK1,F2,10,ZAR,8656066.89,9698084.79,8944185.82,8752530.16,9928362.49,8808184.85,9267074.39,8951681.71,9182523.11,9913938.31,9549004.05,9210821.87,9907056.32,9607996.98,8600601.18,9247322.38
100,0L,1000,2026,510100,ESD004,ESK1,F3,10,ZAR,4499071.89,4359163.81,4431993.94,3946653.77,4386293.43,4422038.82,4580211.12,4103158.17,3971710.07,4086660.37,4321807.74,4112075.83,4505379.62,4210623.8,4569913.44,4184249.25
100,0L,1000,2026,510100,ESD004,ESK1,F4,10,ZAR,6476689.95,6049935.68,6343159.41,6608598.57,6431825.07,6045987.39,6915072.87,6250995.66,6743781.67,6277227.53,6439427.54,6444728.65,6096528.29,6626326.39,6548962.06,6083601.9
100,0L,1000,2026,510100,ESD004,ESK1,F5,10,ZAR,15384250.59,17434930.44,16310186.41,16432817.62,16349016.34,15741961.06,16930126.57,16943892.54,17307642.62,15015726.83,15106751.78,16115679.05,17513287.03,17367197.08,15598345.9,15728373.61
100,0L,1000,2026,520100,ESD004,ESK1,F1,10,ZAR,7591619.17,7039904.18,6859531.86,7600289.81,7732537.53,7391811.76,6969647.44,7170375.64,7671334.22,7241926.76,7466249.52,7309131.31,7822970.08,7685732.25,7167324.44,7603297.88
100,0L,1000,2026,520100,ESD004,ESK1,F2,10,ZAR,15866833.82,13950728.62,15029652.24,15416049.01,13971353.13,14202154.3,16123213.27,14196269.11,16046616.21,15503876.79,15196703.84,14854202.36,16203443.82,15382801.52,15023023.16,15328727.36
100,0L,1000,2026,520100,ESD004,ESK1,F3,10,ZAR,4233112.41,4596210.29,4714580.29,4673096.02,4166335.97,4784589.87,4790311.04,4857644.8,4165937.31,4381417.49,4489157.82,4794971.94,4247464.51,4830956.94,4439734.27,4594625.67
100,0L,1000,2026,520100,ESD004,ESK1,F4,10,ZAR,2171151.52,2000417.34,2221910.3,2054014.72,2184923.57,2037457.58,2048743.98,1975381.26,2265763.86,1992836.3,2142266.49,2126495.82,2160475.08,2224467.95,2263219.56,2104241.94
100,0L,1000,2026,520100,ESD004,ESK1,F5,10,ZAR,10359135.04,10559769.86,10297848.66,10672758.89,11163109.89,10972240.14,10237509.48,10894819.96,11034344.98,9931913.12,10907601.43,9727669.0,10437970.7,11103855.62,10786809.34,10530645.15
100,0L,1000,2026,520200,ESD004,ESK1,F1,10,ZAR,2366964.14,2532001.27,2287184.89,2241616.55,2420527.32,2259098.97,2451467.8,2197880.88,2367920.84,2196725.96,2408478.71,2245670.94,2266416.99,2475251.76,2500961.13,2334822.01
100,0L,1000,2026,520200,ESD004,ESK1,F2,10,ZAR,10902835.44,9969282.6,9383299.09,9715204.04,10810747.29,9970457.55,10157393.29,9423997.3,10139428.3,10541414.14,10524919.03,10386515.44,9850955.09,9741586.96,10075931.8,9823985.02
100,0L,1000,2026,520200,ESD004,ESK1,F3,10,ZAR,11570728.52,10508728.42,10481169.67,11026424.62,11465597.23,9906040.08,10885573.95,10629325.51,11361951.81,10422095.04,11139716.15,9981089.83,10507678.12,11039247.96,11357903.7,10512857.52
100,0L,1000,2026,520200,ESD004,ESK1,F4,10,ZAR,5147119.31,4464582.45,5071185.8,4942469.98,4587364.8,4673931.18,4451754.69,4696780.45,5133935.34,4453455.15,5039064.54,4452291.3,4854503.57,5094699.37,4814050.38,4946411.12
100,0L,1000,2026,520200,ESD004,ESK1,F5,10,ZAR,4294650.54,3875683.73,4186651.6,3962742.23,4080148.85,3835675.26,3694027.62,4199046.46,3746132.36,3809976.84,3750988.27,3938037.35,3877144.77,4268234.33,3823229.74,3970845.36
100,0L,1000,2026,530100,ESD004,ESK1,F1,10,ZAR,4701118.4,5069967.43,4697044.96,5356683.68,4957043.07,5002216.25,5166494.66,5029619.54,5208576.32,5113290.09,5156448.44,5207997.69,4621755.84,4762118.3,5113281.95,5102351.75
100,0L,1000,2026,530100,ESD004,ESK1,F2,10,ZAR,17507620.95,16234479.85,17707578.32,18197474.06,18141752.18,17301307.34,18232280.78,18145014.85,17229886.53,17034437.48,18228418.04,18340507.38,17867983.41,16858888.24,17826882.94,15910059.43
100,0L,1000,2026,530100,ESD004,ESK1,F3,10,ZAR,4685568.97,4942505.9,4486122.05,5032709.15,4742682.89,4883874.73,4966679.75,5023642.26,4742277.47,4753330.66,4455918.19,4759157.33,4431402.32,4705256.99,4783574.61,4961858.7
100,0L,1000,2026,530100,ESD004,ESK1,F4,10,ZAR,18317581.27,16091428.37,18325897.22,17374274.79,17051062.31,17009161.57,16596702.4,15660608.52,18164626.9,17616146.8,16745592.8,18071976.01,16095003.16,16311723.91,16531602.48,16690407.02
100,0L,1000,2026,530100,ESD004,ESK1,F5,10,ZAR,2441523.41,2263390.45,2163940.58,2328733.54,2330801.06,2236714.08,2342706.66,2390370.23,2218519.85,2363424.45,2287578.91,2462220.22,2207570.91,2382090.22,2460937.74,2409861.3
100,0L,1000,2026,540100,ESD004,ESK1,F1,10,ZAR,16330076.09,16288334.89,16298458.08,16240058.92,14384479.08,15328171.41,15641221.51,15766713.93,15868126.26,14989076.16,15990613.02,15522296.98,15090699.77,16159387.26,16236010.92,14932312.26
100,0L,1000,2026,540100,ESD004,ESK1,F2,10,ZAR,1825188.64,2092060.84,1962948.13,1877035.86,1992217.82,1862576.42,2054806.05,2020529.84,1910678.16,1959019.74,1920048.5,1988535.27,2099405.76,1807994.57,2027078.48,2017197.01
100,0L,1000,2026,540100,ESD004,ESK1,F3,10,ZAR,11238525.37,10917897.17,10809243.84,11467679.69,11344726.84,11253072.99,10638974.88,10805438.52,10609051.15,11069756.38,10766444.69,11167824.6,10502995.04,11571680.79,11273196.73,11550895.46
100,0L,1000,2026,540100,ESD004,ESK1,F4,10,ZAR,3417150.69,3680407.17,3443882.87,3439422.75,3628028.72,3400085.65,3411596.22,3431439.39,3363166.21,3552242.79,3479650.75,3482248.29,3483540.88,3245937.64,3656969.52,3532577.12
100,0L,1000,2026,540100,ESD004,ESK1,F5,10,ZAR,11513376.81,12107266.6,10867207.75,10550767.24,11934416.76,11004198.28,11713479.63,10908495.82,10975193.77,10625700.28,11183108.92,11978394.16,10791249.45,11660092.92,10605689.29,10966559.21
100,0L,1000,2026,150100,ESD004,ESK1,F1,10,ZAR,2863952.59,2863810.13,2767385.38,2675745.5,2840751.79,2987977.22,2660335.02,2734469.93,2690933.38,2812998.84,3037940.0,2643868.03,2649377.64,2628586.76,3006089.35,2917677.98
100,0L,1000,2026,150100,ESD004,ESK1,F2,10,ZAR,4185305.33,4116485.83,4393647.04,4162201.24,4427311.7,4581733.84,4587779.9,4225619.06,4362691.88,4213026.26,4103960.67,3938885.91,4169921.95,4344217.69,4085894.84,4038695.04
100,0L,1000,2026,150100,ESD004,ESK1,F3,10,ZAR,10398426.04,11032152.02,10292964.45,10499220.78,11098913.08,10950225.04,10030406.03,11033393.32,10922110.95,10626847.41,10266198.42,10875462.35,11324662.86,10493029.28,10385817.52,10038113.2
100,0L,1000,2026,150100,ESD004,ESK1,F4,10,ZAR,16363552.47,14826358.51,15334434.84,14782040.99,15288021.28,17227635.13,16185429.09,14763112.24,15311647.69,16850269.05,15882569.72,14871074.77,16775312.84,14834398.87,14953568.4,16766782.63
100,0L,1000,2026,150100,ESD004,ESK1,F5,10,ZAR,16457306.64,15259715.07,16043758.24,14941532.88,16261231.75,15216853.84,15474259.78,14846176.13,15199575.18,14705880.67,15242885.68,15653963.06,15356182.17,14880632.28,15011156.33,16148730.29
100,0L,1000,2026,150200,ESD004,ESK1,F1,10,ZAR,4429438.29,4653247.04,4225809.44,4336619.44,4589367.51,4288631.12,4735329.74,4633062.13,4954084.53,4427098.24,4399841.11,4826898.77,4637159.08,4845877.08,4814423.94,4320669.26
100,0L,1000,2026,150200,ESD004,ESK1,F2,10,ZAR,8899114.86,8842799.81,8902613.79,9514100.13,9543570.63,9161174.2,9334723.07,8738781.98,9077679.58,9247230.25,8883924.34,8673153.27,8631658.13,9267636.22,8531438.0,9433035.49
100,0L,1000,2026,150200,ESD004,ESK1,F3,10,ZAR,12152382.64,12423940.12,11504250.98,12323497.18,12633373.63,12383723.88,12659889.14,11785470.72,11632527.45,11537623.6,11078530.66,12263942.93,12633389.94,11628445.46,12732684.2,11781572.2
100,0L,1000,2026,150200,ESD004,ESK1,F4,10,ZAR,5105358.42,4994236.0,4477766.08,4890070.05,4783715.22,4896594.87,4394321.39,5108382.87,4747534.93,4521946.32,4797671.88,4658243.29,5059937.93,4723366.56,4706706.71,5096861.36
100,0L,1000,2026,150200,ESD004,ESK1,F5,10,ZAR,2422342.65,2405240.02,2181340.57,2225544.18,2110665.18,2112221.03,2208041.6,2199903.82,2452626.47,2316205.54,2437026.32,2115590.89,2378555.07,2457043.58,2358794.98,2210424.5
100,0L,1000,2026,150300,ESD004,ESK1,F1,10,ZAR,2539616.92,2641987.78,2662684.07,2898330.12,2856381.95,2798511.77,2830454.39,2946964.56,2848967.84,2560853.0,2870814.21,2582070.18,2763814.63,2949121.09,2630298.92,2781839.27
100,0L,1000,2026,150300,ESD004,ESK1,F2,10,ZAR,11255039.47,11877914.38,11174664.09,11445004.83,12057447.64,11190257.86,11090461.17,11841378.33,11947227.91,11005697.54,12526510.54,11595261.79,12008571.13,11998552.29,11633041.23,11827796.23
100,0L,1000,2026,150300,ESD004,ESK1,F3,10,ZAR,15883887.74,17890983.04,15824639.52,16760291.96,16359631.96,18218474.77,16575860.27,16724928.83,17712201.99,18066451.67,17768425.26,16150503.19,17829471.16,18023507.03,16133795.57,15632712.12
100,0L,1000,2026,150300,ESD004,ESK1,F4,10,ZAR,15998516.67,16071514.57,15782154.76,17983798.47,16246886.52,16506256.8,16736027.18,16731710.31,16488682.38,16561617.72,15758831.88,16514403.32,17037825.67,15837626.11,17278504.48,17549664.27
100,0L,1000,2026,150300,ESD004,ESK1,F5,10,ZAR,11978779.4,10979952.09,11297067.66,10560702.31,11990004.35,11317503.94,10845459.75,12275264.05,11671295.32,11817307.11,10788484.53,11929549.67,10804220.97,10818591.87,12099850.47,10789746.74
100,0L,1100,2026,500100,GX001,ESK1,F1,10,ZAR,8194484.93,7871193.48,8525309.23,10667983.16,9159151.89,8413579.99,8125398.27,8297332.2,7692044.53,7655390.57,7570089.34,8680978.41,8049241.02,8651912.83,8138865.82,8565678.13
100,0L,1100,2026,500100,GX001,ESK1,F2,10,ZAR,11767958.35,12400872.81,12955301.3,14688831.2,15240438.34,11489453.36,12423893.73,11383772.29,12424116.23,12333982.93,11259544.54,12199123.11,11975422.45,12329612.3,11819430.42,11387424.24
100,0L,1100,2026,500100,GX001,ESK1,F3,10,ZAR,12224303.46,12592392.43,11909729.66,16308304.4,15560467.4,12786771.38,11657957.72,11454431.44,12134023.71,12584308.3,13274545.16,13169854.4,12280451.27,11495573.05,11969296.92,11646114.53
100,0L,1100,2026,500100,GX001,ESK1,F4,10,ZAR,10934117.81,12383900.54,10687115.03,13496652.9,14903310.02,10655079.07,10884217.61,11753995.92,11988807.25,11743857.72,11212585.02,10797110.53,11429708.21,10981898.27,11165520.6,11540851.03
100,0L,1100,2026,500100,GX001,ESK1,F5,10,ZAR,15107296.17,13192183.58,14157900.57,17175906.56,17627090.47,14292199.34,13762452.09,13964640.82,14401025.73,13318705.72,13800356.79,13431617.9,14899888.55,14262389.69,15144051.23,14505173.64
100,0L,1100,2026,500200,GX001,ESK1,F1,10,ZAR,7009340.35,6795232.92,7407726.08,8986541.61,9357080.08,7119681.01,6934290.66,6762192.05,6988729.08,7434411.83,7523978.06,6786991.11,6924207.6,6642601.61,6968526.63,7414017.21
100,0L,1100,2026,500200,GX001,ESK1,F2,10,ZAR,13014253.97,13179121.72,13972391.42,17041687.27,17369133.06,12911165.56,13069666.31,12973450.75,13098038.09,14717981.17,13831043.91,13496573.82,14007407.96,14647241.4,12843926.33,13780204.5
100,0L,1100,2026,500200,GX001,ESK1,F3,10,ZAR,12504377.39,10735244.09,12529772.9,13131164.64,13122773.29,11604794.21,11586834.15,11927217.38,10768604.5,12132729.45,11895916.44,11408968.32,10776020.8,11688755.78,12060459.12,11459349.14
100,0L,1100,2026,500200,GX001,ESK1,F4,10,ZAR,15951564.56,15016718.0,15234981.76,19192140.62,19708634.13,16189845.27,14306756.47,14994514.94,16634469.35,15296478.25,14752263.89,14941121.28,14648121.75,16078598.56,15774684.24,15589604.72
100,0L,1100,2026,500200,GX001,ESK1,F5,10,ZAR,7564002.84,8531635.86,8495884.39,10450570.51,10103734.17,7344478.26,7402563.59,7753330.98,8037712.03,8540030.94,7972535.38,8413047.21,8322305.57,7876968.4,7988742.79,7957485.12
100,0L,1100,2026,500300,GX001,ESK1,F1,10,ZAR,8376488.14,8121260.31,8525051.3,11123232.78,10148966.85,8428947.35,8055862.82,8521385.12,8956063.18,8210664.09,8790004.73,9159231.16,8142772.95,8435067.93,7948887.04,8538191.34
100,0L,1100,2026,500300,GX001,ESK1,F2,10,ZAR,10327748.69,10038717.83,10271218.74,12263173.21,11087301.19,9349434.0,10001847.76,9181918.69,10387029.92,9030189.5,9589689.25,8990383.18,9732287.16,9257334.72,9127384.06,10381605.86
100,0L,1100,2026,500300,GX001,ESK1,F3,10,ZAR,17194986.08,16766808.71,18075169.09,19549806.54,20821279.49,17577357.58,18005442.13,16464009.59,17872511.34,17989517.82,16404989.55,16736163.46,18469837.99,15958248.3,16911855.35,16313548.96
100,0L,1100,2026,500300,GX001,ESK1,F4,10,ZAR,11222601.21,11561129.77,12416247.58,15048115.12,14397091.14,12011588.58,11113401.01,12045852.36,11394084.15,10831615.95,12012477.99,11055259.89,12489686.44,11458376.54,11789493.56,11943830.29
100,0L,1100,2026,500300,GX001,ESK1,F5,10,ZAR,8378979.2,9302267.29,8574274.47,10228605.68,10517054.13,8810587.08,8269917.31,8917499.58,8230916.53,9093791.19,9425132.7,8587821.67,9452415.18,8830616.25,8581390.7,8796176.21
100,0L,1100,2026,510100,GX001,ESK1,F1,10,ZAR,11502757.56,12193016.12,11967015.45,12828263.35,11350069.42,11635939.0,12097251.98,11958067.36,11950356.85,11458922.1,12572479.43,12869699.89,12307903.87,12551239.78,12691938.25,11208046.99
100,0L,1100,2026,510100,GX001,ESK1,F2,10,ZAR,12158410.78,10445919.92,11606294.08,10856926.76,11928036.93,12022819.08,12012597.03,11809030.5,11292463.23,11705777.39,11202098.84,11027976.94,11804225.37,10801852.07,11635241.96,10902307.12
100,0L,1100,2026,510100,GX001,ESK1,F3,10,ZAR,9155587.07,8605556.39,8370876.39,8552523.35,8309051.98,9373423.92,8556528.15,8994336.71,8982905.17,8056773.76,8536054.72,9287469.07,8077587.72,9283912.51,8199050.92,9374798.93
100,0L,1100,2026,510100,GX001,ESK1,F4,10,ZAR,17194399.63,16752143.57,19106810.27,18528952.13,19371438.32,17794947.48,19361349.22,17933123.41,17397103.31,18105873.0,17211362.69,18996323.6,17800675.07,18959229.99,18910115.17,17398851.52
100,0L,1100,2026,510100,GX001,ESK1,F5,10,ZAR,16203735.15,16203219.96,15946863.53,15660209.99,15064790.47,16145228.85,15203838.61,14816340.31,16161562.1,15252419.99,16053264.81,16240402.7,14354195.67,15296499.85,15562761.31,15269965.55
100,0L,1100,2026,520100,GX001,ESK1,F1,10,ZAR,14101642.93,14543514.36,15753502.23,14227119.96,15731845.95,14410057.82,14567744.27,15395543.43,14728549.63,15476232.53,15778607.18,14068671.37,15583267.13,14497543.85,14418400.93,14322266.51
100,0L,1100,2026,520100,GX001,ESK1,F2,10,ZAR,3407725.06,3351858.82,3280085.67,3067389.09,3432336.16,2957135.25,3342737.95,3378843.32,3152428.93,3222739.27,3037455.86,3407210.03,2998269.44,3041700.4,2937349.14,3344584.87
100,0L,1100,2026,520100,GX001,ESK1,F3,10,ZAR,3386935.79,3402084.08,3663334.52,3663268.96,3548929.07,3212222.82,3551525.61,3625532.05,3224523.7,3514472.17,3401685.88,3388415.63,3387983.87,3523532.45,3586819.36,3717285.19
100,0L,1100,2026,520100,GX001,ESK1,F4,10,ZAR,12738488.78,13154164.38,11867203.05,13343045.58,12176925.31,13532798.53,12845024.57,13603347.83,11886976.6,12469608.55,11807744.39,11796491.16,13471493.6,12360675.58,12367464.63,13249652.57
100,0L,1100,2026,520100,GX001,ESK1,F5,10,ZAR,7500288.49,8616913.96,7804130.11,8696755.39,8196078.89,7908464.1,7495862.44,8628383.33,8256377.15,8618208.92,8646271.54,7920435.51,8102810.09,7586726.29,8087593.05,7912614.32
100,0L,1100,2026,520200,GX001,ESK1,F1,10,ZAR,3418015.47,2935368.68,3303360.39,3008465.5,2933993.17,3030654.67,3416455.64,2993165.0,3183664.03,2964065.51,3169900.7,2937544.26,3412137.52,3138552.94,3256949.69,3374225.31
100,0L,1100,2026,520200,GX001,ESK1,F2,10,ZAR,1947587.24,1876838.05,1777474.31,2020633.02,1853661.58,1938913.33,2038507.67,2021699.97,1999848.54,1848861.38,1910311.49,1998424.78,1819824.54,2043411.1,2017858.01,2018452.05
100,0L,1100,2026,520200,GX001,ESK1,F3,10,ZAR,6575204.29,6835648.11,6140034.75,5922822.52,6795070.36,6261503.68,6502221.49,6400525.96,6304218.49,6595211.97,6500785.68,6832957.57,6703026.26,6336255.36,6401749.63,6256994.33
100,0L,1100,2026,520200,GX001,ESK1,F4,10,ZAR,17695451.21,16814371.07,18072757.78,17091293.46,18265753.17,17528146.18,16642061.83,17435968.56,17983815.23,17471089.57,18559634.07,19050310.88,16769612.19,16698229.08,19081915.67,16761396.08
100,0L,1100,2026,520200,GX001,ESK1,F5,10,ZAR,8719337.34,8663605.62,9437669.27,8373608.93,8847901.93,8627870.07,8752365.82,9403303.01,9095705.77,8918736.38,8325126.23,9729130.26,9700345.05,9072407.57,9065165.91,9310529.37
100,0L,1100,2026,530100,GX001,ESK1,F1,10,ZAR,2984681.51,2849368.55,2841152.83,3201427.09,2839119.37,3165703.57,3085778.56,3241263.81,2885876.77,3132438.09,2985441.53,2989878.72,3012470.15,2934830.69,3034127.28,2843077.56
100,0L,1100,2026,530100,GX001,ESK1,F2,10,ZAR,15685083.99,17416194.97,16864164.99,15980855.55,16508339.76,15843667.36,16577019.55,17742500.93,15353484.87,17808872.35,16112723.54,16714325.05,15833123.37,16780425.67,17373249.15,15621737.43
100,0L,1100,2026,530100,GX001,ESK1,F3,10,ZAR,16785527.0,14742936.37,14463272.71,15651993.04,14455992.63,15882745.67,16177561.26,14873415.64,14992904.2,15651018.27,16722847.15,15257932.09,14740953.74,15060332.57,16424424.68,14478332.29
100,0L,1100,2026,530100,GX001,ESK1,F4,10,ZAR,3750110.03,3501461.45,3575724.95,3311708.57,3763376.22,3472351.58,3719660.11,3485467.14,3558820.36,3441149.01,3787921.98,3337797.25,3485558.75,3276872.54,3342676.86,3608942.98
100,0L,1100,2026,530100,GX001,ESK1,F5,10,ZAR,15550881.62,16100242.83,16018979.4,16001943.44,15759451.89,15965291.09,16057999.38,14652316.35,15113435.68,16189396.85,15825827.66,14407980.55,15411296.48,16282639.46,15052321.69,15625212.12
100,0L,1100,2026,540100,GX001,ESK1,F1,10,ZAR,4592723.62,4028072.19,4182589.62,4396124.42,3935672.41,4163789.25,4356439.42,3973067.88,4493959.86,4062763.98,4225651.89,4446445.21,4024695.67,3922035.06,4587148.75,3966165.25
100,0L,1100,2026,540100,GX001,ESK1,F2,10,ZAR,8219934.91,8198710.02,7946663.03,8711729.65,8260521.56,8595864.71,9212656.99,8054041.85,7936176.95,8583962.17,8418357.29,8006835.48,8905734.58,9224842.36,8906165.47,8070133.14
100,0L,1100,2026,540100,GX001,ESK1,F3,10,ZAR,12186696.49,10814116.26,12148515.91,12247458.96,11149842.08,11725137.33,11536213.54,12127285.6,12251758.47,12133693.52,11978662.78,11477347.54,10693085.82,11613477.86,10831527.54,11787184.71
100,0L,1100,2026,540100,GX001,ESK1,F4,10,ZAR,12124878.6,11363743.21,10987185.38,11665283.96,11290610.24,11137675.49,12350029.6,10808618.4,11996736.63,12483003.34,11579012.12,11774545.08,12073598.34,11618234.86,11270235.26,10708209.22
100,0L,1100,2026,540100,GX001,ESK1,F5,10,ZAR,16966120.83,16664414.89,17441953.32,16383620.43,17222499.21,15733675.38,17284624.54,16378527.51,16773391.94,17214647.76,17142896.15,16652482.12,15229270.3,16043419.85,16815622.19,16657632.17
100,0L,1100,2026,150100,GX001,ESK1,F1,10,ZAR,11498005.8,10057023.71,11508614.97,9989387.09,10328710.64,11192300.23,11090867.68,10302130.75,10186609.19,11040538.93,11024459.47,10769240.99,10615919.62,11190980.56,10566982.06,9907157.37
100,0L,1100,2026,150100,GX001,ESK1,F2,10,ZAR,14915960.97,15940819.7,16102089.72,14696525.11,14533501.49,16254139.59,15753427.15,15542171.55,15887150.74,15282098.86,16336523.51,15598697.67,15782710.16,15075238.48,15321212.61,15904056.89
100,0L,1100,2026,150100,GX001,ESK1,F3,10,ZAR,15068445.47,17315007.48,16656990.76,16455979.04,16313327.15,15797565.47,17182362.59,14930583.62,16830629.11,17210916.88,17308874.1,16491440.52,15123888.68,17212637.81,17261858.3,15341067.03
100,0L,1100,2026,150100,GX001,ESK1,F4,10,ZAR,15671557.38,14334740.06,15246035.33,15330745.47,15968901.96,14602561.87,16527089.9,15588063.51,14875315.79,16212056.37,15057798.07,16539085.14,16016303.32,15344008.81,15156974.21,14990449.69
100,0L,1100,2026,150100,GX001,ESK1,F5,10,ZAR,2802471.37,2936099.79,2757038.12,2927521.53,2997325.55,2642404.71,2654334.3,2802341.36,2772131.03,2806368.92,2839169.5,2679080.91,2981809.26,2828321.32,2825694.46,2946453.96
100,0L,1100,2026,150200,GX001,ESK1,F1,10,ZAR,15455847.35,14213255.99,13690506.6,14652759.75,13634554.79,15510311.46,14107392.86,14584480.16,14093793.47,14366089.29,14631669.72,13805709.23,15660158.46,14403476.44,14256623.05,15248068.13
100,0L,1100,2026,150200,GX001,ESK1,F2,10,ZAR,5462091.9,5907064.91,5202751.45,5557399.78,5781621.34,5910787.84,5493518.98,5402517.6,5607855.34,5202076.74,5559185.46,5851108.52,5758805.16,5775426.68,5815625.53,5356158.7
100,0L,1100,2026,150200,GX001,ESK1,F3,10,ZAR,6125534.0,6378899.88,6186435.87,6707901.13,6049028.65,6608056.07,6600040.49,6347693.68,6289933.04,6166985.86,6248008.57,6308463.91,7019050.41,6959432.78,6187771.84,6040244.86
100,0L,1100,2026,150200,GX001,ESK1,F4,10,ZAR,17547534.86,19317243.96,18373287.42,18273654.08,18266024.01,17718000.65,17561095.85,17979284.03,18910226.16,17616809.42,18490654.69,18253103.98,17907639.24,16621257.53,19314484.02,17296310.92
100,0L,1100,2026,150200,GX001,ESK1,F5,10,ZAR,19026546.4,17296471.03,17940037.11,17742024.62,16947549.37,17208840.09,17777612.14,17833888.18,18436019.34,18043998.83,18771530.84,18942394.41,17470941.41,17875640.11,19420414.01,19019031.15
100,0L,1100,2026,150300,GX001,ESK1,F1,10,ZAR,3424451.82,3328960.78,3288017.62,3369470.78,3144633.4,3087811.36,3463489.53,3113261.43,3150712.86,3118677.77,3329216.84,3009599.59,3343962.56,3150039.75,3043808.72,3097040.61
100,0L,1100,2026,150300,GX001,ESK1,F2,10,ZAR,9001082.33,9380114.62,9891482.17,10047841.72,9512300.34,9391583.62,9086320.2,9105175.1,9485366.46,9708470.91,9054247.47,8936122.48,9751363.99,10136388.56,9874671.08,9632882.97
100,0L,1100,2026,150300,GX001,ESK1,F3,10,ZAR,6412907.55,7037399.09,6460452.16,6746616.14,6935777.33,6840588.56,6644876.05,6373621.01,6469873.37,6901573.58,6080634.14,6162034.34,6234269.69,6043787.64,6156131.07,7025466.51
100,0L,1100,2026,150300,GX001,ESK1,F4,10,ZAR,4466045.93,4372847.32,4970078.85,4471559.62,4312457.31,5008527.15,4436561.09,4943378.38,5024589.92,4947824.66,4662645.08,4467734.01,4524019.28,4712001.85,4427869.27,4980289.32
100,0L,1100,2026,150300,GX001,ESK1,F5,10,ZAR,7376634.99,7826604.58,7846226.24,7639521.69,7360902.28,7425594.78,7550159.11,7273870.29,8010904.97,7549376.17,7558194.94,7795480.62,8370547.67,7535557.71,7567160.99,8261904.51
100,0L,1100,2026,500100,GX002,ESK1,F1,10,ZAR,5953954.06,6106896.28,6217350.48,7590501.97,7870580.23,6554170.85,6113012.31,6049242.23,6382263.61,6449255.22,6680226.95,5745319.16,6708336.63,5816486.06,6569399.95,6596632.64
100,0L,1100,2026,500100,GX002,ESK1,F2,10,ZAR,9402686.43,9032362.45,10141797.28,12210647.02,12225001.6,9478765.48,9471867.57,9798528.44,9983426.58,9682669.99,10554070.8,9285091.06,10065045.1,9411329.29,10214281.8,9404588.53
100,0L,1100,2026,500100,GX002,ESK1,F3,10,ZAR,7126044.05,7010889.46,7176550.01,8700583.54,7771750.09,6916176.98,7001956.19,7242883.32,6465697.11,6568908.49,7105410.18,7421825.17,7221430.44,7063933.43,7036780.41,6572666.39
100,0L,1100,2026,500100,GX002,ESK1,F4,10,ZAR,6844930.5,6672803.48,7138759.93,9155244.56,8244914.77,7627558.66,7653171.25,7373578.12,6851351.26,6678631.46,6738588.53,6881458.94,7620581.46,6875289.59,7488550.41,7586329.13
100,0L,1100,2026,500100,GX002,ESK1,F5,10,ZAR,13221516.09,14483310.21,12740204.7,17011296.24,17024590.11,12999815.97,13952553.62,13361217.68,13696193.29,12860447.94,14129117.34,13636621.4,13553758.87,14273144.47,14187412.57,13935696.89
100,0L,1100,2026,500200,GX002,ESK1,F1,10,ZAR,8969188.69,8466758.19,8430473.56,10966791.62,11696554.38,9057368.75,8615780.01,8378880.4,9130375.66,8687700.31,9072384.21,8706339.34,9616698.2,8895536.42,9205805.82,8670425.49
100,0L,1100,2026,500200,GX002,ESK1,F2,10,ZAR,8110852.95,7466300.77,8141838.1,9700144.63,9561887.41,7508605.59,8045574.27,8043729.2,8481360.12,8390244.86,7435964.73,8295531.28,8345872.88,7948237.92,8075791.43,7862005.17
100,0L,1100,2026,500200,GX002,ESK1,F3,10,ZAR,11247841.87,12052758.88,11923841.71,13778386.12,15723925.12,12423401.09,11683530.9,12397756.9,11455925.63,11752760.71,12574190.37,11546043.76,12885621.68,12519077.54,11501938.87,11358530.58
100,0L,1100,2026,500200,GX002,ESK1,F4,10,ZAR,9521005.5,10244037.21,9104527.76,11940921.87,11893879.34,9815989.25,9416209.32,10161209.77,9906605.7,9666322.03,9540480.6,9617370.03,9588282.95,9610935.68,10310714.07,9200502.7
100,0L,1100,2026,500200,GX002,ESK1,F5,10,ZAR,7938844.67,7462259.68,7398467.06,8902370.83,9521798.7,6891650.57,7642095.78,7491419.33,7787944.74,7973851.35,7768220.3,7173119.71,7129078.11,7125863.93,7032711.72,7830942.43
100,0L,1100,2026,500300,GX002,ESK1,F1,10,ZAR,15275448.68,15694815.1,16934787.69,18686734.43,21045331.67,17070920.1,16737130.08,17322176.36,16287907.65,15602898.87,16144328.38,15172555.29,16749535.98,17196325.24,15279460.96,15403369.07
100,0L,1100,2026,500300,GX002,ESK1,F2,10,ZAR,6325042.78,6677653.91,6717783.91,8157352.7,7867261.4,6531197.27,6079816.11,6196719.69,6836030.37,6515368.0,6398008.44,6719127.79,5880317.47,6410257.86,6656890.81,6581351.91
100,0L,1100,2026,500300,GX002,ESK1,F3,10,ZAR,16942965.78,15797578.69,16620849.1,19387755.45,19925696.49,15450941.36,17512844.02,16957146.21,17713979.74,15706605.48,17791246.55,17127609.3,15947628.86,15192367.5,15272728.61,15978339.91
100,0L,1100,2026,500300,GX002,ESK1,F4,10,ZAR,8324007.62,8520019.51,8274047.89,9816860.21,9660771.64,8041689.09,8860553.52,7833471.54,8649768.29,8861319.67,8354085.6,7859637.81,8283863.75,8548659.38,8330003.02,8730642.7
100,0L,1100,2026,500300,GX002,ESK1,F5,10,ZAR,10495838.49,10369958.14,11021530.73,13489987.24,12295089.06,10882275.17,9696808.22,10073095.16,9867137.4,11186127.26,10983729.42,11196531.19,10847369.68,10992549.22,10625599.27,9604192.96
100,0L,1100,2026,510100,GX002,ESK1,F1,10,ZAR,13304395.62,12137091.06,11861974.09,13158833.21,13303959.79,12546136.21,12025651.97,11842703.75,13123409.01,13204881.79,13032682.77,12913661.62,11624390.21,11469754.67,11850820.58,13358573.69
100,0L,1100,2026,510100,GX002,ESK1,F2,10,ZAR,9507283.55,9098861.51,9705066.37,8455023.14,9779046.86,9110643.33,9279228.2,9413704.58,9421377.3,9189916.92,9102584.27,9408378.2,9840133.61,9593952.92,9556105.45,9082269.84
100,0L,1100,2026,510100,GX002,ESK1,F3,10,ZAR,3939024.26,3652643.28,3945138.33,3734537.24,3931262.25,3638122.24,3805354.52,3502609.49,3732089.21,3414574.89,3749392.29,3774677.59,3612091.69,3492686.13,3887466.81,3784396.94
100,0L,1100,2026,510100,GX002,ESK1,F4,10,ZAR,13189653.59,12542444.77,12712782.39,14482705.4,13708844.96,14590584.86,12544895.49,13249912.4,12737507.51,13928267.75,13745339.12,12761111.76,12897098.69,13647939.43,13735663.91,13606513.57
100,0L,1100,2026,510100,GX002,ESK1,F5,10,ZAR,9772842.11,9346915.59,9441731.38,9707275.41,10407238.36,8947201.92,9539170.76,9355047.0,10173352.68,10188871.85,9402209.51,10296062.82,9309269.03,9283577.77,9138453.47,9826150.75
100,0L,1100,2026,520100,GX002,ESK1,F1,10,ZAR,12741440.2,13421212.04,12208635.67,13347665.86,13661393.79,13779590.98,12960322.96,12679696.04,12608844.47,14180209.45,14163332.64,12242775.72,13625628.29,13452259.12,13626891.6,13859953.87
100,0L,1100,2026,520100,GX002,ESK1,F2,10,ZAR,14897592.66,14834433.82,16278899.6,16175389.31,15227816.31,16726408.87,15328642.81,14508085.56,16784114.08,16181711.87,16732679.37,15365999.81,16324182.32,16342598.94,15280779.11,15768978.76
100,0L,1100,2026,520100,GX002,ESK1,F3,10,ZAR,12571193.61,13929975.65,12227158.36,12740371.09,13126316.48,13138133.82,12992601.56,13001911.74,12389955.66,12551752.36,12739943.65,13775507.23,12754791.2,13423435.97,14201716.08,13854015.06
100,0L,1100,2026,520100,GX002,ESK1,F4,10,ZAR,2330913.26,2403676.31,2411645.78,2380095.81,2089971.2,2364658.82,2218963.52,2178602.44,2412527.21,2169665.65,2190211.18,2386688.98,2273135.6,2103271.12,2257545.16,2350313.85
100,0L,1100,2026,520100,GX002,ESK1,F5,10,ZAR,7569181.65,7603298.62,7695126.95,7623584.92,7410268.09,6791379.52,7043866.51,7238378.35,6877027.48,7555511.56,7026826.41,7450751.85,7494066.01,6964175.69,6950186.93,6793713.42
100,0L,1100,2026,520200,GX002,ESK1,F1,10,ZAR,9127018.89,8840906.6,9442147.96,9432670.09,9320485.16,10092686.43,9066386.02,9295709.3,9042451.65,9883314.65,9690382.37,9455810.46,9761772.42,10192528.7,9461215.91,9477231.66
100,0L,1100,2026,520200,GX002,ESK1,F2,10,ZAR,10300889.5,11244556.71,9826227.33,10226308.66,10006758.27,11107289.69,10257288.2,10392049.92,10600830.86,10869248.96,10286380.82,10934677.29,11048467.91,9788715.43,11251794.37,9912228.99
100,0L,1100,2026,520200,GX002,ESK1,F3,10,ZAR,7881779.97,8245390.38,8653686.79,8343081.86,8428431.33,8750898.31,8725766.87,8267015.87,8165561.56,7932373.89,8786613.22,8372387.2,8251903.82,8650937.99,8174015.91,7628899.43
100,0L,1100,2026,520200,GX002,ESK1,F4,10,ZAR,9640651.97,9461543.67,8391910.43,9119892.84,8811799.06,9021844.85,9217485.25,9392955.88,8734849.85,9007452.54,8841516.94,8493922.12,9719348.48,9283411.12,8599302.38,8709688.01
100,0L,1100,2026,520200,GX002,ESK1,F5,10,ZAR,14520902.57,14384253.21,14441636.4,14264328.24,14875969.62,13891014.14,14479935.11,14167986.65,14027852.48,14011434.57,13175290.9,13870322.83,14351495.85,14050705.84,13729131.49,13199303.16
100,0L,1100,2026,530100,GX002,ESK1,F1,10,ZAR,14587260.96,15145683.69,15033993.15,14356132.33,14067159.94,14192567.65,13955367.35,15660546.26,15021061.96,13872319.89,14181895.62,13799098.08,15539779.46,14275472.3,14107217.5,13921370.7
100,0L,1100,2026,530100,GX002,ESK1,F2,10,ZAR,13022273.74,13013511.6,14964357.75,14312176.84,13630755.43,14031366.17,13742849.33,13111849.51,15095806.4,13981777.95,14100311.43,13002784.64,14041664.71,13585124.74,15113284.87,14451274.95
100,0L,1100,2026,530100,GX002,ESK1,F3,10,ZAR,2521499.49,2465677.14,2452942.4,2510093.53,2248083.21,2451199.13,2339843.95,2278803.13,2543128.97,2386673.89,2526990.16,2430593.84,2294071.48,2476130.95,2480083.77,2478628.99
100,0L,1100,2026,530100,GX002,ESK1,F4,10,ZAR,15337979.52,13715151.29,13360645.81,14695622.0,14152644.38,14760152.74,15233978.59,13631395.73,15277567.59,14661221.08,14501009.15,14217393.7,13717934.44,13287866.45,13744689.72,14033025.65
100,0L,1100,2026,530100,GX002,ESK1,F5,10,ZAR,16307470.46,18434107.64,18460920.78,18369272.78,18423765.16,17664898.8,16708612.92,18611805.22,18667801.54,18844273.81,16691058.79,16955702.98,16427345.57,18780302.68,18041170.98,18032174.6
100,0L,1100,2026,540100,GX002,ESK1,F1,10,ZAR,2006084.78,2152065.0,2139809.89,2156212.6,2114539.54,1914243.69,2017645.32,2126234.72,1979482.8,2156883.99,2124090.48,2078263.45,2064547.36,1957258.5,2062061.17,2003164.74
100,0L,1100,2026,540100,GX002,ESK1,F2,10,ZAR,12007795.02,11402366.1,13031225.26,11820085.53,13103511.76,13078411.4,12402949.5,12857158.42,12029647.68,11949858.63,12813584.17,13094092.59,12650234.11,12254932.22,11323686.45,13123136.68
100,0L,1100,2026,540100,GX002,ESK1,F3,10,ZAR,3430164.55,3515200.48,3390109.18,3255603.57,3069159.1,3097606.57,3294191.28,3076899.63,3156167.72,3488792.63,3558551.08,3380628.96,3087033.26,3232545.96,3325635.24,3499161.53
100,0L,1100,2026,540100,GX002,ESK1,F4,10,ZAR,8046541.63,8945406.79,7875773.27,7908138.74,8407992.26,8866663.93,8310699.77,8089862.33,7743995.5,8570655.73,8846810.66,8183600.47,8351843.56,8974760.74,7847401.63,8546385.32
100,0L,1100,2026,540100,GX002,ESK1,F5,10,ZAR,5164965.03,5127086.97,5878733.92,5588597.51,5913886.38,5807108.14,5222408.2,5869711.14,5642953.44,5494401.83,5275567.9,5809148.66,5485960.14,5910781.61,5650474.44,5965512.51
100,0L,1100,2026,150100,GX002,ESK1,F1,10,ZAR,11976724.82,11538112.82,11124939.99,11717229.94,11467319.2,11316676.14,12669658.26,11316141.46,11888409.11,12169627.56,11241801.23,11595336.88,12072698.66,11019316.88,12195533.24,11122928.66
100,0L,1100,2026,150100,GX002,ESK1,F2,10,ZAR,15474867.28,15660457.95,18019981.54,15537934.36,17803413.85,18008985.98,16773593.89,17921733.95,17070780.24,17451807.87,16814575.83,17052907.84,17010423.34,15468609.67,17262741.4,17727937.03
100,0L,1100,2026,150100,GX002,ESK1,F3,10,ZAR,13077197.48,14232784.82,14500164.56,15147640.83,14702642.24,13943622.95,13685350.23,13687382.22,13991326.63,13768594.43,13243702.95,15259402.55,13472609.97,14538950.97,14196507.84,14738132.19
100,0L,1100,2026,150100,GX002,ESK1,F4,10,ZAR,13851083.81,14821094.78,13532144.87,13255543.13,13262615.95,13586840.22,14304208.55,12962567.73,13630645.11,12989543.16,14179748.4,13256846.29,14644056.96,13632535.17,14154624.79,14810014.99
100,0L,1100,2026,150100,GX002,ESK1,F5,10,ZAR,16179676.83,16060894.56,17459714.4,17385077.11,18243354.43,18313078.77,16719007.69,16521452.99,17132925.02,16705660.66,17345200.11,16237910.1,17886310.76,16296696.98,17462128.24,17386476.54
100,0L,1100,2026,150200,GX002,ESK1,F1,10,ZAR,12549558.92,12906573.92,13752344.61,12756015.13,13607114.81,13782466.44,11952157.02,13784954.65,12282100.29,12580167.04,13021122.74,13851927.75,12469121.92,11976733.44,13290015.82,12635000.6
100,0L,1100,2026,150200,GX002,ESK1,F2,10,ZAR,12787107.64,13644897.76,13764872.21,13925677.39,13453125.74,14440065.47,12549596.28,13911719.86,12540595.67,14390132.13,13082110.35,13302252.28,12837102.87,13927997.49,13458352.54,13565705.7
100,0L,1100,2026,150200,GX002,ESK1,F3,10,ZAR,14666037.9,16507539.15,16549638.45,15867197.47,15682134.31,16717456.04,15121311.06,15378579.29,14519505.53,16144823.69,15570494.88,14845003.37,14788990.84,16850265.5,14892777.25,14915599.8
100,0L,1100,2026,150200,GX002,ESK1,F4,10,ZAR,3215122.5,2753022.89,3032454.16,3045826.64,2907569.74,3168994.17,3021745.01,3038566.56,2816656.44,2778489.04,3173459.56,3037373.04,2907147.17,3200554.17,2746838.69,2860192.47
100,0L,1100,2026,150200,GX002,ESK1,F5,10,ZAR,10539722.53,9741943.81,10150755.72,9568518.86,9409174.2,10612691.57,10475696.12,9712687.48,10828089.3,9646144.48,10803179.57,10462215.87,10064169.46,10441422.06,10845349.11,10259503.49
100,0L,1100,2026,150300,GX002,ESK1,F1,10,ZAR,4556073.91,4719726.93,4423761.01,4474315.17,4239293.7,4586395.36,4272144.41,4213009.2,4519773.43,4346816.8,4407465.6,4324058.63,4290397.32,4698650.6,4599375.17,4467988.63
100,0L,1100,2026,150300,GX002,ESK1,F2,10,ZAR,13718138.69,14100103.31,13684478.44,13878373.6,12931039.75,13056819.68,13499066.16,12282778.68,12755749.75,13226956.4,13804439.85,12387302.99,13994583.19,13315217.99,12806175.35,13392372.62
100,0L,1100,2026,150300,GX002,ESK1,F3,10,ZAR,7676318.34,7261567.31,7058101.67,8072640.27,7494866.87,7997528.93,7013041.71,7844661.05,7763790.53,7840835.38,7078369.31,7743856.77,7384148.43,7186160.75,8079178.87,6947479.95
100,0L,1100,2026,150300,GX002,ESK1,F4,10,ZAR,13081767.75,13315347.97,12274487.05,12149318.5,13402482.51,12430584.92,13705156.17,12082176.78,13050200.77,13435456.17,13563592.12,13032893.41,12316468.45,13108592.18,12597098.96,12834928.43
100,0L,1100,2026,150300,GX002,ESK1,F5,10,ZAR,11732754.36,11912693.39,11391622.89,11684649.55,12976433.66,11753896.33,12925516.47,12177242.26,12035793.78,11428868.51,12392973.87,11481079.98,11706484.93,12694601.19,11586099.27,12842176.79
100,0L,1100,2026,500100,GX003,ESK1,F1,10,ZAR,14613015.96,13904992.5,13342047.13,17725260.92,17960869.84,14861180.04,14001500.88,13097544.63,12861186.38,13334026.41,14056097.86,13400815.99,14143626.1,12940877.12,14024719.35,13356573.07
100,0L,1100,2026,500100,GX003,ESK1,F2,10,ZAR,9506372.32,10464783.65,9351571.83,11809119.29,11181941.51,10107241.67,9651458.12,10152334.39,10520987.53,10381219.95,10326146.89,9173533.73,10187699.35,10182291.48,9623791.91,9683125.65
100,0L,1100,2026,500100,GX003,ESK1,F3,10,ZAR,16244739.24,16856621.38,16357193.86,18531923.43,18976714.79,17227297.18,15756684.68,14939596.84,15615612.17,15893168.72,15521118.11,16315975.57,16280291.26,17027899.31,16188638.23,15231485.95
100,0L,1100,2026,500100,GX003,ESK1,F4,10,ZAR,10614795.45,10661136.27,9710724.17,11793296.91,13159017.44,10537736.95,9292154.48,10328978.29,9757928.46,10607863.34,10035474.24,10658263.13,9409143.79,10355528.9,10192592.28,10589258.07
100,0L,1100,2026,500100,GX003,ESK1,F5,10,ZAR,15092136.01,16679092.37,15705533.6,20686027.88,20946267.51,16210073.61,17059017.91,16876402.2,16673037.22,16673608.11,16527008.24,15882466.02,16262960.33,16346684.61,16807781.29,14928802.89
100,0L,1100,2026,500200,GX003,ESK1,F1,10,ZAR,5407273.14,5177056.94,4867024.71,6126268.14,6325829.18,5085723.0,4834037.41,5228616.39,4915751.23,4964463.8,5402223.18,4913591.29,5069295.65,5035907.81,5414068.6,5350349.56
100,0L,1100,2026,500200,GX003,ESK1,F2,10,ZAR,11045033.92,12235535.65,11828061.88,14164912.94,14346228.29,11203198.32,10529003.94,11955560.34,10771102.86,11793843.44,11839165.79,11366835.25,11707627.42,11842819.87,12071703.06,10726287.97
100,0L,1100,2026,500200,GX003,ESK1,F3,10,ZAR,8986543.2,9262853.43,10115854.98,10807497.54,11864089.73,9557665.18,9435198.32,9828775.04,9073916.5,9270216.8,9465172.32,9248374.67,8958751.65,9849794.0,9704791.16,9417278.3
100,0L,1100,2026,500200,GX003,ESK1,F4,10,ZAR,4949708.51,5631617.04,5504837.99,6627201.37,6767218.56,4815827.26,5029968.71,5027386.52,4898275.09,4937016.2,5101883.51,5631589.36,5441846.32,5259946.45,5038243.68,4822502.21
100,0L,1100,2026,500200,GX003,ESK1,F5,10,ZAR,4377875.29,4237682.84,3908808.64,5135499.89,4750153.71,4375235.26,3888118.71,3951206.92,3904302.3,4126334.74,4225620.07,4383355.59,4134496.61,3927292.9,4381689.57,4183345.32
100,0L,1100,2026,500300,GX003,ESK1,F1,10,ZAR,10597888.9,9924415.58,10103401.16,12379432.57,11676058.33,9476188.22,9869503.61,10100628.12,10485443.35,9903252.54,10791667.45,9672710.01,10798012.63,9574660.4,9656850.27,9449247.89
100,0L,1100,2026,500300,GX003,ESK1,F2,10,ZAR,15500333.18,15080615.09,17008307.91,20020263.79,20710523.03,15772236.27,17222388.66,15080174.45,15853495.58,17356064.26,16838161.34,17004691.63,16140757.02,16220577.02,16772614.5,16596285.12
100,0L,1100,2026,500300,GX003,ESK1,F3,10,ZAR,13153677.42,13697086.14,12835207.08,15095649.79,16840546.32,13172184.35,13784680.89,12949135.19,13958831.85,12192330.09,12901551.86,13182831.76,13605662.76,12526312.48,13929103.9,13567901.57
100,0L,1100,2026,500300,GX003,ESK1,F4,10,ZAR,8548571.36,8354971.79,8795815.04,9861385.1,10205440.94,8697390.13,8304744.83,8453981.97,8375099.71,8606554.02,8774379.25,8404167.86,8124729.15,8287228.84,8735521.15,7930796.2
100,0L,1100,2026,500300,GX003,ESK1,F5,10,ZAR,15583028.4,14809435.84,15737012.09,16793101.49,18959141.61,13901386.55,14183197.66,14638508.01,13869469.63,15646738.67,13683651.38,14793815.12,14509773.7,13884223.14,15061338.37,14942711.53
100,0L,1100,2026,510100,GX003,ESK1,F1,10,ZAR,14565069.02,13975683.28,13639460.0,14806348.98,14593084.98,13344314.27,14049404.52,13878922.16,13511247.34,13676979.34,15550988.17,14272650.97,14574474.35,15129459.18,13619713.69,15089204.65
100,0L,1100,2026,510100,GX003,ESK1,F2,10,ZAR,7857793.46,8642457.79,7734494.73,7639238.88,8464542.34,8551025.06,7784763.07,7652035.26,7950761.84,8169748.26,7897827.65,8240787.56,8612508.51,7670707.66,7717572.88,7682999.75
100,0L,1100,2026,510100,GX003,ESK1,F3,10,ZAR,6920328.25,6983365.97,6009685.95,6563077.82,6207222.22,6575882.78,6966832.41,6563024.22,6216856.43,6079404.37,6694053.59,6257378.68,6057654.79,6948695.77,6128273.63,6600135.7
100,0L,1100,2026,510100,GX003,ESK1,F4,10,ZAR,5278131.49,4800718.98,5173383.74,5210111.26,5078353.22,4665137.22,5348550.43,5368168.43,4603502.0,5099403.35,4817880.71,4864829.69,4958777.59,5068402.29,4803848.23,4666995.11
100,0L,1100,2026,510100,GX003,ESK1,F5,10,ZAR,5676681.28,5377808.7,5622106.28,5158877.58,5763834.43,5647221.13,5755431.3,5618321.04,5560885.33,5660311.24,5546396.08,5929891.06,5800565.98,5435376.09,5854355.98,5649427.49
100,0L,1100,2026,520100,GX003,ESK1,F1,10,ZAR,15008285.43,16351744.29,14970325.31,16069022.73,16390828.92,15788330.54,14742256.71,16772906.06,14943826.13,17133403.91,15310347.54,16984142.08,17030390.68,14777497.76,16314175.33,15134509.84
100,0L,1100,2026,520100,GX003,ESK1,F2,10,ZAR,2254206.61,2184393.33,2239224.27,2277321.58,2154044.52,2055296.49,2273847.02,2307531.49,2228984.61,2187476.05,2099987.09,2093056.48,2276121.45,2118356.54,2196266.0,2038731.22
100,0L,1100,2026,520100,GX003,ESK1,F3,10,ZAR,2792259.14,2663113.85,2929407.48,2700269.56,2711369.26,2973518.57,2807058.19,2717804.81,2800496.61,3027528.18,2763283.74,2642618.21,2769494.51,2765514.59,2722435.61,2668482.77
100,0L,1100,2026,520100,GX003,ESK1,F4,10,ZAR,13184537.3,13381707.63,13567865.35,13802678.8,12788012.32,12228909.37,13616874.52,13626771.85,12595941.38,12614093.54,13938788.61,12548550.32,13553919.33,12197900.43,13076531.43,12705210.11
100,0L,1100,2026,520100,GX003,ESK1,F5,10,ZAR,10134974.89,11614400.81,10938518.41,11352328.23,10859641.6,10440534.74,10370642.33,11562411.07,10327218.14,11108789.62,11346783.22,10029504.14,10331276.21,10070260.94,10428270.41,10055690.07
100,0L,1100,2026,520200,GX003,ESK1,F1,10,ZAR,1758429.31,1791075.09,1929350.36,1790382.65,1761738.23,2056871.36,1767330.29,1861859.05,1806959.22,1867244.64,1870220.37,1843472.56,1977536.45,2011163.5,1761176.23,1995734.85
100,0L,1100,2026,520200,GX003,ESK1,F2,10,ZAR,15261479.24,14416505.09,14875504.31,13172756.97,13542955.9,14590046.9,14847948.5,15069333.36,14111972.92,14747652.96,15128656.77,13225197.46,14991610.57,13361313.19,14337237.01,14096777.59
100,0L,1100,2026,520200,GX003,ESK1,F3,10,ZAR,7820154.98,7455731.91,7919656.96,7107677.09,7366658.72,7463324.17,7382902.15,7259711.05,7138913.8,6985139.31,7715332.92,7264738.78,7889837.41,6929679.31,7099182.01,7867967.75
100,0L,1100,2026,520200,GX003,ESK1,F4,10,ZAR,17937897.11,16194676.82,15599315.74,16738371.13,16509559.61,17928047.45,16281599.74,17575175.97,15497931.93,15701187.65,15601821.22,16127909.12,17964159.88,16234788.88,17354163.86,15635472.9
100,0L,1100,2026,520200,GX003,ESK1,F5,10,ZAR,9154000.54,8758528.67,8363067.49,8941327.82,9006565.61,8366255.26,8290398.22,8833355.96,9023744.75,9214915.67,8979428.1,8751406.13,8830296.59,8416142.66,9191975.97,8359272.28
100,0L,1100,2026,530100,GX003,ESK1,F1,10,ZAR,8930997.62,8685030.83,9133062.55,9484089.68,8848853.58,8862096.85,9314879.67,8258258.04,9021383.47,9512533.68,8336565.94,9156962.3,8423544.94,8554597.28,8604537.66,8743833.45
100,0L,1100,2026,530100,GX003,ESK1,F2,10,ZAR,9538769.73,10359011.52,10192668.87,9891430.28,10879616.17,10052016.38,9421017.72,10814110.29,10344033.36,9671003.03,9448254.44,9548143.56,9549547.1,9908270.28,9362113.49,9869230.55
100,0L,1100,2026,530100,GX003,ESK1,F3,10,ZAR,16485311.67,16262483.66,18139954.53,17193443.68,18273749.9,17710598.73,18042830.48,16878350.96,18072187.32,16636041.21,18600057.84,18818376.45,18919319.91,16754254.06,18462023.06,18683636.46
100,0L,1100,2026,530100,GX003,ESK1,F4,10,ZAR,15297869.6,14385552.42,13846422.11,15041905.88,15648152.3,13700769.22,15477910.02,15388153.99,14827859.78,14337130.75,14661860.15,15416419.08,13919026.3,15883822.52,15329338.12,14056226.15
100,0L,1100,2026,530100,GX003,ESK1,F5,10,ZAR,15799932.05,13690442.82,14828568.91,14880255.68,13990303.16,13932626.62,13884370.45,14519332.9,14358593.32,14845661.94,15193796.38,15755590.02,13983921.94,13888185.91,15168855.97,13559701.48
100,0L,1100,2026,540100,GX003,ESK1,F1,10,ZAR,15385810.98,15356693.86,14536103.47,13825221.55,13678383.39,14405415.86,14702907.55,14452223.1,15464679.34,15559679.37,13917563.7,14257967.5,13488671.87,13735311.84,14100357.85,15261292.6
100,0L,1100,2026,540100,GX003,ESK1,F2,10,ZAR,11998613.44,13400247.53,12259579.13,12837400.48,13302809.19,12438045.55,12846817.76,11819444.56,12406327.6,12299663.8,13465959.88,12612512.65,12253683.08,13295852.7,11684555.73,12298497.49
100,0L,1100,2026,540100,GX003,ESK1,F3,10,ZAR,13232861.37,13032343.27,12296098.37,11718465.55,12538989.5,13307439.72,11770705.66,13120017.97,13324287.65,12915749.65,12385131.79,11992477.3,11890737.3,12976708.35,11780332.52,11886765.4
100,0L,1100,2026,540100,GX003,ESK1,F4,10,ZAR,18031714.91,16489077.29,16471326.3,18102558.5,15950305.12,17390478.6,16059371.31,18517181.06,17680624.06,15972745.63,16489838.47,15800322.1,18304047.15,18202372.8,16160670.96,17451459.59
100,0L,1100,2026,540100,GX003,ESK1,F5,10,ZAR,6210363.63,5891112.42,5542410.55,6243517.72,6223523.52,6163546.02,5910009.55,6076225.93,6227179.75,6413157.8,5848417.51,6149781.04,5478303.64,6105264.77,5791150.68,5540862.09
100,0L,1100,2026,150100,GX003,ESK1,F1,10,ZAR,13038726.9,12636681.92,14035011.94,14238346.35,13827237.32,13184851.46,14127967.51,13918721.96,13544793.72,13826735.36,13920851.33,14705967.25,14597932.37,14666341.97,13791037.68,14064781.76
100,0L,1100,2026,150100,GX003,ESK1,F2,10,ZAR,2023067.22,1894593.27,1908224.35,1827340.57,2057905.72,1894529.01,1973001.05,1806903.95,1942266.9,1918485.31,1774963.62,1830641.58,1987547.53,1794634.07,1845891.07,1962510.33
100,0L,1100,2026,150100,GX003,ESK1,F3,10,ZAR,18128628.4,17782916.47,15719102.19,15729116.28,17522031.49,18072845.73,17772997.32,17071012.9,16844795.48,16347299.82,17519286.4,16831417.41,17471044.04,17433088.73,17570270.06,16927906.07
100,0L,1100,2026,150100,GX003,ESK1,F4,10,ZAR,7302307.26,7429567.36,8046944.42,7100689.48,7504525.07,7261824.53,7627580.87,7666394.68,8221925.97,7661163.12,7014613.65,7786446.75,7635201.42,7820362.63,7508448.37,7009202.88
100,0L,1100,2026,150100,GX003,ESK1,F5,10,ZAR,16138271.17,15122005.5,16178499.47,14411756.92,15939975.4,15544044.4,15308889.84,13865204.48,15527291.59,14198178.45,16061198.35,16080392.27,14903076.54,15950849.15,15770890.44,15669337.77
100,0L,1100,2026,150200,GX003,ESK1,F1,10,ZAR,4052725.1,3887247.53,4261901.83,3958737.54,4226669.11,4212858.46,4309856.89,3808911.52,4211306.77,3903666.54,4182336.65,4037006.28,4279559.78,4017027.16,3951765.9,4399454.56
100,0L,1100,2026,150200,GX003,ESK1,F2,10,ZAR,4246357.79,3877079.41,4087770.41,4445906.11,4104184.19,4479985.53,3917998.34,3873567.49,4229994.99,4146101.64,4385544.58,4405235.84,3908254.04,4315534.94,4489137.44,4442458.33
100,0L,1100,2026,150200,GX003,ESK1,F3,10,ZAR,3881924.95,3961660.32,3994737.43,3615194.43,3792618.52,4022811.96,3619077.2,3782673.59,3842256.85,3975703.26,3800541.46,4102527.88,4134475.54,3815252.81,4172964.14,3992693.0
100,0L,1100,2026,150200,GX003,ESK1,F4,10,ZAR,5254054.03,5970467.23,5798060.37,5124195.92,5539723.23,5315665.76,5190519.2,5629004.02,5208216.56,5274503.8,5845122.15,5583164.21,5422809.01,5754495.6,5570761.82,5431211.72
100,0L,1100,2026,150200,GX003,ESK1,F5,10,ZAR,8393210.83,8154931.51,9084239.05,8145678.38,8744183.26,9529887.46,9493529.82,8703272.42,9152714.61,8726412.25,8730774.38,9098680.24,9452216.56,9422030.52,9278397.58,8991187.7
100,0L,1100,2026,150300,GX003,ESK1,F1,10,ZAR,7940199.04,8851494.63,7826510.59,8756230.14,7739370.82,7919522.35,8564264.0,8092773.3,9027052.25,8605620.62,8408002.28,8268275.92,7760182.51,8685443.26,8418908.59,8951885.97
100,0L,1100,2026,150300,GX003,ESK1,F2,10,ZAR,5736028.79,5519884.63,5813115.48,5145539.95,6001404.19,5264864.16,5309473.35,5962936.26,5269835.41,5159046.25,5481514.92,5316707.05,5662581.11,5622002.48,5373863.55,5624920.8
100,0L,1100,2026,150300,GX003,ESK1,F3,10,ZAR,15630224.31,15469021.58,15709694.04,16793026.78,16310843.08,15698781.29,17294796.1,17724301.45,17735222.23,16333435.74,15936114.29,16216816.14,17759818.59,15699097.78,17071855.05,16839585.83
100,0L,1100,2026,150300,GX003,ESK1,F4,10,ZAR,2372527.88,2491589.21,2476724.92,2484909.4,2718992.01,2711315.7,2725074.19,2403517.79,2698411.53,2593890.13,2640522.66,2582827.93,2642039.17,2589578.99,2628467.96,2447459.52
100,0L,1100,2026,150300,GX003,ESK1,F5,10,ZAR,8150380.23,7733321.38,7727573.04,8052534.28,7541253.84,8033375.26,8083633.38,7455790.54,8419317.15,8104314.22,8278417.15,7640609.3,8462747.87,8520665.38,7860783.32,7603068.42
100,0L,1100,2026,500100,GX004,ESK1,F1,10,ZAR,8349157.07,8496403.63,7322546.24,10434016.37,9208125.17,8106864.1,8260238.18,7396150.48,7404259.75,8243362.95,7380107.48,7614368.05,8257067.1,8419624.41,7420989.96,7306870.31
100,0L,1100,2026,500100,GX004,ESK1,F2,10,ZAR,5400217.21,5354138.34,5498846.59,6674462.37,6596848.04,5691051.54,5949245.91,6060953.06,5605947.29,5606223.53,5248886.92,5880194.37,5829202.21,5276694.4,5347776.25,5723916.94
100,0L,1100,2026,500100,GX004,ESK1,F3,10,ZAR,15130498.44,15654916.62,16154766.52,17781142.06,19772685.98,14392866.0,16691039.24,16277783.69,16287968.62,16725339.19,15582056.8,15428576.35,14688463.47,14525358.47,16299579.65,16157037.22
100,0L,1100,2026,500100,GX004,ESK1,F4,10,ZAR,10959928.88,9968086.99,9601117.77,12128308.54,13356677.79,9378566.79,10901606.26,9930790.29,10057585.18,9448846.12,10429652.39,10398218.36,10405328.76,10861123.72,10091239.74,10952330.57
100,0L,1100,2026,500100,GX004,ESK1,F5,10,ZAR,9608443.91,9139677.5,8801995.79,10839550.7,11696938.97,9512592.41,10063273.28,9098777.44,9001450.47,10197748.4,10153994.2,8727821.81,9045065.99,9037252.98,9948147.83,9895320.07
100,0L,1100,2026,500200,GX004,ESK1,F1,10,ZAR,14885903.14,15573798.96,15145691.13,18214108.65,17056456.78,13655083.27,14139033.03,13664866.45,15239843.04,13458079.36,14985046.57,15149269.38,14639012.38,15270331.51,13371563.32,14523488.42
100,0L,1100,2026,500200,GX004,ESK1,F2,10,ZAR,10457264.72,10266392.34,10043587.59,11936180.14,12818056.85,9399148.69,9862875.63,10455496.79,10453404.55,9737230.85,10718324.47,10144467.03,10734882.87,10535089.89,10243315.31,10031741.48
100,0L,1100,2026,500200,GX004,ESK1,F3,10,ZAR,12483651.49,12477382.56,12446808.85,15022264.11,13925653.15,11534269.9,12714911.18,11377419.92,12646142.81,12354689.75,11274181.36,12442295.24,11226509.27,11389112.34,11699459.21,12689737.53
100,0L,1100,2026,500200,GX004,ESK1,F4,10,ZAR,18152343.24,18044791.03,17116417.07,21991766.94,22056386.4,16514537.3,17961076.96,16853795.73,17171742.05,19000437.9,16738618.35,18752917.99,17728466.78,18521553.39,17608292.71,17144347.45
100,0L,1100,2026,500200,GX004,ESK1,F5,10,ZAR,17456826.56,17664567.64,19459634.99,23324340.38,20875825.18,18392070.44,17717062.2,17416045.07,17843418.37,19602078.55,18108198.58,19159821.91,17551143.08,17636580.43,17820777.76,17056500.31
100,0L,1100,2026,500300,GX004,ESK1,F1,10,ZAR,11448373.44,12805673.56,11380015.91,14122648.94,14766951.03,11659423.5,11345374.58,11101514.95,12455160.34,12502779.76,11337170.7,11178898.32,11298164.92,12552820.2,11309898.23,12256816.7
100,0L,1100,2026,500300,GX004,ESK1,F2,10,ZAR,13576386.08,11700492.22,13493485.8,16503321.15,14582732.39,12212178.7,11598109.33,12828462.89,12512021.0,11919311.66,12679062.43,11641077.0,13298082.86,12093475.37,13053254.35,13118255.97
100,0L,1100,2026,500300,GX004,ESK1,F3,10,ZAR,10547950.43,10467383.04,9880775.65,11887753.76,13084586.09,9469075.21,11017276.54,10117446.86,10322177.37,9518916.13,10966849.78,11037060.26,9841945.84,9703310.45,9732239.42,10517281.51
100,0L,1100,2026,500300,GX004,ESK1,F4,10,ZAR,7613893.85,7600133.02,7659514.41,8827547.3,9063699.39,7730691.67,7729693.53,7004658.09,7592477.37,7855596.45,7627393.01,8069102.35,7096555.99,7566819.9,8196776.26,7205562.27
100,0L,1100,2026,500300,GX004,ESK1,F5,10,ZAR,15390517.67,15670646.18,16432258.16,19386609.11,20609683.77,16992002.08,16545705.28,16073341.38,16940296.94,15799583.13,17148329.59,15258148.43,16281080.51,15947102.61,16538069.65,16749692.3
100,0L,1100,2026,510100,GX004,ESK1,F1,10,ZAR,9054302.76,8610405.17,8367199.74,9535350.91,9003655.54,9563252.66,8188298.54,8261482.52,8713570.25,9436293.33,9438558.08,8572846.31,8855091.87,9315152.26,8475957.26,9262745.84
100,0L,1100,2026,510100,GX004,ESK1,F2,10,ZAR,4909009.48,5026073.46,4431790.42,5059295.68,4381397.36,4424556.92,4745809.1,4566200.57,4739937.53,5084460.24,4561112.14,4772134.15,4695390.41,5045226.5,4546493.59,4773191.02
100,0L,1100,2026,510100,GX004,ESK1,F3,10,ZAR,3405147.77,3257822.48,3161422.85,3450938.66,3300246.73,3237356.08,3101238.86,3489028.71,3003734.11,3359731.73,3237969.66,3068986.47,3331604.94,3198706.78,3207515.76,3008309.34
100,0L,1100,2026,510100,GX004,ESK1,F4,10,ZAR,7037557.42,7070885.77,7879664.93,7838995.09,7892295.0,7800526.71,8230484.23,8097699.47,7153841.76,8174054.62,7659201.5,7055546.54,7792895.81,7625351.56,8008518.49,8043876.41
100,0L,1100,2026,510100,GX004,ESK1,F5,10,ZAR,10599833.09,11550952.26,12181477.09,10887513.68,10875718.91,11639558.31,11702148.51,12363301.87,11737811.21,12079626.21,11502240.55,11276110.87,12107005.65,11870172.2,11214810.94,11178296.43
100,0L,1100,2026,520100,GX004,ESK1,F1,10,ZAR,15494850.67,16198721.54,17186381.87,15170497.93,16276886.42,15285223.45,17200525.89,17015663.76,16697692.96,15227327.52,16688458.39,17243519.17,17263423.92,16419903.95,15191582.13,17325817.67
100,0L,1100,2026,520100,GX004,ESK1,F2,10,ZAR,7950005.98,7670950.5,7507617.01,7681634.43,7409642.6,8402205.43,7827832.84,7322625.74,8042681.08,7637673.07,7552599.62,8410908.42,7588554.52,7606514.51,8043604.9,7682369.8
100,0L,1100,2026,520100,GX004,ESK1,F3,10,ZAR,15627098.08,16733029.91,16217480.3,18237159.16,17384394.42,16539827.72,16387981.15,15944367.87,18000042.48,15915404.67,16063071.59,17979642.05,17023791.09,16580310.9,16511720.49,16924529.04
100,0L,1100,2026,520100,GX004,ESK1,F4,10,ZAR,2088573.8,1995629.6,2015492.35,2113397.32,2307247.14,2330920.49,2045555.75,2066898.12,2283647.43,2246787.77,2136603.4,2021898.14,2179994.51,2276913.29,2044459.91,2212484.51
100,0L,1100,2026,520100,GX004,ESK1,F5,10,ZAR,17472351.16,17823731.81,16774903.85,17842878.51,17969153.96,17402090.92,16897720.1,18030436.69,17548167.97,18057477.72,19331115.02,19576707.7,17691971.14,17330282.46,17656396.07,17564560.87
100,0L,1100,2026,520200,GX004,ESK1,F1,10,ZAR,9836842.69,9123135.08,9901201.86,10074191.43,9657928.58,9182094.63,9399200.43,10154419.49,9853405.82,9110246.38,10062467.95,9590071.88,9814771.41,9881557.55,10034766.02,9724675.2
100,0L,1100,2026,520200,GX004,ESK1,F2,10,ZAR,11035674.42,11231113.52,9832816.9,10707108.1,10524276.0,10771034.61,11185743.59,11080136.83,10043067.48,9817066.25,11349682.38,9794509.64,11143718.34,10840799.1,10243354.69,10489339.29
100,0L,1100,2026,520200,GX004,ESK1,F3,10,ZAR,16171559.74,15311163.12,16400056.31,14917687.7,14672273.9,14157654.45,15010814.78,15166089.9,15010704.83,16155588.13,15000698.48,14845241.26,15306399.88,15265502.82,15701423.95,14593047.2
100,0L,1100,2026,520200,GX004,ESK1,F4,10,ZAR,6189811.93,6671657.08,5986955.23,5956762.49,6398069.92,6576435.22,6337081.63,5807222.42,5809523.6,5928389.45,6603771.42,5838721.17,6577845.41,5944975.41,6588359.87,5779612.24
100,0L,1100,2026,520200,GX004,ESK1,F5,10,ZAR,3642885.9,3800835.97,3389932.26,3342381.12,3701747.0,3426431.47,3786012.02,3508147.19,3400427.31,3574456.65,3787957.33,3714537.5,3838566.95,3596746.62,3794972.84,3544355.56
100,0L,1100,2026,530100,GX004,ESK1,F1,10,ZAR,15550910.61,15046100.81,16010139.59,17033184.19,15894188.9,17034834.24,15287809.42,16630595.19,15714348.39,16405644.64,16999904.65,15569462.12,15333647.37,14765446.72,15710834.83,15883830.94
100,0L,1100,2026,530100,GX004,ESK1,F2,10,ZAR,8642223.66,9454979.09,8918135.15,8369681.28,9198375.29,8312488.98,8565120.23,9385365.73,8755702.37,8264847.65,8665327.54,9206745.62,9003228.87,9484537.19,9317050.62,8810509.19
100,0L,1100,2026,530100,GX004,ESK1,F3,10,ZAR,16237695.4,15181775.92,15739141.84,16095085.0,17121127.29,14816554.6,15276723.07,15596487.03,15521587.4,16061615.01,17138633.79,15286801.71,15884952.8,15259747.83,15522499.5,15828847.91
100,0L,1100,2026,530100,GX004,ESK1,F4,10,ZAR,9529864.93,10470563.19,10304280.53,9997870.45,10561049.23,10548520.36,9657103.24,9276574.41,9988525.69,9396051.56,9755439.67,10241943.43,10052041.01,10611566.09,10526970.78,9723220.65
100,0L,1100,2026,530100,GX004,ESK1,F5,10,ZAR,3536076.22,3863501.03,4035511.39,3538365.87,3928204.01,3670135.02,3796496.19,3883914.2,3735463.55,3604286.72,3690881.49,3763826.59,3644020.14,4030848.02,3834975.93,4020730.61
100,0L,1100,2026,540100,GX004,ESK1,F1,10,ZAR,9541616.49,9982680.85,10196842.96,10935576.44,9813783.71,10784157.55,9459574.54,10990586.5,10235178.78,10452934.63,10362659.32,10993712.67,9750272.61,10081794.08,10551566.36,10543775.37
100,0L,1100,2026,540100,GX004,ESK1,F2,10,ZAR,15721203.28,15346803.62,15793760.75,15478607.26,15787676.77,15044980.28,14826314.15,14908073.89,15779434.7,14963522.41,17139495.75,16263223.52,15210668.13,16850427.76,15436486.78,15684514.25
100,0L,1100,2026,540100,GX004,ESK1,F3,10,ZAR,14983293.49,14724928.17,14337996.62,13405302.19,13234947.34,13593884.13,15255286.06,13967999.72,14542472.57,13732294.28,14416352.88,14142346.5,13251810.39,14157371.13,15178018.55,14555541.34
100,0L,1100,2026,540100,GX004,ESK1,F4,10,ZAR,15230417.23,13823139.14,14530528.35,13708803.39,13520185.9,15698288.95,13983451.56,15302466.32,15603437.9,15652126.09,15130927.04,15039305.53,14349742.79,14221825.43,14672896.34,14441400.94
100,0L,1100,2026,540100,GX004,ESK1,F5,10,ZAR,18425850.24,16368774.09,18484028.35,17881309.39,16946045.93,17050971.28,16136138.42,18313890.67,18066619.57,18634213.38,18230252.45,18054202.67,16461738.72,18130550.75,16914460.31,16707893.7
100,0L,1100,2026,150100,GX004,ESK1,F1,10,ZAR,13653234.65,15510470.55,14356343.75,15024453.65,15642522.3,15374984.45,13636160.15,15288819.27,15843022.46,14436101.12,14190222.59,15256793.39,15561496.85,15194909.82,15790680.97,13703227.07
100,0L,1100,2026,150100,GX004,ESK1,F2,10,ZAR,15631993.06,14730852.96,14097628.97,14517579.74,14048216.16,13708666.1,14556541.06,14216004.64,14186048.67,13763125.52,14573204.48,14964625.75,15731519.21,15576675.03,14912712.36,14686108.69
100,0L,1100,2026,150100,GX004,ESK1,F3,10,ZAR,9107734.2,8810284.94,8538313.18,8165949.71,8909363.63,8950589.6,8365550.3,8521677.75,8617603.96,8403167.34,8009573.02,8432298.48,9227583.27,9049211.3,8658902.26,8397277.53
100,0L,1100,2026,150100,GX004,ESK1,F4,10,ZAR,16426183.66,16410878.72,16215318.57,16739796.17,16081694.48,15629213.11,16122522.76,17847565.34,15681658.0,16122726.91,15930759.25,17559910.21,15645021.14,15941344.08,17074081.01,17580233.32
100,0L,1100,2026,150100,GX004,ESK1,F5,10,ZAR,18534665.52,17602086.19,18486068.79,19129224.17,17730841.06,17262243.56,18377670.22,19331972.95,18326408.37,19334718.07,16565105.6,17060468.0,17407196.86,18262056.92,19180114.48,17181315.74
100,0L,1100,2026,150200,GX004,ESK1,F1,10,ZAR,11533837.82,11058123.59,10475099.34,11603286.36,10879197.87,11761477.82,11658174.55,10760215.39,11651866.91,11770631.87,10954700.05,10973730.38,11298237.0,10605184.68,10638698.96,11138872.38
100,0L,1100,2026,150200,GX004,ESK1,F2,10,ZAR,17714813.99,16699886.98,17238095.96,17380628.65,17790434.99,17730925.7,17099532.26,17606782.17,15683540.31,17725378.33,16566333.68,15788047.34,15851146.54,16392982.71,17340404.85,16953779.84
100,0L,1100,2026,150200,GX004,ESK1,F3,10,ZAR,8583596.49,8255288.5,8902583.4,8280861.44,8049879.08,8460871.47,8349024.37,8306087.86,8915605.45,8949175.28,8386996.05,8144412.46,7974155.07,7721335.71,8652165.75,7709901.78
100,0L,1100,2026,150200,GX004,ESK1,F4,10,ZAR,11376328.8,12735985.73,12901030.97,12018388.44,11630598.59,12702422.96,12680255.47,11310388.92,12142921.15,12049654.62,12586573.0,12108992.92,12972440.28,12613078.51,12134902.24,12971266.59
100,0L,1100,2026,150200,GX004,ESK1,F5,10,ZAR,17806249.64,17027782.39,17988273.39,18285002.74,16200494.82,16755620.69,16985483.64,17564759.2,18300180.2,16969149.45,16379034.64,16273380.34,17249566.59,17423670.77,16227663.16,16518886.05
100,0L,1100,2026,150300,GX004,ESK1,F1,10,ZAR,13762778.9,12134861.52,12481179.6,12193730.09,12046304.97,13660549.18,12759933.32,12543883.72,13268236.42,12397858.56,13468916.25,13438728.16,12073785.45,13234517.63,12474968.4,13716702.4
100,0L,1100,2026,150300,GX004,ESK1,F2,10,ZAR,7274703.28,7216466.48,7520169.11,7413448.78,6691236.28,6592743.79,7350589.4,7005425.36,7184420.13,6928975.19,6726353.26,7190292.92,6529918.48,7096511.11,7055909.49,7302192.79
100,0L,1100,2026,150300,GX004,ESK1,F3,10,ZAR,11459955.11,12664699.37,11737725.28,12379833.69,11819694.31,12287749.53,11768588.55,12812957.97,12061569.19,11831764.7,12243184.7,12712953.37,12620995.69,11595339.43,12378130.1,11540046.19
100,0L,1100,2026,150300,GX004,ESK1,F4,10,ZAR,10035735.55,10443293.09,10348518.5,10050231.63,10515228.12,10207977.29,9620720.55,10867564.66,9810158.1,10153553.28,10737813.64,9476542.46,10322276.4,9817019.19,9723537.0,10041667.46
100,0L,1100,2026,150300,GX004,ESK1,F5,10,ZAR,13989095.71,13777811.39,13053190.1,13964835.27,14032997.67,14495262.2,14519901.31,15093491.74,14144010.7,14042181.29,14967005.87,14015293.24,13584331.48,13129531.55,13391722.58,13510877.34
100,0L,1200,2026,500100,NTC001,ESK1,F1,10,ZAR,13972164.03,14777997.36,14027729.06,18216575.55,16833834.11,14395417.91,14282467.83,15306280.05,14638169.98,13215192.66,13916772.83,15017201.94,14259788.95,14481007.18,13254224.89,13191208.29
100,0L,1200,2026,500100,NTC001,ESK1,F2,10,ZAR,9687387.26,10207635.43,9475227.99,12772890.03,11298761.41,9601911.41,9472055.0,9192649.7,10199444.9,9833342.66,9595973.23,10277053.05,10413029.03,9342553.97,9901373.68,9559760.6
100,0L,1200,2026,500100,NTC001,ESK1,F3,10,ZAR,2179582.2,2268567.48,1965620.41,2796673.54,2580246.78,2034594.84,2064574.93,2255745.01,2131027.07,1997748.58,2166803.23,2226128.16,1972104.08,1977240.44,2130670.26,2070306.14
100,0L,1200,2026,500100,NTC001,ESK1,F4,10,ZAR,7848431.77,7842806.29,7473542.09,10403597.26,10179470.72,7452659.58,8339602.64,7960356.54,8276736.56,7774947.93,8164993.6,7862860.27,7516762.95,7949233.88,8389674.08,8491763.66
100,0L,1200,2026,500100,NTC001,ESK1,F5,10,ZAR,15378002.4,14656558.98,14648645.34,18839348.73,19064930.28,15287500.94,15949039.98,15597209.19,15142911.84,16885792.51,16605002.59,15393345.63,15155446.99,16907483.37,16289319.34,16785193.18
100,0L,1200,2026,500200,NTC001,ESK1,F1,10,ZAR,6758776.78,6593956.54,6694376.25,7592361.58,8336525.73,6700979.27,6725967.62,6692614.62,7208778.64,6445466.57,6796805.71,7160984.81,6744380.81,6916188.18,6592049.73,7103978.65
100,0L,1200,2026,500200,NTC001,ESK1,F2,10,ZAR,16335295.41,16317249.65,14735259.06,19791888.35,18382687.77,16192073.27,14652527.31,15566690.56,14905805.57,15364312.2,15725063.06,15998552.54,16274336.49,14989161.38,15001880.47,14736672.13
100,0L,1200,2026,500200,NTC001,ESK1,F3,10,ZAR,5013638.89,4984948.05,4848383.44,6513232.38,5841722.09,5308793.1,5043088.05,4950395.65,4992543.37,4927346.23,5229861.64,5256814.99,5266509.06,5160011.8,4920908.54,4764938.4
100,0L,1200,2026,500200,NTC001,ESK1,F4,10,ZAR,15479210.59,16971495.66,16404222.53,20544566.29,19084425.0,15622000.22,14691473.86,14748905.21,14968148.55,17083905.43,16573251.02,15711146.16,14995149.22,17217024.1,15088751.86,16926172.08
100,0L,1200,2026,500200,NTC001,ESK1,F5,10,ZAR,11864004.87,11152408.87,11076526.92,15382623.74,13341694.48,12038371.42,12647169.39,10948745.48,12331224.75,12005877.74,11388666.69,11869485.6,12079549.58,12453367.14,11367676.66,11391743.31
100,0L,1200,2026,500300,NTC001,ESK1,F1,10,ZAR,10468695.56,9452687.25,10434655.51,11898679.11,11980653.49,10249149.21,10007407.63,9330737.0,10195951.11,9788739.47,9914070.74,10137638.99,9841391.71,9440032.85,9128256.73,10389682.36
100,0L,1200,2026,500300,NTC001,ESK1,F2,10,ZAR,13343155.32,13279139.04,12371763.28,14631324.14,15898998.22,13861484.71,12484156.21,12062371.07,13602172.47,12285299.0,13451829.98,12721526.98,12038472.28,11958338.71,11954898.65,13640807.55
100,0L,1200,2026,500300,NTC001,ESK1,F3,10,ZAR,7300973.59,7734104.11,7417217.58,9221662.33,9424076.6,6627233.97,6686878.31,7463515.71,7613008.93,7336777.06,7225938.81,7115416.33,7297049.61,7556453.58,7387931.62,6962746.09
100,0L,1200,2026,500300,NTC001,ESK1,F4,10,ZAR,14479119.6,15793957.94,14785272.12,17594706.52,17348307.1,14936170.47,14815404.31,15326437.85,16212777.08,16344771.65,15591896.5,16101199.18,15403740.7,15691770.78,14521865.08,16314792.91
100,0L,1200,2026,500300,NTC001,ESK1,F5,10,ZAR,6119345.69,6545233.88,6391373.62,8050317.46,7682288.28,5918993.75,6613932.87,6010134.29,6366488.7,5935741.52,6379498.18,6689140.83,6566158.08,6769560.41,6614440.79,6290466.66
100,0L,1200,2026,510100,NTC001,ESK1,F1,10,ZAR,8066104.41,8012256.68,8596598.3,8761127.79,9151666.15,8422448.69,8478727.54,8942499.57,8302563.22,8543137.92,8427544.69,8973872.26,8446807.2,8291058.61,8687672.0,8682358.91
100,0L,1200,2026,510100,NTC001,ESK1,F2,10,ZAR,4839055.27,5175519.9,4727952.83,4961493.52,5333839.73,4865856.92,4989389.16,5300977.7,5381648.34,5275458.16,5157508.29,5289636.21,5431576.06,5305478.22,5458045.55,5475464.63
100,0L,1200,2026,510100,NTC001,ESK1,F3,10,ZAR,3993932.02,4337968.94,4183803.83,4071464.65,4289332.28,4060911.8,4160246.78,3980265.14,4288452.89,4307047.36,4447724.46,4052833.07,3920869.61,4510119.5,3974511.59,4148820.29
100,0L,1200,2026,510100,NTC001,ESK1,F4,10,ZAR,2980352.12,2870159.13,2891734.04,2929172.19,2671683.63,2978234.25,2697121.91,2874609.45,2596391.7,2638810.32,2937736.59,2656140.04,2693832.01,2642190.13,2699011.32,2749076.55
100,0L,1200,2026,510100,NTC001,ESK1,F5,10,ZAR,11386449.57,11880933.64,11431592.9,11538527.83,11429818.92,11192619.41,10436478.55,11853719.36,10921375.72,11364504.87,11644583.28,11064674.4,11660034.92,11601358.73,10810249.47,10861877.89
100,0L,1200,2026,520100,NTC001,ESK1,F1,10,ZAR,12165777.78,13265693.1,13248002.98,12172771.16,11574279.55,12103217.51,12076182.35,12115670.71,12381780.18,13156540.0,11644002.23,12083975.54,11572973.37,12907925.06,11488241.39,12466303.46
100,0L,1200,2026,520100,NTC001,ESK1,F2,10,ZAR,7451243.51,7452787.76,7487141.32,7606463.27,8346846.12,8237800.38,7514236.73,8544254.87,7651214.95,8091377.22,7777713.26,8206537.26,8500951.11,8612743.0,7762981.78,8342846.47
100,0L,1200,2026,520100,NTC001,ESK1,F3,10,ZAR,3308842.3,3271795.17,3539437.82,3582088.36,3644905.3,3712387.84,3459441.93,3708757.27,3619048.42,3633866.38,3568191.09,3492565.87,3632077.74,3515499.86,3505618.47,3677068.28
100,0L,1200,2026,520100,NTC001,ESK1,F4,10,ZAR,2745440.85,2768397.94,2966977.97,2750049.38,2635905.78,2697393.5,2938496.25,2631842.04,2821810.62,2865889.55,2733020.87,2650049.05,2599512.3,2919602.78,2565854.98,2927418.48
100,0L,1200,2026,520100,NTC001,ESK1,F5,10,ZAR,8123401.36,8699685.54,8731136.73,8405248.31,8938391.47,8363889.93,8903718.62,8484917.43,8565964.95,8425859.98,8485950.42,7754571.75,8557315.71,8431409.61,8531622.57,7843292.42
100,0L,1200,2026,520200,NTC001,ESK1,F1,10,ZAR,7650693.71,7859156.46,8198559.06,7634034.24,8164153.29,8221435.62,7156699.38,7717074.0,7833022.81,7485950.35,7296542.86,7474731.74,7214640.51,8226859.93,7130707.07,8176676.64
100,0L,1200,2026,520200,NTC001,ESK1,F2,10,ZAR,14097234.72,12843359.09,13818725.41,12816471.02,14477763.67,13046155.56,13310320.64,14348843.68,12370010.0,12358490.84,12892696.44,12851525.44,13636133.01,13053177.01,14045738.63,12838093.05
100,0L,1200,2026,520200,NTC001,ESK1,F3,10,ZAR,13145387.93,13453703.48,13717847.27,12749614.44,13228086.95,13108133.66,12787506.71,13446850.2,14104141.62,13582221.83,13986650.77,14169980.16,14361210.48,12717376.87,13157036.85,12858446.3
100,0L,1200,2026,520200,NTC001,ESK1,F4,10,ZAR,10071929.81,9733207.2,9616487.33,9669108.12,9478167.48,9246426.41,9539830.3,9877432.53,10516323.59,10197250.56,10239400.96,10250279.58,9875243.29,10187069.95,10650521.83,9465186.98
100,0L,1200,2026,520200,NTC001,ESK1,F5,10,ZAR,11009362.86,10748098.24,9903064.29,10629138.73,10033966.95,10921107.77,9994024.96,9750795.34,11130715.97,10032174.22,10243984.66,11170611.21,10256530.01,11026756.02,9808934.89,10296662.42
100,0L,1200,2026,530100,NTC001,ESK1,F1,10,ZAR,3133230.98,2859486.03,2991511.16,3127027.46,2920787.88,3286414.39,2882391.14,2996632.95,3281674.1,3123326.28,3094112.99,3301361.87,3156577.3,3104258.0,3116079.43,3269446.2
100,0L,1200,2026,530100,NTC001,ESK1,F2,10,ZAR,9913047.92,9923607.2,9779827.02,10178875.59,9954910.14,10655932.41,10809994.83,10545576.97,9638257.43,10254906.53,10040518.76,9607990.98,10290838.41,10864462.05,10049238.56,9678964.03
100,0L,1200,2026,530100,NTC001,ESK1,F3,10,ZAR,8925662.74,9064564.17,9348335.54,9139521.14,8253495.66,9232487.09,8691725.8,8369894.98,9383891.63,9174991.08,8339200.15,9149594.23,8418277.48,8520544.41,9262708.92,8800878.39
100,0L,1200,2026,530100,NTC001,ESK1,F4,10,ZAR,9996349.63,9740741.73,8879414.84,9997034.4,9821737.22,10158656.36,9131840.08,9888809.86,9553045.74,9543783.01,9305250.14,10104978.16,9638360.95,10037881.74,10142952.5,9100667.0
100,0L,1200,2026,530100,NTC001,ESK1,F5,10,ZAR,6066365.15,6776401.5,6187309.51,6321333.03,6742726.61,6452136.5,6568174.03,6860452.64,6382151.43,6638082.29,6431725.11,6749310.59,6559892.06,6425741.44,6902338.66,6659181.03
100,0L,1200,2026,540100,NTC001,ESK1,F1,10,ZAR,7076655.6,6439792.69,6208885.82,7044396.97,6898798.12,6685372.92,6181469.69,6713619.5,6976377.46,6859265.66,6300187.05,7214966.28,6376728.41,6336041.33,6492367.07,6713786.79
100,0L,1200,2026,540100,NTC001,ESK1,F2,10,ZAR,5220125.38,5311086.75,5211916.62,5806004.03,5886165.37,6021630.98,5561031.63,5668438.53,5549879.96,5382885.81,5494372.59,5583050.46,5658722.21,5546992.13,5401951.96,5777081.12
100,0L,1200,2026,540100,NTC001,ESK1,F3,10,ZAR,8784759.34,9308428.92,10253914.07,9642760.03,9229157.07,9264774.36,10113185.36,9415698.56,9376849.85,8864830.84,8838964.95,9582928.64,9624926.61,9850058.17,9104312.55,9260549.69
100,0L,1200,2026,540100,NTC001,ESK1,F4,10,ZAR,7172544.8,7262680.4,7652709.75,7661345.4,7045731.75,6899671.04,7336826.78,6995237.63,7927905.71,6913509.96,7092830.26,7963775.34,7517804.9,7349425.69,7991609.22,7603296.62
100,0L,1200,2026,540100,NTC001,ESK1,F5,10,ZAR,9065855.16,8903218.21,9737221.39,10044746.71,9967072.02,9231046.74,9193026.15,8951097.32,10192904.67,9436427.9,10205896.82,9168445.27,10171135.02,9258996.5,8858279.13,9143236.27
100,0L,1200,2026,150100,NTC001,ESK1,F1,10,ZAR,8466732.21,8149262.14,8855142.12,8392294.0,7678876.17,8877229.07,8870900.79,8363209.42,7771031.19,8818155.01,8633138.29,8117889.97,8794813.43,8201401.72,8277231.43,8590749.72
100,0L,1200,2026,150100,NTC001,ESK1,F2,10,ZAR,3108660.27,3004926.09,3088190.92,3181098.76,2838359.09,3047481.3,3071383.24,2847301.38,3219034.77,2854427.94,3008113.49,3153015.5,3196349.63,3244914.03,2891646.28,3040288.45
100,0L,1200,2026,150100,NTC001,ESK1,F3,10,ZAR,4005156.84,4412416.82,4315790.02,4526573.66,4460719.16,4171195.02,3992801.61,4197678.29,4623638.79,4033991.49,4406991.85,4603543.93,4281679.71,4558463.62,4084211.28,4192579.21
100,0L,1200,2026,150100,NTC001,ESK1,F4,10,ZAR,13518522.85,13052978.08,13520587.32,13665386.62,13373023.59,12708281.77,12327101.49,12822688.89,12483368.82,13042717.39,13986750.03,13199434.51,12736575.91,13355460.51,14397154.33,13320665.6
100,0L,1200,2026,150100,NTC001,ESK1,F5,10,ZAR,15110847.41,15074612.39,14044136.07,14181860.41,15002193.19,14143637.0,13960957.73,15965159.32,14131783.87,13842892.71,13691806.97,15712841.31,15591155.0,14884015.67,15087467.84,14008450.66
100,0L,1200,2026,150200,NTC001,ESK1,F1,10,ZAR,9563107.7,9950927.71,10641964.07,10032709.22,10694973.17,9537618.91,10778292.04,9839214.9,10843251.77,10820687.16,9774224.38,9573966.95,10014306.57,9434065.73,9857287.16,9525045.45
100,0L,1200,2026,150200,NTC001,ESK1,F2,10,ZAR,5272692.35,4778917.01,5140902.88,5459594.5,5371148.54,5181060.14,4734538.54,4728134.95,4982414.81,5521042.68,4723360.63,4843832.76,5370826.31,5481831.79,4862374.81,5239094.59
100,0L,1200,2026,150200,NTC001,ESK1,F3,10,ZAR,17237500.17,17396762.82,16616005.06,18205730.21,18813705.44,16699320.44,18107846.66,16914024.73,18016360.14,17949552.77,17832303.86,18087482.63,17402217.38,18982034.49,16835047.55,19118928.65
100,0L,1200,2026,150200,NTC001,ESK1,F4,10,ZAR,18432062.37,18169437.32,17152375.04,18749414.21,17200637.31,17815150.72,19543440.57,17372922.85,19338256.26,18432266.59,17761443.69,19411722.36,17761524.2,19387734.35,17865399.4,17081495.97
100,0L,1200,2026,150200,NTC001,ESK1,F5,10,ZAR,3650194.28,3632603.82,3426930.44,3562556.13,3362299.14,3371021.87,3620922.3,3662314.4,3532069.11,3548886.37,3286756.61,3280534.65,3273708.89,3782001.38,3468684.91,3347375.42
100,0L,1200,2026,150300,NTC001,ESK1,F1,10,ZAR,3059481.69,3046397.37,2867804.91,3214928.99,3300719.92,3079170.26,3022171.76,3006615.77,3271087.69,2886196.72,3197734.79,3187411.72,2853224.39,3053386.86,2887733.81,2890154.16
100,0L,1200,2026,150300,NTC001,ESK1,F2,10,ZAR,13819980.32,14690766.59,14419033.57,14743182.53,14166488.72,13563397.66,14700720.48,15430513.76,15712746.39,15640499.11,14362840.99,15415511.71,15269132.08,13788178.24,14307832.04,15265272.49
100,0L,1200,2026,150300,NTC001,ESK1,F3,10,ZAR,15122027.65,14965780.71,14607434.69,14743519.51,14928349.83,13405399.88,13795096.5,14641845.84,14896189.12,14650608.05,15092120.6,13647175.02,14520178.79,14484399.95,13758792.32,13312678.79
100,0L,1200,2026,150300,NTC001,ESK1,F4,10,ZAR,9381716.48,9808629.11,9716557.58,9901033.09,8720025.41,9664868.48,9430233.17,8790351.89,9644210.64,9935549.3,9409323.15,9796567.2,9504814.23,8988736.79,9731314.86,9062925.82
100,0L,1200,2026,150300,NTC001,ESK1,F5,10,ZAR,2112533.07,2125966.26,2343614.7,2308605.05,2262035.18,2440666.33,2197321.73,2275879.36,2171614.7,2434104.82,2395410.71,2390314.7,2233350.96,2168192.67,2286257.23,2178924.97
100,0L,1200,2026,500100,NTC002,ESK1,F1,10,ZAR,9953359.39,9559471.61,8891937.53,12519869.48,10932270.22,8916314.61,9233332.25,9562274.3,9021152.21,10308243.38,9685902.6,9894577.7,9466249.8,10253159.08,8979230.24,9077520.3
100,0L,1200,2026,500100,NTC002,ESK1,F2,10,ZAR,11244586.76,11045469.54,9898204.6,12620586.89,12989043.25,10631169.04,10525319.98,9860764.99,9988410.25,10665417.08,10114608.76,11265309.16,10109474.92,9810814.86,10293692.77,10699143.85
100,0L,1200,2026,500100,NTC002,ESK1,F3,10,ZAR,5422996.99,5228788.87,5769644.75,6420677.2,7120110.74,5699688.35,5955846.25,5337121.7,5808714.56,5251659.66,5866757.62,5742661.0,5783438.92,5870956.0,5710830.79,5514601.83
100,0L,1200,2026,500100,NTC002,ESK1,F4,10,ZAR,4994419.98,4794808.37,4974229.26,6415060.07,6105360.79,4976585.69,5200070.48,5142347.98,4916530.96,4553997.72,4587901.24,4981711.17,4534745.37,4840021.34,5007677.63,5093663.21
100,0L,1200,2026,500100,NTC002,ESK1,F5,10,ZAR,18508991.4,20269561.8,18266146.97,21559228.02,21222881.55,17633550.88,19505925.44,18928327.17,18107107.72,18069147.2,17837270.55,18597026.87,19381243.34,20303921.81,18619949.35,18757985.2
100,0L,1200,2026,500200,NTC002,ESK1,F1,10,ZAR,8522320.9,8456938.81,8486999.09,10436436.44,9289954.07,8166682.61,7891901.3,8043144.84,8003122.92,8417541.76,7541913.8,7426191.55,8239988.76,7499116.8,8518354.77,7946320.61
100,0L,1200,2026,500200,NTC002,ESK1,F2,10,ZAR,17178901.73,17182098.99,17249359.34,21652795.5,21208232.86,16797680.57,18169943.39,17370964.67,17273906.92,16596289.86,18269886.45,17896037.03,16970875.99,16376677.19,17966417.31,18311538.18
100,0L,1200,2026,500200,NTC002,ESK1,F3,10,ZAR,15398315.24,14644464.89,14842860.87,17295763.65,18639920.53,15896087.19,15386480.48,15502464.09,14108482.42,15431732.61,15406599.24,15755508.67,15413353.57,16350002.83,14417270.07,16003193.18
100,0L,1200,2026,500200,NTC002,ESK1,F4,10,ZAR,6108106.23,6765763.27,6997095.63,8255119.09,8487666.43,6916924.85,6839863.4,6837343.25,6543543.75,6818797.12,6632896.25,6532548.72,6559569.16,6354602.2,6321922.69,6938886.21
100,0L,1200,2026,500200,NTC002,ESK1,F5,10,ZAR,9726826.14,9592339.57,8558815.04,11019316.1,11668676.78,8857295.95,8474441.2,9096800.08,9551148.38,9004108.98,8586749.49,9261595.88,9096714.95,9695714.57,8918949.19,8472773.4
100,0L,1200,2026,500300,NTC002,ESK1,F1,10,ZAR,5404996.78,5516544.82,5288689.75,6428105.65,7343396.99,5647991.18,5778809.79,5549927.74,5441662.97,5323723.76,5638420.98,5734447.0,5280767.88,5322094.51,5531037.06,5562050.27
100,0L,1200,2026,500300,NTC002,ESK1,F2,10,ZAR,3206692.88,3091011.17,3160066.81,3750238.18,3988891.45,3118400.85,3339071.3,3514062.92,3114312.98,3307401.05,3149106.98,3566368.93,3193759.44,3257388.42,3490453.08,3115552.33
100,0L,1200,2026,500300,NTC002,ESK1,F3,10,ZAR,15174221.84,14658590.86,14880724.52,19032291.23,19193708.63,14968009.46,16024277.36,14818090.2,14942195.06,15631239.92,15891245.13,15390745.31,15454727.14,15542366.62,15964649.62,16067288.81
100,0L,1200,2026,500300,NTC002,ESK1,F4,10,ZAR,8710986.16,9066752.29,8397333.97,10168031.44,10687500.81,8395547.23,8452550.13,9073772.81,8652360.63,8160017.61,8541162.15,9300176.68,8862021.7,9080189.44,8140547.01,8959233.82
100,0L,1200,2026,500300,NTC002,ESK1,F5,10,ZAR,14012990.88,13315979.16,13374515.01,16968118.23,15993077.38,12919529.81,12629929.67,14117714.26,12508127.91,12784958.8,13578707.4,14450951.25,12836473.65,13481767.6,14226293.17,12978788.52
100,0L,1200,2026,510100,NTC002,ESK1,F1,10,ZAR,2826344.51,3096048.9,3042578.03,3136690.05,3215668.89,3200198.42,2968258.81,3015512.62,3035941.26,3018588.6,2818050.55,2827163.82,3197572.47,3118697.93,3161828.0,3192977.62
100,0L,1200,2026,510100,NTC002,ESK1,F2,10,ZAR,10734398.06,10708389.4,9965326.1,10167321.16,11247189.67,10374106.62,10035592.75,9628557.35,9869189.55,11022251.36,10214231.09,10340435.21,10633904.62,10774048.67,10615278.66,10859880.99
100,0L,1200,2026,510100,NTC002,ESK1,F3,10,ZAR,16739729.71,16452432.87,17588164.59,18144882.27,16356409.12,16106488.91,16229994.08,16289056.85,17846050.43,17105403.11,15958311.21,17084640.12,17899063.75,16552908.31,16898521.66,17690038.65
100,0L,1200,2026,510100,NTC002,ESK1,F4,10,ZAR,5429035.11,5411735.77,5378679.3,5244700.97,5054686.41,5168785.43,4917851.39,5079046.0,5242059.5,5520566.92,5109243.94,4943740.84,4983728.54,5586875.71,5208727.42,5207302.44
100,0L,1200,2026,510100,NTC002,ESK1,F5,10,ZAR,12800644.58,12439246.7,11404929.95,11062002.91,12756697.63,12311642.65,12583051.86,11102957.49,12054528.37,12189651.28,11489545.44,11620469.4,12833339.53,11368343.45,11702964.6,12798713.49
100,0L,1200,2026,520100,NTC002,ESK1,F1,10,ZAR,9858756.68,10100197.05,9896401.93,9641931.64,8843663.7,9796489.35,9642224.49,10103225.77,9984332.28,9622843.35,10035102.95,9571669.91,9784570.81,8966476.22,9796157.55,9305947.25
100,0L,1200,2026,520100,NTC002,ESK1,F2,10,ZAR,8519414.51,7723759.25,7930333.2,8737183.22,8360040.05,8841719.93,8163528.18,7546800.64,8832239.69,7927366.35,8365228.5,8065677.84,8412791.55,8443577.12,8557875.49,8277036.55
100,0L,1200,2026,520100,NTC002,ESK1,F3,10,ZAR,18310152.52,17679966.26,18329110.51,16702483.86,16247681.92,17859249.99,15938137.61,17586966.37,16685114.34,16690185.68,18012480.52,15936228.85,16243679.9,18087750.84,17905489.9,15716512.48
100,0L,1200,2026,520100,NTC002,ESK1,F4,10,ZAR,15461815.12,15071406.84,15728690.31,15737408.29,16093417.56,15191642.75,14400400.11,15718886.53,14869027.17,15943081.07,15991388.69,15065254.99,14752727.67,14487014.9,14522884.28,16078902.57
100,0L,1200,2026,520100,NTC002,ESK1,F5,10,ZAR,10029456.46,9213175.0,10653499.46,9427218.75,9409785.92,10351670.15,10024699.83,9277542.94,9849146.66,10660342.09,9190307.25,10032460.26,9982043.78,9478244.47,10206848.31,10345921.77
100,0L,1200,2026,520200,NTC002,ESK1,F1,10,ZAR,9934170.49,10385329.09,9450708.59,10531048.44,9751715.46,9721593.34,10045337.05,9741182.13,9780431.36,10168776.86,9815186.41,10883522.82,9370172.26,10015899.13,9369108.27,9308384.71
100,0L,1200,2026,520200,NTC002,ESK1,F2,10,ZAR,4981869.74,5328209.85,5186127.89,5051739.92,5098080.38,5083111.4,5304193.31,5266524.64,4592611.73,5044300.2,4721035.35,4857685.72,4923352.57,4875833.0,4575020.05,4819293.22
100,0L,1200,2026,520200,NTC002,ESK1,F3,10,ZAR,5386822.61,6080661.78,5602249.62,6113720.68,6219489.16,5799871.72,5973587.44,5798787.06,5871817.59,5740491.7,6050069.39,5485674.55,6078268.74,6027531.8,6222355.23,5877340.04
100,0L,1200,2026,520200,NTC002,ESK1,F4,10,ZAR,13941762.6,12823499.86,13547235.17,12766389.02,13495279.95,14464555.29,12946223.84,14808783.43,13003544.97,13872101.58,13172781.27,14452905.94,12939289.3,13770325.56,13778370.3,14310746.46
100,0L,1200,2026,520200,NTC002,ESK1,F5,10,ZAR,4667614.57,4920275.65,5368441.29,5371171.57,5166886.7,5056284.23,5111804.0,5198853.2,4716602.15,5182441.16,5072627.88,5367834.5,4915274.85,5152161.92,4945885.31,5301816.37
100,0L,1200,2026,530100,NTC002,ESK1,F1,10,ZAR,6026967.84,6250532.03,6608383.75,6067632.45,6912439.34,5978337.68,6888764.49,6799323.01,6329352.38,5970973.06,6797493.69,5951578.59,6534494.24,6281872.44,6505185.84,6580737.28
100,0L,1200,2026,530100,NTC002,ESK1,F2,10,ZAR,6832580.89,6831303.05,6377206.44,6325534.96,6746925.23,6774919.22,7057454.19,6231038.64,6055439.83,6945313.74,6953938.31,6891872.03,6873937.55,6171598.15,6748039.43,6435316.54
100,0L,1200,2026,530100,NTC002,ESK1,F3,10,ZAR,5710017.27,6155669.29,6202505.18,6149814.41,6067803.4,6158770.22,6194314.71,5864942.11,6226907.26,6293216.3,6059246.12,6185535.21,5863139.23,6397476.98,6416606.44,6429453.26
100,0L,1200,2026,530100,NTC002,ESK1,F4,10,ZAR,13910471.83,13111899.68,14054365.6,12540413.27,12762022.33,12299229.01,13267171.93,12460406.56,12314390.03,12234570.42,13910892.65,13900808.92,14085533.71,12902521.09,13231422.32,12313543.68
100,0L,1200,2026,530100,NTC002,ESK1,F5,10,ZAR,18432841.69,17562064.82,18203584.84,19369207.25,19218222.86,17542418.54,17023063.7,16931094.39,18236631.32,18803891.79,17424736.46,17996480.96,17240546.14,19651456.48,18554753.59,17760102.01
100,0L,1200,2026,540100,NTC002,ESK1,F1,10,ZAR,3232053.33,3163974.69,3339869.49,3147479.6,2927340.6,3052757.67,2914350.11,3318791.5,3374251.95,3092414.65,3237783.65,3099201.6,3208034.14,3278942.75,3274275.19,3015078.12
100,0L,1200,2026,540100,NTC002,ESK1,F2,10,ZAR,11031801.72,9866297.58,10974814.18,10652811.47,10342508.57,10556579.86,11031344.12,11048854.33,10242260.67,11240205.83,10692517.49,10221891.3,10138397.1,10671564.3,9935077.42,10851421.94
100,0L,1200,2026,540100,NTC002,ESK1,F3,10,ZAR,13453151.03,14765540.92,14970673.69,14919471.67,14130887.35,14910299.98,14018317.36,13472456.06,13316090.91,13158379.37,13239826.33,14838829.42,14863876.86,13403324.69,13134662.21,13474100.72
100,0L,1200,2026,540100,NTC002,ESK1,F4,10,ZAR,6845443.31,7278748.95,7065754.55,7553219.55,7511650.86,7113372.71,7346756.54,7432914.52,6626809.48,6776594.44,6562153.83,6581367.97,7323778.61,7030619.51,7146838.57,6597638.63
100,0L,1200,2026,540100,NTC002,ESK1,F5,10,ZAR,10863771.44,10384938.52,11155450.39,11143796.22,10758024.84,10885998.41,10898055.41,10750802.84,10569216.53,10351284.34,11299766.12,9799727.22,10343918.39,9937377.74,11112974.0,11309430.7
100,0L,1200,2026,150100,NTC002,ESK1,F1,10,ZAR,3301394.9,3776550.86,3759219.88,3335515.75,3490149.95,3616270.41,3613027.93,3651697.79,3294462.92,3312463.23,3716435.36,3445356.84,3666504.71,3300417.22,3393489.21,3785266.21
100,0L,1200,2026,150100,NTC002,ESK1,F2,10,ZAR,6364104.56,7044856.56,6524960.11,7182773.07,6804695.88,6626687.12,6298949.39,7008885.35,6458940.7,6772511.47,6154580.35,7192580.93,6906481.79,6998028.41,6154640.51,6776620.6
100,0L,1200,2026,150100,NTC002,ESK1,F3,10,ZAR,15916834.63,14617487.65,14969803.68,16653525.37,15633759.47,15079488.63,16431291.89,16931604.5,16329042.62,15636211.12,16972194.74,14731858.33,15714556.59,17053911.28,15675471.68,14660460.33
100,0L,1200,2026,150100,NTC002,ESK1,F4,10,ZAR,17124976.07,18040111.96,18927175.46,16911333.11,17686360.76,17852131.94,18712415.16,18598324.57,18022073.3,18098509.29,16537180.57,18024343.89,16581556.97,19170191.74,17238850.1,17285344.09
100,0L,1200,2026,150100,NTC002,ESK1,F5,10,ZAR,14361382.15,15021804.24,15710363.41,13999375.69,15189402.16,14409711.54,13700309.27,14388682.89,15372085.64,15388913.12,13764078.57,14311287.66,15522672.57,13793089.22,14875567.24,14463902.46
100,0L,1200,2026,150200,NTC002,ESK1,F1,10,ZAR,15894639.72,14938429.38,14858025.59,15536950.13,15286668.04,15829809.77,15448846.03,16883396.86,15374012.45,16010981.53,16587742.58,15719084.81,14528765.74,15086769.34,15104955.56,14831988.38
100,0L,1200,2026,150200,NTC002,ESK1,F2,10,ZAR,10421920.66,10354451.34,10234044.11,10599686.52,9701952.81,10607885.59,10113819.88,11040297.13,9730625.59,10086477.22,10244218.76,10352390.24,10103897.62,9920429.11,9648071.36,9673329.16
100,0L,1200,2026,150200,NTC002,ESK1,F3,10,ZAR,13806508.92,13773177.6,14216075.78,13596716.85,14392119.84,15540137.59,15538027.69,15315470.85,14059046.14,14513221.89,15262983.62,14567437.42,13938277.89,13620468.23,13888214.74,14146445.32
100,0L,1200,2026,150200,NTC002,ESK1,F4,10,ZAR,10635973.6,11073315.37,11253320.28,11055891.36,10024237.84,10681460.5,11509919.37,10119823.15,10733264.22,10440295.92,11222725.79,10888596.27,11141317.04,11490230.13,10744981.94,10527738.71
100,0L,1200,2026,150200,NTC002,ESK1,F5,10,ZAR,6477748.87,6590787.72,5875141.11,6379254.93,6464232.19,6732577.55,6158749.76,5906578.91,6551345.32,6058015.52,6699486.07,6621903.7,6454000.67,6133299.84,6066763.84,6632197.83
100,0L,1200,2026,150300,NTC002,ESK1,F1,10,ZAR,3036093.89,3010697.73,3363922.39,3030299.01,3020906.34,3358695.54,2997228.83,3428809.08,3380493.63,3364836.99,2988391.31,2939176.31,3251912.35,3147102.65,3161828.93,3342583.56
100,0L,1200,2026,150300,NTC002,ESK1,F2,10,ZAR,9292817.09,9913589.73,9706937.53,10422672.31,10599329.17,10611841.08,10140634.99,9541167.72,10599271.43,9570644.74,9478668.36,9607910.32,10251254.36,10205345.96,9639200.56,10264744.43
100,0L,1200,2026,150300,NTC002,ESK1,F3,10,ZAR,15436586.88,16340908.04,15616234.68,15319512.16,15803859.27,17337658.99,15618979.64,16168057.43,16102548.63,15912355.81,15118079.52,16805606.93,15707880.72,16896780.69,16264216.44,16454248.9
100,0L,1200,2026,150300,NTC002,ESK1,F4,10,ZAR,15542142.23,15542949.4,15373143.16,16628688.25,16650437.97,16385076.34,15412920.74,17157622.54,15970458.59,16020817.98,17104217.34,17570808.3,17779954.03,15505808.75,16436527.93,16157085.34
100,0L,1200,2026,150300,NTC002,ESK1,F5,10,ZAR,6377822.26,6022760.44,6498990.77,5870239.47,5949656.68,6539446.74,6651585.34,6566792.38,5918561.06,5994832.81,6241836.81,6445506.8,6034421.03,6606637.55,6405487.86,6340056.89
100,0L,1200,2026,500100,NTC003,ESK1,F1,10,ZAR,5782428.42,5875210.35,6011192.64,7341649.54,6564720.2,6052087.51,6035440.18,5977830.18,5846543.71,6070969.84,5728617.84,5657019.44,5320162.66,5490502.69,5975252.34,5470421.02
100,0L,1200,2026,500100,NTC003,ESK1,F2,10,ZAR,17283370.81,16049872.37,15916399.89,20440555.48,20470575.31,16184458.43,16137586.29,17570643.43,16939832.0,17969634.91,17522229.2,15564352.98,15549111.09,16942939.18,17445937.22,15589375.74
100,0L,1200,2026,500100,NTC003,ESK1,F3,10,ZAR,13425063.39,13019238.01,12718987.21,15987288.16,15319557.88,12274721.52,12589663.94,12261955.22,13002159.33,12219321.71,12582897.39,13087970.72,12748069.77,13008632.12,12787659.76,13520459.26
100,0L,1200,2026,500100,NTC003,ESK1,F4,10,ZAR,18321591.19,17422750.12,19661398.75,23806229.98,21214999.93,17293871.96,19683407.64,19055437.75,19935073.06,17483753.3,18405526.86,19801386.75,17190425.02,17266629.51,19823365.06,19227225.42
100,0L,1200,2026,500100,NTC003,ESK1,F5,10,ZAR,4229457.64,4181566.4,4061167.89,5242728.18,5710841.66,4415074.34,4618548.05,4419025.24,4696359.66,4438081.99,4507126.87,4616162.28,4617144.55,4320868.86,4585693.37,4042062.11
100,0L,1200,2026,500200,NTC003,ESK1,F1,10,ZAR,9134664.23,8899289.82,9189474.0,10345202.61,10165453.66,9030561.2,8113170.68,8156582.7,8872624.84,8108381.93,8171561.76,8992033.54,8101577.12,8190694.1,9010344.73,8375129.67
100,0L,1200,2026,500200,NTC003,ESK1,F2,10,ZAR,3333176.78,3188567.24,3307027.61,3767695.01,3662532.53,3344742.61,3030053.32,3141978.79,3312372.97,3169486.28,3051775.25,3326954.51,3215147.92,3389911.27,3028163.3,3236013.37
100,0L,1200,2026,500200,NTC003,ESK1,F3,10,ZAR,2650429.54,2849983.17,2819418.05,3654193.55,3328148.45,2823412.08,2903332.2,3014040.83,2753957.73,2845954.19,2815369.26,2609071.98,2727783.6,2845987.56,2961674.52,2664411.44
100,0L,1200,2026,500200,NTC003,ESK1,F4,10,ZAR,9173200.92,9706788.92,9058120.92,10943333.59,11971380.01,8995656.63,9670863.47,9861690.8,9537301.27,8895993.52,9652728.38,8868093.75,8773649.13,9988732.59,9364499.79,8729633.24
100,0L,1200,2026,500200,NTC003,ESK1,F5,10,ZAR,17134038.6,18150763.9,17254408.38,20842533.6,20491434.72,18706386.32,17374304.76,18141650.67,17361195.3,18166711.4,17112555.26,18242690.11,17295307.95,16756850.05,16905387.61,18684315.19
100,0L,1200,2026,500300,NTC003,ESK1,F1,10,ZAR,5527000.38,4962682.33,5252277.71,6205819.92,5988692.28,4879186.84,5560924.45,4960642.48,5424250.05,5068299.98,5235111.56,5088928.91,5122378.55,4976820.68,5100934.82,4855968.48
100,0L,1200,2026,500300,NTC003,ESK1,F2,10,ZAR,5660639.72,5479445.02,5103820.0,6179942.12,6163091.73,5264660.15,5064882.22,5229856.38,5509892.16,4829427.32,5436932.27,5486276.45,4874387.21,5571998.99,5603540.66,5327824.58
100,0L,1200,2026,500300,NTC003,ESK1,F3,10,ZAR,12101263.97,11594980.35,11715321.71,14972817.46,13823946.11,11913245.4,11331915.87,11556599.13,12502910.6,10768635.24,12367648.25,11705273.98,12047725.3,12252184.23,10731329.04,12242248.65
100,0L,1200,2026,500300,NTC003,ESK1,F4,10,ZAR,12944905.04,14012556.79,14050906.38,16348967.41,17405496.34,14965651.31,14513733.75,14306819.33,14567167.46,12963494.11,14992328.81,13212808.48,14943935.87,12939356.33,14108812.35,13561262.6
100,0L,1200,2026,500300,NTC003,ESK1,F5,10,ZAR,8247996.86,8619492.04,7857610.49,10886008.28,9534832.93,8051345.55,7922902.05,9008897.96,8577780.82,8156759.06,8575042.77,8049159.49,8421883.73,9055268.54,8812563.7,8212360.56
100,0L,1200,2026,510100,NTC003,ESK1,F1,10,ZAR,9026277.51,8952656.93,8784815.58,8229517.52,8179857.96,8250576.91,8117399.03,8808017.43,8361140.37,8530433.22,8113448.1,8988578.15,8302295.16,8927606.79,9161745.17,8987958.02
100,0L,1200,2026,510100,NTC003,ESK1,F2,10,ZAR,4385188.61,4323533.15,4324752.69,4085695.54,4195949.32,4595905.8,4329393.37,4646720.61,4283487.87,4591332.39,4133935.03,4356968.19,4221896.3,4336810.04,4530736.42,4288177.76
100,0L,1200,2026,510100,NTC003,ESK1,F3,10,ZAR,4436279.84,4695650.4,4329270.47,4084222.14,4382102.17,4308253.51,4520820.99,4342359.14,4423239.24,4420538.69,4128110.43,4109714.44,4653450.57,4313715.89,4728948.19,4045992.63
100,0L,1200,2026,510100,NTC003,ESK1,F4,10,ZAR,12543972.68,11941398.85,11161899.6,12527589.95,11681642.37,12047267.53,11129275.5,12362473.03,11507195.76,11259679.19,10875930.07,11289521.65,12468660.9,12111667.35,11563899.36,11551903.93
100,0L,1200,2026,510100,NTC003,ESK1,F5,10,ZAR,5432056.8,5440239.81,5111958.63,5225481.18,4904237.18,5729450.19,5282855.12,5716776.57,5254697.66,5099968.18,5564955.81,5297787.86,5489975.48,5048719.67,5104660.13,5271011.23
100,0L,1200,2026,520100,NTC003,ESK1,F1,10,ZAR,14261747.72,13143974.21,13036316.65,14896808.4,13200228.44,14964626.29,14913166.86,13884711.6,13759047.31,14327864.43,14369396.16,13238076.21,14002810.72,13546935.97,13771322.44,14299336.27
100,0L,1200,2026,520100,NTC003,ESK1,F2,10,ZAR,10158203.15,9312923.93,9130987.49,9421207.01,10116233.82,8868175.29,9326069.66,9609689.36,9712625.78,9483997.34,9720022.22,9310305.65,9506241.18,9991223.8,10343100.3,10385339.12
100,0L,1200,2026,520100,NTC003,ESK1,F3,10,ZAR,2579218.72,2592086.19,2713049.96,2397807.63,2664672.74,2750165.3,2463943.11,2538360.52,2628939.87,2437686.76,2624534.58,2528524.87,2583394.44,2478055.33,2401819.99,2634252.04
100,0L,1200,2026,520100,NTC003,ESK1,F4,10,ZAR,17433735.32,17259351.17,17697063.55,18258353.01,16624175.63,17237522.64,18576318.66,17443807.58,18489490.3,17870839.34,17773571.5,18327232.7,15916286.83,18166545.58,18179054.18,17370132.77
100,0L,1200,2026,520100,NTC003,ESK1,F5,10,ZAR,6786472.93,6542286.41,6871662.6,7068934.36,6980552.54,6902719.32,7175500.7,7234278.27,7419061.56,7026479.64,6450864.98,6784474.37,7115159.64,6926342.45,6797850.78,6970682.42
100,0L,1200,2026,520200,NTC003,ESK1,F1,10,ZAR,12736972.95,14564384.72,14660254.01,13139449.13,14031044.38,14202782.91,14039764.64,13205733.44,13706308.58,14149680.04,12843804.26,12981459.09,13336967.98,14545521.1,13884159.03,13327364.88
100,0L,1200,2026,520200,NTC003,ESK1,F2,10,ZAR,7743741.65,8207209.59,7416609.51,7768694.9,7247759.01,7195554.82,8160286.41,7242377.76,7357690.76,7894660.34,7777801.63,8162357.9,8090320.39,7436188.32,7348809.69,7086201.88
100,0L,1200,2026,520200,NTC003,ESK1,F3,10,ZAR,13045858.91,14459802.28,12762471.01,12895014.63,13651627.17,13257520.24,12792248.71,13423524.98,13947174.7,14128106.66,12840980.41,12977996.64,12763662.65,13614527.0,14479275.01,13589307.0
100,0L,1200,2026,520200,NTC003,ESK1,F4,10,ZAR,10281097.77,10457598.65,11286649.68,11282730.25,10529412.77,11705361.61,11657593.37,10669607.79,10909881.69,11570289.91,11615882.54,11589346.02,10252120.84,11731015.49,11680147.39,10429552.01
100,0L,1200,2026,520200,NTC003,ESK1,F5,10,ZAR,5708728.39,6261233.57,5713367.59,5483941.69,6130228.68,5485043.29,5971667.02,5643604.88,6276282.12,6091556.57,5928698.12,5894683.67,5507482.11,5613169.05,6176217.0,5867682.69
100,0L,1200,2026,530100,NTC003,ESK1,F1,10,ZAR,4590108.78,4432848.07,4610271.43,4814573.74,4715306.9,4561822.1,5115355.13,5030608.0,4519058.61,4703997.92,4561865.09,4450332.52,5053122.95,5061500.33,4416650.45,5060327.27
100,0L,1200,2026,530100,NTC003,ESK1,F2,10,ZAR,15671829.58,17900173.22,15820466.2,16104492.02,17113963.52,16237425.04,16522368.69,16150691.29,16359957.73,16750249.73,15864434.04,15437286.42,15655344.63,17141229.3,17367331.21,15599339.28
100,0L,1200,2026,530100,NTC003,ESK1,F3,10,ZAR,11169437.05,11808906.54,11803508.69,12406362.47,11645263.65,11095866.32,12553931.97,10898124.35,12330548.46,12097054.61,11619451.55,11790051.01,12747850.85,11947030.66,10997787.54,10883383.58
100,0L,1200,2026,530100,NTC003,ESK1,F4,10,ZAR,16615258.08,14690727.73,16080581.87,16077603.45,16136834.68,16694528.77,16177060.35,15397564.32,15221156.29,16980289.36,16160243.5,15906037.11,17032015.03,16959224.7,15509355.51,15562566.42
100,0L,1200,2026,530100,NTC003,ESK1,F5,10,ZAR,9634585.48,9962403.17,9276640.21,10089359.54,10352873.58,9627904.16,9345053.91,10435598.45,10164279.56,9736705.18,10527770.24,10122335.74,10557369.56,10572668.17,10158217.31,9913712.83
100,0L,1200,2026,540100,NTC003,ESK1,F1,10,ZAR,16076444.15,15818947.95,17011359.51,16024673.45,16038210.18,15588528.22,16065615.4,15754269.39,16596741.85,17170482.86,16605676.89,14917362.51,17125926.45,16581740.85,16864235.53,15177834.8
100,0L,1200,2026,540100,NTC003,ESK1,F2,10,ZAR,7627942.8,7200822.55,7650424.3,8036962.14,7513415.17,7249442.9,7722753.2,7141930.9,7929443.48,8090310.28,8060521.37,8149011.27,7732507.04,7462076.8,7837391.21,8172773.4
100,0L,1200,2026,540100,NTC003,ESK1,F3,10,ZAR,14032952.75,14898069.93,13824641.63,14345775.03,12906924.94,13758408.51,14806587.41,14568056.25,13713736.65,13774515.43,12999980.36,14463795.84,15054574.72,15017438.79,13569509.5,14871534.49
100,0L,1200,2026,540100,NTC003,ESK1,F4,10,ZAR,8680559.87,8415038.03,9512347.93,9159125.47,8942776.12,8637933.17,8390704.42,9325530.16,9093141.29,8185601.04,8405726.08,9301825.91,9390255.27,9049964.06,9360007.43,9453412.92
100,0L,1200,2026,540100,NTC003,ESK1,F5,10,ZAR,11319346.61,10301749.56,10355959.24,11015266.46,11575476.91,11165283.82,10496091.69,11831275.34,11088930.0,10801750.1,10334941.74,11457821.28,11019393.37,11653684.76,11490569.76,10847419.07
100,0L,1200,2026,150100,NTC003,ESK1,F1,10,ZAR,11546677.6,11065678.96,10550733.51,10282644.45,11082955.58,10555790.94,11656378.61,11049747.04,11784541.21,10962647.55,11888590.35,10525343.7,10351487.58,11173324.26,11445186.97,11593851.77
100,0L,1200,2026,150100,NTC003,ESK1,F2,10,ZAR,4121283.89,4314154.56,3855893.61,3802713.16,3763878.02,4360755.08,4062344.7,3943093.69,3760058.93,4225139.51,4312591.11,4282313.08,4343935.15,4168601.78,4132760.81,4149873.52
100,0L,1200,2026,150100,NTC003,ESK1,F3,10,ZAR,13595047.7,13908184.73,13425376.32,12555659.49,12721564.34,13562582.87,13044028.01,12925875.15,14636239.47,12749584.94,12923619.86,14454226.88,14527715.35,12563505.85,13730475.45,13624268.18
100,0L,1200,2026,150100,NTC003,ESK1,F4,10,ZAR,7832428.6,8671884.97,8680369.18,8557380.7,8005871.04,8444591.98,8022429.09,7900182.15,9086411.01,8007759.24,8343360.66,8970519.1,8076917.96,8600850.31,8195215.77,7921553.7
100,0L,1200,2026,150100,NTC003,ESK1,F5,10,ZAR,9393765.8,9561221.15,10245161.36,9872691.97,10056121.19,9976504.34,9901009.24,9061389.34,9218577.57,9085684.88,9432297.17,10515317.53,9892461.74,10288231.19,9210330.11,10607450.93
100,0L,1200,2026,150200,NTC003,ESK1,F1,10,ZAR,7809147.24,7429452.45,6893209.62,7272334.67,7716800.58,7961438.27,7723154.81,6989567.24,7179956.83,7510689.25,7908032.69,7007799.69,7660213.39,8070112.16,7146517.72,7039387.61
100,0L,1200,2026,150200,NTC003,ESK1,F2,10,ZAR,2307634.89,2180233.36,2489107.67,2428750.09,2337312.01,2418273.22,2307487.6,2332348.62,2361617.28,2207354.21,2478304.25,2206029.46,2344671.26,2170429.97,2408587.12,2171477.75
100,0L,1200,2026,150200,NTC003,ESK1,F3,10,ZAR,6430373.14,5852909.48,5595345.07,5606747.6,6339664.87,5843888.56,6465037.05,6482410.4,6093686.07,6123726.03,5922991.44,5700230.25,5833385.68,5559510.56,6259577.7,6494615.48
100,0L,1200,2026,150200,NTC003,ESK1,F4,10,ZAR,15452846.21,14879507.34,15877078.54,14229623.76,15609502.15,14177735.69,14124830.73,14421724.21,13710413.2,13782280.47,15527959.22,14225219.23,16027150.45,13935919.97,14412203.93,15152259.12
100,0L,1200,2026,150200,NTC003,ESK1,F5,10,ZAR,12148582.16,12016678.65,13386612.48,12766754.64,13472017.59,12751187.56,13395208.18,12109504.42,12522818.48,12405182.06,12848205.56,12186823.87,12993138.6,13374212.09,13412817.7,12029869.34
100,0L,1200,2026,150300,NTC003,ESK1,F1,10,ZAR,12316101.57,12950476.19,12267404.2,12569656.83,12948746.36,12921619.95,13028969.46,12490632.99,11816495.56,12516621.68,12775620.56,12601158.5,11855570.88,12870767.93,11576074.34,12431626.97
100,0L,1200,2026,150300,NTC003,ESK1,F2,10,ZAR,13539529.78,12448693.17,13965155.78,13161661.97,14042476.36,13428078.95,13095063.09,13472093.96,12570743.89,12918676.96,14293430.63,14107405.96,13207978.96,13296959.31,13202508.31,12973979.28
100,0L,1200,2026,150300,NTC003,ESK1,F3,10,ZAR,12004139.91,12247021.52,12338448.34,13460141.94,12256682.19,11720812.37,12710724.24,12744172.8,12618280.68,13172546.55,12965368.56,13685358.9,12094544.96,12822060.91,12789955.76,12105647.5
100,0L,1200,2026,150300,NTC003,ESK1,F4,10,ZAR,16201172.29,15813256.49,15080508.27,14458481.07,15309301.04,15324126.6,15012934.84,16284115.05,14301613.84,15937252.45,15522972.96,15890031.76,15280618.45,15268942.62,15312575.45,14089720.82
100,0L,1200,2026,150300,NTC003,ESK1,F5,10,ZAR,18727903.5,18874447.53,19906147.01,20008440.15,20189805.66,17393186.67,17777790.75,18425925.54,19165936.52,19866872.54,19227854.06,19323553.83,18347393.16,17782887.38,20200954.47,19062394.32
100,0L,1200,2026,500100,NTC004,ESK1,F1,10,ZAR,12995271.3,13170191.67,12278530.79,14314676.59,14791924.98,12835620.38,11957263.82,13268204.89,11664024.12,12149080.74,11924513.7,12632118.53,13207334.23,11782425.07,11574256.53,12237978.07
100,0L,1200,2026,500100,NTC004,ESK1,F2,10,ZAR,4328834.91,3962067.51,4313613.19,5049880.01,5053539.78,3958653.96,4351190.51,3994530.16,4304875.91,4028548.16,4250252.12,4372838.68,4051276.9,4010860.35,4502036.46,3983079.08
100,0L,1200,2026,500100,NTC004,ESK1,F3,10,ZAR,10712256.18,10302250.37,10124418.0,12463015.67,11870056.51,10700377.19,9744379.44,10227236.7,9662653.38,10978508.38,9934956.69,9694516.81,10878542.3,10049716.06,10119040.05,11148136.62
100,0L,1200,2026,500100,NTC004,ESK1,F4,10,ZAR,14996986.01,17399015.53,15327153.94,18886268.94,19410629.55,15308786.61,16084085.63,14949607.52,14964600.11,17014723.79,16212658.6,15047860.85,17191565.46,16652511.36,17333404.65,16507373.74
100,0L,1200,2026,500100,NTC004,ESK1,F5,10,ZAR,3098150.67,2723951.23,2895605.53,3830663.51,3315820.79,2826569.58,3161513.67,3163193.03,2833338.47,2927414.46,2913505.3,2859363.82,3056533.63,3003961.03,3166432.74,3157232.99
100,0L,1200,2026,500200,NTC004,ESK1,F1,10,ZAR,4499026.72,4220205.5,4344164.34,5674097.23,5864629.5,4568822.71,4694585.51,4932125.3,4637201.04,4943186.59,4398333.36,4226829.34,4548767.52,4409107.21,4906856.25,4392503.59
100,0L,1200,2026,500200,NTC004,ESK1,F2,10,ZAR,4343517.33,3868717.9,4010281.49,4934093.96,5131024.22,4231083.39,3828664.17,3890234.19,3954697.35,4337810.28,3939337.79,3950556.51,4307995.35,4135340.73,4064441.83,3829087.45
100,0L,1200,2026,500200,NTC004,ESK1,F3,10,ZAR,14524460.95,14952210.48,16534917.42,17794776.65,19283032.48,14701872.14,14626218.12,16748860.84,16268351.82,16193536.74,16462568.09,16906526.37,15187412.52,16294205.41,16373416.86,15562595.01
100,0L,1200,2026,500200,NTC004,ESK1,F4,10,ZAR,11535530.02,11845044.67,12881431.65,16024984.47,14906872.67,12640044.11,12620007.52,11559914.06,12745288.34,13134417.49,12846173.68,12615085.06,12048069.55,12701816.99,12630436.54,11481240.73
100,0L,1200,2026,500200,NTC004,ESK1,F5,10,ZAR,16113392.95,18051920.18,16907682.96,21694992.68,21569848.18,17330888.49,16605453.28,17305086.42,17806691.26,15745880.28,16093321.86,17102903.83,16726435.97,16201866.71,15995500.8,16806114.56
100,0L,1200,2026,500300,NTC004,ESK1,F1,10,ZAR,3803165.75,4190660.84,4311187.18,5278105.08,5423838.61,3803483.79,3858742.99,3809420.81,3834823.94,4425459.87,4430887.96,4000466.19,4088669.2,3907183.91,4266254.08,4042329.86
100,0L,1200,2026,500300,NTC004,ESK1,F2,10,ZAR,5472261.34,5239602.8,5653277.0,6868912.76,6139670.55,5545193.97,5329253.24,5703830.53,5440854.69,5695258.41,5233699.68,5516721.77,5590067.85,5446300.65,5473604.63,5253791.49
100,0L,1200,2026,500300,NTC004,ESK1,F3,10,ZAR,12701030.99,13899470.63,13356197.39,16963645.26,15472082.33,13154334.83,14236236.21,13176885.19,12982884.86,14220153.42,13938080.59,13768544.67,13502526.85,13815420.57,13874502.14,13677185.2
100,0L,1200,2026,500300,NTC004,ESK1,F4,10,ZAR,8809922.86,8795854.13,9010174.43,10778738.93,12124417.62,8967440.37,9988392.01,9183747.15,9345255.36,9447834.06,8956479.0,9994379.62,9724952.76,9087831.68,9626482.41,9071273.85
100,0L,1200,2026,500300,NTC004,ESK1,F5,10,ZAR,15706919.35,17045760.49,16346912.49,21498461.11,20131501.29,15272455.93,15989499.9,15377771.39,16590600.38,16175326.22,17698268.79,17592811.35,16378512.33,17100304.27,17172676.34,15515343.18
100,0L,1200,2026,510100,NTC004,ESK1,F1,10,ZAR,10983616.42,11085328.44,12089855.97,12405683.27,12148429.61,12157573.2,11369803.24,12446960.14,11666573.42,11036107.77,12186869.63,11171105.33,12473721.7,11179284.26,12216694.31,11487517.05
100,0L,1200,2026,510100,NTC004,ESK1,F2,10,ZAR,10034376.09,11646626.34,10028602.84,10317319.45,10881664.14,10171197.0,10082972.73,11119260.77,10040780.34,11365530.51,10048125.89,11239371.68,10459056.99,11065936.38,11226817.21,10075358.37
100,0L,1200,2026,510100,NTC004,ESK1,F3,10,ZAR,5316396.79,6062845.66,5405776.51,6041752.62,5972798.28,5469300.35,5634662.54,5313656.72,5324799.3,5287486.46,5462871.4,5667222.51,5578462.37,5422347.88,5615620.61,5299095.69
100,0L,1200,2026,510100,NTC004,ESK1,F4,10,ZAR,12552274.07,12156498.22,11839493.28,12803847.83,12774982.51,13479833.78,12576346.55,13120923.64,12363853.15,13017121.8,13428036.78,12547526.89,12912514.36,12000410.42,13623605.92,13199678.56
100,0L,1200,2026,510100,NTC004,ESK1,F5,10,ZAR,18460313.13,17741562.7,16926884.95,18841949.91,17624590.86,18210390.74,17228213.84,17464217.92,19407071.67,18540646.46,17955486.94,18691208.7,16677368.69,17838479.85,16610001.08,19352043.33
100,0L,1200,2026,520100,NTC004,ESK1,F1,10,ZAR,12499723.54,14002613.55,13932381.56,13866768.99,13804958.67,14113533.11,12792490.99,13730015.38,12981027.95,14063772.78,12569914.9,14164720.26,12708018.35,12819444.12,12609714.88,13802905.65
100,0L,1200,2026,520100,NTC004,ESK1,F2,10,ZAR,4896928.42,5032905.29,4673860.28,4584644.25,4586486.86,4708474.64,4866352.96,4898321.02,4563772.84,4849887.17,4942864.55,4888105.58,4980041.68,5049779.47,4842982.65,4595350.13
100,0L,1200,2026,520100,NTC004,ESK1,F3,10,ZAR,2055020.21,2050664.36,2075395.51,2056520.78,1999152.79,2093996.8,2124561.69,2244527.96,2226255.03,2049725.12,2042001.36,2215414.34,2134116.66,1947671.58,2038267.61,2030343.83
100,0L,1200,2026,520100,NTC004,ESK1,F4,10,ZAR,11379928.92,12619019.73,11323875.68,12464138.1,11533823.5,10978604.85,11626141.07,12244971.63,11460782.91,11760615.37,11408973.83,10920439.59,11590054.62,11182976.43,10980654.01,11918453.96
100,0L,1200,2026,520100,NTC004,ESK1,F5,10,ZAR,7084889.4,7304340.15,6943031.9,7284048.11,7450471.71,7165458.79,6806413.73,7488187.89,7126936.61,7795767.48,7671232.46,7673516.58,7492309.48,7492273.27,7367839.22,7780134.12
100,0L,1200,2026,520200,NTC004,ESK1,F1,10,ZAR,16209381.75,14205416.75,16403770.53,14299644.88,15902672.82,14520826.33,14948032.5,14139503.28,16205612.9,16207036.98,14970342.68,14440605.54,16350850.07,16229031.83,15709955.78,14021393.13
100,0L,1200,2026,520200,NTC004,ESK1,F2,10,ZAR,4078731.73,4558177.46,4103931.65,4422838.03,4439241.04,3984984.65,4218760.31,4233376.91,4357235.27,4590713.75,4100589.81,4635399.32,4510123.76,4564741.31,4464857.43,4364052.16
100,0L,1200,2026,520200,NTC004,ESK1,F3,10,ZAR,10323953.44,10805537.01,10014196.36,10491010.16,9965504.67,10551420.84,9659717.88,9560748.27,9938829.03,10697292.56,10738392.85,10302936.52,9443557.29,9737449.83,10068176.09,10363693.51
100,0L,1200,2026,520200,NTC004,ESK1,F4,10,ZAR,2468144.61,2348399.9,2227828.3,2255293.86,2227311.9,2283705.18,2221733.35,2249526.6,2545676.25,2233710.46,2494072.12,2329448.18,2267331.55,2265532.89,2400501.67,2242972.76
100,0L,1200,2026,520200,NTC004,ESK1,F5,10,ZAR,4637770.18,4169942.34,4127955.61,4252387.78,4200008.6,4093142.51,4388432.73,4048612.26,4436774.95,4082562.99,4204767.69,4329524.14,4698441.43,4639671.06,4083356.27,4527687.82
100,0L,1200,2026,530100,NTC004,ESK1,F1,10,ZAR,15261202.98,15408303.49,14999465.44,16848665.32,17021364.6,16455423.9,15903106.48,17295737.34,17172865.19,14990967.0,17203974.63,16071130.28,16417196.99,15046916.79,14798006.73,16042477.35
100,0L,1200,2026,530100,NTC004,ESK1,F2,10,ZAR,6612787.18,6085244.94,5763265.31,6460440.16,5822396.37,6258465.22,6273314.64,5869284.37,6027156.93,6478159.02,6472316.82,6477122.28,6195135.31,6452100.92,6018698.86,5890037.54
100,0L,1200,2026,530100,NTC004,ESK1,F3,10,ZAR,18030536.71,16046519.2,18168901.81,17492784.47,15570768.29,16428113.97,17698925.15,17101191.19,15905274.36,15662571.52,15631975.06,17390315.14,16686920.67,17836455.38,16076881.7,17022325.59
100,0L,1200,2026,530100,NTC004,ESK1,F4,10,ZAR,3773811.75,3628181.32,3787900.55,3416071.55,3340101.88,3667343.56,3347848.99,3794192.65,3542768.27,3729655.36,3739632.46,3431795.03,3495897.54,3759958.43,3706697.67,3484408.13
100,0L,1200,2026,530100,NTC004,ESK1,F5,10,ZAR,8158710.7,8660927.91,8314873.24,9098461.12,8869997.21,9221029.68,8165096.69,8994310.9,8590799.93,8076449.4,9043250.27,8377024.69,8447942.67,8549259.15,8512165.48,8222812.44
100,0L,1200,2026,540100,NTC004,ESK1,F1,10,ZAR,14957597.5,14198022.9,14062533.04,14884383.89,13484547.76,14076517.67,14568448.77,15080650.98,13254106.23,14605522.46,13984159.75,14364798.62,13731583.66,14095726.31,15167496.11,14676931.53
100,0L,1200,2026,540100,NTC004,ESK1,F2,10,ZAR,13533438.65,14658951.34,14524493.65,14790504.19,15124325.53,13372900.26,14209588.08,14216808.26,13538186.71,14646813.25,15231749.61,14073220.73,13452771.47,15297142.94,13718401.0,15410327.27
100,0L,1200,2026,540100,NTC004,ESK1,F3,10,ZAR,15255493.04,16056299.21,15672805.99,14373021.22,15851994.95,15348935.96,15922383.72,15775018.23,14711687.49,13878846.87,14538282.38,15178511.46,14816153.54,16093462.72,14141541.52,15183729.76
100,0L,1200,2026,540100,NTC004,ESK1,F4,10,ZAR,9025273.79,9469421.96,9007322.15,8701919.65,9266469.32,9390061.86,8346775.75,8833194.52,9344463.23,9137319.12,8834803.94,8367972.38,9261170.77,9093195.28,9438201.33,9448529.56
100,0L,1200,2026,540100,NTC004,ESK1,F5,10,ZAR,9788981.12,11232817.18,11018725.46,10571171.32,10005321.0,10853437.58,10950956.72,11434583.99,11434475.76,10596956.76,9864014.27,11048430.96,10493618.45,10639673.79,10280709.23,10085371.38
100,0L,1200,2026,150100,NTC004,ESK1,F1,10,ZAR,16846993.34,15032663.4,16322217.11,15338520.33,14853591.46,14974120.69,15628817.8,14803893.49,16219064.74,15674381.02,15292743.3,16056255.59,15401232.2,15116624.69,15601541.63,15332226.04
100,0L,1200,2026,150100,NTC004,ESK1,F2,10,ZAR,7470576.97,7903881.59,7761654.44,8148779.66,7635513.02,7291339.83,7786869.12,7630387.53,7977014.62,8037987.4,7631362.35,7442180.86,7757138.45,7895803.6,7522114.97,7793128.62
100,0L,1200,2026,150100,NTC004,ESK1,F3,10,ZAR,12409888.42,11846429.57,11437298.14,11663662.93,12926510.08,12675613.04,11506490.0,12452587.58,11975879.3,11538509.99,12141658.29,13058261.7,12033563.88,11674476.59,12833537.48,12687861.6
100,0L,1200,2026,150100,NTC004,ESK1,F4,10,ZAR,2807285.93,3004293.49,2802973.03,2895477.23,2750024.31,2886713.89,2836937.92,2811572.43,2955487.29,2795958.97,2836116.57,2837983.93,2643094.0,2878432.53,2967947.05,2801735.97
100,0L,1200,2026,150100,NTC004,ESK1,F5,10,ZAR,2420861.96,2464925.04,2605677.74,2590481.19,2295517.72,2301692.69,2313188.69,2381413.51,2453293.45,2483877.7,2479595.62,2373590.55,2262914.99,2541544.82,2363209.87,2481834.45
100,0L,1200,2026,150200,NTC004,ESK1,F1,10,ZAR,3551078.67,3305314.46,3184346.43,3498759.06,3638617.62,3440070.26,3212648.91,3721089.58,3620525.87,3410778.92,3222939.32,3446802.01,3305997.58,3519236.0,3528459.35,3266925.47
100,0L,1200,2026,150200,NTC004,ESK1,F2,10,ZAR,5110690.83,5129661.8,5443019.35,5208452.34,5019620.58,4987518.53,5242064.35,5121898.59,4813334.47,5617420.71,4912882.76,4886193.12,4938467.35,5179848.8,5184738.43,5565147.86
100,0L,1200,2026,150200,NTC004,ESK1,F3,10,ZAR,3581965.28,3624935.07,3416053.54,3366431.04,3599520.96,3702826.19,3486963.85,3376238.18,3296707.53,3783418.86,3757375.58,3389708.6,3546833.28,3402842.32,3658332.63,3492629.01
100,0L,1200,2026,150200,NTC004,ESK1,F4,10,ZAR,9654862.82,10114042.71,10223343.27,9332047.47,9150466.54,9676028.34,9732942.34,9479698.89,9836284.79,9809590.39,9610940.31,10037084.87,9418013.29,10089447.49,9500993.35,9177592.04
100,0L,1200,2026,150200,NTC004,ESK1,F5,10,ZAR,17520810.22,17496018.98,18386402.85,18890617.15,19596410.86,18446896.81,18496183.59,18882121.0,18603405.65,18633169.82,18831483.08,17010369.62,16795018.02,18053318.53,18148770.92,18785816.35
100,0L,1200,2026,150300,NTC004,ESK1,F1,10,ZAR,10659776.32,11105909.44,10714917.42,10528267.64,10842256.87,10871176.28,10929621.11,10517860.22,10683145.64,10786286.09,10394761.59,10294025.73,9732708.45,10314322.91,9778990.88,10078615.26
100,0L,1200,2026,150300,NTC004,ESK1,F2,10,ZAR,11341758.34,10556936.85,11187355.81,11310252.9,11198832.6,10570618.11,11244400.41,10093955.5,10234796.38,11092041.63,10037942.17,10193392.13,10912748.34,10219534.5,10715283.21,11515843.69
100,0L,1200,2026,150300,NTC004,ESK1,F3,10,ZAR,12540242.88,12802930.55,12841361.46,13042370.21,12555439.74,12918737.03,12804801.8,12948194.89,13064527.7,13496305.0,14150235.22,14425962.07,13665635.9,14505464.62,13453088.65,12971015.99
100,0L,1200,2026,150300,NTC004,ESK1,F4,10,ZAR,11938016.28,13224111.21,13588679.19,13372127.37,12274705.41,12576704.87,13048872.04,13188073.11,13704024.48,13526911.59,13681823.04,13029363.79,12543852.41,12862632.23,13889315.81,12861352.47
100,0L,1200,2026,150300,NTC004,ESK1,F5,10,ZAR,7548639.52,7942037.53,7985033.24,7045611.23,7424555.54,7923994.5,7530320.49,7117025.47,7939367.1,7060663.86,7851561.26,7947728.95,7698684.51,8101696.31,8146461.08,7107061.86
100,0L,1300,2026,500100,DX001,ESK1,F1,10,ZAR,14556972.9,14665022.61,15033948.12,17937535.29,20078621.69,16741969.36,14917684.02,14925789.83,15028410.13,16819701.88,14530612.03,15540820.2,16455103.52,16961419.4,16777898.63,15802323.77
100,0L,1300,2026,500100,DX001,ESK1,F2,10,ZAR,15580495.22,16954170.99,15727921.82,22307891.41,21895472.25,16987147.4,16836403.13,15982692.68,18002589.85,17160822.09,17318106.91,17357960.54,17482529.39,17017199.56,15922017.75,16933073.79
100,0L,1300,2026,500100,DX001,ESK1,F3,10,ZAR,15791815.98,15874244.6,14703510.45,20655414.06,18699342.45,16159558.12,16002324.67,14851743.65,14458178.7,16466475.63,16886996.84,15030720.75,14559680.51,16929278.03,15075905.74,16769985.71
100,0L,1300,2026,500100,DX001,ESK1,F4,10,ZAR,10791572.31,11773813.73,10991266.62,13821559.71,14107876.65,12604233.3,12022228.33,12313071.93,12295684.39,11633765.9,12148628.95,11349406.52,11985192.46,11690518.11,12613558.81,11740480.49
100,0L,1300,2026,500100,DX001,ESK1,F5,10,ZAR,6899003.38,6517127.33,6939936.19,8303074.02,7655804.55,6697652.03,5967170.3,6661739.1,6415245.64,6870671.54,6845644.03,6932161.49,6048772.41,6311393.19,6061861.37,6131667.33
100,0L,1300,2026,500200,DX001,ESK1,F1,10,ZAR,11062053.42,11340198.79,10828079.01,13761488.14,13296003.0,11622205.32,10423143.17,11613459.97,10143412.34,10332417.75,10831206.13,10256601.83,10525687.65,10281687.67,10115651.92,10064975.7
100,0L,1300,2026,500200,DX001,ESK1,F2,10,ZAR,4240151.61,4655963.16,4324843.88,5149515.35,5319883.67,4569666.13,4127240.34,4717188.39,4208592.6,4397482.35,4583412.29,4189415.28,4486217.91,4523146.98,4496205.56,4080351.59
100,0L,1300,2026,500200,DX001,ESK1,F3,10,ZAR,11879928.46,12234583.98,11686058.22,14098466.99,13774975.86,11706439.38,11758868.29,12364295.97,12576638.85,10868683.56,11886491.95,12348512.3,11388882.8,11764027.41,11333596.46,11504418.26
100,0L,1300,2026,500200,DX001,ESK1,F4,10,ZAR,16488240.35,18081942.68,17216979.63,19496426.9,22782278.42,16360753.88,17365420.94,16431523.37,18156484.89,16336986.47,18038147.34,17090966.55,16431895.3,18287326.13,16298803.55,18267611.85
100,0L,1300,2026,500200,DX001,ESK1,F5,10,ZAR,12921869.78,12904284.98,11842681.74,15544476.2,15347056.51,11767889.26,11254216.9,11695502.56,11224972.33,12107646.01,11286572.29,12320181.43,11440318.06,12272363.89,12846932.36,12327304.5
100,0L,1300,2026,500300,DX001,ESK1,F1,10,ZAR,12971355.65,12948791.49,13448392.22,17807763.25,17881946.0,13022752.39,14282690.26,13339255.81,14785906.92,14999557.63,13397993.27,12938664.9,13327668.46,14762223.83,14697261.45,13239810.76
100,0L,1300,2026,500300,DX001,ESK1,F2,10,ZAR,12037923.29,13172591.32,13110500.53,16336369.99,14592992.85,12532860.67,13739946.09,13240213.91,13582805.63,12997899.4,12578674.79,12576418.22,13149327.52,13494484.59,13607606.2,13456723.41
100,0L,1300,2026,500300,DX001,ESK1,F3,10,ZAR,5202719.99,5132202.34,4689510.64,5707434.06,6418249.05,5014304.08,5234950.29,4892336.48,4599742.62,5105526.38,4863455.92,4807042.09,4688780.69,4584733.29,5196155.36,5222955.02
100,0L,1300,2026,500300,DX001,ESK1,F4,10,ZAR,3540970.64,3904712.49,3819799.19,4432924.19,4688127.78,3897998.89,4040355.2,3546989.12,3583113.78,3716409.93,3940187.4,3726217.4,3973850.85,3651280.05,4015729.57,4074672.36
100,0L,1300,2026,500300,DX001,ESK1,F5,10,ZAR,3094945.73,3010592.11,2842919.66,3364012.61,3525515.22,2772999.32,3023219.92,2820236.99,3040233.35,2761401.82,2721073.9,3079783.53,3003966.17,2704654.59,2720228.59,2832216.54
100,0L,1300,2026,510100,DX001,ESK1,F1,10,ZAR,16527626.09,16493374.86,15168467.0,15400112.64,16248711.61,15739556.32,15069121.18,15380718.43,16402034.52,15154133.65,17064006.22,16028288.13,15326213.76,15229358.62,17214543.65,16579012.32
100,0L,1300,2026,510100,DX001,ESK1,F2,10,ZAR,16192411.19,14373655.44,16309458.55,15394433.18,15374160.62,14175623.83,15083598.89,14780349.99,15347949.11,14122309.55,15274641.27,16145140.91,15798983.89,16481439.99,14194248.91,14774552.6
100,0L,1300,2026,510100,DX001,ESK1,F3,10,ZAR,6555131.47,5818795.87,6315017.99,6189699.3,6805270.08,6151100.75,5918161.13,6347333.78,6534820.08,6102627.62,6381072.63,6138672.97,6656041.45,6341062.15,5863625.2,5877367.44
100,0L,1300,2026,510100,DX001,ESK1,F4,10,ZAR,8792738.16,8599543.65,8621483.75,7649793.36,8469758.49,8919491.74,8809481.29,7971963.22,8358358.49,8214384.15,8489236.54,7947359.69,8497280.73,7800788.53,8528981.63,8654096.79
100,0L,1300,2026,510100,DX001,ESK1,F5,10,ZAR,10612764.62,9977337.16,9519671.56,9560602.52,10563743.25,9699023.06,9557878.92,9773242.63,10354716.31,10272792.32,9645987.6,9658664.55,9465184.25,10924457.97,10992828.33,10070485.37
100,0L,1300,2026,520100,DX001,ESK1,F1,10,ZAR,13761274.48,13175623.98,14193071.77,13126685.02,14066163.38,12780957.35,12812952.67,13936227.1,13328097.23,13039075.26,13766635.51,13740660.45,12974433.44,13830479.97,13063632.75,13713543.81
100,0L,1300,2026,520100,DX001,ESK1,F2,10,ZAR,6493314.45,6332335.85,6345106.79,6603647.82,7284216.27,6926731.5,6663519.72,7187353.6,6747034.78,7149260.32,7024831.51,6703842.88,7244286.73,6384497.73,6804509.82,7135289.65
100,0L,1300,2026,520100,DX001,ESK1,F3,10,ZAR,2748668.29,2468604.16,2404929.39,2726919.98,2477023.15,2662831.86,2421197.42,2496985.94,2784288.93,2452532.74,2559215.1,2526114.53,2688728.49,2472981.76,2758861.16,2814534.55
100,0L,1300,2026,520100,DX001,ESK1,F4,10,ZAR,13416076.21,13748374.8,13118725.4,12807037.15,14445748.59,13389159.8,14102534.63,13588174.13,12929209.99,13517573.94,13996304.98,12788320.19,14644628.31,14445512.04,14691519.74,12692863.18
100,0L,1300,2026,520100,DX001,ESK1,F5,10,ZAR,9973752.36,9721516.13,9257775.05,9556840.74,9570985.45,8985640.46,8833692.19,9773785.95,10089860.78,9412335.18,9340869.92,8948828.43,9026312.09,10035600.49,8961419.46,9026834.15
100,0L,1300,2026,520200,DX001,ESK1,F1,10,ZAR,6908751.81,7010219.38,7487078.43,7005054.4,7350712.0,7649021.7,6911711.9,6855250.78,7405126.29,7735835.33,7733057.31,7954233.25,7027776.72,7873104.79,7568796.3,7893253.33
100,0L,1300,2026,520200,DX001,ESK1,F2,10,ZAR,9406118.56,8516766.89,8904471.38,9378031.3,8428852.25,9268255.59,8283281.41,8700372.75,8804112.26,8491430.07,9359396.73,8093159.56,9055885.18,8091755.23,8121734.27,8311348.2
100,0L,1300,2026,520200,DX001,ESK1,F3,10,ZAR,11566433.61,10268178.88,10858946.73,11820409.42,10925856.31,10579114.59,10867830.99,10683977.41,11223209.67,11503101.08,10816030.21,10798930.61,10757056.79,11765879.85,11044383.28,11073663.11
100,0L,1300,2026,520200,DX001,ESK1,F4,10,ZAR,3358775.43,3349408.58,3297117.75,3462824.9,3130379.77,3325737.12,3340549.17,3372302.79,3226176.53,3094384.67,3482515.1,3353939.19,3061162.7,3489067.17,3178585.65,3144979.68
100,0L,1300,2026,520200,DX001,ESK1,F5,10,ZAR,8644223.08,8682287.33,8066780.15,8516841.03,7810540.32,8817198.48,7651573.17,8094682.37,8392108.83,7961710.71,7611758.66,8092844.83,8024896.98,8763881.94,8393766.17,8368187.9
100,0L,1300,2026,530100,DX001,ESK1,F1,10,ZAR,9943940.52,9025497.0,9299700.38,9812310.74,8829803.7,9586278.22,9212530.71,8696666.57,9609110.89,9958732.3,9426017.98,8610638.49,8913348.74,9154243.32,10052546.86,8899621.93
100,0L,1300,2026,530100,DX001,ESK1,F2,10,ZAR,11333092.81,12137047.74,11350082.26,12441100.17,10991593.9,11159699.87,11212544.76,12093111.35,12363467.17,12522804.16,11197153.29,12026926.57,12618201.27,12259446.95,12501308.19,10831014.82
100,0L,1300,2026,530100,DX001,ESK1,F3,10,ZAR,7710567.15,7748022.91,8621433.25,7669897.04,7964923.32,8179971.2,8841267.89,8581409.43,8369827.13,8712955.07,8289114.61,7783051.09,8560979.25,8074868.77,8176484.11,8098453.95
100,0L,1300,2026,530100,DX001,ESK1,F4,10,ZAR,7520111.9,7628274.07,7986839.2,8509303.16,8227611.41,7795462.06,7386140.06,8161112.2,7386275.98,8040791.73,8330904.08,8409141.78,7815919.88,7637637.17,7964576.74,8406094.51
100,0L,1300,2026,530100,DX001,ESK1,F5,10,ZAR,8681905.37,7802633.86,8539465.39,8374054.36,8540553.73,8933069.83,8594661.38,8627819.29,8193604.99,8509896.99,9093174.5,9107936.54,8958407.78,8744867.01,8657347.09,8196827.7
100,0L,1300,2026,540100,DX001,ESK1,F1,10,ZAR,9976395.27,9519617.81,10088198.07,9854245.83,9770525.8,9608440.36,8995800.73,9667805.48,9569890.43,9206416.94,9277902.52,9845136.98,10450268.13,9734730.3,10429515.23,9851565.75
100,0L,1300,2026,540100,DX001,ESK1,F2,10,ZAR,8503145.95,7816912.14,7675152.72,8475635.23,8034349.79,8143003.15,8439730.01,7649468.71,8625903.42,8062859.62,8516094.06,7864886.67,8054677.38,7812632.22,8647318.94,8020471.28
100,0L,1300,2026,540100,DX001,ESK1,F3,10,ZAR,11607387.81,11754841.11,12260236.27,12111041.82,12626265.32,11557299.15,11147955.89,10929829.77,12459188.83,11571776.53,11839813.84,11117387.39,11237659.83,11493210.88,11494789.54,12131570.04
100,0L,1300,2026,540100,DX001,ESK1,F4,10,ZAR,19424132.17,17165132.58,18521043.75,19586313.68,19437584.68,18028985.8,18166706.12,18703873.39,19178723.65,18833280.56,17989604.77,16819130.36,19396878.96,19523303.49,17419539.87,17501170.39
100,0L,1300,2026,540100,DX001,ESK1,F5,10,ZAR,3797808.73,3948504.01,3763831.53,3638648.59,3775690.37,3967335.3,3815867.98,3687550.74,3625411.24,3989046.54,3790439.16,3791369.79,3619641.88,3996620.0,3772567.11,3873144.02
100,0L,1300,2026,150100,DX001,ESK1,F1,10,ZAR,16476533.63,16070315.76,16303915.08,15144599.08,14282941.51,15569017.64,15378428.99,14389224.2,14376766.67,15472644.54,16574864.44,14552944.91,14252030.14,14942014.07,16519666.06,15183917.43
100,0L,1300,2026,150100,DX001,ESK1,F2,10,ZAR,4554319.86,4394323.03,4330083.94,4556656.11,4192690.96,4221333.99,4380610.33,4390819.66,4521612.71,4085716.5,4538363.23,4462585.83,4431090.68,4064725.75,4426217.14,4053229.63
100,0L,1300,2026,150100,DX001,ESK1,F3,10,ZAR,16647331.62,15848589.87,17390296.54,17269026.37,17175167.85,15396552.23,17267661.02,17087012.71,17211818.23,15718845.89,15961348.39,17766624.14,16506926.33,16703048.28,16980545.28,17325131.56
100,0L,1300,2026,150100,DX001,ESK1,F4,10,ZAR,7793561.68,7831005.58,7858441.15,8272821.36,7238302.12,8238404.8,7878583.77,7980813.68,8103338.91,7749850.21,8012361.59,7700767.4,8048755.26,7838710.83,7736307.9,7324333.99
100,0L,1300,2026,150100,DX001,ESK1,F5,10,ZAR,10657532.9,11075250.25,9877055.8,11018702.07,9762552.93,11177446.64,10604031.4,10458389.95,10842237.18,10458628.1,10824663.39,11021857.37,9757695.19,10542892.99,10442390.07,10447751.95
100,0L,1300,2026,150200,DX001,ESK1,F1,10,ZAR,10101543.56,9202893.99,9351634.71,9933392.21,9907398.13,10131073.71,9885450.37,9314013.6,9456620.75,8973552.83,9583724.64,9334575.24,10165824.21,9818262.67,9904764.78,9408503.22
100,0L,1300,2026,150200,DX001,ESK1,F2,10,ZAR,10680394.82,11112454.97,11780003.3,11834217.52,10404557.37,11421289.19,10806596.55,10511916.78,10300470.84,10220470.83,11061674.41,10110588.7,11830376.38,10790031.69,11583731.38,10685947.59
100,0L,1300,2026,150200,DX001,ESK1,F3,10,ZAR,12825406.35,12680452.08,13499338.83,14070049.89,12297700.81,13199211.13,13752354.47,13445926.27,12458867.5,13189252.54,12633697.74,13261955.65,14193230.92,12842053.27,14172193.09,14157491.92
100,0L,1300,2026,150200,DX001,ESK1,F4,10,ZAR,7345916.76,7092648.19,7258978.23,7309714.99,7712497.84,8006730.75,7573505.98,7227199.21,7995619.93,8311716.85,7825790.17,7797384.68,7881480.79,7161566.22,8104048.14,7807845.12
100,0L,1300,2026,150200,DX001,ESK1,F5,10,ZAR,6131253.46,5774842.49,6178887.84,6402001.06,6314053.1,5886870.79,6362272.59,6322037.27,5750608.96,6421649.23,6230305.84,5793966.89,6670158.49,5963053.94,6239104.18,6469457.59
100,0L,1300,2026,150300,DX001,ESK1,F1,10,ZAR,3504441.32,3758050.75,3703199.74,3589365.59,3548638.57,3359047.92,3806203.0,3732495.23,3669826.24,3378472.26,3912439.41,3634007.9,3869161.68,3608778.0,3681232.26,3701255.17
100,0L,1300,2026,150300,DX001,ESK1,F2,10,ZAR,12916743.41,14366940.57,12573191.5,14540934.55,13312324.31,13651285.95,12694884.53,13618663.08,14072763.32,13722393.52,13407080.78,14497106.29,14270443.26,14296868.76,12683803.74,13672104.84
100,0L,1300,2026,150300,DX001,ESK1,F3,10,ZAR,10743409.17,11449929.5,11502538.76,11093913.18,11149824.52,11063830.18,11092687.25,10257917.97,11859674.65,10411257.46,11819921.09,10219936.46,10700763.11,10265430.91,11672060.79,10355135.68
100,0L,1300,2026,150300,DX001,ESK1,F4,10,ZAR,18122750.9,17400337.61,17772394.3,17286830.5,16479120.04,17356989.1,15800641.19,16830069.36,16323286.33,17677927.41,17959410.33,17563709.68,17261215.7,16266386.02,18233142.21,17822454.69
100,0L,1300,2026,150300,DX001,ESK1,F5,10,ZAR,7775352.82,8739835.27,8545628.64,7827764.06,8610129.42,8507436.13,7715090.51,8694293.49,8668689.48,8504029.03,8175923.71,7729116.18,7767192.03,8758626.16,8553016.39,8278479.68
100,0L,1300,2026,500100,DX002,ESK1,F1,10,ZAR,12593652.25,11761232.27,11870224.94,15548270.64,14917322.55,11742445.58,11646446.02,11830219.07,12008136.7,13096502.2,12913601.85,13365381.53,11830633.35,13230835.07,12579357.18,12170005.26
100,0L,1300,2026,500100,DX002,ESK1,F2,10,ZAR,5685864.89,5991605.87,5694629.08,7507190.98,7008075.95,6363603.79,6436851.76,6463837.0,6002760.73,5592184.78,6118059.75,5970491.01,6486327.02,6169288.67,6170617.72,6003866.64
100,0L,1300,2026,500100,DX002,ESK1,F3,10,ZAR,14024945.94,12888686.98,13787281.71,15829910.96,14998780.96,12117267.12,12206680.38,12249032.42,12098479.97,12176016.34,13533538.2,13050207.29,13892601.19,12151494.42,13980779.6,13366243.48
100,0L,1300,2026,500100,DX002,ESK1,F4,10,ZAR,2417319.03,2337244.49,2536930.72,3138616.01,3060545.51,2462107.02,2291942.0,2280382.51,2346792.4,2523774.34,2354701.69,2252444.96,2556006.56,2249971.25,2524191.1,2440748.39
100,0L,1300,2026,500100,DX002,ESK1,F5,10,ZAR,15755016.54,16255849.12,17639223.01,19773174.69,20790109.19,15778658.75,17194338.88,17841082.62,17820892.64,18146009.09,17625273.12,16354077.93,17801283.51,16473778.65,16098435.24,17798649.59
100,0L,1300,2026,500200,DX002,ESK1,F1,10,ZAR,15978883.26,15685174.96,15899507.6,17631631.55,18827341.24,15084891.49,15607826.45,14956165.34,16597680.1,14686227.05,15122483.23,15803073.52,15464246.31,15664868.38,15036667.39,16498146.71
100,0L,1300,2026,500200,DX002,ESK1,F2,10,ZAR,3901475.65,4369171.62,4152264.95,5070335.79,5304271.12,4073208.67,4020998.47,4017215.54,4240241.93,4265149.14,4403681.46,4454608.76,4246821.93,4066889.39,3901708.55,4514890.34
100,0L,1300,2026,500200,DX002,ESK1,F3,10,ZAR,16689555.31,17079323.02,18158274.46,23314809.75,22301265.6,18721198.42,16459501.59,17518253.86,17735134.56,19112801.69,17410495.28,18314175.39,16832491.07,18063596.34,16888459.67,17171862.28
100,0L,1300,2026,500200,DX002,ESK1,F4,10,ZAR,18157164.23,18702112.09,19165552.75,20468423.33,22935473.11,16856659.93,19381578.29,18253350.31,17593770.22,17976212.11,17789576.99,17527300.93,19357787.91,17512015.07,18778253.01,18052850.81
100,0L,1300,2026,500200,DX002,ESK1,F5,10,ZAR,2771695.19,2749879.14,2983470.98,3511851.12,3458912.85,3027099.44,3167727.3,3192986.22,3081853.11,2744450.57,3062932.02,3052476.5,2985200.85,2786852.5,3188105.84,2885028.04
100,0L,1300,2026,500300,DX002,ESK1,F1,10,ZAR,15972925.64,16028369.45,14841387.71,18738490.2,18490380.08,14834819.81,15540036.51,17049320.53,16101789.24,17158402.6,15249648.91,14789816.58,16887651.97,15823073.4,16485347.76,16269682.47
100,0L,1300,2026,500300,DX002,ESK1,F2,10,ZAR,12417525.36,12680795.36,11277964.5,13462777.01,14235962.84,12185602.78,12521544.84,12047547.56,11705422.87,12459746.57,12174825.82,11193630.09,12324778.87,11312178.16,12116978.49,12306890.4
100,0L,1300,2026,500300,DX002,ESK1,F3,10,ZAR,3723584.09,3702812.12,3775236.98,4437254.51,4829042.6,4118097.84,3866483.69,3572350.94,3728456.74,3768699.73,3965550.06,3859804.69,4112204.73,3988495.18,4063303.77,3707036.95
100,0L,1300,2026,500300,DX002,ESK1,F4,10,ZAR,2558500.56,2406360.13,2704784.98,3341200.79,3150408.62,2672326.74,2407628.1,2516053.49,2556287.93,2650203.99,2575273.46,2497590.84,2417554.39,2515917.68,2419848.75,2575996.3
100,0L,1300,2026,500300,DX002,ESK1,F5,10,ZAR,7811537.59,7947518.53,7705522.14,9385556.64,9113089.51,6809114.41,7551635.4,7089227.29,7525745.88,7444491.87,7016648.71,7292153.74,7566497.63,7775137.12,7284427.72,6961336.44
100,0L,1300,2026,510100,DX002,ESK1,F1,10,ZAR,14627133.12,14416774.71,13734342.53,14216172.75,14271574.86,13797485.54,13325838.47,13220133.86,13140131.7,14568760.27,13952303.64,13703823.07,14594153.13,13305799.14,12987493.45,14659129.38
100,0L,1300,2026,510100,DX002,ESK1,F2,10,ZAR,6836071.33,7494750.64,6518462.97,7050546.49,7214422.01,6669125.94,6962116.43,6637097.44,6893019.09,7287531.32,6409515.82,6761149.9,7357488.91,6669492.22,6665554.19,6863010.62
100,0L,1300,2026,510100,DX002,ESK1,F3,10,ZAR,13630404.9,12949744.98,13944100.95,13084371.69,12056423.27,12030240.55,13384355.83,13485559.45,13245998.93,12787625.94,13568936.72,12270336.7,12199415.11,13550671.38,12779530.1,13284467.38
100,0L,1300,2026,510100,DX002,ESK1,F4,10,ZAR,11133367.98,12527654.38,11047371.89,12820031.78,12623683.49,12178831.19,11693553.77,11285755.17,12500890.6,11244721.27,11674143.97,12826903.26,11046055.55,12780835.88,12393755.86,11556674.25
100,0L,1300,2026,510100,DX002,ESK1,F5,10,ZAR,3541162.5,3409070.23,3203128.67,3353469.83,3355690.4,3390557.66,3600406.62,3370548.56,3543928.51,3682493.67,3539027.38,3169733.45,3674160.45,3469629.01,3503545.62,3344922.28
100,0L,1300,2026,520100,DX002,ESK1,F1,10,ZAR,2176902.45,2160076.53,1945729.55,1991462.58,2097593.35,1979098.52,2150322.48,2269314.99,2218990.94,2163033.17,1994512.45,2128726.91,2260765.63,2064029.05,2058960.44,2197687.67
100,0L,1300,2026,520100,DX002,ESK1,F2,10,ZAR,15467258.79,15445712.26,14845677.54,14942986.41,17026282.07,15325753.58,16282708.96,15317423.1,15232292.18,15560677.85,16341330.23,15777644.48,15790899.58,16632971.81,14956406.22,16699596.97
100,0L,1300,2026,520100,DX002,ESK1,F3,10,ZAR,7687266.8,6750519.77,7138670.17,7256822.99,7022467.92,7671367.04,7142042.42,6657686.04,7274044.41,6773546.5,7014772.35,7167054.25,6698145.61,7213985.72,6725147.16,6846611.34
100,0L,1300,2026,520100,DX002,ESK1,F4,10,ZAR,17644180.19,17331088.51,17096125.0,15993887.32,16291698.42,17733396.42,16186250.03,16270904.84,17823511.16,16368977.8,16718144.14,17281154.34,16360926.86,15782536.59,16319993.06,16973631.79
100,0L,1300,2026,520100,DX002,ESK1,F5,10,ZAR,6285825.42,5956342.11,6195762.47,6131970.74,5907291.69,6186881.21,6192510.11,6189595.15,5901478.87,5521985.04,6205966.22,5680582.85,6135119.68,5515306.25,5513256.08,5981780.65
100,0L,1300,2026,520200,DX002,ESK1,F1,10,ZAR,15472810.34,15436536.78,16095235.13,17019004.87,16596384.59,16304371.15,15273178.02,17003151.79,16647474.4,15289835.68,16043420.96,16872757.95,17318275.07,15918055.7,14924212.78,15935611.21
100,0L,1300,2026,520200,DX002,ESK1,F2,10,ZAR,12624691.56,12352951.54,11594865.77,11695703.86,12235707.11,12029988.73,12746731.39,12394760.8,12301426.61,11328756.79,11226338.87,11686768.96,11123339.22,12331553.73,11839202.67,11570199.03
100,0L,1300,2026,520200,DX002,ESK1,F3,10,ZAR,14138734.79,13153196.3,13502652.89,13090986.56,13587511.7,13927892.8,13233094.0,13360988.74,13819730.84,14633915.88,15047140.12,14762868.81,14551766.03,13503727.76,14220441.25,14653683.13
100,0L,1300,2026,520200,DX002,ESK1,F4,10,ZAR,15297200.37,14956503.32,14887949.97,16184626.53,14552419.4,14231679.25,14033854.52,16356760.17,15269437.63,15973674.28,16128826.14,15957085.82,15351449.89,15231529.66,15390283.11,14641453.88
100,0L,1300,2026,520200,DX002,ESK1,F5,10,ZAR,9079739.4,9164174.05,8375158.13,8415608.81,8254562.62,8094981.01,8843096.65,9267092.32,8755337.91,9407249.63,8197327.45,8893791.82,8825300.32,8143560.02,9218687.34,8631583.37
100,0L,1300,2026,530100,DX002,ESK1,F1,10,ZAR,13880041.64,14419402.26,13968462.0,13827943.34,14447185.22,14051667.81,15668160.72,13959615.75,13761672.34,14310076.94,15195067.79,14119247.5,15144694.33,15741090.55,15793618.49,14413548.72
100,0L,1300,2026,530100,DX002,ESK1,F2,10,ZAR,9748678.86,9462628.32,9191170.32,8951721.15,9395171.43,9656376.83,9596580.21,9355770.87,9412231.96,9650143.68,9332900.96,8956924.82,9269216.27,8775015.45,9223990.61,9972572.04
100,0L,1300,2026,530100,DX002,ESK1,F3,10,ZAR,12663767.1,12681228.91,11883508.98,12442981.45,13053776.42,13268092.51,12928815.69,12096793.62,12578517.75,11979895.61,12781171.15,12247733.41,12949857.84,12936817.43,13517891.19,11713226.65
100,0L,1300,2026,530100,DX002,ESK1,F4,10,ZAR,15556736.6,15676982.91,15313000.63,16094838.1,16566079.27,16529417.17,15881182.78,15044331.5,16824873.61,14698903.02,15981725.92,16522783.68,14897256.29,16542052.93,16497381.45,14918763.16
100,0L,1300,2026,530100,DX002,ESK1,F5,10,ZAR,19741601.56,18998457.68,17371253.47,17610391.8,19075144.59,17982840.04,19428904.38,19492520.78,17757508.98,17815323.71,17354080.36,19317552.05,18887732.71,19804407.45,17132438.76,17179266.76
100,0L,1300,2026,540100,DX002,ESK1,F1,10,ZAR,3047687.65,2756676.21,2989375.78,2921916.64,2879387.21,2919171.81,2759467.83,2845344.36,2755077.98,3100985.99,2756261.51,2768884.11,2887225.76,2736326.1,2983591.89,3021973.52
100,0L,1300,2026,540100,DX002,ESK1,F2,10,ZAR,14797369.52,14558564.02,14430398.1,14737041.39,14225050.71,14035763.4,13875823.6,13494852.4,15448952.34,14606805.37,14677248.94,14241688.62,14034037.57,14275145.76,14290659.6,14836930.1
100,0L,1300,2026,540100,DX002,ESK1,F3,10,ZAR,9559327.44,10722241.39,10135270.32,11004140.27,11041320.67,9565676.16,9976054.7,10817627.24,10322865.3,10705688.05,10824371.59,10070478.74,10450134.03,10875633.83,10035510.0,10362918.49
100,0L,1300,2026,540100,DX002,ESK1,F4,10,ZAR,3699781.57,3621635.69,3848717.33,4193033.09,3638743.24,4033613.44,4139664.17,3680859.13,3988018.97,3670419.02,3957131.56,4168308.53,3678377.09,3626411.68,3906616.53,4053576.15
100,0L,1300,2026,540100,DX002,ESK1,F5,10,ZAR,5382489.85,4749987.52,5181504.39,5396903.16,4760760.76,4610664.4,4954642.83,4936281.93,4699817.76,4905382.27,5390429.01,5189813.84,4757639.06,4799056.91,5363437.33,4879554.46
100,0L,1300,2026,150100,DX002,ESK1,F1,10,ZAR,11508789.95,12437635.64,11776907.89,11808711.04,11299525.06,12049003.69,11122340.07,11571910.81,12137888.98,12004040.7,11601624.7,12789976.5,11605016.53,12404859.99,11452812.59,11425765.96
100,0L,1300,2026,150100,DX002,ESK1,F2,10,ZAR,4329328.71,4034652.86,4242634.71,3978311.65,3991074.69,3842171.09,4006319.98,3997703.92,3995566.04,3828971.81,4189192.02,3982382.18,3745115.18,3787536.65,3973541.93,3974595.45
100,0L,1300,2026,150100,DX002,ESK1,F3,10,ZAR,6484684.42,6746808.99,7053764.48,6791694.66,6733444.52,7056524.31,7295093.07,7308099.36,7000947.36,6459420.03,6717163.14,6636609.87,6869737.35,7316605.07,6441342.64,6943904.76
100,0L,1300,2026,150100,DX002,ESK1,F4,10,ZAR,18668270.15,18266878.45,19163708.74,16852274.38,16756280.94,16910509.5,17163750.45,19068476.52,16596319.83,17287569.5,18518744.91,18359798.36,18369416.79,17739417.66,17325780.36,17573558.27
100,0L,1300,2026,150100,DX002,ESK1,F5,10,ZAR,11762194.48,12036913.55,11971694.86,12448356.88,12415578.37,12259104.86,11052176.32,11244796.46,12497383.17,12074418.96,11700899.6,12023248.9,11267612.63,12876210.18,12013163.01,11379552.06
100,0L,1300,2026,150200,DX002,ESK1,F1,10,ZAR,15722412.36,14849797.99,14925119.21,15182919.88,16742141.42,15474217.76,15537162.0,16449870.21,16839292.01,16198935.14,14751929.1,15084913.38,16400481.59,15983091.43,15924836.73,16613178.94
100,0L,1300,2026,150200,DX002,ESK1,F2,10,ZAR,11794341.78,11788323.94,11119379.64,11362109.09,12077017.52,11006543.33,12185184.25,11184974.04,10706315.87,11756796.39,11702532.87,10979528.79,12144198.96,11730606.25,11479784.06,11756764.31
100,0L,1300,2026,150200,DX002,ESK1,F3,10,ZAR,15704862.8,17058210.19,16087645.99,16771292.98,16109410.74,17563798.17,16105101.36,17085461.02,17065856.85,17355990.18,18095801.11,16438987.4,17592554.67,16150481.95,17491252.7,17867160.12
100,0L,1300,2026,150200,DX002,ESK1,F4,10,ZAR,4420307.13,4928409.94,4608110.42,5065813.04,4890868.7,4934431.47,4499907.74,4616193.32,5042175.67,5030748.75,4435714.07,4996608.07,4739602.77,4653098.95,4761268.74,5058565.79
100,0L,1300,2026,150200,DX002,ESK1,F5,10,ZAR,8511242.32,9808463.11,8725898.67,8580502.67,8608125.94,8583205.62,8914196.95,8732499.33,9221806.23,9168663.96,8915319.46,9219183.99,8881976.84,9046998.27,9017113.01,9793336.58
100,0L,1300,2026,150300,DX002,ESK1,F1,10,ZAR,7426696.15,8130578.04,7314538.64,7373523.12,7625479.57,7050772.12,7843099.49,7777687.12,7321639.05,8047007.71,7782598.31,7838927.98,7997674.81,7970504.28,7330499.43,8011044.02
100,0L,1300,2026,150300,DX002,ESK1,F2,10,ZAR,2367070.92,2444085.48,2473099.39,2582075.24,2368811.09,2299652.11,2574850.41,2502856.44,2314756.03,2438120.0,2578555.84,2539043.65,2396411.09,2602399.86,2513651.21,2464461.31
100,0L,1300,2026,150300,DX002,ESK1,F3,10,ZAR,14802361.17,16115907.69,15289304.07,14910977.06,15473083.75,14425411.16,15524599.84,16297971.33,15472735.88,16161337.0,15139060.74,15824274.73,15286350.91,15688518.28,16233735.02,15389363.99
100,0L,1300,2026,150300,DX002,ESK1,F4,10,ZAR,4231846.83,3918523.01,4032976.78,4211860.53,4216952.82,4350144.56,4374448.46,4309681.1,4461292.28,4386366.42,4154569.28,4012000.33,4455849.83,4183480.54,4460966.93,4007333.3
100,0L,1300,2026,150300,DX002,ESK1,F5,10,ZAR,15099518.36,16123221.34,16439557.39,14733718.68,14768776.43,15970808.79,15569502.4,16429295.05,15958339.93,14454163.17,16261264.42,16443758.28,14261343.93,14544811.01,14799988.52,15000374.47
100,0L,1300,2026,500100,DX003,ESK1,F1,10,ZAR,13255451.38,12084078.1,13044484.84,14869244.37,16563232.64,12627253.38,11859549.37,12850273.8,13293604.08,13630548.09,12003806.68,13658111.87,12031175.48,13327006.62,12846729.55,12079432.86
100,0L,1300,2026,500100,DX003,ESK1,F2,10,ZAR,9775995.43,9579546.07,8492786.81,11085392.4,11614314.07,9535566.57,9200077.57,9850974.13,8538800.46,8462634.53,9584971.81,9101878.5,9339827.77,9553758.53,9851595.82,9632758.91
100,0L,1300,2026,500100,DX003,ESK1,F3,10,ZAR,7038758.79,7257643.89,6652276.49,7672881.99,8625976.28,7352667.89,6700788.92,7073334.17,7336233.76,7346988.36,6604499.29,6996894.54,6928870.47,7000132.58,6474717.31,6919936.47
100,0L,1300,2026,500100,DX003,ESK1,F4,10,ZAR,15397100.2,14897733.88,15047498.81,18103748.35,19048432.71,16821899.59,14656874.29,15588461.91,15274583.33,15727808.76,16234579.66,16468613.68,15603411.16,14364759.69,16148941.07,15579773.43
100,0L,1300,2026,500100,DX003,ESK1,F5,10,ZAR,8412126.84,9727221.48,8855147.11,11608178.69,11343829.2,8405146.39,9348064.78,9391953.88,8807333.42,8400535.55,8767752.33,9206563.29,8945756.32,8899871.81,9062628.68,9378816.5
100,0L,1300,2026,500200,DX003,ESK1,F1,10,ZAR,3111599.36,2790002.89,2817008.83,3726087.09,3813086.22,3056271.22,2997192.55,2980843.39,2894044.69,2927452.56,2733035.35,2678799.89,2775816.91,3106624.71,2714269.29,2704797.0
100,0L,1300,2026,500200,DX003,ESK1,F2,10,ZAR,17229053.74,16761586.53,18398326.12,20224401.81,22133223.83,16764608.43,16498461.5,16815940.74,18045347.0,16543532.55,17378495.75,17263942.81,17920920.32,16333610.21,17913838.1,17940750.2
100,0L,1300,2026,500200,DX003,ESK1,F3,10,ZAR,9870794.16,9886997.81,10430301.62,12897247.11,12416612.81,10809223.34,11263789.13,10538825.98,10521357.68,11179792.94,11336999.95,11349569.18,10254966.26,10799729.9,9784749.09,10868345.22
100,0L,1300,2026,500200,DX003,ESK1,F4,10,ZAR,9534119.53,8776191.98,9624275.2,11682786.59,10511825.94,9882139.49,9812661.95,9708351.17,8657602.82,9845547.24,9592457.53,8672081.44,9089847.06,8922016.88,9228703.82,9237140.2
100,0L,1300,2026,500200,DX003,ESK1,F5,10,ZAR,11749207.01,10821112.15,11070467.41,12595789.25,12427230.77,11412018.8,10357175.29,10278567.62,11017867.78,10295159.76,10705499.91,10164025.79,11717085.88,10695001.22,11038161.0,10726250.94
100,0L,1300,2026,500300,DX003,ESK1,F1,10,ZAR,7072239.33,7479289.87,7683066.94,8632326.36,8212952.03,7555627.74,7234626.8,6721633.47,7634707.0,7328883.09,7161254.74,6999181.0,6931376.53,7536210.19,7241108.64,7140690.35
100,0L,1300,2026,500300,DX003,ESK1,F2,10,ZAR,5760455.08,6241713.82,5828351.59,7327106.64,7681381.42,5710043.49,6488949.46,6288878.92,5679944.82,5879760.32,6376848.28,5605468.82,5943957.68,6559606.35,5884570.12,5832053.15
100,0L,1300,2026,500300,DX003,ESK1,F3,10,ZAR,14733576.04,14728737.92,13948063.36,16856689.08,17069601.28,14306010.92,15250411.43,13962663.49,15003477.64,15160118.09,13653014.94,13607518.52,14443864.73,13464810.29,14077740.08,13723638.37
100,0L,1300,2026,500300,DX003,ESK1,F4,10,ZAR,12550653.63,12336225.23,12226645.64,15055487.13,14493969.72,12516621.55,11343424.67,11217701.89,11604691.67,11713984.27,12485550.41,11895237.45,12543761.34,11269346.69,12568868.04,12513465.79
100,0L,1300,2026,500300,DX003,ESK1,F5,10,ZAR,12814379.47,13958136.7,13860193.08,15535409.59,14589844.14,13062614.21,14002118.13,13130494.01,13636265.91,12784322.17,13869816.8,12486497.22,11989173.04,13862806.88,13997767.94,13505818.57
100,0L,1300,2026,510100,DX003,ESK1,F1,10,ZAR,5978394.4,5764107.48,6134291.44,6264500.51,5899173.41,5982300.9,5932974.92,6299160.16,6233501.9,6158399.28,5450129.19,6188074.91,5801819.87,5525711.8,5517562.58,5746467.95
100,0L,1300,2026,510100,DX003,ESK1,F2,10,ZAR,12508583.09,13451031.34,12605375.28,13581099.76,13144218.86,14231930.53,12687845.35,12686042.62,12405084.52,13878569.72,12476610.67,13813143.07,14162611.81,13007818.38,13347715.22,14178069.47
100,0L,1300,2026,510100,DX003,ESK1,F3,10,ZAR,12940542.4,14309267.74,13145135.44,13599691.98,14205633.07,13532917.18,13276775.38,13718961.95,13278269.11,13474475.47,12837319.58,13340977.47,12764522.69,14597783.38,12873187.41,14278400.79
100,0L,1300,2026,510100,DX003,ESK1,F4,10,ZAR,2212652.97,2116413.19,2302076.76,2295470.38,2196787.21,2170112.85,2202974.34,2219149.45,2365885.85,2354893.98,2294937.2,2400688.24,2260343.05,2320480.58,2375792.62,2362808.13
100,0L,1300,2026,510100,DX003,ESK1,F5,10,ZAR,16457361.28,16298980.73,17452965.71,17115132.03,18395130.67,17296339.56,17467891.13,16801452.05,17349525.64,18872132.6,17768507.09,17499656.43,18895478.13,16705140.48,18608506.34,17411487.27
100,0L,1300,2026,520100,DX003,ESK1,F1,10,ZAR,2478471.19,2224394.65,2379055.15,2529638.43,2268104.69,2205160.63,2502525.32,2472928.44,2528928.88,2459898.25,2330578.36,2401173.86,2204159.61,2522167.06,2551060.18,2510051.89
100,0L,1300,2026,520100,DX003,ESK1,F2,10,ZAR,14339349.24,14026046.72,13539040.36,13836727.23,14343445.09,14020128.59,13329910.56,14133131.6,13520722.6,14360743.97,12409098.26,13204130.86,13530493.83,12819428.99,13419694.35,13240556.7
100,0L,1300,2026,520100,DX003,ESK1,F3,10,ZAR,13690034.53,12982176.94,12528954.01,13326266.66,13848658.32,13294347.54,12785079.46,13501353.33,14520025.76,12769669.21,13722876.91,14470556.4,14157340.48,13874257.81,13619152.83,12529834.04
100,0L,1300,2026,520100,DX003,ESK1,F4,10,ZAR,7567199.05,7007026.01,7235021.01,7705280.43,7276624.81,6855980.66,7113525.19,7657791.79,7247464.76,7653112.14,7715537.72,7471397.54,7443988.42,7135217.24,6917802.15,7791273.98
100,0L,1300,2026,520100,DX003,ESK1,F5,10,ZAR,11996379.42,13375226.08,12799766.9,13298638.27,11981601.03,12573453.13,13032427.15,12183670.31,13060938.77,13492463.03,12141978.86,12565484.59,13422342.01,13790172.21,12248542.31,12721182.11
100,0L,1300,2026,520200,DX003,ESK1,F1,10,ZAR,4039603.19,3628421.89,3643546.18,3850972.52,3567709.05,3791926.12,3693581.62,3729439.47,3544392.31,3976491.39,3549256.31,4027259.37,3863474.04,3887184.67,4127540.49,4033855.28
100,0L,1300,2026,520200,DX003,ESK1,F2,10,ZAR,3339237.59,3668216.01,3676381.93,3763736.05,3817449.96,3419971.78,3325354.86,3764427.74,3856103.14,3833183.27,3419504.18,3426972.76,3308325.14,3341622.99,3846701.63,3826024.41
100,0L,1300,2026,520200,DX003,ESK1,F3,10,ZAR,18280437.71,18113910.39,16670884.71,18950879.23,18155979.37,16733988.53,16368963.01,16839379.24,18004195.12,17621088.25,18177399.7,17070646.87,19074398.97,16771761.54,16363600.9,18964316.45
100,0L,1300,2026,520200,DX003,ESK1,F4,10,ZAR,13077434.98,14335918.01,12782173.75,13525620.14,12774117.43,13776944.7,14310759.09,14662929.16,14700169.45,12792062.63,13182061.85,14539706.68,13729209.71,14182163.56,12625442.44,13578086.08
100,0L,1300,2026,520200,DX003,ESK1,F5,10,ZAR,20262538.37,19391452.32,20082598.05,20069648.28,18685584.67,20015483.89,17614543.37,19988707.54,19497752.43,19224266.71,19654291.52,19572181.83,18733012.89,17631722.59,18802889.45,18484800.59
100,0L,1300,2026,530100,DX003,ESK1,F1,10,ZAR,5925527.33,6039427.17,5285209.78,5885737.59,5998636.5,6100831.73,5516449.51,5760874.28,5607428.77,5826379.5,5779352.89,5501922.94,5584228.04,5386429.69,5719178.3,5988580.37
100,0L,1300,2026,530100,DX003,ESK1,F2,10,ZAR,1916202.96,2120680.46,2163466.36,2136708.63,2095273.02,2120190.1,1983541.13,1891260.52,2084320.39,1918876.62,2083976.79,1982680.16,2092070.82,2180590.16,2088957.47,2120513.62
100,0L,1300,2026,530100,DX003,ESK1,F3,10,ZAR,11928925.87,13549225.79,12009031.18,12837954.16,13164502.42,13005899.96,13237971.76,12122531.45,12358317.82,13472018.31,12734271.85,13092810.63,11923506.81,11997847.59,11973092.56,11807200.21
100,0L,1300,2026,530100,DX003,ESK1,F4,10,ZAR,2333656.54,2392502.0,2428886.7,2334929.55,2204488.95,2414584.23,2198267.62,2167023.18,2147473.24,2461298.64,2334113.85,2142384.53,2493858.61,2169400.77,2280240.49,2298729.69
100,0L,1300,2026,530100,DX003,ESK1,F5,10,ZAR,10816890.76,11493447.91,10728089.78,10894123.09,10548565.95,10762954.96,10223053.83,11116146.15,10680538.18,10003519.03,11030852.21,10056420.33,10492021.51,10317259.7,10967080.08,10474407.63
100,0L,1300,2026,540100,DX003,ESK1,F1,10,ZAR,5648978.9,5338590.95,5520486.55,5190826.72,5711585.57,5494675.95,5513791.75,5610414.84,5656958.41,4956184.58,5158328.98,5377596.88,5145025.21,5701980.67,5155248.03,5306757.19
100,0L,1300,2026,540100,DX003,ESK1,F2,10,ZAR,8662796.31,9327658.03,8179430.16,8615493.59,8483876.52,9352524.59,8933195.01,8323425.99,8196524.24,8655414.9,8521056.55,8059419.84,8994437.67,8306682.03,8661463.87,8828489.8
100,0L,1300,2026,540100,DX003,ESK1,F3,10,ZAR,6894258.23,6173289.86,6944266.82,6988997.04,6029590.97,6138892.85,6279192.85,6508403.15,6421075.68,6425947.8,6022770.35,6592076.69,6609618.41,6315455.24,6997692.99,6437141.76
100,0L,1300,2026,540100,DX003,ESK1,F4,10,ZAR,12208407.1,11111636.39,10738154.43,11904507.64,11279696.3,11956155.17,11227959.37,11547330.05,11707574.32,11631533.62,10689280.0,12156865.26,11204887.04,10594317.25,11335727.49,10586658.88
100,0L,1300,2026,540100,DX003,ESK1,F5,10,ZAR,10556178.48,9935881.53,9133537.72,10264035.27,10507040.61,10228705.51,10312737.92,10016478.89,9314616.12,9746653.32,9242554.49,10306980.69,9895420.26,9563881.07,9335194.82,9950482.81
100,0L,1300,2026,150100,DX003,ESK1,F1,10,ZAR,6261513.84,6420115.66,6947326.94,6833406.56,6586891.03,6671205.58,6206671.39,6623266.75,6596751.15,6146159.87,6428246.88,7139794.92,6387680.14,7113236.95,6192352.48,7087330.63
100,0L,1300,2026,150100,DX003,ESK1,F2,10,ZAR,4188241.93,4156771.72,4018357.69,4222733.7,4023083.88,4497729.38,4319674.08,3937374.34,4382924.23,4374314.78,4061491.78,4165360.23,4457377.84,4223924.45,3928506.13,4480316.12
100,0L,1300,2026,150100,DX003,ESK1,F3,10,ZAR,5638977.84,6340476.95,6165537.86,5980433.18,5627704.0,5771766.88,5959352.1,5817903.47,5825748.23,6227354.66,6356393.19,6116418.64,5762920.55,5554596.97,5569486.36,6409040.38
100,0L,1300,2026,150100,DX003,ESK1,F4,10,ZAR,13690479.73,13093274.03,12545529.67,12800679.37,13163072.01,13166895.78,12561573.97,12754653.29,12382698.59,13108074.74,11832268.63,13681853.37,12826853.07,13186932.07,13091042.19,13023329.97
100,0L,1300,2026,150100,DX003,ESK1,F5,10,ZAR,5344470.05,5658116.1,5592812.73,5573038.6,5630506.98,5242016.73,5298133.58,5429826.77,5073659.76,5615331.03,4951236.41,5275761.37,5030859.46,5388205.89,5602317.4,5385070.65
100,0L,1300,2026,150200,DX003,ESK1,F1,10,ZAR,5214572.14,5168994.31,4955055.03,5342688.36,5225151.48,4922534.63,4802533.65,5237576.54,5509396.73,4878319.25,4797262.14,5302208.67,5216197.6,4903396.29,4919652.66,5135960.24
100,0L,1300,2026,150200,DX003,ESK1,F2,10,ZAR,8701336.69,9437730.58,9281694.9,8865573.25,8891245.09,8802668.02,8409105.03,8879020.35,8523002.48,8506636.45,8349270.67,8309646.21,9434163.44,9520298.53,9449039.31,8369583.23
100,0L,1300,2026,150200,DX003,ESK1,F3,10,ZAR,6780844.59,7579174.26,7432997.24,6539738.76,7595748.56,7571705.08,6539925.71,6545531.57,7293103.83,7448649.0,7219502.31,7424653.25,7472850.72,6997391.12,7008807.56,6685966.07
100,0L,1300,2026,150200,DX003,ESK1,F4,10,ZAR,12120871.21,11679788.14,11359797.0,12569655.58,10993268.1,11763286.02,11569264.49,12403554.51,12105239.98,11851957.47,11433012.68,12213370.75,12065197.23,10779800.02,12432841.84,12538663.81
100,0L,1300,2026,150200,DX003,ESK1,F5,10,ZAR,4073306.46,3727841.07,3708532.93,3755744.03,4192191.16,3725606.76,4212576.3,4221713.41,3867899.19,4152715.68,3649318.71,3812167.69,3975874.87,3663115.37,4234643.85,4220271.19
100,0L,1300,2026,150300,DX003,ESK1,F1,10,ZAR,12676493.22,13169532.33,13528809.49,12788877.41,13129771.8,13820421.92,14263805.61,14374895.16,13778129.93,12697390.67,14599809.95,13353633.36,14415586.39,13038867.73,13811000.86,14372910.54
100,0L,1300,2026,150300,DX003,ESK1,F2,10,ZAR,15969602.27,16287345.02,16263844.34,17432832.08,17912493.96,15910745.37,15804977.96,17444566.39,17005478.32,16979622.61,16288709.42,17402748.48,15657272.23,16501217.3,17106037.97,16633871.85
100,0L,1300,2026,150300,DX003,ESK1,F3,10,ZAR,10402890.04,11004489.78,11690318.12,11741368.4,11225690.8,11195554.34,11104319.62,12051340.79,11273468.99,11255855.05,11067995.05,10768064.87,12120563.55,11953015.03,10606941.89,11565740.24
100,0L,1300,2026,150300,DX003,ESK1,F4,10,ZAR,18174093.6,17487853.12,18742358.25,16521422.15,18827102.05,16624838.73,18336530.76,16391562.03,18198381.38,18850932.57,16993115.41,17094240.31,16804257.95,18824781.7,18489545.74,18143075.49
100,0L,1300,2026,150300,DX003,ESK1,F5,10,ZAR,4748185.62,4634781.8,4562427.25,4264739.83,4214747.05,4177360.07,4335092.47,4407166.66,4285965.02,4216885.03,4684055.04,4461077.8,4678342.28,4453269.4,4094636.68,4285540.39
100,0L,1300,2026,500100,DX004,ESK1,F1,10,ZAR,12010929.74,12102139.63,12647171.04,15158275.23,15561664.15,11752336.18,12704269.84,11930061.82,13401279.91,11597252.03,12301405.61,11833581.05,13295068.0,11817125.86,12868340.41,12033644.75
100,0L,1300,2026,500100,DX004,ESK1,F2,10,ZAR,15114759.36,16372212.26,16397014.72,19821338.11,18224981.69,14780110.25,16892264.8,15002132.66,15464807.69,15262403.69,16865730.91,15696669.65,14655723.96,15964547.48,14675835.19,17100315.78
100,0L,1300,2026,500100,DX004,ESK1,F3,10,ZAR,4205981.23,4051560.71,4062380.27,4859608.19,5117747.19,4279742.22,4529102.56,4450170.67,4593943.13,4204651.77,4337118.94,4083262.35,3989258.4,4456569.36,4234873.31,4123000.31
100,0L,1300,2026,500100,DX004,ESK1,F4,10,ZAR,11496463.36,12500184.77,12054591.2,13824502.16,14465619.01,12433398.94,11001346.95,12719700.28,11793309.72,12697331.88,11918372.75,11210379.58,11552169.15,11694187.71,11283347.54,11994644.1
100,0L,1300,2026,500100,DX004,ESK1,F5,10,ZAR,4722435.93,4797692.67,5058768.65,5608703.43,5475328.5,4711149.59,4642793.45,4661639.69,5022900.78,5039170.0,5073595.42,4947391.98,4988182.68,4564454.66,4532188.14,4983302.63
100,0L,1300,2026,500200,DX004,ESK1,F1,10,ZAR,11057468.76,9707047.21,10919691.36,11859848.91,13630590.58,10017716.48,10807019.04,9795524.05,9939148.01,10338399.17,9981589.08,10208842.91,10088483.57,10476333.07,10410984.69,11091681.36
100,0L,1300,2026,500200,DX004,ESK1,F2,10,ZAR,10495877.85,9681309.07,10700738.16,12051684.51,13039065.13,10963508.44,10194977.37,10374123.49,9798299.14,10401103.37,10380037.07,10057158.37,10074362.37,10508517.66,10856490.59,10861374.69
100,0L,1300,2026,500200,DX004,ESK1,F3,10,ZAR,12569412.72,13614496.74,12935308.77,14957161.49,17487685.78,13118649.61,12339966.04,13290010.12,13597660.62,12472104.78,13723948.15,12770344.75,12676376.35,13315583.54,12434907.38,13711356.52
100,0L,1300,2026,500200,DX004,ESK1,F4,10,ZAR,9018092.98,9567673.23,9209422.7,11374193.98,10442912.51,9626972.84,9503891.41,8942150.35,8809288.36,9485193.4,8912884.55,9330312.62,8356493.48,8772287.09,9012699.67,9448789.45
100,0L,1300,2026,500200,DX004,ESK1,F5,10,ZAR,17236799.36,17857791.5,19086282.22,23020971.06,22955139.59,18249658.5,17612191.7,18803232.47,17275091.13,16718732.71,19207227.0,17217993.13,19033583.86,18093786.88,17992421.85,16921565.58
100,0L,1300,2026,500300,DX004,ESK1,F1,10,ZAR,10283267.78,11227380.08,10973577.67,13406831.91,13877701.97,11134866.79,10546133.35,10180690.6,11436549.39,11256088.32,11347732.21,11367538.99,10620154.52,11250420.08,10371340.65,11439576.64
100,0L,1300,2026,500300,DX004,ESK1,F2,10,ZAR,11588773.53,11206457.44,10613699.12,12824033.5,12178530.18,10028446.82,9964855.77,11185799.46,11466460.45,10135791.77,11044667.94,11460447.47,10106377.8,10668523.75,10615413.45,10151035.74
100,0L,1300,2026,500300,DX004,ESK1,F3,10,ZAR,3224770.2,3149673.8,3081064.5,3818563.01,3554358.78,2923846.87,2935169.11,2971572.95,3114892.72,3238976.58,3018573.17,2983956.93,2983618.34,2869313.38,3021543.77,3248316.96
100,0L,1300,2026,500300,DX004,ESK1,F4,10,ZAR,4114336.16,3813944.64,3790858.36,4802335.99,4617402.67,3758435.68,3601660.87,3851881.09,3907772.63,4099046.73,3711631.29,4045339.06,4044150.45,3835886.58,3819212.58,3787127.49
100,0L,1300,2026,500300,DX004,ESK1,F5,10,ZAR,10749624.29,11181321.81,11044647.37,13571784.65,13851612.91,11451588.02,10240081.28,10943299.29,10021029.87,10487516.01,11155077.2,10482449.26,10972886.42,11484719.0,10322326.35,11407147.64
100,0L,1300,2026,510100,DX004,ESK1,F1,10,ZAR,13502760.64,14093495.0,13272461.66,13464835.87,14271969.29,13685819.95,14163145.07,13638965.92,13410287.62,14686415.53,12920235.59,13104941.28,14652622.27,14653221.74,14126985.58,14049124.5
100,0L,1300,2026,510100,DX004,ESK1,F2,10,ZAR,16472686.94,15982568.39,15278458.98,15976081.9,16521230.09,15425023.82,16591968.1,16411814.3,16422616.31,16007538.12,15497493.37,15493906.31,17429204.62,15622963.71,16655961.62,17208722.21
100,0L,1300,2026,510100,DX004,ESK1,F3,10,ZAR,9567161.08,9336776.18,9152461.47,8837824.67,8639017.9,8837989.87,8978326.63,9064358.04,8667288.99,9441052.82,9053645.16,9076497.1,9704502.24,9522366.44,9458909.41,9286466.35
100,0L,1300,2026,510100,DX004,ESK1,F4,10,ZAR,9688272.84,10538444.5,10750070.14,9664060.23,10262641.48,10499002.71,9460217.24,10010391.71,9571930.38,10468668.31,10478645.33,10475705.36,10783338.66,9786674.02,9931304.86,9993414.01
100,0L,1300,2026,510100,DX004,ESK1,F5,10,ZAR,14638305.36,14188873.04,14120778.81,14404207.91,13299974.95,13915607.49,14014113.4,13235070.51,12897754.98,14041303.1,12952198.69,13355753.6,14653815.92,14365298.48,15066352.04,13878432.77
100,0L,1300,2026,520100,DX004,ESK1,F1,10,ZAR,6860432.56,7222859.67,7102589.24,6892804.51,7271657.54,7026404.86,6468958.62,7003745.91,7400721.57,7274724.47,7098502.27,7162964.57,6971213.4,6847160.02,6817466.02,6822557.75
100,0L,1300,2026,520100,DX004,ESK1,F2,10,ZAR,16597151.04,17196894.6,16402919.35,15373800.87,16239226.91,15064273.48,16802970.62,17172018.46,15157210.98,16011723.61,17283752.18,16515735.19,15021158.94,17118569.22,14743728.63,17032272.3
100,0L,1300,2026,520100,DX004,ESK1,F3,10,ZAR,10114658.68,10839949.22,10572195.67,9977952.49,10644056.55,10596837.84,9951946.03,10810674.3,10046551.06,9995881.86,10434030.53,11029992.12,10351566.94,11066949.23,9832802.1,11027550.8
100,0L,1300,2026,520100,DX004,ESK1,F4,10,ZAR,7615213.53,7608689.88,7897322.75,7892721.86,7983084.0,8270920.29,7163195.48,7094204.11,7846871.7,8279964.53,7535324.5,7183339.75,7700820.69,8302002.46,7338441.96,7308456.8
100,0L,1300,2026,520100,DX004,ESK1,F5,10,ZAR,17778819.18,15778437.2,16527681.72,15739676.88,16290953.13,16130356.07,18423861.44,15719932.43,17755037.08,17721735.95,17464616.6,17465576.24,17611699.79,17420895.42,17964139.99,17765217.19
100,0L,1300,2026,520200,DX004,ESK1,F1,10,ZAR,15692814.29,15211105.77,16873870.85,15892635.48,14867908.76,14768088.33,14957368.36,16076282.62,14608491.99,16507432.55,14689745.12,15117526.83,16621969.32,16776800.89,15947595.93,15165350.09
100,0L,1300,2026,520200,DX004,ESK1,F2,10,ZAR,10208568.48,10455703.9,10270571.15,10991625.31,10092954.33,10961561.38,10030653.83,11321747.87,10937695.91,11388598.91,9999293.03,10163406.35,11412480.18,10566673.13,10501168.88,10221694.48
100,0L,1300,2026,520200,DX004,ESK1,F3,10,ZAR,7594867.56,6918023.58,7379232.01,7303127.33,6755605.15,6706494.69,7547960.13,7671155.03,7473095.69,7121461.8,7643294.5,7137111.87,7217908.55,6714376.48,7638817.73,7182171.26
100,0L,1300,2026,520200,DX004,ESK1,F4,10,ZAR,9368838.62,8753114.32,9711845.83,9135370.33,9107247.58,8950357.85,8588316.06,9541094.76,9461956.73,9546402.37,8896865.62,9665054.28,8618140.49,8924789.96,9459036.81,9639152.51
100,0L,1300,2026,520200,DX004,ESK1,F5,10,ZAR,10822958.41,10809324.79,9627989.32,9897658.43,10073066.64,9601885.47,9396862.22,9350839.69,10110364.83,9839172.39,10432960.41,9876618.55,9810692.99,9423243.03,9940378.6,10092283.06
100,0L,1300,2026,530100,DX004,ESK1,F1,10,ZAR,4186160.85,4379479.95,4456120.01,4101309.94,4596151.73,4397744.67,4463986.73,4477166.31,4274007.16,4126722.54,4087962.67,4238186.85,4345795.63,4147017.51,3949096.06,4005801.88
100,0L,1300,2026,530100,DX004,ESK1,F2,10,ZAR,11350181.96,12300395.24,11943229.22,11430602.96,11738942.97,11293554.46,10931751.75,11267569.74,12488054.14,11315187.9,11149747.99,11367614.77,11057249.71,11992522.95,10853662.36,12139955.53
100,0L,1300,2026,530100,DX004,ESK1,F3,10,ZAR,10991455.2,10414007.7,10776758.61,11037060.8,11351039.24,10930764.11,11164935.27,10052704.94,9968079.76,11193453.56,11232782.15,10297350.55,10470550.23,11305705.27,9890473.86,10410289.03
100,0L,1300,2026,530100,DX004,ESK1,F4,10,ZAR,5650195.39,5116499.38,5781814.65,5174724.51,5093756.26,5199835.8,5005318.44,5491530.93,5775709.97,5058710.79,5636067.37,5786520.66,5710207.37,5433319.35,5026222.39,5290451.3
100,0L,1300,2026,530100,DX004,ESK1,F5,10,ZAR,12662317.58,13204772.77,13139881.86,13143386.54,14227699.73,13914172.51,13165598.41,12499934.84,14098502.78,14412643.53,13915953.61,14132314.81,12987538.81,12681612.92,13376646.57,12705101.95
100,0L,1300,2026,540100,DX004,ESK1,F1,10,ZAR,10031492.14,9953389.26,10399182.74,10669813.05,10306831.35,10558927.0,9897691.71,9701458.91,9526970.84,10685343.96,10131125.45,9485466.28,10641658.93,10149828.92,10825321.61,9767324.47
100,0L,1300,2026,540100,DX004,ESK1,F2,10,ZAR,7533391.93,7390572.47,7156016.98,6713349.49,7376761.97,7220999.79,7371348.24,7651732.99,6652115.79,6997994.46,6776315.08,7427349.96,7152009.46,7224279.87,6677558.21,7466876.1
100,0L,1300,2026,540100,DX004,ESK1,F3,10,ZAR,4965315.03,5052935.78,5341599.8,5190391.73,5547025.27,4974597.0,5159559.2,4746880.73,4893009.23,5323297.93,5201947.15,5132309.51,5162216.34,4862351.39,5261458.01,5037297.47
100,0L,1300,2026,540100,DX004,ESK1,F4,10,ZAR,6566156.09,6723150.9,6066978.53,6550080.46,6711385.01,6281576.31,6182592.65,5947293.87,6683767.47,6013271.45,6479069.79,6130362.07,6410856.53,6472521.04,6883472.79,6530982.97
100,0L,1300,2026,540100,DX004,ESK1,F5,10,ZAR,3426073.03,3524490.49,3231322.37,3284755.68,3403536.31,3629385.87,3496118.09,3166400.24,3548449.31,3197998.56,3403331.18,3529506.6,3341806.98,3381759.67,3311632.31,3359507.71
100,0L,1300,2026,150100,DX004,ESK1,F1,10,ZAR,13774361.76,13720484.33,14098800.95,14711562.48,13196338.4,13470571.17,13817617.7,14833444.3,14539638.55,13141753.94,13637047.66,15255883.12,14462225.23,14915476.41,13787296.86,13814753.53
100,0L,1300,2026,150100,DX004,ESK1,F2,10,ZAR,18276387.83,17198792.29,16070753.81,16228141.59,17396576.55,18218052.77,16884009.27,18507704.22,18203926.76,18536178.41,16440897.86,17574291.24,16314272.09,16973360.94,17811454.24,16437107.28
100,0L,1300,2026,150100,DX004,ESK1,F3,10,ZAR,10752357.1,11428754.15,9936892.69,10032067.58,10149513.79,11230561.15,10766086.36,11596645.88,11169633.82,11466502.53,11270995.39,10087315.6,10784862.84,10059003.07,11165860.9,10864341.88
100,0L,1300,2026,150100,DX004,ESK1,F4,10,ZAR,12593309.07,13740511.14,14208010.92,14327810.38,12737630.13,14163587.7,13708095.84,14690579.06,12833571.6,12632602.21,14404821.77,14028612.82,13484511.53,12752798.93,12824395.97,13798350.22
100,0L,1300,2026,150100,DX004,ESK1,F5,10,ZAR,4725536.68,4818783.01,5226611.12,5261727.6,5249087.81,5255705.01,4658377.88,5076474.62,4784154.35,5001128.86,4568087.23,5048139.89,4886857.74,5129201.11,4842225.35,5036332.44
100,0L,1300,2026,150200,DX004,ESK1,F1,10,ZAR,14300061.89,14278383.28,12745942.63,13891502.22,12741769.91,13637594.91,13226241.0,14465125.66,13384622.81,12687576.01,14206301.18,13918171.57,13620189.67,14606948.74,12926789.28,12781162.25
100,0L,1300,2026,150200,DX004,ESK1,F2,10,ZAR,8856595.7,8697090.17,8847762.35,8364401.12,8813013.68,8803837.62,8049257.09,8677037.99,8741310.79,8715260.86,8835484.74,9302567.33,8492644.02,8565551.12,8890476.03,9213954.86
100,0L,1300,2026,150200,DX004,ESK1,F3,10,ZAR,7102764.37,7699491.81,7751779.98,7383146.08,7160434.98,7696827.23,7062442.48,6879831.09,7874252.71,7939384.37,7065656.06,7985075.95,7085448.72,7227457.22,7766755.15,6885150.34
100,0L,1300,2026,150200,DX004,ESK1,F4,10,ZAR,15682712.37,16570974.19,15441723.95,16360313.47,14740872.7,15540335.21,15894313.35,16310122.84,16101347.09,14728790.61,15372151.32,16727250.01,14538649.51,15462159.04,15988372.12,16291497.79
100,0L,1300,2026,150200,DX004,ESK1,F5,10,ZAR,7107172.7,6945613.17,8043252.53,6861824.89,7261478.03,8031504.93,8042844.92,7179903.34,7063868.74,6960585.91,7717555.98,7540650.18,7198815.1,7418783.46,7901044.24,6929127.92
100,0L,1300,2026,150300,DX004,ESK1,F1,10,ZAR,11833074.45,10466126.92,11188022.56,10507557.53,10539014.32,11905104.63,10411681.02,11377827.79,10736373.79,10287752.76,11513436.54,11187026.49,11223000.87,10830389.49,11169469.49,11101539.21
100,0L,1300,2026,150300,DX004,ESK1,F2,10,ZAR,7131211.15,7125297.0,7249138.03,6887460.16,6409271.89,7179030.32,6969787.96,7058405.13,6386046.8,6962461.51,6944251.72,6882369.64,6877659.04,7359408.3,7043835.3,7169327.5
100,0L,1300,2026,150300,DX004,ESK1,F3,10,ZAR,5390916.76,5649789.68,5256173.23,5480462.79,5254045.24,5495494.03,4980889.11,5133838.5,5255779.87,5263100.23,5287981.34,5632013.94,4976726.77,4913850.86,5296443.5,5459006.48
100,0L,1300,2026,150300,DX004,ESK1,F4,10,ZAR,18531572.83,17173276.94,16604113.71,17834990.15,16468273.54,16110890.48,15971467.9,18456281.96,17777981.75,17004262.96,18184896.54,16150016.79,17369771.72,16353369.4,17726927.34,17565808.41
100,0L,1300,2026,150300,DX004,ESK1,F5,10,ZAR,14589962.71,13490273.57,13798440.08,13309967.07,14104528.16,14347919.92,13334039.25,13800840.51,13777674.96,14460435.57,14298450.21,14270975.51,13735302.91,13169183.1,14051700.74,14260358.54
