MANDT,BUKRS,GJAHR,BELNR,MONAT,BUDAT,BLDAT,BLART,STBLG,BKTXT
100,1300,2026,7000000001,4,20260417,20260417,AB,,SYNTHETIC DEMO DOCUMENT
100,1000,2025,7000000002,10,20251028,20251028,KR,,SYNTHETIC DEMO DOCUMENT
100,1200,2026,7000000003,5,20260516,20260516,SA,,SYNTHETIC DEMO DOCUMENT
100,1100,2025,7000000004,7,20250709,20250709,AB,,SYNTHETIC DEMO DOCUMENT
100,1300,2025,7000000005,6,20250604,20250604,KR,,SYNTHETIC DEMO DOCUMENT
100,1200,2025,7000000006,6,20250623,20250623,KR,,SYNTHETIC DEMO DOCUMENT
100,1100,2026,7000000007,8,20260818,20260818,AB,,SYNTHETIC DEMO DOCUMENT
100,1100,2026,7000000008,4,20260407,20260407,SA,,SYNTHETIC DEMO DOCUMENT
100,1300,2025,7000000009,9,20250922,20250922,DR,,SYNTHETIC DEMO DOCUMENT
100,1300,2025,7000000010,5,20250529,20250529,KR,,SYNTHETIC DEMO DOCUMENT
100,1100,2025,7000000011,6,20250628,20250628,KR,7000000010,SYNTHETIC DEMO DOCUMENT
100,1300,2026,7000000012,3,20260311,20260311,KR,,SYNTHETIC DEMO DOCUMENT
100,1300,2026,7000000013,6,20260614,20260614,DR,,SYNTHETIC DEMO DOCUMENT
100,1200,2026,7000000014,3,20260309,20260309,DR,,SYNTHETIC DEMO DOCUMENT
100,1200,2025,7000000015,4,20250424,20250424,KR,,SYNTHETIC DEMO DOCUMENT
100,1300,2026,7000000016,6,20260628,20260628,DR,,SYNTHETIC DEMO DOCUMENT
100,1100,2026,7000000017,5,20260519,20260519,KR,,SYNTHETIC DEMO DOCUMENT
100,1000,2026,7000000018,5,20260526,20260526,KR,,SYNTHETIC DEMO DOCUMENT
100,1300,2026,7000000019,9,20260905,20260905,KR,,SYNTHETIC DEMO DOCUMENT
100,1100,2025,7000000020,10,20251014,20251014,AB,,SYNTHETIC DEMO DOCUMENT
100,1200,2026,7000000021,8,20260807,20260807,KR,,SYNTHETIC DEMO DOCUMENT
100,1300,2026,7000000022,6,20260602,20260602,DR,,SYNTHETIC DEMO DOCUMENT
100,1100,2026,7000000023,9,20260926,20260926,AB,,SYNTHETIC DEMO DOCUMENT
100,1100,2026,7000000024,6,20260625,20260625,KR,,SYNTHETIC DEMO DOCUMENT
100,1200,2026,7000000025,6,20260605,20260605,KR,,SYNTHETIC DEMO DOCUMENT
100,1100,2026,7000000026,5,20260512,20260512,SA,,SYNTHETIC DEMO DOCUMENT
100,1200,2025,7000000027,7,20250718,20250718,DR,,SYNTHETIC DEMO DOCUMENT
100,1100,2025,7000000028,10,20251031,20251031,KR,,SYNTHETIC DEMO DOCUMENT
100,1300,2025,7000000029,4,20250407,20250407,SA,,SYNTHETIC DEMO DOCUMENT
100,1100,2025,7000000030,4,20250411,20250411,DR,,SYNTHETIC DEMO DOCUMENT
100,1100,2025,7000000031,10,20251021,20251021,AB,,SYNTHETIC DEMO DOCUMENT
100,1100,2026,7000000032,1,20260107,20260107,KR,,SYNTHETIC DEMO DOCUMENT
100,1200,2026,7000000033,7,20260711,20260711,AB,,SYNTHETIC DEMO DOCUMENT
100,1000,2025,7000000034,7,20250704,20250704,DR,,SYNTHETIC DEMO DOCUMENT
100,1300,2026,7000000035,6,20260617,20260617,SA,,SYNTHETIC DEMO DOCUMENT
100,1100,2026,7000000036,5,20260526,20260526,AB,,SYNTHETIC DEMO DOCUMENT
100,1000,2026,7000000037,8,20260828,20260828,DR,,SYNTHETIC DEMO DOCUMENT
100,1000,2025,7000000038,6,20250605,20250605,AB,,SYNTHETIC DEMO DOCUMENT
100,1100,2026,7000000039,9,20260926,20260926,AB,,SYNTHETIC DEMO DOCUMENT
100,1100,2025,7000000040,8,20250802,20250802,SA,,SYNTHETIC DEMO DOCUMENT
100,1200,2025,7000000041,9,20250927,20250927,SA,,SYNTHETIC DEMO DOCUMENT
100,1000,2026,7000000042,1,20260116,20260116,DR,,SYNTHETIC DEMO DOCUMENT
100,1000,2026,7000000043,7,20260728,20260728,AB,,SYNTHETIC DEMO DOCUMENT
100,1300,2025,7000000044,9,20250914,20250914,KR,,SYNTHETIC DEMO DOCUMENT
100,1300,2026,7000000045,8,20260810,20260810,KR,,SYNTHETIC DEMO DOCUMENT
100,1100,2026,7000000046,5,20260520,20260520,AB,,SYNTHETIC DEMO DOCUMENT
100,1300,2026,7000000047,3,20260325,20260325,KR,,SYNTHETIC DEMO DOCUMENT
100,1200,2025,7000000048,12,20251214,20251214,DR,,SYNTHETIC DEMO DOCUMENT
100,1100,2026,7000000049,5,20260512,20260512,KR,,SYNTHETIC DEMO DOCUMENT
100,1100,2025,7000000050,7,20250706,20250706,DR,,SYNTHETIC DEMO DOCUMENT
100,1300,2025,7000000051,5,20250526,20250526,SA,,SYNTHETIC DEMO DOCUMENT
100,1000,2026,7000000052,8,20260811,20260811,KR,,SYNTHETIC DEMO DOCUMENT
100,1100,2026,7000000053,4,20260412,20260412,SA,,SYNTHETIC DEMO DOCUMENT
100,1200,2026,7000000054,2,20260223,20260223,KR,,SYNTHETIC DEMO DOCUMENT
100,1000,2026,7000000055,8,20260823,20260823,KR,,SYNTHETIC DEMO DOCUMENT
100,1100,2025,7000000056,7,20250712,20250712,DR,,SYNTHETIC DEMO DOCUMENT
100,1000,2026,7000000057,3,20260312,20260312,DR,,SYNTHETIC DEMO DOCUMENT
100,1300,2026,7000000058,3,20260329,20260329,DR,,SYNTHETIC DEMO DOCUMENT
100,1100,2026,7000000059,1,20260113,20260113,DR,,SYNTHETIC DEMO DOCUMENT
100,1300,2025,7000000060,7,20250729,20250729,KR,,SYNTHETIC DEMO DOCUMENT
100,1100,2026,7000000061,5,20260501,20260501,SA,,SYNTHETIC DEMO DOCUMENT
100,1000,2025,7000000062,10,20251021,20251021,SA,,SYNTHETIC DEMO DOCUMENT
100,1300,2025,7000000063,6,20250608,20250608,DR,,SYNTHETIC DEMO DOCUMENT
100,1000,2025,7000000064,9,20250907,20250907,DR,,SYNTHETIC DEMO DOCUMENT
100,1000,2025,7000000065,12,20251207,20251207,KR,,SYNTHETIC DEMO DOCUMENT
100,1100,2025,7000000066,6,20250628,20250628,DR,,SYNTHETIC DEMO DOCUMENT
100,1100,2026,7000000067,3,20260309,20260309,SA,,SYNTHETIC DEMO DOCUMENT
100,1200,2025,7000000068,12,20251220,20251220,SA,,SYNTHETIC DEMO DOCUMENT
100,1100,2025,7000000069,9,20250921,20250921,DR,,SYNTHETIC DEMO DOCUMENT
100,1200,2026,7000000070,4,20260407,20260407,KR,,SYNTHETIC DEMO DOCUMENT
100,1100,2025,7000000071,4,20250422,20250422,DR,,SYNTHETIC DEMO DOCUMENT
100,1100,2025,7000000072,9,20250927,20250927,DR,,SYNTHETIC DEMO DOCUMENT
100,1200,2025,7000000073,11,20251114,20251114,KR,,SYNTHETIC DEMO DOCUMENT
100,1200,2025,7000000074,12,20251220,20251220,AB,,SYNTHETIC DEMO DOCUMENT
100,1000,2025,7000000075,11,20251105,20251105,KR,,SYNTHETIC DEMO DOCUMENT
100,1100,2026,7000000076,3,20260311,20260311,DR,,SYNTHETIC DEMO DOCUMENT
100,1300,2026,7000000077,7,20260714,20260714,KR,,SYNTHETIC DEMO DOCUMENT
100,1100,2026,7000000078,3,20260322,20260322,KR,,SYNTHETIC DEMO DOCUMENT
100,1200,2025,7000000079,9,20250909,20250909,DR,,SYNTHETIC DEMO DOCUMENT
100,1100,2026,7000000080,2,20260227,20260227,KR,,SYNTHETIC DEMO DOCUMENT
100,1200,2025,7000000081,12,20251226,20251226,KR,,SYNTHETIC DEMO DOCUMENT
100,1000,2025,7000000082,9,20250919,20250919,DR,,SYNTHETIC DEMO DOCUMENT
100,1200,2025,7000000083,4,20250425,20250425,KR,,SYNTHETIC DEMO DOCUMENT
100,1100,2025,7000000084,9,20250927,20250927,DR,,SYNTHETIC DEMO DOCUMENT
100,1100,2026,7000000085,7,20260713,20260713,DR,,SYNTHETIC DEMO DOCUMENT
100,1100,2025,7000000086,11,20251118,20251118,DR,,SYNTHETIC DEMO DOCUMENT
100,1100,2025,7000000087,12,20251223,20251223,KR,,SYNTHETIC DEMO DOCUMENT
100,1100,2026,7000000088,4,20260411,20260411,SA,,SYNTHETIC DEMO DOCUMENT
100,1100,2026,7000000089,5,20260504,20260504,KR,,SYNTHETIC DEMO DOCUMENT
100,1300,2026,7000000090,8,20260813,20260813,SA,,SYNTHETIC DEMO DOCUMENT
100,1100,2025,7000000091,10,20251013,20251013,KR,,SYNTHETIC DEMO DOCUMENT
100,1300,2025,7000000092,6,20250603,20250603,SA,,SYNTHETIC DEMO DOCUMENT
100,1200,2025,7000000093,5,20250513,20250513,DR,,SYNTHETIC DEMO DOCUMENT
100,1000,2026,7000000094,4,20260428,20260428,KR,,SYNTHETIC DEMO DOCUMENT
100,1100,2025,7000000095,4,20250426,20250426,KR,,SYNTHETIC DEMO DOCUMENT
100,1200,2025,7000000096,12,20251231,20251231,KR,,SYNTHETIC DEMO DOCUMENT
100,1100,2025,7000000097,8,20250814,20250814,DR,,SYNTHETIC DEMO DOCUMENT
100,1200,2025,7000000098,12,20251228,20251228,KR,,SYNTHETIC DEMO DOCUMENT
100,1100,2026,7000000099,7,20260701,20260701,KR,,SYNTHETIC DEMO DOCUMENT
100,1100,2026,7000000100,3,20260312,20260312,AB,,SYNTHETIC DEMO DOCUMENT
100,1100,2026,7000000101,5,20260527,20260527,AB,,SYNTHETIC DEMO DOCUMENT
100,1000,2025,7000000102,8,20250828,20250828,KR,,SYNTHETIC DEMO DOCUMENT
100,1100,2026,7000000103,2,20260226,20260226,AB,,SYNTHETIC DEMO DOCUMENT
100,1100,2025,7000000104,6,20250610,20250610,DR,,SYNTHETIC DEMO DOCUMENT
100,1200,2025,7000000105,11,20251112,20251112,DR,,SYNTHETIC DEMO DOCUMENT
100,1000,2026,7000000106,1,20260120,20260120,AB,,SYNTHETIC DEMO DOCUMENT
100,1100,2025,7000000107,12,20251203,20251203,DR,,SYNTHETIC DEMO DOCUMENT
100,1000,2025,7000000108,5,20250518,20250518,DR,,SYNTHETIC DEMO DOCUMENT
100,1300,2026,7000000109,9,20260920,20260920,KR,,SYNTHETIC DEMO DOCUMENT
100,1300,2025,7000000110,5,20250509,20250509,KR,,SYNTHETIC DEMO DOCUMENT
100,1300,2026,7000000111,9,20260909,20260909,DR,,SYNTHETIC DEMO DOCUMENT
100,1200,2025,7000000112,4,20250406,20250406,AB,,SYNTHETIC DEMO DOCUMENT
100,1100,2026,7000000113,4,20260429,20260429,AB,,SYNTHETIC DEMO DOCUMENT
100,1100,2026,7000000114,2,20260211,20260211,KR,,SYNTHETIC DEMO DOCUMENT
100,1000,2025,7000000115,11,20251130,20251130,KR,,SYNTHETIC DEMO DOCUMENT
100,1100,2025,7000000116,7,20250728,20250728,DR,,SYNTHETIC DEMO DOCUMENT
100,1100,2025,7000000117,6,20250607,20250607,DR,,SYNTHETIC DEMO DOCUMENT
100,1300,2026,7000000118,9,20260920,20260920,DR,,SYNTHETIC DEMO DOCUMENT
100,1100,2026,7000000119,2,20260214,20260214,DR,,SYNTHETIC DEMO DOCUMENT
100,1300,2025,7000000120,11,20251104,20251104,DR,,SYNTHETIC DEMO DOCUMENT
100,1000,2025,7000000121,9,20250918,20250918,KR,,SYNTHETIC DEMO DOCUMENT
100,1000,2026,7000000122,8,20260825,20260825,KR,,SYNTHETIC DEMO DOCUMENT
100,1100,2025,7000000123,8,20250828,20250828,KR,,SYNTHETIC DEMO DOCUMENT
100,1100,2025,7000000124,7,20250702,20250702,KR,,SYNTHETIC DEMO DOCUMENT
100,1100,2025,7000000125,7,20250711,20250711,KR,,SYNTHETIC DEMO DOCUMENT
100,1000,2025,7000000126,7,20250702,20250702,KR,,SYNTHETIC DEMO DOCUMENT
100,1300,2025,7000000127,11,20251127,20251127,DR,,SYNTHETIC DEMO DOCUMENT
100,1100,2025,7000000128,11,20251115,20251115,KR,,SYNTHETIC DEMO DOCUMENT
100,1000,2025,7000000129,7,20250715,20250715,KR,,SYNTHETIC DEMO DOCUMENT
100,1000,2025,7000000130,9,20250921,20250921,KR,,SYNTHETIC DEMO DOCUMENT
100,1000,2026,7000000131,2,20260205,20260205,KR,,SYNTHETIC DEMO DOCUMENT
100,1000,2025,7000000132,4,20250413,20250413,KR,,SYNTHETIC DEMO DOCUMENT
100,1100,2025,7000000133,8,20250808,20250808,DR,,SYNTHETIC DEMO DOCUMENT
100,1000,2025,7000000134,12,20251214,20251214,KR,,SYNTHETIC DEMO DOCUMENT
100,1100,2026,7000000135,7,20260728,20260728,KR,,SYNTHETIC DEMO DOCUMENT
100,1300,2025,7000000136,6,20250612,20250612,KR,,SYNTHETIC DEMO DOCUMENT
100,1100,2026,7000000137,6,20260614,20260614,KR,,SYNTHETIC DEMO DOCUMENT
100,1200,2025,7000000138,5,20250514,20250514,SA,,SYNTHETIC DEMO DOCUMENT
100,1200,2025,7000000139,6,20250618,20250618,DR,,SYNTHETIC DEMO DOCUMENT
100,1300,2025,7000000140,7,20250726,20250726,DR,,SYNTHETIC DEMO DOCUMENT
100,1000,2025,7000000141,5,20250527,20250527,DR,,SYNTHETIC DEMO DOCUMENT
100,1000,2025,7000000142,12,20251230,20251230,KR,,SYNTHETIC DEMO DOCUMENT
100,1100,2026,7000000143,8,20260810,20260810,KR,,SYNTHETIC DEMO DOCUMENT
100,1000,2025,7000000144,11,20251107,20251107,KR,,SYNTHETIC DEMO DOCUMENT
100,1300,2026,7000000145,7,20260721,20260721,KR,,SYNTHETIC DEMO DOCUMENT
100,1300,2025,7000000146,8,20250809,20250809,DR,,SYNTHETIC DEMO DOCUMENT
100,1200,2025,7000000147,6,20250608,20250608,AB,,SYNTHETIC DEMO DOCUMENT
100,1100,2025,7000000148,9,20250901,20250901,SA,,SYNTHETIC DEMO DOCUMENT
100,1300,2026,7000000149,2,20260217,20260217,AB,,SYNTHETIC DEMO DOCUMENT
100,1000,2025,7000000150,5,20250518,20250518,DR,,SYNTHETIC DEMO DOCUMENT
100,1100,2026,7000000151,4,20260415,20260415,DR,,SYNTHETIC DEMO DOCUMENT
100,1200,2026,7000000152,2,20260217,20260217,SA,,SYNTHETIC DEMO DOCUMENT
100,1100,2026,7000000153,6,20260614,20260614,DR,,SYNTHETIC DEMO DOCUMENT
100,1000,2025,7000000154,8,20250805,20250805,DR,,SYNTHETIC DEMO DOCUMENT
100,1100,2026,7000000155,7,20260731,20260731,AB,,SYNTHETIC DEMO DOCUMENT
100,1000,2025,7000000156,6,20250607,20250607,KR,,SYNTHETIC DEMO DOCUMENT
100,1200,2026,7000000157,9,20260905,20260905,KR,,SYNTHETIC DEMO DOCUMENT
100,1100,2026,7000000158,3,20260310,20260310,AB,,SYNTHETIC DEMO DOCUMENT
100,1300,2025,7000000159,12,20251227,20251227,AB,,SYNTHETIC DEMO DOCUMENT
100,1100,2025,7000000160,8,20250819,20250819,KR,,SYNTHETIC DEMO DOCUMENT
100,1200,2026,7000000161,6,20260615,20260615,KR,,SYNTHETIC DEMO DOCUMENT
100,1200,2026,7000000162,5,20260530,20260530,KR,,SYNTHETIC DEMO DOCUMENT
100,1000,2026,7000000163,1,20260109,20260109,KR,,SYNTHETIC DEMO DOCUMENT
100,1300,2025,7000000164,8,20250827,20250827,KR,,SYNTHETIC DEMO DOCUMENT
100,1200,2025,7000000165,9,20250914,20250914,DR,,SYNTHETIC DEMO DOCUMENT
100,1000,2025,7000000166,8,20250822,20250822,KR,,SYNTHETIC DEMO DOCUMENT
100,1300,2026,7000000167,4,20260417,20260417,SA,,SYNTHETIC DEMO DOCUMENT
100,1300,2025,7000000168,8,20250821,20250821,AB,,SYNTHETIC DEMO DOCUMENT
100,1200,2026,7000000169,2,20260213,20260213,KR,,SYNTHETIC DEMO DOCUMENT
100,1100,2025,7000000170,8,20250810,20250810,KR,,SYNTHETIC DEMO DOCUMENT
100,1100,2025,7000000171,7,20250722,20250722,DR,,SYNTHETIC DEMO DOCUMENT
100,1000,2026,7000000172,4,20260423,20260423,KR,,SYNTHETIC DEMO DOCUMENT
100,1300,2026,7000000173,5,20260519,20260519,DR,,SYNTHETIC DEMO DOCUMENT
100,1100,2025,7000000174,5,20250521,20250521,DR,,SYNTHETIC DEMO DOCUMENT
100,1100,2026,7000000175,2,20260211,20260211,DR,,SYNTHETIC DEMO DOCUMENT
100,1000,2025,7000000176,4,20250405,20250405,AB,,SYNTHETIC DEMO DOCUMENT
100,1300,2025,7000000177,8,20250807,20250807,DR,,SYNTHETIC DEMO DOCUMENT
100,1200,2026,7000000178,4,20260401,20260401,DR,,SYNTHETIC DEMO DOCUMENT
100,1100,2025,7000000179,11,20251117,20251117,KR,,SYNTHETIC DEMO DOCUMENT
100,1200,2026,7000000180,2,20260219,20260219,KR,,SYNTHETIC DEMO DOCUMENT
100,1100,2025,7000000181,11,20251101,20251101,AB,,SYNTHETIC DEMO DOCUMENT
100,1000,2025,7000000182,9,20250913,20250913,DR,,SYNTHETIC DEMO DOCUMENT
100,1200,2025,7000000183,5,20250524,20250524,KR,,SYNTHETIC DEMO DOCUMENT
100,1200,2026,7000000184,1,20260130,20260130,KR,,SYNTHETIC DEMO DOCUMENT
100,1100,2026,7000000185,7,20260701,20260701,DR,,SYNTHETIC DEMO DOCUMENT
100,1200,2025,7000000186,9,20250910,20250910,DR,,SYNTHETIC DEMO DOCUMENT
100,1300,2025,7000000187,7,20250702,20250702,AB,,SYNTHETIC DEMO DOCUMENT
100,1200,2025,7000000188,8,20250804,20250804,AB,,SYNTHETIC DEMO DOCUMENT
100,1300,2025,7000000189,5,20250508,20250508,DR,,SYNTHETIC DEMO DOCUMENT
100,1300,2026,7000000190,6,20260616,20260616,SA,,SYNTHETIC DEMO DOCUMENT
100,1100,2026,7000000191,9,20260917,20260917,SA,,SYNTHETIC DEMO DOCUMENT
100,1300,2025,7000000192,7,20250717,20250717,KR,,SYNTHETIC DEMO DOCUMENT
100,1100,2026,7000000193,9,20260903,20260903,AB,,SYNTHETIC DEMO DOCUMENT
100,1000,2025,7000000194,7,20250726,20250726,DR,,SYNTHETIC DEMO DOCUMENT
100,1000,2025,7000000195,8,20250821,20250821,KR,,SYNTHETIC DEMO DOCUMENT
100,1200,2025,7000000196,11,20251108,20251108,DR,,SYNTHETIC DEMO DOCUMENT
100,1100,2025,7000000197,9,20250909,20250909,KR,,SYNTHETIC DEMO DOCUMENT
100,1000,2026,7000000198,3,20260314,20260314,SA,,SYNTHETIC DEMO DOCUMENT
100,1000,2026,7000000199,2,20260211,20260211,KR,,SYNTHETIC DEMO DOCUMENT
100,1000,2026,7000000200,7,20260719,20260719,KR,,SYNTHETIC DEMO DOCUMENT
100,1000,2025,7000000201,6,20250614,20250614,DR,,SYNTHETIC DEMO DOCUMENT
100,1300,2025,7000000202,8,20250812,20250812,KR,,SYNTHETIC DEMO DOCUMENT
100,1100,2025,7000000203,7,20250712,20250712,AB,,SYNTHETIC DEMO DOCUMENT
100,1000,2026,7000000204,7,20260729,20260729,AB,,SYNTHETIC DEMO DOCUMENT
100,1000,2025,7000000205,12,20251202,20251202,DR,,SYNTHETIC DEMO DOCUMENT
100,1100,2025,7000000206,10,20251027,20251027,KR,,SYNTHETIC DEMO DOCUMENT
100,1000,2025,7000000207,8,20250824,20250824,KR,,SYNTHETIC DEMO DOCUMENT
100,1000,2025,7000000208,4,20250407,20250407,SA,,SYNTHETIC DEMO DOCUMENT
100,1100,2026,7000000209,8,20260807,20260807,KR,,SYNTHETIC DEMO DOCUMENT
100,1000,2026,7000000210,4,20260409,20260409,KR,,SYNTHETIC DEMO DOCUMENT
100,1300,2025,7000000211,7,20250706,20250706,AB,,SYNTHETIC DEMO DOCUMENT
100,1100,2026,7000000212,1,20260121,20260121,DR,,SYNTHETIC DEMO DOCUMENT
100,1100,2026,7000000213,5,20260525,20260525,KR,,SYNTHETIC DEMO DOCUMENT
100,1200,2026,7000000214,2,20260212,20260212,DR,,SYNTHETIC DEMO DOCUMENT
100,1000,2026,7000000215,8,20260805,20260805,KR,,SYNTHETIC DEMO DOCUMENT
100,1000,2025,7000000216,8,20250811,20250811,KR,,SYNTHETIC DEMO DOCUMENT
100,1300,2025,7000000217,12,20251203,20251203,DR,,SYNTHETIC DEMO DOCUMENT
100,1100,2025,7000000218,8,20250821,20250821,KR,,SYNTHETIC DEMO DOCUMENT
100,1100,2026,7000000219,4,20260416,20260416,DR,,SYNTHETIC DEMO DOCUMENT
100,1200,2026,7000000220,4,20260415,20260415,SA,,SYNTHETIC DEMO DOCUMENT
100,1300,2025,7000000221,10,20251007,20251007,DR,,SYNTHETIC DEMO DOCUMENT
100,1100,2025,7000000222,10,20251020,20251020,SA,,SYNTHETIC DEMO DOCUMENT
100,1000,2025,7000000223,6,20250601,20250601,KR,,SYNTHETIC DEMO DOCUMENT
100,1300,2026,7000000224,8,20260829,20260829,SA,,SYNTHETIC DEMO DOCUMENT
100,1300,2026,7000000225,5,20260531,20260531,KR,,SYNTHETIC DEMO DOCUMENT
100,1300,2025,7000000226,6,20250626,20250626,DR,,SYNTHETIC DEMO DOCUMENT
100,1000,2025,7000000227,7,20250718,20250718,KR,,SYNTHETIC DEMO DOCUMENT
100,1100,2026,7000000228,4,20260417,20260417,DR,,SYNTHETIC DEMO DOCUMENT
100,1200,2025,7000000229,10,20251022,20251022,KR,,SYNTHETIC DEMO DOCUMENT
100,1200,2026,7000000230,9,20260923,20260923,AB,,SYNTHETIC DEMO DOCUMENT
100,1100,2026,7000000231,3,20260310,20260310,KR,,SYNTHETIC DEMO DOCUMENT
100,1100,2025,7000000232,4,20250412,20250412,AB,,SYNTHETIC DEMO DOCUMENT
100,1200,2025,7000000233,7,20250701,20250701,AB,,SYNTHETIC DEMO DOCUMENT
100,1300,2025,7000000234,10,20251006,20251006,KR,,SYNTHETIC DEMO DOCUMENT
100,1200,2025,7000000235,9,20250916,20250916,SA,,SYNTHETIC DEMO DOCUMENT
100,1000,2025,7000000236,8,20250819,20250819,DR,,SYNTHETIC DEMO DOCUMENT
100,1000,2025,7000000237,4,20250406,20250406,AB,,SYNTHETIC DEMO DOCUMENT
100,1100,2025,7000000238,6,20250626,20250626,SA,,SYNTHETIC DEMO DOCUMENT
100,1000,2026,7000000239,3,20260318,20260318,KR,,SYNTHETIC DEMO DOCUMENT
100,1200,2025,7000000240,7,20250728,20250728,SA,,SYNTHETIC DEMO DOCUMENT
100,1200,2025,7000000241,5,20250511,20250511,SA,,SYNTHETIC DEMO DOCUMENT
100,1100,2026,7000000242,7,20260730,20260730,AB,,SYNTHETIC DEMO DOCUMENT
100,1100,2025,7000000243,6,20250616,20250616,KR,,SYNTHETIC DEMO DOCUMENT
100,1100,2026,7000000244,4,20260414,20260414,SA,,SYNTHETIC DEMO DOCUMENT
100,1100,2025,7000000245,11,20251103,20251103,KR,,SYNTHETIC DEMO DOCUMENT
100,1100,2025,7000000246,10,20251019,20251019,AB,,SYNTHETIC DEMO DOCUMENT
100,1100,2025,7000000247,4,20250426,20250426,SA,,SYNTHETIC DEMO DOCUMENT
100,1300,2025,7000000248,5,20250521,20250521,SA,,SYNTHETIC DEMO DOCUMENT
100,1100,2025,7000000249,4,20250408,20250408,KR,,SYNTHETIC DEMO DOCUMENT
100,1000,2026,7000000250,6,20260612,20260612,DR,,SYNTHETIC DEMO DOCUMENT
100,1100,2026,7000000251,6,20260607,20260607,KR,,SYNTHETIC DEMO DOCUMENT
100,1000,2025,7000000252,8,20250814,20250814,AB,,SYNTHETIC DEMO DOCUMENT
100,1200,2026,7000000253,5,20260521,20260521,KR,,SYNTHETIC DEMO DOCUMENT
100,1100,2026,7000000254,7,20260719,20260719,KR,,SYNTHETIC DEMO DOCUMENT
100,1300,2025,7000000255,9,20250923,20250923,SA,,SYNTHETIC DEMO DOCUMENT
100,1000,2026,7000000256,6,20260611,20260611,SA,,SYNTHETIC DEMO DOCUMENT
100,1300,2025,7000000257,9,20250925,20250925,KR,,SYNTHETIC DEMO DOCUMENT
100,1100,2026,7000000258,9,20260924,20260924,DR,,SYNTHETIC DEMO DOCUMENT
100,1100,2026,7000000259,7,20260725,20260725,DR,,SYNTHETIC DEMO DOCUMENT
100,1100,2025,7000000260,4,20250420,20250420,DR,,SYNTHETIC DEMO DOCUMENT
100,1100,2026,7000000261,1,20260104,20260104,DR,,SYNTHETIC DEMO DOCUMENT
100,1100,2026,7000000262,7,20260729,20260729,DR,,SYNTHETIC DEMO DOCUMENT
100,1300,2025,7000000263,4,20250415,20250415,DR,,SYNTHETIC DEMO DOCUMENT
100,1200,2025,7000000264,9,20250909,20250909,KR,,SYNTHETIC DEMO DOCUMENT
100,1200,2025,7000000265,9,20250923,20250923,DR,,SYNTHETIC DEMO DOCUMENT
100,1100,2025,7000000266,4,20250416,20250416,AB,,SYNTHETIC DEMO DOCUMENT
100,1100,2026,7000000267,7,20260727,20260727,DR,,SYNTHETIC DEMO DOCUMENT
100,1100,2025,7000000268,12,20251210,20251210,KR,,SYNTHETIC DEMO DOCUMENT
100,1200,2025,7000000269,5,20250520,20250520,SA,,SYNTHETIC DEMO DOCUMENT
100,1200,2025,7000000270,7,20250705,20250705,SA,,SYNTHETIC DEMO DOCUMENT
100,1000,2026,7000000271,4,20260414,20260414,SA,,SYNTHETIC DEMO DOCUMENT
100,1100,2025,7000000272,4,20250416,20250416,DR,,SYNTHETIC DEMO DOCUMENT
100,1100,2026,7000000273,2,20260214,20260214,KR,,SYNTHETIC DEMO DOCUMENT
100,1000,2025,7000000274,5,20250521,20250521,AB,,SYNTHETIC DEMO DOCUMENT
100,1000,2025,7000000275,7,20250712,20250712,AB,,SYNTHETIC DEMO DOCUMENT
100,1000,2025,7000000276,12,20251201,20251201,KR,,SYNTHETIC DEMO DOCUMENT
100,1000,2025,7000000277,8,20250822,20250822,DR,,SYNTHETIC DEMO DOCUMENT
100,1200,2026,7000000278,6,20260613,20260613,KR,,SYNTHETIC DEMO DOCUMENT
100,1300,2026,7000000279,4,20260405,20260405,DR,,SYNTHETIC DEMO DOCUMENT
100,1000,2026,7000000280,1,20260130,20260130,AB,,SYNTHETIC DEMO DOCUMENT
100,1300,2025,7000000281,10,20251013,20251013,KR,,SYNTHETIC DEMO DOCUMENT
100,1100,2026,7000000282,1,20260117,20260117,AB,,SYNTHETIC DEMO DOCUMENT
100,1000,2026,7000000283,4,20260428,20260428,KR,,SYNTHETIC DEMO DOCUMENT
100,1100,2026,7000000284,1,20260126,20260126,AB,,SYNTHETIC DEMO DOCUMENT
100,1100,2025,7000000285,11,20251125,20251125,KR,,SYNTHETIC DEMO DOCUMENT
100,1100,2025,7000000286,10,20251012,20251012,KR,,SYNTHETIC DEMO DOCUMENT
100,1300,2026,7000000287,4,20260405,20260405,KR,,SYNTHETIC DEMO DOCUMENT
100,1200,2025,7000000288,4,20250427,20250427,KR,,SYNTHETIC DEMO DOCUMENT
100,1300,2026,7000000289,7,20260710,20260710,KR,,SYNTHETIC DEMO DOCUMENT
100,1100,2026,7000000290,5,20260513,20260513,SA,,SYNTHETIC DEMO DOCUMENT
100,1000,2026,7000000291,4,20260423,20260423,SA,,SYNTHETIC DEMO DOCUMENT
100,1000,2025,7000000292,7,20250720,20250720,KR,,SYNTHETIC DEMO DOCUMENT
100,1100,2026,7000000293,9,20260925,20260925,AB,,SYNTHETIC DEMO DOCUMENT
100,1200,2026,7000000294,2,20260224,20260224,SA,,SYNTHETIC DEMO DOCUMENT
100,1100,2025,7000000295,8,20250810,20250810,AB,,SYNTHETIC DEMO DOCUMENT
100,1200,2025,7000000296,10,20251011,20251011,SA,,SYNTHETIC DEMO DOCUMENT
100,1300,2025,7000000297,12,20251220,20251220,DR,,SYNTHETIC DEMO DOCUMENT
100,1100,2026,7000000298,4,20260425,20260425,DR,,SYNTHETIC DEMO DOCUMENT
100,1200,2025,7000000299,8,20250811,20250811,KR,,SYNTHETIC DEMO DOCUMENT
100,1100,2026,7000000300,5,20260506,20260506,KR,,SYNTHETIC DEMO DOCUMENT
100,1000,2025,7000000301,10,20251004,20251004,DR,,SYNTHETIC DEMO DOCUMENT
100,1300,2025,7000000302,6,20250606,20250606,KR,,SYNTHETIC DEMO DOCUMENT
100,1300,2026,7000000303,9,20260927,20260927,AB,,SYNTHETIC DEMO DOCUMENT
100,1100,2026,7000000304,2,20260224,20260224,DR,,SYNTHETIC DEMO DOCUMENT
100,1200,2026,7000000305,5,20260523,20260523,SA,,SYNTHETIC DEMO DOCUMENT
100,1100,2025,7000000306,10,20251008,20251008,KR,,SYNTHETIC DEMO DOCUMENT
100,1100,2026,7000000307,3,20260314,20260314,KR,,SYNTHETIC DEMO DOCUMENT
100,1000,2025,7000000308,11,20251123,20251123,KR,7000000307,SYNTHETIC DEMO DOCUMENT
100,1300,2026,7000000309,1,20260116,20260116,AB,,SYNTHETIC DEMO DOCUMENT
100,1100,2026,7000000310,1,20260129,20260129,KR,,SYNTHETIC DEMO DOCUMENT
100,1100,2026,7000000311,2,20260207,20260207,KR,,SYNTHETIC DEMO DOCUMENT
100,1100,2026,7000000312,2,20260228,20260228,DR,,SYNTHETIC DEMO DOCUMENT
100,1100,2026,7000000313,9,20260909,20260909,DR,,SYNTHETIC DEMO DOCUMENT
100,1300,2025,7000000314,5,20250527,20250527,SA,,SYNTHETIC DEMO DOCUMENT
100,1000,2026,7000000315,7,20260703,20260703,DR,,SYNTHETIC DEMO DOCUMENT
100,1200,2025,7000000316,6,20250611,20250611,AB,,SYNTHETIC DEMO DOCUMENT
100,1100,2025,7000000317,11,20251101,20251101,AB,,SYNTHETIC DEMO DOCUMENT
100,1200,2026,7000000318,9,20260916,20260916,KR,7000000317,SYNTHETIC DEMO DOCUMENT
100,1100,2025,7000000319,5,20250510,20250510,DR,,SYNTHETIC DEMO DOCUMENT
100,1100,2026,7000000320,2,20260213,20260213,KR,,SYNTHETIC DEMO DOCUMENT
100,1000,2026,7000000321,8,20260806,20260806,DR,,SYNTHETIC DEMO DOCUMENT
100,1200,2026,7000000322,6,20260622,20260622,SA,,SYNTHETIC DEMO DOCUMENT
100,1100,2026,7000000323,9,20260902,20260902,DR,,SYNTHETIC DEMO DOCUMENT
100,1000,2025,7000000324,11,20251105,20251105,KR,,SYNTHETIC DEMO DOCUMENT
100,1100,2025,7000000325,6,20250626,20250626,SA,,SYNTHETIC DEMO DOCUMENT
100,1100,2025,7000000326,9,20250904,20250904,KR,,SYNTHETIC DEMO DOCUMENT
100,1000,2026,7000000327,3,20260328,20260328,KR,,SYNTHETIC DEMO DOCUMENT
100,1300,2026,7000000328,2,20260202,20260202,DR,,SYNTHETIC DEMO DOCUMENT
100,1000,2025,7000000329,8,20250822,20250822,DR,,SYNTHETIC DEMO DOCUMENT
100,1300,2026,7000000330,5,20260521,20260521,AB,,SYNTHETIC DEMO DOCUMENT
100,1300,2026,7000000331,2,20260209,20260209,DR,,SYNTHETIC DEMO DOCUMENT
100,1300,2025,7000000332,6,20250606,20250606,KR,,SYNTHETIC DEMO DOCUMENT
100,1100,2025,7000000333,10,20251011,20251011,DR,,SYNTHETIC DEMO DOCUMENT
100,1100,2026,7000000334,1,20260105,20260105,KR,,SYNTHETIC DEMO DOCUMENT
100,1000,2025,7000000335,6,20250624,20250624,AB,,SYNTHETIC DEMO DOCUMENT
100,1100,2026,7000000336,8,20260822,20260822,SA,,SYNTHETIC DEMO DOCUMENT
100,1100,2025,7000000337,4,20250405,20250405,KR,,SYNTHETIC DEMO DOCUMENT
100,1100,2025,7000000338,4,20250416,20250416,DR,,SYNTHETIC DEMO DOCUMENT
100,1300,2025,7000000339,8,20250810,20250810,KR,,SYNTHETIC DEMO DOCUMENT
100,1300,2025,7000000340,9,20250913,20250913,KR,,SYNTHETIC DEMO DOCUMENT
100,1000,2026,7000000341,7,20260712,20260712,KR,,SYNTHETIC DEMO DOCUMENT
100,1300,2025,7000000342,12,20251223,20251223,SA,,SYNTHETIC DEMO DOCUMENT
100,1200,2025,7000000343,5,20250531,20250531,KR,,SYNTHETIC DEMO DOCUMENT
100,1100,2025,7000000344,10,20251012,20251012,KR,,SYNTHETIC DEMO DOCUMENT
100,1300,2025,7000000345,7,20250721,20250721,KR,,SYNTHETIC DEMO DOCUMENT
100,1300,2025,7000000346,11,20251124,20251124,SA,,SYNTHETIC DEMO DOCUMENT
100,1300,2026,7000000347,8,20260802,20260802,SA,,SYNTHETIC DEMO DOCUMENT
100,1100,2026,7000000348,8,20260802,20260802,SA,,SYNTHETIC DEMO DOCUMENT
100,1200,2025,7000000349,7,20250724,20250724,AB,,SYNTHETIC DEMO DOCUMENT
100,1000,2026,7000000350,3,20260306,20260306,DR,,SYNTHETIC DEMO DOCUMENT
100,1100,2026,7000000351,5,20260513,20260513,SA,,SYNTHETIC DEMO DOCUMENT
100,1100,2026,7000000352,8,20260810,20260810,SA,,SYNTHETIC DEMO DOCUMENT
100,1100,2025,7000000353,7,20250721,20250721,SA,,SYNTHETIC DEMO DOCUMENT
100,1300,2026,7000000354,5,20260511,20260511,SA,,SYNTHETIC DEMO DOCUMENT
100,1000,2025,7000000355,6,20250615,20250615,KR,,SYNTHETIC DEMO DOCUMENT
100,1300,2026,7000000356,3,20260319,20260319,DR,,SYNTHETIC DEMO DOCUMENT
100,1300,2025,7000000357,9,20250930,20250930,KR,,SYNTHETIC DEMO DOCUMENT
100,1000,2025,7000000358,5,20250522,20250522,DR,,SYNTHETIC DEMO DOCUMENT
100,1300,2026,7000000359,4,20260418,20260418,KR,,SYNTHETIC DEMO DOCUMENT
100,1100,2026,7000000360,3,20260312,20260312,DR,,SYNTHETIC DEMO DOCUMENT
100,1100,2026,7000000361,1,20260129,20260129,KR,7000000360,SYNTHETIC DEMO DOCUMENT
100,1200,2025,7000000362,11,20251118,20251118,DR,,SYNTHETIC DEMO DOCUMENT
100,1300,2025,7000000363,11,20251130,20251130,KR,7000000362,SYNTHETIC DEMO DOCUMENT
100,1000,2025,7000000364,12,20251214,20251214,KR,,SYNTHETIC DEMO DOCUMENT
100,1200,2026,7000000365,4,20260405,20260405,DR,,SYNTHETIC DEMO DOCUMENT
100,1300,2025,7000000366,7,20250731,20250731,SA,,SYNTHETIC DEMO DOCUMENT
100,1100,2025,7000000367,7,20250720,20250720,SA,,SYNTHETIC DEMO DOCUMENT
100,1000,2026,7000000368,8,20260806,20260806,KR,,SYNTHETIC DEMO DOCUMENT
100,1300,2026,7000000369,5,20260504,20260504,SA,,SYNTHETIC DEMO DOCUMENT
100,1200,2025,7000000370,5,20250523,20250523,DR,7000000369,SYNTHETIC DEMO DOCUMENT
100,1200,2025,7000000371,6,20250626,20250626,KR,,SYNTHETIC DEMO DOCUMENT
100,1200,2026,7000000372,4,20260418,20260418,DR,,SYNTHETIC DEMO DOCUMENT
100,1100,2025,7000000373,11,20251103,20251103,KR,,SYNTHETIC DEMO DOCUMENT
100,1300,2026,7000000374,3,20260316,20260316,SA,,SYNTHETIC DEMO DOCUMENT
100,1300,2025,7000000375,10,20251026,20251026,DR,,SYNTHETIC DEMO DOCUMENT
100,1000,2026,7000000376,3,20260313,20260313,DR,,SYNTHETIC DEMO DOCUMENT
100,1200,2025,7000000377,11,20251114,20251114,DR,,SYNTHETIC DEMO DOCUMENT
100,1000,2026,7000000378,9,20260925,20260925,SA,,SYNTHETIC DEMO DOCUMENT
100,1100,2026,7000000379,8,20260823,20260823,DR,,SYNTHETIC DEMO DOCUMENT
100,1200,2026,7000000380,7,20260703,20260703,KR,,SYNTHETIC DEMO DOCUMENT
100,1100,2025,7000000381,10,20251014,20251014,KR,,SYNTHETIC DEMO DOCUMENT
100,1000,2026,7000000382,7,20260718,20260718,DR,,SYNTHETIC DEMO DOCUMENT
100,1300,2025,7000000383,6,20250604,20250604,DR,,SYNTHETIC DEMO DOCUMENT
100,1100,2025,7000000384,9,20250901,20250901,KR,,SYNTHETIC DEMO DOCUMENT
100,1100,2025,7000000385,10,20251006,20251006,DR,,SYNTHETIC DEMO DOCUMENT
100,1100,2026,7000000386,9,20260919,20260919,KR,,SYNTHETIC DEMO DOCUMENT
100,1100,2025,7000000387,12,20251221,20251221,SA,,SYNTHETIC DEMO DOCUMENT
100,1300,2026,7000000388,1,20260102,20260102,KR,,SYNTHETIC DEMO DOCUMENT
100,1300,2025,7000000389,8,20250808,20250808,KR,7000000388,SYNTHETIC DEMO DOCUMENT
100,1000,2025,7000000390,4,20250414,20250414,KR,,SYNTHETIC DEMO DOCUMENT
100,1000,2025,7000000391,4,20250412,20250412,AB,,SYNTHETIC DEMO DOCUMENT
100,1100,2026,7000000392,6,20260610,20260610,KR,,SYNTHETIC DEMO DOCUMENT
100,1100,2026,7000000393,1,20260110,20260110,SA,,SYNTHETIC DEMO DOCUMENT
100,1000,2026,7000000394,3,20260301,20260301,SA,,SYNTHETIC DEMO DOCUMENT
100,1200,2025,7000000395,10,20251006,20251006,KR,,SYNTHETIC DEMO DOCUMENT
100,1000,2025,7000000396,6,20250612,20250612,AB,,SYNTHETIC DEMO DOCUMENT
100,1300,2026,7000000397,9,20260923,20260923,DR,,SYNTHETIC DEMO DOCUMENT
100,1000,2026,7000000398,2,20260224,20260224,AB,,SYNTHETIC DEMO DOCUMENT
100,1100,2025,7000000399,4,20250410,20250410,AB,,SYNTHETIC DEMO DOCUMENT
100,1200,2025,7000000400,7,20250702,20250702,KR,,SYNTHETIC DEMO DOCUMENT
100,1300,2025,7000000401,10,20251011,20251011,AB,,SYNTHETIC DEMO DOCUMENT
100,1000,2025,7000000402,7,20250725,20250725,DR,,SYNTHETIC DEMO DOCUMENT
100,1300,2025,7000000403,12,20251230,20251230,AB,,SYNTHETIC DEMO DOCUMENT
100,1300,2026,7000000404,6,20260615,20260615,KR,,SYNTHETIC DEMO DOCUMENT
100,1000,2025,7000000405,12,20251226,20251226,DR,,SYNTHETIC DEMO DOCUMENT
100,1100,2026,7000000406,1,20260108,20260108,SA,,SYNTHETIC DEMO DOCUMENT
100,1100,2025,7000000407,7,20250731,20250731,KR,,SYNTHETIC DEMO DOCUMENT
100,1300,2026,7000000408,9,20260909,20260909,DR,,SYNTHETIC DEMO DOCUMENT
100,1300,2026,7000000409,4,20260427,20260427,KR,,SYNTHETIC DEMO DOCUMENT
100,1100,2026,7000000410,8,20260809,20260809,DR,,SYNTHETIC DEMO DOCUMENT
100,1200,2025,7000000411,9,20250913,20250913,KR,,SYNTHETIC DEMO DOCUMENT
100,1000,2026,7000000412,7,20260719,20260719,DR,,SYNTHETIC DEMO DOCUMENT
100,1300,2025,7000000413,6,20250614,20250614,KR,,SYNTHETIC DEMO DOCUMENT
100,1000,2025,7000000414,12,20251217,20251217,KR,,SYNTHETIC DEMO DOCUMENT
100,1300,2026,7000000415,2,20260202,20260202,AB,,SYNTHETIC DEMO DOCUMENT
100,1200,2026,7000000416,4,20260413,20260413,KR,,SYNTHETIC DEMO DOCUMENT
100,1200,2026,7000000417,2,20260213,20260213,KR,,SYNTHETIC DEMO DOCUMENT
100,1200,2025,7000000418,11,20251130,20251130,SA,,SYNTHETIC DEMO DOCUMENT
100,1100,2025,7000000419,4,20250409,20250409,DR,,SYNTHETIC DEMO DOCUMENT
100,1000,2026,7000000420,8,20260819,20260819,AB,7000000419,SYNTHETIC DEMO DOCUMENT
100,1100,2025,7000000421,4,20250417,20250417,DR,,SYNTHETIC DEMO DOCUMENT
100,1300,2026,7000000422,6,20260613,20260613,AB,,SYNTHETIC DEMO DOCUMENT
100,1300,2026,7000000423,9,20260916,20260916,AB,,SYNTHETIC DEMO DOCUMENT
100,1300,2025,7000000424,7,20250709,20250709,KR,,SYNTHETIC DEMO DOCUMENT
100,1100,2025,7000000425,9,20250917,20250917,KR,,SYNTHETIC DEMO DOCUMENT
100,1200,2025,7000000426,12,20251230,20251230,KR,,SYNTHETIC DEMO DOCUMENT
100,1000,2025,7000000427,12,20251208,20251208,DR,,SYNTHETIC DEMO DOCUMENT
100,1200,2025,7000000428,4,20250412,20250412,KR,,SYNTHETIC DEMO DOCUMENT
100,1100,2025,7000000429,5,20250505,20250505,AB,,SYNTHETIC DEMO DOCUMENT
100,1100,2026,7000000430,3,20260310,20260310,DR,7000000429,SYNTHETIC DEMO DOCUMENT
100,1200,2025,7000000431,11,20251129,20251129,SA,,SYNTHETIC DEMO DOCUMENT
100,1000,2025,7000000432,10,20251021,20251021,KR,,SYNTHETIC DEMO DOCUMENT
100,1100,2025,7000000433,7,20250718,20250718,DR,,SYNTHETIC DEMO DOCUMENT
100,1300,2025,7000000434,5,20250509,20250509,DR,,SYNTHETIC DEMO DOCUMENT
100,1300,2026,7000000435,1,20260129,20260129,KR,,SYNTHETIC DEMO DOCUMENT
100,1100,2026,7000000436,4,20260424,20260424,KR,,SYNTHETIC DEMO DOCUMENT
100,1100,2026,7000000437,1,20260116,20260116,KR,,SYNTHETIC DEMO DOCUMENT
100,1000,2025,7000000438,10,20251007,20251007,KR,,SYNTHETIC DEMO DOCUMENT
100,1000,2025,7000000439,5,20250522,20250522,KR,,SYNTHETIC DEMO DOCUMENT
100,1000,2025,7000000440,7,20250720,20250720,AB,,SYNTHETIC DEMO DOCUMENT
100,1200,2026,7000000441,7,20260708,20260708,KR,,SYNTHETIC DEMO DOCUMENT
100,1300,2025,7000000442,6,20250613,20250613,DR,,SYNTHETIC DEMO DOCUMENT
100,1200,2026,7000000443,3,20260308,20260308,AB,,SYNTHETIC DEMO DOCUMENT
100,1200,2025,7000000444,11,20251125,20251125,KR,,SYNTHETIC DEMO DOCUMENT
100,1100,2025,7000000445,9,20250925,20250925,SA,7000000444,SYNTHETIC DEMO DOCUMENT
100,1300,2025,7000000446,8,20250807,20250807,KR,,SYNTHETIC DEMO DOCUMENT
100,1300,2025,7000000447,5,20250518,20250518,SA,,SYNTHETIC DEMO DOCUMENT
100,1100,2026,7000000448,3,20260327,20260327,KR,,SYNTHETIC DEMO DOCUMENT
100,1100,2025,7000000449,4,20250421,20250421,SA,,SYNTHETIC DEMO DOCUMENT
100,1100,2025,7000000450,12,20251214,20251214,DR,,SYNTHETIC DEMO DOCUMENT
100,1000,2025,7000000451,7,20250704,20250704,AB,,SYNTHETIC DEMO DOCUMENT
100,1000,2025,7000000452,4,20250423,20250423,AB,,SYNTHETIC DEMO DOCUMENT
100,1100,2025,7000000453,12,20251223,20251223,KR,,SYNTHETIC DEMO DOCUMENT
100,1100,2026,7000000454,6,20260604,20260604,AB,,SYNTHETIC DEMO DOCUMENT
100,1100,2025,7000000455,11,20251104,20251104,KR,,SYNTHETIC DEMO DOCUMENT
100,1000,2025,7000000456,4,20250401,20250401,DR,,SYNTHETIC DEMO DOCUMENT
100,1300,2026,7000000457,5,20260530,20260530,KR,,SYNTHETIC DEMO DOCUMENT
100,1200,2025,7000000458,9,20250908,20250908,KR,,SYNTHETIC DEMO DOCUMENT
100,1200,2026,7000000459,2,20260201,20260201,DR,,SYNTHETIC DEMO DOCUMENT
100,1000,2025,7000000460,5,20250501,20250501,DR,,SYNTHETIC DEMO DOCUMENT
100,1100,2025,7000000461,10,20251021,20251021,AB,,SYNTHETIC DEMO DOCUMENT
100,1200,2026,7000000462,6,20260629,20260629,AB,,SYNTHETIC DEMO DOCUMENT
100,1300,2025,7000000463,6,20250602,20250602,DR,,SYNTHETIC DEMO DOCUMENT
100,1100,2025,7000000464,6,20250608,20250608,KR,,SYNTHETIC DEMO DOCUMENT
100,1300,2025,7000000465,9,20250921,20250921,KR,,SYNTHETIC DEMO DOCUMENT
100,1000,2025,7000000466,11,20251116,20251116,SA,,SYNTHETIC DEMO DOCUMENT
100,1000,2026,7000000467,7,20260722,20260722,SA,,SYNTHETIC DEMO DOCUMENT
100,1200,2025,7000000468,6,20250619,20250619,KR,,SYNTHETIC DEMO DOCUMENT
100,1100,2025,7000000469,9,20250923,20250923,DR,,SYNTHETIC DEMO DOCUMENT
100,1000,2025,7000000470,4,20250422,20250422,DR,,SYNTHETIC DEMO DOCUMENT
100,1100,2026,7000000471,4,20260402,20260402,AB,,SYNTHETIC DEMO DOCUMENT
100,1300,2025,7000000472,4,20250411,20250411,KR,,SYNTHETIC DEMO DOCUMENT
100,1100,2026,7000000473,6,20260627,20260627,SA,,SYNTHETIC DEMO DOCUMENT
100,1000,2026,7000000474,8,20260824,20260824,KR,,SYNTHETIC DEMO DOCUMENT
100,1100,2025,7000000475,5,20250512,20250512,DR,,SYNTHETIC DEMO DOCUMENT
100,1000,2025,7000000476,10,20251029,20251029,DR,,SYNTHETIC DEMO DOCUMENT
100,1300,2025,7000000477,12,20251219,20251219,KR,,SYNTHETIC DEMO DOCUMENT
100,1300,2026,7000000478,6,20260624,20260624,KR,,SYNTHETIC DEMO DOCUMENT
100,1000,2025,7000000479,5,20250510,20250510,SA,,SYNTHETIC DEMO DOCUMENT
100,1100,2026,7000000480,6,20260613,20260613,KR,,SYNTHETIC DEMO DOCUMENT
100,1300,2025,7000000481,4,20250408,20250408,SA,,SYNTHETIC DEMO DOCUMENT
100,1300,2025,7000000482,6,20250629,20250629,SA,,SYNTHETIC DEMO DOCUMENT
100,1000,2025,7000000483,8,20250818,20250818,KR,,SYNTHETIC DEMO DOCUMENT
100,1100,2026,7000000484,3,20260304,20260304,KR,,SYNTHETIC DEMO DOCUMENT
100,1300,2025,7000000485,11,20251108,20251108,KR,,SYNTHETIC DEMO DOCUMENT
100,1200,2026,7000000486,3,20260326,20260326,DR,,SYNTHETIC DEMO DOCUMENT
100,1300,2025,7000000487,7,20250731,20250731,KR,,SYNTHETIC DEMO DOCUMENT
100,1000,2026,7000000488,1,20260110,20260110,KR,7000000487,SYNTHETIC DEMO DOCUMENT
100,1000,2025,7000000489,5,20250506,20250506,AB,,SYNTHETIC DEMO DOCUMENT
100,1100,2025,7000000490,5,20250519,20250519,KR,,SYNTHETIC DEMO DOCUMENT
100,1000,2025,7000000491,10,20251027,20251027,KR,,SYNTHETIC DEMO DOCUMENT
100,1300,2026,7000000492,3,20260303,20260303,KR,,SYNTHETIC DEMO DOCUMENT
100,1100,2025,7000000493,6,20250621,20250621,DR,,SYNTHETIC DEMO DOCUMENT
100,1200,2025,7000000494,5,20250526,20250526,DR,,SYNTHETIC DEMO DOCUMENT
100,1000,2026,7000000495,6,20260606,20260606,DR,,SYNTHETIC DEMO DOCUMENT
100,1200,2026,7000000496,6,20260603,20260603,DR,,SYNTHETIC DEMO DOCUMENT
100,1100,2025,7000000497,4,20250428,20250428,KR,,SYNTHETIC DEMO DOCUMENT
100,1100,2026,7000000498,1,20260114,20260114,DR,7000000497,SYNTHETIC DEMO DOCUMENT
100,1100,2025,7000000499,10,20251001,20251001,AB,,SYNTHETIC DEMO DOCUMENT
100,1300,2025,7000000500,5,20250517,20250517,KR,,SYNTHETIC DEMO DOCUMENT
100,1200,2026,7000000501,9,20260921,20260921,SA,,SYNTHETIC DEMO DOCUMENT
100,1100,2025,7000000502,7,20250716,20250716,DR,,SYNTHETIC DEMO DOCUMENT
100,1100,2026,7000000503,6,20260627,20260627,AB,,SYNTHETIC DEMO DOCUMENT
100,1000,2026,7000000504,9,20260918,20260918,DR,,SYNTHETIC DEMO DOCUMENT
100,1300,2026,7000000505,9,20260914,20260914,KR,,SYNTHETIC DEMO DOCUMENT
100,1100,2025,7000000506,12,20251227,20251227,AB,,SYNTHETIC DEMO DOCUMENT
100,1100,2025,7000000507,4,20250407,20250407,AB,,SYNTHETIC DEMO DOCUMENT
100,1200,2025,7000000508,4,20250418,20250418,SA,,SYNTHETIC DEMO DOCUMENT
100,1100,2025,7000000509,12,20251202,20251202,AB,,SYNTHETIC DEMO DOCUMENT
100,1100,2025,7000000510,11,20251109,20251109,DR,,SYNTHETIC DEMO DOCUMENT
100,1300,2026,7000000511,1,20260131,20260131,KR,,SYNTHETIC DEMO DOCUMENT
100,1000,2025,7000000512,11,20251109,20251109,DR,,SYNTHETIC DEMO DOCUMENT
100,1300,2025,7000000513,11,20251122,20251122,AB,,SYNTHETIC DEMO DOCUMENT
100,1100,2025,7000000514,9,20250903,20250903,SA,,SYNTHETIC DEMO DOCUMENT
100,1300,2026,7000000515,7,20260720,20260720,SA,,SYNTHETIC DEMO DOCUMENT
100,1100,2025,7000000516,12,20251209,20251209,AB,,SYNTHETIC DEMO DOCUMENT
100,1100,2026,7000000517,6,20260622,20260622,AB,,SYNTHETIC DEMO DOCUMENT
100,1100,2026,7000000518,6,20260628,20260628,DR,,SYNTHETIC DEMO DOCUMENT
100,1300,2026,7000000519,8,20260830,20260830,KR,,SYNTHETIC DEMO DOCUMENT
100,1100,2025,7000000520,11,20251128,20251128,DR,,SYNTHETIC DEMO DOCUMENT
100,1000,2026,7000000521,9,20260920,20260920,SA,,SYNTHETIC DEMO DOCUMENT
100,1000,2025,7000000522,12,20251203,20251203,AB,,SYNTHETIC DEMO DOCUMENT
100,1100,2026,7000000523,7,20260704,20260704,KR,,SYNTHETIC DEMO DOCUMENT
100,1300,2025,7000000524,6,20250625,20250625,KR,,SYNTHETIC DEMO DOCUMENT
100,1100,2026,7000000525,2,20260216,20260216,SA,,SYNTHETIC DEMO DOCUMENT
100,1100,2026,7000000526,8,20260808,20260808,AB,,SYNTHETIC DEMO DOCUMENT
100,1000,2026,7000000527,9,20260917,20260917,DR,,SYNTHETIC DEMO DOCUMENT
100,1000,2025,7000000528,5,20250524,20250524,KR,,SYNTHETIC DEMO DOCUMENT
100,1000,2025,7000000529,7,20250705,20250705,DR,,SYNTHETIC DEMO DOCUMENT
100,1100,2025,7000000530,8,20250807,20250807,KR,,SYNTHETIC DEMO DOCUMENT
100,1100,2025,7000000531,11,20251103,20251103,KR,,SYNTHETIC DEMO DOCUMENT
100,1200,2026,7000000532,8,20260807,20260807,KR,,SYNTHETIC DEMO DOCUMENT
100,1200,2026,7000000533,3,20260313,20260313,KR,,SYNTHETIC DEMO DOCUMENT
100,1200,2026,7000000534,1,20260115,20260115,KR,,SYNTHETIC DEMO DOCUMENT
100,1100,2026,7000000535,5,20260504,20260504,SA,,SYNTHETIC DEMO DOCUMENT
100,1000,2025,7000000536,12,20251219,20251219,KR,,SYNTHETIC DEMO DOCUMENT
100,1100,2026,7000000537,1,20260106,20260106,KR,,SYNTHETIC DEMO DOCUMENT
100,1100,2025,7000000538,6,20250626,20250626,DR,,SYNTHETIC DEMO DOCUMENT
100,1200,2025,7000000539,7,20250708,20250708,SA,,SYNTHETIC DEMO DOCUMENT
100,1000,2026,7000000540,4,20260430,20260430,AB,,SYNTHETIC DEMO DOCUMENT
100,1200,2025,7000000541,7,20250723,20250723,KR,,SYNTHETIC DEMO DOCUMENT
100,1200,2025,7000000542,7,20250703,20250703,SA,,SYNTHETIC DEMO DOCUMENT
100,1100,2026,7000000543,6,20260608,20260608,AB,,SYNTHETIC DEMO DOCUMENT
100,1200,2025,7000000544,7,20250701,20250701,KR,,SYNTHETIC DEMO DOCUMENT
100,1100,2026,7000000545,4,20260411,20260411,DR,,SYNTHETIC DEMO DOCUMENT
100,1000,2026,7000000546,5,20260514,20260514,DR,,SYNTHETIC DEMO DOCUMENT
100,1100,2026,7000000547,1,20260110,20260110,SA,,SYNTHETIC DEMO DOCUMENT
100,1100,2025,7000000548,8,20250810,20250810,KR,,SYNTHETIC DEMO DOCUMENT
100,1300,2026,7000000549,9,20260919,20260919,SA,,SYNTHETIC DEMO DOCUMENT
100,1200,2026,7000000550,6,20260617,20260617,DR,,SYNTHETIC DEMO DOCUMENT
100,1100,2025,7000000551,12,20251210,20251210,KR,,SYNTHETIC DEMO DOCUMENT
100,1000,2025,7000000552,6,20250623,20250623,AB,,SYNTHETIC DEMO DOCUMENT
100,1000,2026,7000000553,5,20260511,20260511,DR,,SYNTHETIC DEMO DOCUMENT
100,1300,2026,7000000554,6,20260621,20260621,KR,,SYNTHETIC DEMO DOCUMENT
100,1100,2026,7000000555,7,20260703,20260703,DR,,SYNTHETIC DEMO DOCUMENT
100,1200,2025,7000000556,4,20250427,20250427,DR,,SYNTHETIC DEMO DOCUMENT
100,1100,2026,7000000557,5,20260503,20260503,KR,,SYNTHETIC DEMO DOCUMENT
100,1300,2026,7000000558,4,20260411,20260411,KR,,SYNTHETIC DEMO DOCUMENT
100,1300,2025,7000000559,7,20250729,20250729,SA,,SYNTHETIC DEMO DOCUMENT
100,1000,2026,7000000560,2,20260203,20260203,SA,,SYNTHETIC DEMO DOCUMENT
100,1100,2026,7000000561,8,20260807,20260807,SA,,SYNTHETIC DEMO DOCUMENT
100,1100,2025,7000000562,7,20250726,20250726,AB,,SYNTHETIC DEMO DOCUMENT
100,1200,2025,7000000563,12,20251221,20251221,DR,,SYNTHETIC DEMO DOCUMENT
100,1200,2025,7000000564,12,20251220,20251220,AB,,SYNTHETIC DEMO DOCUMENT
100,1100,2026,7000000565,2,20260211,20260211,DR,,SYNTHETIC DEMO DOCUMENT
100,1100,2026,7000000566,9,20260904,20260904,KR,,SYNTHETIC DEMO DOCUMENT
100,1100,2026,7000000567,4,20260426,20260426,AB,,SYNTHETIC DEMO DOCUMENT
100,1200,2025,7000000568,6,20250622,20250622,SA,,SYNTHETIC DEMO DOCUMENT
100,1200,2026,7000000569,4,20260416,20260416,DR,,SYNTHETIC DEMO DOCUMENT
100,1100,2025,7000000570,7,20250707,20250707,KR,,SYNTHETIC DEMO DOCUMENT
100,1100,2026,7000000571,5,20260513,20260513,KR,,SYNTHETIC DEMO DOCUMENT
100,1000,2026,7000000572,3,20260322,20260322,SA,,SYNTHETIC DEMO DOCUMENT
100,1100,2025,7000000573,5,20250528,20250528,AB,,SYNTHETIC DEMO DOCUMENT
100,1100,2026,7000000574,6,20260628,20260628,SA,,SYNTHETIC DEMO DOCUMENT
100,1100,2025,7000000575,9,20250916,20250916,KR,,SYNTHETIC DEMO DOCUMENT
100,1100,2026,7000000576,5,20260502,20260502,KR,,SYNTHETIC DEMO DOCUMENT
100,1100,2025,7000000577,4,20250422,20250422,KR,,SYNTHETIC DEMO DOCUMENT
100,1300,2025,7000000578,9,20250919,20250919,KR,,SYNTHETIC DEMO DOCUMENT
100,1100,2026,7000000579,8,20260808,20260808,SA,,SYNTHETIC DEMO DOCUMENT
100,1300,2026,7000000580,4,20260412,20260412,KR,,SYNTHETIC DEMO DOCUMENT
100,1100,2026,7000000581,8,20260802,20260802,DR,,SYNTHETIC DEMO DOCUMENT
100,1100,2026,7000000582,4,20260430,20260430,AB,,SYNTHETIC DEMO DOCUMENT
100,1100,2025,7000000583,12,20251203,20251203,KR,,SYNTHETIC DEMO DOCUMENT
100,1200,2025,7000000584,10,20251029,20251029,DR,,SYNTHETIC DEMO DOCUMENT
100,1300,2026,7000000585,6,20260610,20260610,KR,,SYNTHETIC DEMO DOCUMENT
100,1300,2026,7000000586,5,20260505,20260505,KR,,SYNTHETIC DEMO DOCUMENT
100,1000,2026,7000000587,9,20260909,20260909,AB,,SYNTHETIC DEMO DOCUMENT
100,1300,2026,7000000588,8,20260822,20260822,AB,,SYNTHETIC DEMO DOCUMENT
100,1000,2025,7000000589,11,20251111,20251111,KR,,SYNTHETIC DEMO DOCUMENT
100,1300,2025,7000000590,7,20250724,20250724,AB,,SYNTHETIC DEMO DOCUMENT
100,1100,2025,7000000591,12,20251224,20251224,KR,7000000590,SYNTHETIC DEMO DOCUMENT
100,1300,2025,7000000592,11,20251112,20251112,KR,,SYNTHETIC DEMO DOCUMENT
100,1200,2025,7000000593,6,20250601,20250601,SA,,SYNTHETIC DEMO DOCUMENT
100,1100,2025,7000000594,5,20250515,20250515,SA,,SYNTHETIC DEMO DOCUMENT
100,1100,2026,7000000595,4,20260420,20260420,SA,,SYNTHETIC DEMO DOCUMENT
100,1100,2025,7000000596,6,20250625,20250625,DR,,SYNTHETIC DEMO DOCUMENT
100,1300,2025,7000000597,10,20251004,20251004,KR,,SYNTHETIC DEMO DOCUMENT
100,1300,2026,7000000598,1,20260130,20260130,DR,,SYNTHETIC DEMO DOCUMENT
100,1000,2026,7000000599,9,20260911,20260911,DR,,SYNTHETIC DEMO DOCUMENT
100,1200,2025,7000000600,6,20250629,20250629,AB,,SYNTHETIC DEMO DOCUMENT
100,1100,2025,7000000601,5,20250505,20250505,KR,,SYNTHETIC DEMO DOCUMENT
100,1200,2026,7000000602,8,20260815,20260815,KR,,SYNTHETIC DEMO DOCUMENT
100,1200,2026,7000000603,5,20260504,20260504,AB,,SYNTHETIC DEMO DOCUMENT
100,1200,2025,7000000604,9,20250923,20250923,SA,,SYNTHETIC DEMO DOCUMENT
100,1200,2026,7000000605,1,20260117,20260117,KR,,SYNTHETIC DEMO DOCUMENT
100,1200,2026,7000000606,3,20260319,20260319,KR,,SYNTHETIC DEMO DOCUMENT
100,1300,2026,7000000607,2,20260226,20260226,DR,,SYNTHETIC DEMO DOCUMENT
100,1000,2026,7000000608,3,20260310,20260310,DR,,SYNTHETIC DEMO DOCUMENT
100,1100,2025,7000000609,6,20250626,20250626,KR,,SYNTHETIC DEMO DOCUMENT
100,1100,2025,7000000610,11,20251107,20251107,KR,,SYNTHETIC DEMO DOCUMENT
100,1300,2026,7000000611,2,20260206,20260206,KR,,SYNTHETIC DEMO DOCUMENT
100,1200,2025,7000000612,10,20251001,20251001,SA,,SYNTHETIC DEMO DOCUMENT
100,1100,2026,7000000613,8,20260827,20260827,KR,,SYNTHETIC DEMO DOCUMENT
100,1100,2025,7000000614,5,20250524,20250524,KR,,SYNTHETIC DEMO DOCUMENT
100,1000,2025,7000000615,5,20250518,20250518,DR,,SYNTHETIC DEMO DOCUMENT
100,1100,2025,7000000616,9,20250922,20250922,DR,,SYNTHETIC DEMO DOCUMENT
100,1100,2025,7000000617,6,20250602,20250602,SA,,SYNTHETIC DEMO DOCUMENT
100,1100,2025,7000000618,9,20250906,20250906,SA,,SYNTHETIC DEMO DOCUMENT
100,1000,2026,7000000619,4,20260405,20260405,KR,,SYNTHETIC DEMO DOCUMENT
100,1300,2025,7000000620,6,20250614,20250614,KR,,SYNTHETIC DEMO DOCUMENT
100,1100,2025,7000000621,11,20251128,20251128,KR,,SYNTHETIC DEMO DOCUMENT
100,1200,2026,7000000622,1,20260107,20260107,KR,,SYNTHETIC DEMO DOCUMENT
100,1200,2025,7000000623,12,20251217,20251217,DR,,SYNTHETIC DEMO DOCUMENT
100,1100,2025,7000000624,12,20251206,20251206,KR,,SYNTHETIC DEMO DOCUMENT
100,1000,2026,7000000625,1,20260112,20260112,DR,,SYNTHETIC DEMO DOCUMENT
100,1200,2026,7000000626,1,20260121,20260121,SA,,SYNTHETIC DEMO DOCUMENT
100,1300,2026,7000000627,8,20260805,20260805,KR,,SYNTHETIC DEMO DOCUMENT
100,1200,2026,7000000628,6,20260620,20260620,SA,,SYNTHETIC DEMO DOCUMENT
100,1000,2026,7000000629,6,20260616,20260616,DR,,SYNTHETIC DEMO DOCUMENT
100,1000,2026,7000000630,5,20260520,20260520,DR,,SYNTHETIC DEMO DOCUMENT
100,1100,2025,7000000631,7,20250717,20250717,KR,,SYNTHETIC DEMO DOCUMENT
100,1100,2026,7000000632,5,20260522,20260522,DR,,SYNTHETIC DEMO DOCUMENT
100,1300,2025,7000000633,5,20250520,20250520,AB,,SYNTHETIC DEMO DOCUMENT
100,1000,2026,7000000634,6,20260627,20260627,DR,,SYNTHETIC DEMO DOCUMENT
100,1200,2025,7000000635,12,20251221,20251221,SA,,SYNTHETIC DEMO DOCUMENT
100,1300,2026,7000000636,2,20260204,20260204,DR,,SYNTHETIC DEMO DOCUMENT
100,1300,2026,7000000637,8,20260813,20260813,KR,,SYNTHETIC DEMO DOCUMENT
100,1000,2026,7000000638,2,20260208,20260208,KR,,SYNTHETIC DEMO DOCUMENT
100,1100,2026,7000000639,9,20260907,20260907,KR,,SYNTHETIC DEMO DOCUMENT
100,1000,2026,7000000640,7,20260701,20260701,SA,,SYNTHETIC DEMO DOCUMENT
100,1100,2026,7000000641,8,20260807,20260807,KR,,SYNTHETIC DEMO DOCUMENT
100,1200,2026,7000000642,5,20260530,20260530,DR,,SYNTHETIC DEMO DOCUMENT
100,1200,2025,7000000643,11,20251119,20251119,AB,,SYNTHETIC DEMO DOCUMENT
100,1300,2025,7000000644,4,20250410,20250410,KR,,SYNTHETIC DEMO DOCUMENT
100,1200,2026,7000000645,8,20260807,20260807,KR,,SYNTHETIC DEMO DOCUMENT
100,1100,2026,7000000646,9,20260914,20260914,KR,,SYNTHETIC DEMO DOCUMENT
100,1100,2026,7000000647,4,20260409,20260409,KR,,SYNTHETIC DEMO DOCUMENT
100,1100,2025,7000000648,9,20250927,20250927,DR,,SYNTHETIC DEMO DOCUMENT
100,1300,2025,7000000649,5,20250504,20250504,SA,,SYNTHETIC DEMO DOCUMENT
100,1300,2025,7000000650,4,20250427,20250427,SA,,SYNTHETIC DEMO DOCUMENT
100,1000,2025,7000000651,6,20250611,20250611,AB,,SYNTHETIC DEMO DOCUMENT
100,1100,2026,7000000652,4,20260428,20260428,KR,,SYNTHETIC DEMO DOCUMENT
100,1000,2025,7000000653,12,20251220,20251220,KR,,SYNTHETIC DEMO DOCUMENT
100,1100,2025,7000000654,12,20251211,20251211,DR,,SYNTHETIC DEMO DOCUMENT
100,1100,2026,7000000655,5,20260510,20260510,AB,,SYNTHETIC DEMO DOCUMENT
100,1100,2026,7000000656,1,20260120,20260120,KR,,SYNTHETIC DEMO DOCUMENT
100,1200,2025,7000000657,9,20250902,20250902,AB,,SYNTHETIC DEMO DOCUMENT
100,1200,2025,7000000658,9,20250926,20250926,AB,,SYNTHETIC DEMO DOCUMENT
100,1300,2026,7000000659,8,20260810,20260810,SA,,SYNTHETIC DEMO DOCUMENT
100,1100,2026,7000000660,4,20260415,20260415,KR,,SYNTHETIC DEMO DOCUMENT
100,1100,2025,7000000661,4,20250426,20250426,DR,,SYNTHETIC DEMO DOCUMENT
100,1100,2025,7000000662,9,20250906,20250906,KR,7000000661,SYNTHETIC DEMO DOCUMENT
100,1000,2025,7000000663,8,20250811,20250811,AB,,SYNTHETIC DEMO DOCUMENT
100,1300,2026,7000000664,1,20260109,20260109,DR,,SYNTHETIC DEMO DOCUMENT
100,1100,2025,7000000665,8,20250813,20250813,DR,,SYNTHETIC DEMO DOCUMENT
100,1300,2025,7000000666,4,20250403,20250403,KR,,SYNTHETIC DEMO DOCUMENT
100,1100,2026,7000000667,6,20260613,20260613,DR,,SYNTHETIC DEMO DOCUMENT
100,1300,2025,7000000668,4,20250428,20250428,DR,,SYNTHETIC DEMO DOCUMENT
100,1100,2025,7000000669,6,20250604,20250604,KR,,SYNTHETIC DEMO DOCUMENT
100,1100,2026,7000000670,2,20260225,20260225,AB,,SYNTHETIC DEMO DOCUMENT
100,1000,2025,7000000671,5,20250509,20250509,SA,,SYNTHETIC DEMO DOCUMENT
100,1000,2025,7000000672,6,20250624,20250624,AB,,SYNTHETIC DEMO DOCUMENT
100,1200,2026,7000000673,2,20260210,20260210,DR,,SYNTHETIC DEMO DOCUMENT
100,1100,2026,7000000674,1,20260105,20260105,SA,,SYNTHETIC DEMO DOCUMENT
100,1200,2025,7000000675,5,20250504,20250504,KR,,SYNTHETIC DEMO DOCUMENT
100,1000,2026,7000000676,1,20260114,20260114,KR,,SYNTHETIC DEMO DOCUMENT
100,1300,2025,7000000677,4,20250420,20250420,KR,,SYNTHETIC DEMO DOCUMENT
100,1300,2026,7000000678,6,20260629,20260629,AB,,SYNTHETIC DEMO DOCUMENT
100,1100,2025,7000000679,4,20250426,20250426,AB,,SYNTHETIC DEMO DOCUMENT
100,1000,2025,7000000680,5,20250515,20250515,DR,,SYNTHETIC DEMO DOCUMENT
100,1300,2026,7000000681,9,20260905,20260905,SA,,SYNTHETIC DEMO DOCUMENT
100,1300,2025,7000000682,5,20250525,20250525,KR,,SYNTHETIC DEMO DOCUMENT
100,1100,2026,7000000683,5,20260512,20260512,AB,,SYNTHETIC DEMO DOCUMENT
100,1000,2026,7000000684,6,20260604,20260604,SA,,SYNTHETIC DEMO DOCUMENT
100,1100,2026,7000000685,7,20260718,20260718,DR,,SYNTHETIC DEMO DOCUMENT
100,1200,2026,7000000686,8,20260824,20260824,KR,,SYNTHETIC DEMO DOCUMENT
100,1300,2025,7000000687,7,20250724,20250724,KR,,SYNTHETIC DEMO DOCUMENT
100,1300,2025,7000000688,8,20250809,20250809,AB,,SYNTHETIC DEMO DOCUMENT
100,1100,2026,7000000689,1,20260114,20260114,KR,,SYNTHETIC DEMO DOCUMENT
100,1100,2025,7000000690,7,20250717,20250717,SA,,SYNTHETIC DEMO DOCUMENT
100,1100,2025,7000000691,10,20251029,20251029,DR,,SYNTHETIC DEMO DOCUMENT
100,1100,2026,7000000692,2,20260222,20260222,SA,,SYNTHETIC DEMO DOCUMENT
100,1100,2025,7000000693,11,20251112,20251112,KR,,SYNTHETIC DEMO DOCUMENT
100,1100,2025,7000000694,4,20250415,20250415,AB,,SYNTHETIC DEMO DOCUMENT
100,1100,2026,7000000695,4,20260419,20260419,KR,,SYNTHETIC DEMO DOCUMENT
100,1100,2026,7000000696,6,20260626,20260626,DR,,SYNTHETIC DEMO DOCUMENT
100,1200,2026,7000000697,1,20260103,20260103,AB,,SYNTHETIC DEMO DOCUMENT
100,1000,2025,7000000698,12,20251224,20251224,AB,,SYNTHETIC DEMO DOCUMENT
100,1200,2025,7000000699,8,20250816,20250816,SA,,SYNTHETIC DEMO DOCUMENT
100,1300,2026,7000000700,6,20260628,20260628,DR,,SYNTHETIC DEMO DOCUMENT
100,1200,2026,7000000701,5,20260519,20260519,DR,,SYNTHETIC DEMO DOCUMENT
100,1100,2026,7000000702,2,20260222,20260222,SA,,SYNTHETIC DEMO DOCUMENT
100,1300,2025,7000000703,6,20250618,20250618,AB,,SYNTHETIC DEMO DOCUMENT
100,1300,2025,7000000704,9,20250905,20250905,KR,,SYNTHETIC DEMO DOCUMENT
100,1100,2025,7000000705,5,20250528,20250528,KR,,SYNTHETIC DEMO DOCUMENT
100,1000,2025,7000000706,10,20251022,20251022,DR,,SYNTHETIC DEMO DOCUMENT
100,1100,2026,7000000707,8,20260829,20260829,DR,,SYNTHETIC DEMO DOCUMENT
100,1100,2025,7000000708,4,20250413,20250413,KR,,SYNTHETIC DEMO DOCUMENT
100,1000,2026,7000000709,2,20260210,20260210,AB,,SYNTHETIC DEMO DOCUMENT
100,1300,2025,7000000710,12,20251202,20251202,KR,,SYNTHETIC DEMO DOCUMENT
100,1100,2026,7000000711,2,20260227,20260227,AB,,SYNTHETIC DEMO DOCUMENT
100,1300,2025,7000000712,9,20250904,20250904,DR,,SYNTHETIC DEMO DOCUMENT
100,1000,2026,7000000713,8,20260830,20260830,KR,,SYNTHETIC DEMO DOCUMENT
100,1200,2026,7000000714,4,20260425,20260425,KR,,SYNTHETIC DEMO DOCUMENT
100,1100,2025,7000000715,12,20251207,20251207,AB,,SYNTHETIC DEMO DOCUMENT
100,1100,2025,7000000716,11,20251118,20251118,KR,,SYNTHETIC DEMO DOCUMENT
100,1200,2025,7000000717,8,20250809,20250809,KR,,SYNTHETIC DEMO DOCUMENT
100,1100,2026,7000000718,4,20260401,20260401,DR,,SYNTHETIC DEMO DOCUMENT
100,1100,2026,7000000719,2,20260222,20260222,KR,,SYNTHETIC DEMO DOCUMENT
100,1300,2026,7000000720,3,20260302,20260302,KR,,SYNTHETIC DEMO DOCUMENT
100,1100,2026,7000000721,4,20260408,20260408,SA,7000000720,SYNTHETIC DEMO DOCUMENT
100,1100,2025,7000000722,8,20250809,20250809,DR,,SYNTHETIC DEMO DOCUMENT
100,1100,2026,7000000723,9,20260921,20260921,SA,,SYNTHETIC DEMO DOCUMENT
100,1000,2025,7000000724,12,20251216,20251216,DR,,SYNTHETIC DEMO DOCUMENT
100,1200,2025,7000000725,4,20250409,20250409,DR,,SYNTHETIC DEMO DOCUMENT
100,1000,2026,7000000726,3,20260316,20260316,AB,,SYNTHETIC DEMO DOCUMENT
100,1100,2025,7000000727,8,20250801,20250801,DR,,SYNTHETIC DEMO DOCUMENT
100,1100,2025,7000000728,11,20251102,20251102,KR,,SYNTHETIC DEMO DOCUMENT
100,1300,2026,7000000729,7,20260719,20260719,KR,,SYNTHETIC DEMO DOCUMENT
100,1000,2026,7000000730,2,20260208,20260208,KR,,SYNTHETIC DEMO DOCUMENT
100,1100,2026,7000000731,6,20260608,20260608,KR,,SYNTHETIC DEMO DOCUMENT
100,1300,2025,7000000732,6,20250617,20250617,AB,,SYNTHETIC DEMO DOCUMENT
100,1000,2025,7000000733,4,20250406,20250406,DR,,SYNTHETIC DEMO DOCUMENT
100,1100,2025,7000000734,12,20251228,20251228,KR,,SYNTHETIC DEMO DOCUMENT
100,1100,2025,7000000735,5,20250512,20250512,SA,,SYNTHETIC DEMO DOCUMENT
100,1000,2026,7000000736,5,20260504,20260504,SA,,SYNTHETIC DEMO DOCUMENT
100,1000,2026,7000000737,7,20260720,20260720,DR,,SYNTHETIC DEMO DOCUMENT
100,1300,2025,7000000738,11,20251127,20251127,DR,,SYNTHETIC DEMO DOCUMENT
100,1300,2026,7000000739,8,20260805,20260805,KR,,SYNTHETIC DEMO DOCUMENT
100,1100,2026,7000000740,5,20260520,20260520,AB,,SYNTHETIC DEMO DOCUMENT
100,1200,2025,7000000741,12,20251223,20251223,AB,,SYNTHETIC DEMO DOCUMENT
100,1300,2026,7000000742,3,20260322,20260322,KR,,SYNTHETIC DEMO DOCUMENT
100,1300,2025,7000000743,10,20251024,20251024,KR,,SYNTHETIC DEMO DOCUMENT
100,1000,2025,7000000744,11,20251101,20251101,KR,,SYNTHETIC DEMO DOCUMENT
100,1100,2025,7000000745,4,20250408,20250408,DR,,SYNTHETIC DEMO DOCUMENT
100,1000,2025,7000000746,6,20250610,20250610,KR,,SYNTHETIC DEMO DOCUMENT
100,1100,2025,7000000747,11,20251109,20251109,AB,,SYNTHETIC DEMO DOCUMENT
100,1300,2025,7000000748,6,20250616,20250616,SA,,SYNTHETIC DEMO DOCUMENT
100,1200,2026,7000000749,4,20260421,20260421,SA,,SYNTHETIC DEMO DOCUMENT
100,1100,2025,7000000750,10,20251018,20251018,KR,,SYNTHETIC DEMO DOCUMENT
100,1100,2025,7000000751,8,20250802,20250802,KR,,SYNTHETIC DEMO DOCUMENT
100,1100,2026,7000000752,7,20260710,20260710,DR,,SYNTHETIC DEMO DOCUMENT
100,1100,2026,7000000753,1,20260115,20260115,AB,,SYNTHETIC DEMO DOCUMENT
100,1200,2025,7000000754,6,20250611,20250611,DR,,SYNTHETIC DEMO DOCUMENT
100,1000,2026,7000000755,4,20260423,20260423,KR,,SYNTHETIC DEMO DOCUMENT
100,1100,2025,7000000756,10,20251015,20251015,DR,7000000755,SYNTHETIC DEMO DOCUMENT
100,1100,2025,7000000757,4,20250411,20250411,KR,,SYNTHETIC DEMO DOCUMENT
100,1200,2025,7000000758,11,20251108,20251108,DR,,SYNTHETIC DEMO DOCUMENT
100,1200,2026,7000000759,6,20260602,20260602,KR,,SYNTHETIC DEMO DOCUMENT
100,1100,2026,7000000760,3,20260322,20260322,KR,7000000759,SYNTHETIC DEMO DOCUMENT
100,1100,2025,7000000761,9,20250916,20250916,KR,,SYNTHETIC DEMO DOCUMENT
100,1100,2025,7000000762,4,20250406,20250406,KR,,SYNTHETIC DEMO DOCUMENT
100,1100,2026,7000000763,6,20260621,20260621,KR,,SYNTHETIC DEMO DOCUMENT
100,1100,2025,7000000764,8,20250811,20250811,KR,,SYNTHETIC DEMO DOCUMENT
100,1100,2025,7000000765,12,20251209,20251209,SA,,SYNTHETIC DEMO DOCUMENT
100,1000,2025,7000000766,10,20251022,20251022,KR,,SYNTHETIC DEMO DOCUMENT
100,1300,2025,7000000767,9,20250903,20250903,AB,,SYNTHETIC DEMO DOCUMENT
100,1100,2025,7000000768,7,20250721,20250721,KR,,SYNTHETIC DEMO DOCUMENT
100,1100,2026,7000000769,3,20260320,20260320,KR,,SYNTHETIC DEMO DOCUMENT
100,1300,2026,7000000770,9,20260917,20260917,KR,,SYNTHETIC DEMO DOCUMENT
100,1300,2025,7000000771,6,20250628,20250628,KR,,SYNTHETIC DEMO DOCUMENT
100,1200,2026,7000000772,6,20260619,20260619,KR,,SYNTHETIC DEMO DOCUMENT
100,1100,2025,7000000773,11,20251127,20251127,SA,,SYNTHETIC DEMO DOCUMENT
100,1300,2025,7000000774,10,20251027,20251027,AB,,SYNTHETIC DEMO DOCUMENT
100,1200,2025,7000000775,10,20251007,20251007,DR,,SYNTHETIC DEMO DOCUMENT
100,1300,2025,7000000776,4,20250418,20250418,KR,,SYNTHETIC DEMO DOCUMENT
100,1100,2026,7000000777,5,20260508,20260508,KR,,SYNTHETIC DEMO DOCUMENT
100,1000,2026,7000000778,6,20260613,20260613,SA,,SYNTHETIC DEMO DOCUMENT
100,1100,2026,7000000779,6,20260619,20260619,KR,,SYNTHETIC DEMO DOCUMENT
100,1100,2026,7000000780,3,20260322,20260322,AB,,SYNTHETIC DEMO DOCUMENT
100,1200,2026,7000000781,4,20260421,20260421,DR,,SYNTHETIC DEMO DOCUMENT
100,1100,2025,7000000782,12,20251225,20251225,DR,,SYNTHETIC DEMO DOCUMENT
100,1200,2026,7000000783,6,20260616,20260616,KR,,SYNTHETIC DEMO DOCUMENT
100,1000,2026,7000000784,2,20260207,20260207,KR,,SYNTHETIC DEMO DOCUMENT
100,1100,2025,7000000785,7,20250727,20250727,KR,,SYNTHETIC DEMO DOCUMENT
100,1000,2026,7000000786,9,20260902,20260902,KR,,SYNTHETIC DEMO DOCUMENT
100,1200,2026,7000000787,8,20260820,20260820,SA,,SYNTHETIC DEMO DOCUMENT
100,1000,2026,7000000788,3,20260326,20260326,DR,,SYNTHETIC DEMO DOCUMENT
100,1200,2026,7000000789,1,20260110,20260110,KR,,SYNTHETIC DEMO DOCUMENT
100,1200,2025,7000000790,8,20250801,20250801,DR,,SYNTHETIC DEMO DOCUMENT
100,1100,2025,7000000791,11,20251113,20251113,SA,,SYNTHETIC DEMO DOCUMENT
100,1300,2026,7000000792,9,20260906,20260906,SA,,SYNTHETIC DEMO DOCUMENT
100,1000,2026,7000000793,7,20260702,20260702,KR,,SYNTHETIC DEMO DOCUMENT
100,1100,2025,7000000794,6,20250621,20250621,KR,,SYNTHETIC DEMO DOCUMENT
100,1300,2025,7000000795,9,20250910,20250910,KR,,SYNTHETIC DEMO DOCUMENT
100,1100,2025,7000000796,11,20251103,20251103,KR,,SYNTHETIC DEMO DOCUMENT
100,1000,2026,7000000797,2,20260218,20260218,DR,,SYNTHETIC DEMO DOCUMENT
100,1300,2026,7000000798,5,20260506,20260506,SA,7000000797,SYNTHETIC DEMO DOCUMENT
100,1100,2025,7000000799,7,20250725,20250725,KR,,SYNTHETIC DEMO DOCUMENT
100,1300,2026,7000000800,5,20260521,20260521,DR,,SYNTHETIC DEMO DOCUMENT
100,1000,2026,7000000801,6,20260629,20260629,KR,,SYNTHETIC DEMO DOCUMENT
100,1300,2026,7000000802,8,20260803,20260803,KR,,SYNTHETIC DEMO DOCUMENT
100,1100,2026,7000000803,9,20260903,20260903,AB,,SYNTHETIC DEMO DOCUMENT
100,1000,2026,7000000804,4,20260428,20260428,KR,,SYNTHETIC DEMO DOCUMENT
100,1100,2025,7000000805,4,20250408,20250408,KR,,SYNTHETIC DEMO DOCUMENT
100,1200,2026,7000000806,8,20260813,20260813,KR,,SYNTHETIC DEMO DOCUMENT
100,1000,2025,7000000807,12,20251210,20251210,KR,,SYNTHETIC DEMO DOCUMENT
100,1100,2026,7000000808,5,20260526,20260526,DR,,SYNTHETIC DEMO DOCUMENT
100,1300,2025,7000000809,8,20250819,20250819,KR,,SYNTHETIC DEMO DOCUMENT
100,1300,2026,7000000810,5,20260512,20260512,AB,,SYNTHETIC DEMO DOCUMENT
100,1200,2025,7000000811,7,20250729,20250729,SA,,SYNTHETIC DEMO DOCUMENT
100,1100,2025,7000000812,4,20250403,20250403,SA,,SYNTHETIC DEMO DOCUMENT
100,1100,2026,7000000813,7,20260726,20260726,SA,,SYNTHETIC DEMO DOCUMENT
100,1000,2025,7000000814,12,20251221,20251221,KR,,SYNTHETIC DEMO DOCUMENT
100,1300,2026,7000000815,6,20260627,20260627,KR,,SYNTHETIC DEMO DOCUMENT
100,1100,2026,7000000816,9,20260927,20260927,AB,,SYNTHETIC DEMO DOCUMENT
100,1300,2025,7000000817,7,20250712,20250712,SA,,SYNTHETIC DEMO DOCUMENT
100,1200,2026,7000000818,6,20260611,20260611,SA,,SYNTHETIC DEMO DOCUMENT
100,1200,2026,7000000819,9,20260925,20260925,DR,,SYNTHETIC DEMO DOCUMENT
100,1000,2026,7000000820,2,20260217,20260217,DR,,SYNTHETIC DEMO DOCUMENT
100,1300,2025,7000000821,7,20250727,20250727,KR,,SYNTHETIC DEMO DOCUMENT
100,1100,2026,7000000822,5,20260506,20260506,SA,,SYNTHETIC DEMO DOCUMENT
100,1300,2026,7000000823,6,20260605,20260605,AB,,SYNTHETIC DEMO DOCUMENT
100,1000,2025,7000000824,9,20250921,20250921,DR,7000000823,SYNTHETIC DEMO DOCUMENT
100,1000,2026,7000000825,6,20260612,20260612,KR,7000000824,SYNTHETIC DEMO DOCUMENT
100,1000,2025,7000000826,4,20250405,20250405,KR,,SYNTHETIC DEMO DOCUMENT
100,1000,2026,7000000827,5,20260530,20260530,SA,,SYNTHETIC DEMO DOCUMENT
100,1000,2025,7000000828,12,20251223,20251223,SA,,SYNTHETIC DEMO DOCUMENT
100,1200,2025,7000000829,5,20250530,20250530,KR,,SYNTHETIC DEMO DOCUMENT
100,1100,2025,7000000830,4,20250412,20250412,DR,,SYNTHETIC DEMO DOCUMENT
100,1000,2025,7000000831,10,20251017,20251017,DR,,SYNTHETIC DEMO DOCUMENT
100,1300,2026,7000000832,7,20260703,20260703,KR,,SYNTHETIC DEMO DOCUMENT
100,1200,2025,7000000833,6,20250629,20250629,KR,,SYNTHETIC DEMO DOCUMENT
100,1100,2025,7000000834,11,20251121,20251121,KR,,SYNTHETIC DEMO DOCUMENT
100,1200,2025,7000000835,6,20250616,20250616,DR,,SYNTHETIC DEMO DOCUMENT
100,1300,2026,7000000836,8,20260802,20260802,DR,,SYNTHETIC DEMO DOCUMENT
100,1000,2026,7000000837,9,20260917,20260917,DR,,SYNTHETIC DEMO DOCUMENT
100,1000,2025,7000000838,11,20251127,20251127,KR,,SYNTHETIC DEMO DOCUMENT
100,1100,2025,7000000839,10,20251014,20251014,KR,,SYNTHETIC DEMO DOCUMENT
100,1100,2026,7000000840,4,20260408,20260408,KR,,SYNTHETIC DEMO DOCUMENT
100,1100,2026,7000000841,6,20260607,20260607,KR,,SYNTHETIC DEMO DOCUMENT
100,1000,2025,7000000842,10,20251022,20251022,KR,,SYNTHETIC DEMO DOCUMENT
100,1300,2026,7000000843,9,20260907,20260907,SA,,SYNTHETIC DEMO DOCUMENT
100,1300,2026,7000000844,1,20260120,20260120,DR,,SYNTHETIC DEMO DOCUMENT
100,1100,2025,7000000845,5,20250530,20250530,DR,,SYNTHETIC DEMO DOCUMENT
100,1300,2026,7000000846,3,20260316,20260316,KR,,SYNTHETIC DEMO DOCUMENT
100,1300,2026,7000000847,2,20260216,20260216,DR,,SYNTHETIC DEMO DOCUMENT
100,1100,2026,7000000848,9,20260918,20260918,AB,,SYNTHETIC DEMO DOCUMENT
100,1100,2025,7000000849,9,20250908,20250908,SA,,SYNTHETIC DEMO DOCUMENT
100,1100,2026,7000000850,4,20260404,20260404,KR,,SYNTHETIC DEMO DOCUMENT
100,1000,2025,7000000851,7,20250711,20250711,SA,,SYNTHETIC DEMO DOCUMENT
100,1100,2026,7000000852,6,20260604,20260604,KR,,SYNTHETIC DEMO DOCUMENT
100,1100,2026,7000000853,2,20260204,20260204,SA,,SYNTHETIC DEMO DOCUMENT
100,1200,2025,7000000854,12,20251221,20251221,KR,,SYNTHETIC DEMO DOCUMENT
100,1100,2025,7000000855,12,20251211,20251211,KR,,SYNTHETIC DEMO DOCUMENT
100,1200,2025,7000000856,8,20250805,20250805,DR,,SYNTHETIC DEMO DOCUMENT
100,1100,2026,7000000857,7,20260704,20260704,AB,,SYNTHETIC DEMO DOCUMENT
100,1300,2026,7000000858,6,20260618,20260618,DR,,SYNTHETIC DEMO DOCUMENT
100,1000,2026,7000000859,8,20260802,20260802,KR,,SYNTHETIC DEMO DOCUMENT
100,1000,2026,7000000860,4,20260429,20260429,SA,,SYNTHETIC DEMO DOCUMENT
100,1300,2025,7000000861,11,20251125,20251125,KR,,SYNTHETIC DEMO DOCUMENT
100,1000,2026,7000000862,6,20260614,20260614,KR,,SYNTHETIC DEMO DOCUMENT
100,1200,2025,7000000863,7,20250710,20250710,KR,,SYNTHETIC DEMO DOCUMENT
100,1300,2026,7000000864,9,20260921,20260921,DR,,SYNTHETIC DEMO DOCUMENT
100,1100,2026,7000000865,5,20260501,20260501,KR,,SYNTHETIC DEMO DOCUMENT
100,1100,2025,7000000866,6,20250612,20250612,SA,,SYNTHETIC DEMO DOCUMENT
100,1100,2025,7000000867,12,20251209,20251209,SA,,SYNTHETIC DEMO DOCUMENT
100,1300,2025,7000000868,9,20250926,20250926,SA,,SYNTHETIC DEMO DOCUMENT
100,1000,2025,7000000869,4,20250423,20250423,KR,,SYNTHETIC DEMO DOCUMENT
100,1200,2025,7000000870,5,20250512,20250512,AB,,SYNTHETIC DEMO DOCUMENT
100,1100,2026,7000000871,9,20260919,20260919,KR,,SYNTHETIC DEMO DOCUMENT
100,1300,2026,7000000872,1,20260130,20260130,KR,,SYNTHETIC DEMO DOCUMENT
100,1300,2025,7000000873,12,20251227,20251227,DR,,SYNTHETIC DEMO DOCUMENT
100,1100,2026,7000000874,6,20260615,20260615,AB,,SYNTHETIC DEMO DOCUMENT
100,1100,2026,7000000875,2,20260226,20260226,KR,,SYNTHETIC DEMO DOCUMENT
100,1100,2026,7000000876,4,20260408,20260408,SA,,SYNTHETIC DEMO DOCUMENT
100,1100,2025,7000000877,11,20251122,20251122,DR,,SYNTHETIC DEMO DOCUMENT
100,1200,2025,7000000878,4,20250418,20250418,SA,,SYNTHETIC DEMO DOCUMENT
100,1100,2025,7000000879,12,20251206,20251206,DR,,SYNTHETIC DEMO DOCUMENT
100,1200,2026,7000000880,7,20260725,20260725,SA,,SYNTHETIC DEMO DOCUMENT
100,1200,2025,7000000881,11,20251108,20251108,DR,,SYNTHETIC DEMO DOCUMENT
100,1300,2026,7000000882,8,20260814,20260814,DR,,SYNTHETIC DEMO DOCUMENT
100,1100,2026,7000000883,1,20260131,20260131,SA,7000000882,SYNTHETIC DEMO DOCUMENT
100,1300,2026,7000000884,4,20260429,20260429,SA,,SYNTHETIC DEMO DOCUMENT
100,1100,2025,7000000885,10,20251030,20251030,SA,7000000884,SYNTHETIC DEMO DOCUMENT
100,1200,2026,7000000886,9,20260905,20260905,DR,,SYNTHETIC DEMO DOCUMENT
100,1300,2026,7000000887,8,20260827,20260827,KR,,SYNTHETIC DEMO DOCUMENT
100,1100,2025,7000000888,7,20250719,20250719,SA,,SYNTHETIC DEMO DOCUMENT
100,1200,2026,7000000889,2,20260215,20260215,SA,,SYNTHETIC DEMO DOCUMENT
100,1100,2025,7000000890,12,20251212,20251212,AB,,SYNTHETIC DEMO DOCUMENT
100,1300,2025,7000000891,8,20250802,20250802,AB,,SYNTHETIC DEMO DOCUMENT
100,1300,2026,7000000892,5,20260518,20260518,SA,,SYNTHETIC DEMO DOCUMENT
100,1300,2025,7000000893,6,20250627,20250627,KR,,SYNTHETIC DEMO DOCUMENT
100,1000,2025,7000000894,4,20250402,20250402,DR,,SYNTHETIC DEMO DOCUMENT
100,1100,2025,7000000895,4,20250424,20250424,KR,,SYNTHETIC DEMO DOCUMENT
100,1100,2025,7000000896,7,20250731,20250731,SA,,SYNTHETIC DEMO DOCUMENT
100,1100,2026,7000000897,7,20260711,20260711,SA,,SYNTHETIC DEMO DOCUMENT
100,1200,2026,7000000898,9,20260926,20260926,DR,,SYNTHETIC DEMO DOCUMENT
100,1100,2026,7000000899,5,20260519,20260519,AB,,SYNTHETIC DEMO DOCUMENT
100,1300,2026,7000000900,4,20260420,20260420,AB,,SYNTHETIC DEMO DOCUMENT
100,1200,2025,7000000901,5,20250508,20250508,DR,,SYNTHETIC DEMO DOCUMENT
100,1000,2025,7000000902,12,20251206,20251206,AB,,SYNTHETIC DEMO DOCUMENT
100,1100,2026,7000000903,7,20260710,20260710,SA,,SYNTHETIC DEMO DOCUMENT
100,1300,2025,7000000904,6,20250611,20250611,KR,,SYNTHETIC DEMO DOCUMENT
100,1100,2025,7000000905,11,20251112,20251112,DR,,SYNTHETIC DEMO DOCUMENT
100,1000,2026,7000000906,5,20260527,20260527,KR,,SYNTHETIC DEMO DOCUMENT
100,1000,2025,7000000907,4,20250409,20250409,KR,,SYNTHETIC DEMO DOCUMENT
100,1100,2025,7000000908,8,20250828,20250828,SA,,SYNTHETIC DEMO DOCUMENT
100,1100,2025,7000000909,11,20251111,20251111,KR,,SYNTHETIC DEMO DOCUMENT
100,1200,2026,7000000910,2,20260217,20260217,KR,,SYNTHETIC DEMO DOCUMENT
100,1200,2025,7000000911,8,20250806,20250806,DR,,SYNTHETIC DEMO DOCUMENT
100,1100,2025,7000000912,7,20250731,20250731,SA,,SYNTHETIC DEMO DOCUMENT
100,1200,2025,7000000913,7,20250731,20250731,KR,,SYNTHETIC DEMO DOCUMENT
100,1100,2026,7000000914,1,20260125,20260125,KR,,SYNTHETIC DEMO DOCUMENT
100,1300,2026,7000000915,4,20260427,20260427,KR,,SYNTHETIC DEMO DOCUMENT
100,1100,2025,7000000916,10,20251020,20251020,KR,,SYNTHETIC DEMO DOCUMENT
100,1000,2025,7000000917,7,20250703,20250703,SA,,SYNTHETIC DEMO DOCUMENT
100,1100,2026,7000000918,5,20260502,20260502,DR,,SYNTHETIC DEMO DOCUMENT
100,1300,2026,7000000919,2,20260203,20260203,KR,,SYNTHETIC DEMO DOCUMENT
100,1000,2026,7000000920,8,20260812,20260812,AB,,SYNTHETIC DEMO DOCUMENT
100,1200,2025,7000000921,8,20250823,20250823,DR,,SYNTHETIC DEMO DOCUMENT
100,1300,2026,7000000922,3,20260331,20260331,KR,,SYNTHETIC DEMO DOCUMENT
100,1300,2025,7000000923,7,20250720,20250720,SA,,SYNTHETIC DEMO DOCUMENT
100,1300,2025,7000000924,12,20251218,20251218,KR,7000000923,SYNTHETIC DEMO DOCUMENT
100,1300,2026,7000000925,1,20260112,20260112,AB,,SYNTHETIC DEMO DOCUMENT
100,1300,2026,7000000926,2,20260202,20260202,KR,,SYNTHETIC DEMO DOCUMENT
100,1200,2025,7000000927,11,20251121,20251121,KR,,SYNTHETIC DEMO DOCUMENT
100,1100,2026,7000000928,2,20260221,20260221,DR,,SYNTHETIC DEMO DOCUMENT
100,1100,2026,7000000929,4,20260421,20260421,KR,,SYNTHETIC DEMO DOCUMENT
100,1300,2026,7000000930,2,20260211,20260211,DR,,SYNTHETIC DEMO DOCUMENT
100,1100,2026,7000000931,6,20260604,20260604,KR,,SYNTHETIC DEMO DOCUMENT
100,1200,2025,7000000932,10,20251021,20251021,KR,,SYNTHETIC DEMO DOCUMENT
100,1200,2025,7000000933,10,20251020,20251020,KR,7000000932,SYNTHETIC DEMO DOCUMENT
100,1300,2025,7000000934,5,20250526,20250526,SA,,SYNTHETIC DEMO DOCUMENT
100,1300,2026,7000000935,3,20260323,20260323,AB,,SYNTHETIC DEMO DOCUMENT
100,1100,2026,7000000936,4,20260410,20260410,KR,,SYNTHETIC DEMO DOCUMENT
100,1200,2025,7000000937,11,20251130,20251130,SA,,SYNTHETIC DEMO DOCUMENT
100,1000,2025,7000000938,4,20250410,20250410,KR,,SYNTHETIC DEMO DOCUMENT
100,1200,2025,7000000939,6,20250618,20250618,AB,,SYNTHETIC DEMO DOCUMENT
100,1200,2026,7000000940,8,20260822,20260822,KR,,SYNTHETIC DEMO DOCUMENT
100,1000,2026,7000000941,4,20260404,20260404,AB,,SYNTHETIC DEMO DOCUMENT
100,1100,2026,7000000942,2,20260220,20260220,SA,,SYNTHETIC DEMO DOCUMENT
100,1100,2025,7000000943,12,20251203,20251203,DR,,SYNTHETIC DEMO DOCUMENT
100,1000,2025,7000000944,10,20251025,20251025,KR,,SYNTHETIC DEMO DOCUMENT
100,1300,2026,7000000945,4,20260402,20260402,AB,,SYNTHETIC DEMO DOCUMENT
100,1000,2026,7000000946,2,20260202,20260202,DR,,SYNTHETIC DEMO DOCUMENT
100,1000,2026,7000000947,4,20260425,20260425,DR,,SYNTHETIC DEMO DOCUMENT
100,1200,2026,7000000948,2,20260202,20260202,SA,,SYNTHETIC DEMO DOCUMENT
100,1100,2026,7000000949,8,20260812,20260812,DR,,SYNTHETIC DEMO DOCUMENT
100,1000,2025,7000000950,10,20251023,20251023,DR,,SYNTHETIC DEMO DOCUMENT
100,1200,2026,7000000951,5,20260511,20260511,KR,,SYNTHETIC DEMO DOCUMENT
100,1200,2026,7000000952,3,20260307,20260307,KR,,SYNTHETIC DEMO DOCUMENT
100,1300,2025,7000000953,7,20250720,20250720,DR,,SYNTHETIC DEMO DOCUMENT
100,1200,2026,7000000954,9,20260903,20260903,DR,,SYNTHETIC DEMO DOCUMENT
100,1300,2025,7000000955,10,20251014,20251014,KR,,SYNTHETIC DEMO DOCUMENT
100,1000,2026,7000000956,2,20260228,20260228,KR,,SYNTHETIC DEMO DOCUMENT
100,1000,2026,7000000957,1,20260114,20260114,KR,,SYNTHETIC DEMO DOCUMENT
100,1300,2025,7000000958,11,20251115,20251115,KR,,SYNTHETIC DEMO DOCUMENT
100,1100,2025,7000000959,4,20250407,20250407,KR,,SYNTHETIC DEMO DOCUMENT
100,1000,2025,7000000960,10,20251020,20251020,KR,7000000959,SYNTHETIC DEMO DOCUMENT
100,1100,2026,7000000961,4,20260401,20260401,AB,,SYNTHETIC DEMO DOCUMENT
100,1100,2025,7000000962,11,20251110,20251110,AB,,SYNTHETIC DEMO DOCUMENT
100,1100,2026,7000000963,1,20260131,20260131,KR,,SYNTHETIC DEMO DOCUMENT
100,1100,2026,7000000964,8,20260801,20260801,SA,,SYNTHETIC DEMO DOCUMENT
100,1200,2025,7000000965,9,20250917,20250917,SA,,SYNTHETIC DEMO DOCUMENT
100,1100,2026,7000000966,6,20260610,20260610,AB,,SYNTHETIC DEMO DOCUMENT
100,1200,2025,7000000967,5,20250526,20250526,KR,,SYNTHETIC DEMO DOCUMENT
100,1300,2025,7000000968,6,20250611,20250611,DR,,SYNTHETIC DEMO DOCUMENT
100,1100,2026,7000000969,8,20260823,20260823,KR,,SYNTHETIC DEMO DOCUMENT
100,1300,2026,7000000970,6,20260618,20260618,AB,,SYNTHETIC DEMO DOCUMENT
100,1300,2026,7000000971,9,20260921,20260921,KR,,SYNTHETIC DEMO DOCUMENT
100,1100,2026,7000000972,3,20260324,20260324,DR,,SYNTHETIC DEMO DOCUMENT
100,1100,2025,7000000973,8,20250825,20250825,DR,,SYNTHETIC DEMO DOCUMENT
100,1100,2026,7000000974,4,20260419,20260419,KR,,SYNTHETIC DEMO DOCUMENT
100,1100,2026,7000000975,5,20260511,20260511,AB,,SYNTHETIC DEMO DOCUMENT
100,1200,2026,7000000976,7,20260710,20260710,KR,,SYNTHETIC DEMO DOCUMENT
100,1000,2026,7000000977,1,20260121,20260121,SA,,SYNTHETIC DEMO DOCUMENT
100,1200,2026,7000000978,1,20260113,20260113,KR,,SYNTHETIC DEMO DOCUMENT
100,1100,2026,7000000979,1,20260106,20260106,DR,,SYNTHETIC DEMO DOCUMENT
100,1100,2025,7000000980,9,20250901,20250901,KR,,SYNTHETIC DEMO DOCUMENT
100,1100,2026,7000000981,5,20260524,20260524,KR,,SYNTHETIC DEMO DOCUMENT
100,1000,2026,7000000982,4,20260405,20260405,SA,,SYNTHETIC DEMO DOCUMENT
100,1000,2026,7000000983,6,20260604,20260604,SA,,SYNTHETIC DEMO DOCUMENT
100,1100,2025,7000000984,8,20250812,20250812,DR,,SYNTHETIC DEMO DOCUMENT
100,1100,2025,7000000985,5,20250503,20250503,KR,,SYNTHETIC DEMO DOCUMENT
100,1200,2026,7000000986,2,20260225,20260225,KR,,SYNTHETIC DEMO DOCUMENT
100,1300,2026,7000000987,3,20260327,20260327,KR,,SYNTHETIC DEMO DOCUMENT
100,1300,2026,7000000988,7,20260715,20260715,SA,,SYNTHETIC DEMO DOCUMENT
100,1200,2026,7000000989,6,20260623,20260623,DR,,SYNTHETIC DEMO DOCUMENT
100,1100,2025,7000000990,4,20250430,20250430,SA,,SYNTHETIC DEMO DOCUMENT
100,1200,2025,7000000991,7,20250712,20250712,KR,,SYNTHETIC DEMO DOCUMENT
100,1000,2026,7000000992,7,20260723,20260723,SA,,SYNTHETIC DEMO DOCUMENT
100,1200,2025,7000000993,6,20250627,20250627,DR,,SYNTHETIC DEMO DOCUMENT
100,1300,2026,7000000994,7,20260713,20260713,SA,,SYNTHETIC DEMO DOCUMENT
100,1100,2025,7000000995,4,20250407,20250407,KR,,SYNTHETIC DEMO DOCUMENT
100,1100,2026,7000000996,8,20260820,20260820,AB,,SYNTHETIC DEMO DOCUMENT
100,1100,2026,7000000997,6,20260621,20260621,DR,,SYNTHETIC DEMO DOCUMENT
100,1100,2026,7000000998,3,20260323,20260323,DR,,SYNTHETIC DEMO DOCUMENT
100,1000,2025,7000000999,12,20251224,20251224,KR,,SYNTHETIC DEMO DOCUMENT
100,1200,2026,7000001000,8,20260820,20260820,KR,,SYNTHETIC DEMO DOCUMENT
100,1100,2026,7000001001,8,20260802,20260802,KR,,SYNTHETIC DEMO DOCUMENT
100,1100,2026,7000001002,2,20260215,20260215,AB,,SYNTHETIC DEMO DOCUMENT
100,1100,2026,7000001003,5,20260511,20260511,KR,,SYNTHETIC DEMO DOCUMENT
100,1000,2026,7000001004,9,20260902,20260902,SA,,SYNTHETIC DEMO DOCUMENT
100,1100,2025,7000001005,11,20251105,20251105,AB,,SYNTHETIC DEMO DOCUMENT
100,1300,2026,7000001006,1,20260119,20260119,DR,,SYNTHETIC DEMO DOCUMENT
100,1100,2025,7000001007,12,20251221,20251221,AB,,SYNTHETIC DEMO DOCUMENT
100,1200,2025,7000001008,8,20250820,20250820,AB,,SYNTHETIC DEMO DOCUMENT
100,1100,2025,7000001009,4,20250422,20250422,DR,,SYNTHETIC DEMO DOCUMENT
100,1100,2025,7000001010,11,20251101,20251101,KR,,SYNTHETIC DEMO DOCUMENT
100,1200,2025,7000001011,7,20250712,20250712,AB,,SYNTHETIC DEMO DOCUMENT
100,1000,2026,7000001012,6,20260608,20260608,AB,,SYNTHETIC DEMO DOCUMENT
100,1100,2025,7000001013,8,20250825,20250825,KR,,SYNTHETIC DEMO DOCUMENT
100,1300,2025,7000001014,4,20250405,20250405,KR,,SYNTHETIC DEMO DOCUMENT
100,1200,2025,7000001015,10,20251023,20251023,AB,,SYNTHETIC DEMO DOCUMENT
100,1000,2026,7000001016,3,20260308,20260308,KR,,SYNTHETIC DEMO DOCUMENT
100,1100,2025,7000001017,7,20250715,20250715,DR,,SYNTHETIC DEMO DOCUMENT
100,1300,2025,7000001018,9,20250906,20250906,DR,,SYNTHETIC DEMO DOCUMENT
100,1100,2026,7000001019,2,20260218,20260218,SA,,SYNTHETIC DEMO DOCUMENT
100,1300,2026,7000001020,6,20260618,20260618,DR,,SYNTHETIC DEMO DOCUMENT
100,1200,2026,7000001021,3,20260324,20260324,DR,,SYNTHETIC DEMO DOCUMENT
100,1100,2026,7000001022,4,20260430,20260430,KR,,SYNTHETIC DEMO DOCUMENT
100,1000,2026,7000001023,8,20260817,20260817,SA,,SYNTHETIC DEMO DOCUMENT
100,1000,2026,7000001024,1,20260109,20260109,DR,,SYNTHETIC DEMO DOCUMENT
100,1100,2025,7000001025,9,20250917,20250917,KR,,SYNTHETIC DEMO DOCUMENT
100,1300,2026,7000001026,6,20260613,20260613,DR,,SYNTHETIC DEMO DOCUMENT
100,1000,2025,7000001027,5,20250507,20250507,KR,,SYNTHETIC DEMO DOCUMENT
100,1100,2025,7000001028,10,20251005,20251005,DR,,SYNTHETIC DEMO DOCUMENT
100,1100,2025,7000001029,5,20250526,20250526,DR,,SYNTHETIC DEMO DOCUMENT
100,1200,2026,7000001030,9,20260915,20260915,DR,,SYNTHETIC DEMO DOCUMENT
100,1200,2025,7000001031,6,20250622,20250622,DR,,SYNTHETIC DEMO DOCUMENT
100,1100,2026,7000001032,8,20260819,20260819,AB,,SYNTHETIC DEMO DOCUMENT
100,1300,2025,7000001033,10,20251021,20251021,DR,,SYNTHETIC DEMO DOCUMENT
100,1000,2026,7000001034,9,20260910,20260910,KR,,SYNTHETIC DEMO DOCUMENT
100,1000,2026,7000001035,8,20260825,20260825,SA,,SYNTHETIC DEMO DOCUMENT
100,1100,2026,7000001036,3,20260326,20260326,DR,,SYNTHETIC DEMO DOCUMENT
100,1100,2025,7000001037,11,20251113,20251113,DR,,SYNTHETIC DEMO DOCUMENT
100,1100,2026,7000001038,8,20260818,20260818,AB,,SYNTHETIC DEMO DOCUMENT
100,1000,2025,7000001039,6,20250603,20250603,KR,,SYNTHETIC DEMO DOCUMENT
100,1100,2025,7000001040,8,20250819,20250819,KR,,SYNTHETIC DEMO DOCUMENT
100,1100,2026,7000001041,9,20260901,20260901,KR,,SYNTHETIC DEMO DOCUMENT
100,1300,2025,7000001042,9,20250909,20250909,AB,,SYNTHETIC DEMO DOCUMENT
100,1000,2026,7000001043,9,20260912,20260912,SA,,SYNTHETIC DEMO DOCUMENT
100,1100,2025,7000001044,12,20251216,20251216,SA,,SYNTHETIC DEMO DOCUMENT
100,1100,2025,7000001045,6,20250613,20250613,KR,,SYNTHETIC DEMO DOCUMENT
100,1300,2026,7000001046,8,20260828,20260828,AB,,SYNTHETIC DEMO DOCUMENT
100,1100,2026,7000001047,9,20260905,20260905,SA,,SYNTHETIC DEMO DOCUMENT
100,1100,2025,7000001048,4,20250406,20250406,AB,,SYNTHETIC DEMO DOCUMENT
100,1300,2025,7000001049,6,20250626,20250626,KR,,SYNTHETIC DEMO DOCUMENT
100,1100,2026,7000001050,9,20260923,20260923,SA,,SYNTHETIC DEMO DOCUMENT
100,1000,2026,7000001051,9,20260923,20260923,AB,,SYNTHETIC DEMO DOCUMENT
100,1100,2025,7000001052,12,20251204,20251204,DR,,SYNTHETIC DEMO DOCUMENT
100,1000,2026,7000001053,6,20260622,20260622,DR,,SYNTHETIC DEMO DOCUMENT
100,1200,2026,7000001054,3,20260315,20260315,KR,,SYNTHETIC DEMO DOCUMENT
100,1300,2026,7000001055,4,20260416,20260416,SA,,SYNTHETIC DEMO DOCUMENT
100,1300,2026,7000001056,5,20260529,20260529,KR,,SYNTHETIC DEMO DOCUMENT
100,1200,2026,7000001057,3,20260327,20260327,DR,,SYNTHETIC DEMO DOCUMENT
100,1300,2025,7000001058,6,20250628,20250628,AB,,SYNTHETIC DEMO DOCUMENT
100,1100,2026,7000001059,8,20260813,20260813,KR,,SYNTHETIC DEMO DOCUMENT
100,1300,2026,7000001060,9,20260921,20260921,DR,,SYNTHETIC DEMO DOCUMENT
100,1200,2026,7000001061,3,20260323,20260323,KR,,SYNTHETIC DEMO DOCUMENT
100,1100,2025,7000001062,4,20250423,20250423,KR,,SYNTHETIC DEMO DOCUMENT
100,1100,2026,7000001063,7,20260711,20260711,DR,,SYNTHETIC DEMO DOCUMENT
100,1300,2026,7000001064,2,20260208,20260208,KR,,SYNTHETIC DEMO DOCUMENT
100,1100,2025,7000001065,11,20251119,20251119,KR,,SYNTHETIC DEMO DOCUMENT
100,1100,2026,7000001066,6,20260625,20260625,KR,,SYNTHETIC DEMO DOCUMENT
100,1100,2025,7000001067,4,20250415,20250415,KR,,SYNTHETIC DEMO DOCUMENT
100,1100,2025,7000001068,5,20250510,20250510,KR,,SYNTHETIC DEMO DOCUMENT
100,1300,2025,7000001069,12,20251213,20251213,SA,,SYNTHETIC DEMO DOCUMENT
100,1000,2026,7000001070,2,20260202,20260202,SA,,SYNTHETIC DEMO DOCUMENT
100,1100,2026,7000001071,7,20260725,20260725,SA,,SYNTHETIC DEMO DOCUMENT
100,1100,2025,7000001072,6,20250607,20250607,DR,,SYNTHETIC DEMO DOCUMENT
100,1100,2026,7000001073,5,20260524,20260524,AB,,SYNTHETIC DEMO DOCUMENT
100,1000,2025,7000001074,8,20250816,20250816,KR,,SYNTHETIC DEMO DOCUMENT
100,1100,2025,7000001075,6,20250603,20250603,DR,,SYNTHETIC DEMO DOCUMENT
100,1000,2025,7000001076,8,20250805,20250805,KR,,SYNTHETIC DEMO DOCUMENT
100,1000,2025,7000001077,8,20250816,20250816,SA,,SYNTHETIC DEMO DOCUMENT
100,1100,2025,7000001078,7,20250702,20250702,KR,,SYNTHETIC DEMO DOCUMENT
100,1100,2025,7000001079,12,20251215,20251215,SA,,SYNTHETIC DEMO DOCUMENT
100,1100,2026,7000001080,4,20260425,20260425,AB,,SYNTHETIC DEMO DOCUMENT
100,1200,2025,7000001081,10,20251015,20251015,AB,,SYNTHETIC DEMO DOCUMENT
100,1100,2025,7000001082,5,20250522,20250522,KR,,SYNTHETIC DEMO DOCUMENT
100,1100,2026,7000001083,1,20260126,20260126,SA,,SYNTHETIC DEMO DOCUMENT
100,1200,2025,7000001084,9,20250918,20250918,KR,,SYNTHETIC DEMO DOCUMENT
100,1000,2026,7000001085,2,20260228,20260228,KR,,SYNTHETIC DEMO DOCUMENT
100,1200,2026,7000001086,7,20260709,20260709,KR,,SYNTHETIC DEMO DOCUMENT
100,1100,2025,7000001087,11,20251115,20251115,AB,,SYNTHETIC DEMO DOCUMENT
100,1100,2026,7000001088,3,20260325,20260325,AB,,SYNTHETIC DEMO DOCUMENT
100,1300,2025,7000001089,9,20250930,20250930,KR,,SYNTHETIC DEMO DOCUMENT
100,1100,2026,7000001090,4,20260429,20260429,AB,,SYNTHETIC DEMO DOCUMENT
100,1000,2025,7000001091,10,20251026,20251026,KR,,SYNTHETIC DEMO DOCUMENT
100,1300,2025,7000001092,5,20250515,20250515,KR,,SYNTHETIC DEMO DOCUMENT
100,1100,2025,7000001093,9,20250918,20250918,SA,,SYNTHETIC DEMO DOCUMENT
100,1000,2026,7000001094,5,20260519,20260519,AB,,SYNTHETIC DEMO DOCUMENT
100,1100,2025,7000001095,8,20250801,20250801,SA,,SYNTHETIC DEMO DOCUMENT
100,1300,2026,7000001096,9,20260906,20260906,AB,,SYNTHETIC DEMO DOCUMENT
100,1100,2026,7000001097,2,20260221,20260221,SA,,SYNTHETIC DEMO DOCUMENT
100,1300,2026,7000001098,4,20260420,20260420,KR,,SYNTHETIC DEMO DOCUMENT
100,1200,2026,7000001099,5,20260504,20260504,DR,,SYNTHETIC DEMO DOCUMENT
100,1000,2025,7000001100,11,20251130,20251130,DR,,SYNTHETIC DEMO DOCUMENT
100,1100,2026,7000001101,7,20260727,20260727,KR,,SYNTHETIC DEMO DOCUMENT
100,1100,2025,7000001102,9,20250928,20250928,KR,7000001101,SYNTHETIC DEMO DOCUMENT
100,1200,2025,7000001103,6,20250604,20250604,AB,,SYNTHETIC DEMO DOCUMENT
100,1300,2026,7000001104,2,20260213,20260213,KR,,SYNTHETIC DEMO DOCUMENT
100,1100,2026,7000001105,7,20260703,20260703,KR,,SYNTHETIC DEMO DOCUMENT
100,1300,2025,7000001106,8,20250802,20250802,DR,,SYNTHETIC DEMO DOCUMENT
100,1000,2026,7000001107,8,20260816,20260816,DR,,SYNTHETIC DEMO DOCUMENT
100,1100,2026,7000001108,4,20260420,20260420,KR,,SYNTHETIC DEMO DOCUMENT
100,1100,2025,7000001109,9,20250918,20250918,KR,,SYNTHETIC DEMO DOCUMENT
100,1000,2026,7000001110,9,20260901,20260901,SA,,SYNTHETIC DEMO DOCUMENT
100,1200,2025,7000001111,7,20250722,20250722,AB,,SYNTHETIC DEMO DOCUMENT
100,1000,2026,7000001112,7,20260711,20260711,SA,,SYNTHETIC DEMO DOCUMENT
100,1300,2026,7000001113,4,20260422,20260422,KR,,SYNTHETIC DEMO DOCUMENT
100,1000,2026,7000001114,6,20260613,20260613,SA,,SYNTHETIC DEMO DOCUMENT
100,1100,2025,7000001115,8,20250823,20250823,AB,,SYNTHETIC DEMO DOCUMENT
100,1100,2026,7000001116,2,20260206,20260206,KR,,SYNTHETIC DEMO DOCUMENT
100,1000,2026,7000001117,4,20260427,20260427,SA,,SYNTHETIC DEMO DOCUMENT
100,1100,2026,7000001118,7,20260731,20260731,DR,,SYNTHETIC DEMO DOCUMENT
100,1000,2026,7000001119,2,20260217,20260217,AB,,SYNTHETIC DEMO DOCUMENT
100,1000,2026,7000001120,9,20260923,20260923,AB,,SYNTHETIC DEMO DOCUMENT
100,1100,2025,7000001121,10,20251012,20251012,SA,,SYNTHETIC DEMO DOCUMENT
100,1000,2025,7000001122,6,20250614,20250614,SA,,SYNTHETIC DEMO DOCUMENT
100,1300,2026,7000001123,2,20260219,20260219,DR,,SYNTHETIC DEMO DOCUMENT
100,1000,2026,7000001124,2,20260228,20260228,KR,,SYNTHETIC DEMO DOCUMENT
100,1300,2025,7000001125,5,20250506,20250506,KR,,SYNTHETIC DEMO DOCUMENT
100,1100,2025,7000001126,9,20250925,20250925,SA,,SYNTHETIC DEMO DOCUMENT
100,1200,2026,7000001127,2,20260216,20260216,DR,7000001126,SYNTHETIC DEMO DOCUMENT
100,1000,2025,7000001128,7,20250718,20250718,KR,,SYNTHETIC DEMO DOCUMENT
100,1200,2025,7000001129,11,20251118,20251118,DR,,SYNTHETIC DEMO DOCUMENT
100,1200,2026,7000001130,2,20260227,20260227,DR,,SYNTHETIC DEMO DOCUMENT
100,1200,2026,7000001131,8,20260828,20260828,KR,,SYNTHETIC DEMO DOCUMENT
100,1100,2026,7000001132,5,20260506,20260506,DR,,SYNTHETIC DEMO DOCUMENT
100,1100,2025,7000001133,4,20250423,20250423,SA,,SYNTHETIC DEMO DOCUMENT
100,1300,2026,7000001134,5,20260509,20260509,SA,,SYNTHETIC DEMO DOCUMENT
100,1200,2026,7000001135,3,20260326,20260326,KR,,SYNTHETIC DEMO DOCUMENT
100,1000,2026,7000001136,8,20260801,20260801,KR,,SYNTHETIC DEMO DOCUMENT
100,1100,2025,7000001137,4,20250419,20250419,SA,,SYNTHETIC DEMO DOCUMENT
100,1300,2025,7000001138,4,20250404,20250404,AB,,SYNTHETIC DEMO DOCUMENT
100,1100,2026,7000001139,2,20260201,20260201,KR,,SYNTHETIC DEMO DOCUMENT
100,1100,2025,7000001140,8,20250831,20250831,KR,,SYNTHETIC DEMO DOCUMENT
100,1000,2026,7000001141,2,20260222,20260222,KR,,SYNTHETIC DEMO DOCUMENT
100,1300,2025,7000001142,12,20251218,20251218,KR,,SYNTHETIC DEMO DOCUMENT
100,1200,2025,7000001143,6,20250624,20250624,DR,,SYNTHETIC DEMO DOCUMENT
100,1300,2026,7000001144,8,20260801,20260801,KR,,SYNTHETIC DEMO DOCUMENT
100,1100,2025,7000001145,6,20250609,20250609,DR,,SYNTHETIC DEMO DOCUMENT
100,1300,2025,7000001146,12,20251206,20251206,KR,,SYNTHETIC DEMO DOCUMENT
100,1200,2026,7000001147,2,20260222,20260222,DR,,SYNTHETIC DEMO DOCUMENT
100,1200,2026,7000001148,4,20260430,20260430,KR,,SYNTHETIC DEMO DOCUMENT
100,1200,2026,7000001149,1,20260109,20260109,DR,,SYNTHETIC DEMO DOCUMENT
100,1000,2026,7000001150,7,20260716,20260716,DR,,SYNTHETIC DEMO DOCUMENT
100,1000,2025,7000001151,6,20250622,20250622,SA,,SYNTHETIC DEMO DOCUMENT
100,1200,2025,7000001152,4,20250425,20250425,KR,,SYNTHETIC DEMO DOCUMENT
100,1300,2025,7000001153,4,20250423,20250423,KR,,SYNTHETIC DEMO DOCUMENT
100,1300,2026,7000001154,5,20260512,20260512,AB,,SYNTHETIC DEMO DOCUMENT
100,1200,2025,7000001155,10,20251010,20251010,KR,,SYNTHETIC DEMO DOCUMENT
100,1200,2025,7000001156,12,20251230,20251230,KR,,SYNTHETIC DEMO DOCUMENT
100,1000,2025,7000001157,7,20250703,20250703,KR,,SYNTHETIC DEMO DOCUMENT
100,1300,2026,7000001158,8,20260812,20260812,DR,,SYNTHETIC DEMO DOCUMENT
100,1100,2025,7000001159,5,20250509,20250509,KR,,SYNTHETIC DEMO DOCUMENT
100,1200,2025,7000001160,7,20250731,20250731,KR,,SYNTHETIC DEMO DOCUMENT
100,1200,2025,7000001161,5,20250521,20250521,DR,,SYNTHETIC DEMO DOCUMENT
100,1100,2025,7000001162,5,20250527,20250527,DR,,SYNTHETIC DEMO DOCUMENT
100,1000,2026,7000001163,5,20260510,20260510,AB,,SYNTHETIC DEMO DOCUMENT
100,1100,2025,7000001164,7,20250720,20250720,KR,,SYNTHETIC DEMO DOCUMENT
100,1000,2025,7000001165,11,20251112,20251112,DR,,SYNTHETIC DEMO DOCUMENT
100,1200,2026,7000001166,7,20260719,20260719,KR,,SYNTHETIC DEMO DOCUMENT
100,1100,2026,7000001167,6,20260616,20260616,SA,,SYNTHETIC DEMO DOCUMENT
100,1000,2025,7000001168,7,20250703,20250703,KR,,SYNTHETIC DEMO DOCUMENT
100,1000,2025,7000001169,7,20250704,20250704,KR,,SYNTHETIC DEMO DOCUMENT
100,1100,2026,7000001170,3,20260327,20260327,DR,,SYNTHETIC DEMO DOCUMENT
100,1100,2026,7000001171,5,20260526,20260526,KR,,SYNTHETIC DEMO DOCUMENT
100,1100,2026,7000001172,8,20260826,20260826,DR,,SYNTHETIC DEMO DOCUMENT
100,1200,2025,7000001173,12,20251221,20251221,KR,,SYNTHETIC DEMO DOCUMENT
100,1100,2025,7000001174,4,20250408,20250408,KR,,SYNTHETIC DEMO DOCUMENT
100,1100,2025,7000001175,7,20250719,20250719,KR,,SYNTHETIC DEMO DOCUMENT
100,1200,2025,7000001176,6,20250605,20250605,SA,,SYNTHETIC DEMO DOCUMENT
100,1000,2026,7000001177,8,20260805,20260805,SA,,SYNTHETIC DEMO DOCUMENT
100,1200,2025,7000001178,11,20251111,20251111,SA,,SYNTHETIC DEMO DOCUMENT
100,1100,2025,7000001179,10,20251027,20251027,SA,,SYNTHETIC DEMO DOCUMENT
100,1300,2026,7000001180,7,20260715,20260715,SA,,SYNTHETIC DEMO DOCUMENT
100,1100,2026,7000001181,1,20260102,20260102,DR,,SYNTHETIC DEMO DOCUMENT
100,1000,2025,7000001182,9,20250914,20250914,DR,,SYNTHETIC DEMO DOCUMENT
100,1100,2025,7000001183,5,20250528,20250528,SA,,SYNTHETIC DEMO DOCUMENT
100,1100,2025,7000001184,6,20250619,20250619,KR,,SYNTHETIC DEMO DOCUMENT
100,1100,2026,7000001185,5,20260516,20260516,KR,,SYNTHETIC DEMO DOCUMENT
100,1000,2026,7000001186,2,20260228,20260228,AB,,SYNTHETIC DEMO DOCUMENT
100,1200,2026,7000001187,7,20260718,20260718,SA,,SYNTHETIC DEMO DOCUMENT
100,1300,2026,7000001188,9,20260906,20260906,KR,,SYNTHETIC DEMO DOCUMENT
100,1100,2026,7000001189,1,20260125,20260125,AB,,SYNTHETIC DEMO DOCUMENT
100,1300,2025,7000001190,9,20250912,20250912,KR,,SYNTHETIC DEMO DOCUMENT
100,1100,2026,7000001191,3,20260323,20260323,KR,,SYNTHETIC DEMO DOCUMENT
100,1300,2025,7000001192,12,20251219,20251219,SA,,SYNTHETIC DEMO DOCUMENT
100,1000,2026,7000001193,3,20260319,20260319,DR,,SYNTHETIC DEMO DOCUMENT
100,1300,2025,7000001194,10,20251023,20251023,DR,,SYNTHETIC DEMO DOCUMENT
100,1100,2025,7000001195,7,20250710,20250710,AB,,SYNTHETIC DEMO DOCUMENT
100,1300,2025,7000001196,6,20250629,20250629,DR,,SYNTHETIC DEMO DOCUMENT
100,1100,2026,7000001197,2,20260219,20260219,KR,,SYNTHETIC DEMO DOCUMENT
100,1000,2026,7000001198,6,20260606,20260606,SA,,SYNTHETIC DEMO DOCUMENT
100,1200,2025,7000001199,11,20251111,20251111,KR,,SYNTHETIC DEMO DOCUMENT
100,1300,2026,7000001200,3,20260305,20260305,SA,,SYNTHETIC DEMO DOCUMENT
100,1000,2026,7000001201,7,20260707,20260707,KR,,SYNTHETIC DEMO DOCUMENT
100,1300,2026,7000001202,3,20260303,20260303,KR,,SYNTHETIC DEMO DOCUMENT
100,1000,2026,7000001203,2,20260211,20260211,DR,,SYNTHETIC DEMO DOCUMENT
100,1300,2026,7000001204,6,20260606,20260606,AB,,SYNTHETIC DEMO DOCUMENT
100,1300,2025,7000001205,5,20250525,20250525,KR,,SYNTHETIC DEMO DOCUMENT
100,1100,2025,7000001206,8,20250831,20250831,KR,,SYNTHETIC DEMO DOCUMENT
100,1100,2026,7000001207,6,20260608,20260608,KR,,SYNTHETIC DEMO DOCUMENT
100,1100,2025,7000001208,5,20250513,20250513,KR,,SYNTHETIC DEMO DOCUMENT
100,1300,2026,7000001209,7,20260710,20260710,AB,,SYNTHETIC DEMO DOCUMENT
100,1100,2025,7000001210,4,20250415,20250415,AB,,SYNTHETIC DEMO DOCUMENT
100,1300,2026,7000001211,3,20260327,20260327,DR,,SYNTHETIC DEMO DOCUMENT
100,1000,2026,7000001212,7,20260705,20260705,KR,,SYNTHETIC DEMO DOCUMENT
100,1100,2026,7000001213,8,20260822,20260822,DR,,SYNTHETIC DEMO DOCUMENT
100,1300,2026,7000001214,5,20260523,20260523,AB,,SYNTHETIC DEMO DOCUMENT
100,1100,2025,7000001215,7,20250716,20250716,KR,,SYNTHETIC DEMO DOCUMENT
100,1100,2025,7000001216,5,20250511,20250511,DR,,SYNTHETIC DEMO DOCUMENT
100,1200,2026,7000001217,2,20260226,20260226,KR,,SYNTHETIC DEMO DOCUMENT
100,1000,2025,7000001218,4,20250411,20250411,DR,,SYNTHETIC DEMO DOCUMENT
100,1300,2025,7000001219,5,20250519,20250519,DR,,SYNTHETIC DEMO DOCUMENT
100,1300,2026,7000001220,5,20260511,20260511,SA,,SYNTHETIC DEMO DOCUMENT
100,1200,2025,7000001221,10,20251018,20251018,AB,,SYNTHETIC DEMO DOCUMENT
100,1200,2025,7000001222,12,20251205,20251205,DR,,SYNTHETIC DEMO DOCUMENT
100,1300,2026,7000001223,2,20260210,20260210,KR,,SYNTHETIC DEMO DOCUMENT
100,1100,2025,7000001224,7,20250714,20250714,KR,,SYNTHETIC DEMO DOCUMENT
100,1000,2025,7000001225,9,20250916,20250916,SA,,SYNTHETIC DEMO DOCUMENT
100,1100,2026,7000001226,2,20260215,20260215,AB,7000001225,SYNTHETIC DEMO DOCUMENT
100,1100,2025,7000001227,8,20250828,20250828,AB,,SYNTHETIC DEMO DOCUMENT
100,1000,2026,7000001228,7,20260704,20260704,KR,,SYNTHETIC DEMO DOCUMENT
100,1000,2025,7000001229,10,20251002,20251002,DR,,SYNTHETIC DEMO DOCUMENT
100,1000,2025,7000001230,9,20250921,20250921,DR,,SYNTHETIC DEMO DOCUMENT
100,1000,2025,7000001231,5,20250513,20250513,SA,,SYNTHETIC DEMO DOCUMENT
100,1100,2026,7000001232,9,20260904,20260904,KR,,SYNTHETIC DEMO DOCUMENT
100,1200,2025,7000001233,11,20251121,20251121,AB,,SYNTHETIC DEMO DOCUMENT
100,1000,2025,7000001234,5,20250519,20250519,AB,,SYNTHETIC DEMO DOCUMENT
100,1100,2026,7000001235,4,20260416,20260416,AB,,SYNTHETIC DEMO DOCUMENT
100,1100,2025,7000001236,5,20250503,20250503,KR,,SYNTHETIC DEMO DOCUMENT
100,1100,2025,7000001237,10,20251006,20251006,KR,,SYNTHETIC DEMO DOCUMENT
100,1000,2026,7000001238,5,20260526,20260526,AB,,SYNTHETIC DEMO DOCUMENT
100,1300,2025,7000001239,4,20250402,20250402,AB,,SYNTHETIC DEMO DOCUMENT
100,1200,2026,7000001240,4,20260405,20260405,AB,,SYNTHETIC DEMO DOCUMENT
100,1300,2026,7000001241,8,20260804,20260804,SA,,SYNTHETIC DEMO DOCUMENT
100,1100,2025,7000001242,6,20250607,20250607,KR,,SYNTHETIC DEMO DOCUMENT
100,1100,2025,7000001243,12,20251222,20251222,SA,,SYNTHETIC DEMO DOCUMENT
100,1200,2025,7000001244,10,20251010,20251010,DR,,SYNTHETIC DEMO DOCUMENT
100,1200,2025,7000001245,12,20251203,20251203,SA,,SYNTHETIC DEMO DOCUMENT
100,1300,2025,7000001246,8,20250814,20250814,DR,,SYNTHETIC DEMO DOCUMENT
100,1300,2025,7000001247,11,20251103,20251103,SA,,SYNTHETIC DEMO DOCUMENT
100,1300,2025,7000001248,6,20250611,20250611,DR,,SYNTHETIC DEMO DOCUMENT
100,1200,2025,7000001249,12,20251212,20251212,DR,,SYNTHETIC DEMO DOCUMENT
100,1000,2026,7000001250,5,20260527,20260527,KR,,SYNTHETIC DEMO DOCUMENT
100,1100,2025,7000001251,10,20251011,20251011,KR,,SYNTHETIC DEMO DOCUMENT
100,1300,2025,7000001252,9,20250901,20250901,KR,,SYNTHETIC DEMO DOCUMENT
100,1300,2026,7000001253,7,20260717,20260717,AB,,SYNTHETIC DEMO DOCUMENT
100,1100,2025,7000001254,5,20250526,20250526,AB,,SYNTHETIC DEMO DOCUMENT
100,1000,2026,7000001255,6,20260620,20260620,KR,,SYNTHETIC DEMO DOCUMENT
100,1100,2025,7000001256,12,20251203,20251203,AB,,SYNTHETIC DEMO DOCUMENT
100,1000,2026,7000001257,2,20260202,20260202,SA,,SYNTHETIC DEMO DOCUMENT
100,1200,2026,7000001258,2,20260211,20260211,KR,,SYNTHETIC DEMO DOCUMENT
100,1100,2026,7000001259,4,20260412,20260412,KR,,SYNTHETIC DEMO DOCUMENT
100,1000,2025,7000001260,8,20250813,20250813,KR,,SYNTHETIC DEMO DOCUMENT
100,1300,2026,7000001261,3,20260308,20260308,DR,,SYNTHETIC DEMO DOCUMENT
100,1100,2025,7000001262,11,20251118,20251118,SA,,SYNTHETIC DEMO DOCUMENT
100,1000,2026,7000001263,9,20260901,20260901,AB,,SYNTHETIC DEMO DOCUMENT
100,1000,2025,7000001264,12,20251227,20251227,KR,,SYNTHETIC DEMO DOCUMENT
100,1200,2026,7000001265,5,20260529,20260529,KR,,SYNTHETIC DEMO DOCUMENT
100,1100,2026,7000001266,4,20260404,20260404,AB,,SYNTHETIC DEMO DOCUMENT
100,1100,2026,7000001267,4,20260402,20260402,KR,,SYNTHETIC DEMO DOCUMENT
100,1300,2026,7000001268,7,20260717,20260717,SA,,SYNTHETIC DEMO DOCUMENT
100,1100,2026,7000001269,5,20260512,20260512,KR,,SYNTHETIC DEMO DOCUMENT
100,1000,2026,7000001270,3,20260310,20260310,KR,,SYNTHETIC DEMO DOCUMENT
100,1000,2025,7000001271,9,20250918,20250918,KR,,SYNTHETIC DEMO DOCUMENT
100,1000,2026,7000001272,3,20260328,20260328,DR,,SYNTHETIC DEMO DOCUMENT
100,1200,2025,7000001273,8,20250812,20250812,DR,,SYNTHETIC DEMO DOCUMENT
100,1300,2026,7000001274,7,20260708,20260708,DR,,SYNTHETIC DEMO DOCUMENT
100,1100,2025,7000001275,12,20251226,20251226,KR,,SYNTHETIC DEMO DOCUMENT
100,1000,2026,7000001276,9,20260909,20260909,AB,,SYNTHETIC DEMO DOCUMENT
100,1200,2025,7000001277,11,20251107,20251107,KR,,SYNTHETIC DEMO DOCUMENT
100,1100,2025,7000001278,7,20250710,20250710,SA,7000001277,SYNTHETIC DEMO DOCUMENT
100,1000,2026,7000001279,9,20260910,20260910,SA,,SYNTHETIC DEMO DOCUMENT
100,1100,2025,7000001280,12,20251215,20251215,KR,,SYNTHETIC DEMO DOCUMENT
100,1200,2026,7000001281,1,20260125,20260125,KR,,SYNTHETIC DEMO DOCUMENT
100,1100,2026,7000001282,5,20260513,20260513,KR,,SYNTHETIC DEMO DOCUMENT
100,1300,2025,7000001283,12,20251229,20251229,SA,,SYNTHETIC DEMO DOCUMENT
100,1100,2025,7000001284,7,20250718,20250718,AB,,SYNTHETIC DEMO DOCUMENT
100,1300,2025,7000001285,5,20250514,20250514,KR,,SYNTHETIC DEMO DOCUMENT
100,1100,2025,7000001286,5,20250512,20250512,AB,,SYNTHETIC DEMO DOCUMENT
100,1000,2025,7000001287,11,20251111,20251111,DR,,SYNTHETIC DEMO DOCUMENT
100,1100,2026,7000001288,9,20260920,20260920,DR,,SYNTHETIC DEMO DOCUMENT
100,1100,2026,7000001289,5,20260508,20260508,KR,,SYNTHETIC DEMO DOCUMENT
100,1200,2026,7000001290,4,20260412,20260412,DR,,SYNTHETIC DEMO DOCUMENT
100,1200,2025,7000001291,6,20250604,20250604,KR,,SYNTHETIC DEMO DOCUMENT
100,1200,2026,7000001292,6,20260617,20260617,KR,,SYNTHETIC DEMO DOCUMENT
100,1000,2025,7000001293,5,20250506,20250506,SA,,SYNTHETIC DEMO DOCUMENT
100,1200,2026,7000001294,9,20260915,20260915,KR,,SYNTHETIC DEMO DOCUMENT
100,1300,2025,7000001295,7,20250729,20250729,SA,,SYNTHETIC DEMO DOCUMENT
100,1200,2026,7000001296,2,20260211,20260211,AB,,SYNTHETIC DEMO DOCUMENT
100,1100,2025,7000001297,4,20250421,20250421,AB,,SYNTHETIC DEMO DOCUMENT
100,1200,2026,7000001298,5,20260523,20260523,KR,7000001297,SYNTHETIC DEMO DOCUMENT
100,1000,2026,7000001299,2,20260208,20260208,SA,,SYNTHETIC DEMO DOCUMENT
100,1100,2026,7000001300,9,20260905,20260905,KR,,SYNTHETIC DEMO DOCUMENT
100,1200,2026,7000001301,7,20260723,20260723,AB,,SYNTHETIC DEMO DOCUMENT
100,1000,2025,7000001302,7,20250722,20250722,KR,,SYNTHETIC DEMO DOCUMENT
100,1100,2025,7000001303,12,20251214,20251214,DR,,SYNTHETIC DEMO DOCUMENT
100,1100,2025,7000001304,10,20251006,20251006,AB,,SYNTHETIC DEMO DOCUMENT
100,1300,2025,7000001305,12,20251214,20251214,KR,,SYNTHETIC DEMO DOCUMENT
100,1100,2026,7000001306,3,20260305,20260305,KR,,SYNTHETIC DEMO DOCUMENT
100,1300,2026,7000001307,8,20260803,20260803,SA,,SYNTHETIC DEMO DOCUMENT
100,1100,2025,7000001308,7,20250731,20250731,DR,,SYNTHETIC DEMO DOCUMENT
100,1300,2025,7000001309,4,20250422,20250422,KR,,SYNTHETIC DEMO DOCUMENT
100,1200,2025,7000001310,4,20250429,20250429,SA,,SYNTHETIC DEMO DOCUMENT
100,1100,2026,7000001311,7,20260719,20260719,AB,,SYNTHETIC DEMO DOCUMENT
100,1300,2025,7000001312,11,20251111,20251111,DR,,SYNTHETIC DEMO DOCUMENT
100,1100,2025,7000001313,9,20250928,20250928,KR,,SYNTHETIC DEMO DOCUMENT
100,1100,2025,7000001314,5,20250524,20250524,KR,,SYNTHETIC DEMO DOCUMENT
100,1100,2025,7000001315,5,20250502,20250502,KR,,SYNTHETIC DEMO DOCUMENT
100,1100,2026,7000001316,3,20260319,20260319,KR,7000001315,SYNTHETIC DEMO DOCUMENT
100,1100,2025,7000001317,7,20250706,20250706,KR,,SYNTHETIC DEMO DOCUMENT
100,1100,2026,7000001318,8,20260817,20260817,DR,,SYNTHETIC DEMO DOCUMENT
100,1300,2025,7000001319,12,20251222,20251222,AB,,SYNTHETIC DEMO DOCUMENT
100,1100,2025,7000001320,9,20250910,20250910,AB,,SYNTHETIC DEMO DOCUMENT
100,1100,2025,7000001321,5,20250512,20250512,DR,,SYNTHETIC DEMO DOCUMENT
100,1000,2026,7000001322,5,20260525,20260525,KR,,SYNTHETIC DEMO DOCUMENT
100,1100,2026,7000001323,1,20260105,20260105,KR,,SYNTHETIC DEMO DOCUMENT
100,1000,2025,7000001324,12,20251204,20251204,SA,,SYNTHETIC DEMO DOCUMENT
100,1100,2026,7000001325,1,20260113,20260113,KR,,SYNTHETIC DEMO DOCUMENT
100,1100,2025,7000001326,9,20250910,20250910,SA,,SYNTHETIC DEMO DOCUMENT
100,1100,2025,7000001327,8,20250828,20250828,SA,,SYNTHETIC DEMO DOCUMENT
100,1100,2025,7000001328,4,20250413,20250413,AB,,SYNTHETIC DEMO DOCUMENT
100,1100,2025,7000001329,10,20251029,20251029,DR,,SYNTHETIC DEMO DOCUMENT
100,1000,2025,7000001330,11,20251108,20251108,KR,,SYNTHETIC DEMO DOCUMENT
100,1100,2025,7000001331,9,20250924,20250924,DR,,SYNTHETIC DEMO DOCUMENT
100,1200,2026,7000001332,8,20260828,20260828,SA,,SYNTHETIC DEMO DOCUMENT
100,1200,2026,7000001333,9,20260924,20260924,SA,,SYNTHETIC DEMO DOCUMENT
100,1000,2026,7000001334,2,20260218,20260218,DR,,SYNTHETIC DEMO DOCUMENT
100,1100,2025,7000001335,9,20250918,20250918,KR,,SYNTHETIC DEMO DOCUMENT
100,1000,2025,7000001336,4,20250419,20250419,AB,,SYNTHETIC DEMO DOCUMENT
100,1200,2026,7000001337,1,20260107,20260107,DR,,SYNTHETIC DEMO DOCUMENT
100,1100,2025,7000001338,11,20251122,20251122,SA,,SYNTHETIC DEMO DOCUMENT
100,1300,2025,7000001339,12,20251219,20251219,KR,,SYNTHETIC DEMO DOCUMENT
100,1300,2026,7000001340,5,20260504,20260504,KR,,SYNTHETIC DEMO DOCUMENT
100,1200,2026,7000001341,2,20260214,20260214,DR,,SYNTHETIC DEMO DOCUMENT
100,1300,2026,7000001342,2,20260223,20260223,SA,,SYNTHETIC DEMO DOCUMENT
100,1200,2025,7000001343,9,20250928,20250928,AB,,SYNTHETIC DEMO DOCUMENT
100,1100,2025,7000001344,4,20250407,20250407,KR,,SYNTHETIC DEMO DOCUMENT
100,1200,2026,7000001345,8,20260812,20260812,KR,,SYNTHETIC DEMO DOCUMENT
100,1300,2026,7000001346,8,20260815,20260815,DR,,SYNTHETIC DEMO DOCUMENT
100,1100,2025,7000001347,10,20251027,20251027,SA,,SYNTHETIC DEMO DOCUMENT
100,1300,2026,7000001348,2,20260218,20260218,AB,,SYNTHETIC DEMO DOCUMENT
100,1100,2026,7000001349,9,20260901,20260901,DR,,SYNTHETIC DEMO DOCUMENT
100,1000,2025,7000001350,7,20250716,20250716,KR,,SYNTHETIC DEMO DOCUMENT
100,1200,2026,7000001351,2,20260210,20260210,SA,,SYNTHETIC DEMO DOCUMENT
100,1100,2025,7000001352,4,20250414,20250414,KR,,SYNTHETIC DEMO DOCUMENT
100,1000,2026,7000001353,1,20260116,20260116,KR,,SYNTHETIC DEMO DOCUMENT
100,1100,2025,7000001354,10,20251009,20251009,DR,,SYNTHETIC DEMO DOCUMENT
100,1000,2025,7000001355,6,20250607,20250607,DR,,SYNTHETIC DEMO DOCUMENT
100,1100,2026,7000001356,8,20260811,20260811,KR,,SYNTHETIC DEMO DOCUMENT
100,1100,2026,7000001357,4,20260429,20260429,AB,,SYNTHETIC DEMO DOCUMENT
100,1100,2026,7000001358,1,20260127,20260127,SA,,SYNTHETIC DEMO DOCUMENT
100,1000,2025,7000001359,7,20250707,20250707,SA,,SYNTHETIC DEMO DOCUMENT
100,1100,2025,7000001360,4,20250416,20250416,KR,,SYNTHETIC DEMO DOCUMENT
100,1000,2025,7000001361,9,20250926,20250926,AB,,SYNTHETIC DEMO DOCUMENT
100,1300,2026,7000001362,5,20260524,20260524,KR,,SYNTHETIC DEMO DOCUMENT
100,1300,2025,7000001363,10,20251008,20251008,SA,,SYNTHETIC DEMO DOCUMENT
100,1000,2026,7000001364,1,20260128,20260128,DR,,SYNTHETIC DEMO DOCUMENT
100,1300,2025,7000001365,8,20250802,20250802,KR,,SYNTHETIC DEMO DOCUMENT
100,1300,2025,7000001366,7,20250711,20250711,SA,,SYNTHETIC DEMO DOCUMENT
100,1100,2026,7000001367,1,20260117,20260117,AB,,SYNTHETIC DEMO DOCUMENT
100,1100,2026,7000001368,1,20260102,20260102,KR,,SYNTHETIC DEMO DOCUMENT
100,1100,2025,7000001369,4,20250421,20250421,SA,,SYNTHETIC DEMO DOCUMENT
100,1200,2025,7000001370,8,20250805,20250805,KR,,SYNTHETIC DEMO DOCUMENT
100,1100,2026,7000001371,7,20260702,20260702,KR,,SYNTHETIC DEMO DOCUMENT
100,1100,2025,7000001372,6,20250622,20250622,SA,,SYNTHETIC DEMO DOCUMENT
100,1000,2025,7000001373,7,20250725,20250725,DR,,SYNTHETIC DEMO DOCUMENT
100,1300,2025,7000001374,12,20251212,20251212,KR,,SYNTHETIC DEMO DOCUMENT
100,1000,2026,7000001375,8,20260827,20260827,KR,,SYNTHETIC DEMO DOCUMENT
100,1300,2026,7000001376,4,20260402,20260402,KR,,SYNTHETIC DEMO DOCUMENT
100,1000,2026,7000001377,2,20260226,20260226,DR,,SYNTHETIC DEMO DOCUMENT
100,1300,2026,7000001378,4,20260425,20260425,SA,,SYNTHETIC DEMO DOCUMENT
100,1000,2025,7000001379,8,20250804,20250804,KR,,SYNTHETIC DEMO DOCUMENT
100,1300,2025,7000001380,6,20250614,20250614,SA,,SYNTHETIC DEMO DOCUMENT
100,1100,2026,7000001381,5,20260506,20260506,KR,,SYNTHETIC DEMO DOCUMENT
100,1300,2025,7000001382,10,20251011,20251011,DR,,SYNTHETIC DEMO DOCUMENT
100,1300,2025,7000001383,6,20250613,20250613,AB,,SYNTHETIC DEMO DOCUMENT
100,1100,2026,7000001384,8,20260824,20260824,DR,,SYNTHETIC DEMO DOCUMENT
100,1100,2025,7000001385,5,20250506,20250506,KR,,SYNTHETIC DEMO DOCUMENT
100,1000,2026,7000001386,9,20260905,20260905,KR,,SYNTHETIC DEMO DOCUMENT
100,1000,2025,7000001387,8,20250817,20250817,KR,,SYNTHETIC DEMO DOCUMENT
100,1300,2026,7000001388,5,20260501,20260501,DR,,SYNTHETIC DEMO DOCUMENT
100,1100,2026,7000001389,8,20260812,20260812,KR,,SYNTHETIC DEMO DOCUMENT
100,1300,2026,7000001390,2,20260202,20260202,AB,,SYNTHETIC DEMO DOCUMENT
100,1100,2025,7000001391,6,20250614,20250614,DR,,SYNTHETIC DEMO DOCUMENT
100,1000,2025,7000001392,6,20250625,20250625,AB,,SYNTHETIC DEMO DOCUMENT
100,1100,2026,7000001393,2,20260217,20260217,SA,,SYNTHETIC DEMO DOCUMENT
100,1100,2026,7000001394,3,20260303,20260303,AB,,SYNTHETIC DEMO DOCUMENT
100,1000,2026,7000001395,8,20260818,20260818,SA,,SYNTHETIC DEMO DOCUMENT
100,1300,2025,7000001396,10,20251026,20251026,KR,,SYNTHETIC DEMO DOCUMENT
100,1000,2026,7000001397,1,20260103,20260103,KR,,SYNTHETIC DEMO DOCUMENT
100,1000,2025,7000001398,10,20251025,20251025,DR,,SYNTHETIC DEMO DOCUMENT
100,1100,2025,7000001399,7,20250715,20250715,KR,,SYNTHETIC DEMO DOCUMENT
100,1000,2025,7000001400,10,20251005,20251005,KR,,SYNTHETIC DEMO DOCUMENT
100,1300,2026,7000001401,2,20260225,20260225,KR,,SYNTHETIC DEMO DOCUMENT
100,1100,2025,7000001402,12,20251202,20251202,DR,,SYNTHETIC DEMO DOCUMENT
100,1200,2026,7000001403,2,20260224,20260224,DR,,SYNTHETIC DEMO DOCUMENT
100,1100,2025,7000001404,8,20250809,20250809,SA,,SYNTHETIC DEMO DOCUMENT
100,1100,2025,7000001405,12,20251214,20251214,KR,,SYNTHETIC DEMO DOCUMENT
100,1200,2026,7000001406,1,20260119,20260119,DR,,SYNTHETIC DEMO DOCUMENT
100,1300,2026,7000001407,4,20260424,20260424,KR,,SYNTHETIC DEMO DOCUMENT
100,1100,2025,7000001408,9,20250926,20250926,SA,,SYNTHETIC DEMO DOCUMENT
100,1100,2025,7000001409,10,20251001,20251001,AB,,SYNTHETIC DEMO DOCUMENT
100,1300,2025,7000001410,5,20250522,20250522,SA,,SYNTHETIC DEMO DOCUMENT
100,1300,2025,7000001411,8,20250829,20250829,SA,,SYNTHETIC DEMO DOCUMENT
100,1100,2025,7000001412,7,20250716,20250716,KR,,SYNTHETIC DEMO DOCUMENT
100,1100,2025,7000001413,4,20250420,20250420,SA,,SYNTHETIC DEMO DOCUMENT
100,1300,2025,7000001414,4,20250405,20250405,AB,,SYNTHETIC DEMO DOCUMENT
100,1100,2026,7000001415,1,20260123,20260123,SA,,SYNTHETIC DEMO DOCUMENT
100,1100,2026,7000001416,1,20260110,20260110,AB,,SYNTHETIC DEMO DOCUMENT
100,1300,2025,7000001417,9,20250920,20250920,DR,,SYNTHETIC DEMO DOCUMENT
100,1000,2026,7000001418,8,20260801,20260801,KR,,SYNTHETIC DEMO DOCUMENT
100,1100,2025,7000001419,11,20251128,20251128,AB,,SYNTHETIC DEMO DOCUMENT
100,1100,2026,7000001420,2,20260210,20260210,KR,,SYNTHETIC DEMO DOCUMENT
100,1300,2026,7000001421,3,20260330,20260330,KR,,SYNTHETIC DEMO DOCUMENT
100,1300,2026,7000001422,3,20260306,20260306,KR,,SYNTHETIC DEMO DOCUMENT
100,1100,2025,7000001423,6,20250609,20250609,DR,,SYNTHETIC DEMO DOCUMENT
100,1200,2025,7000001424,8,20250808,20250808,KR,,SYNTHETIC DEMO DOCUMENT
100,1300,2026,7000001425,5,20260506,20260506,KR,,SYNTHETIC DEMO DOCUMENT
100,1100,2025,7000001426,5,20250528,20250528,KR,,SYNTHETIC DEMO DOCUMENT
100,1300,2026,7000001427,4,20260414,20260414,DR,,SYNTHETIC DEMO DOCUMENT
100,1200,2025,7000001428,11,20251110,20251110,SA,,SYNTHETIC DEMO DOCUMENT
100,1100,2025,7000001429,10,20251029,20251029,KR,,SYNTHETIC DEMO DOCUMENT
100,1100,2025,7000001430,5,20250529,20250529,AB,,SYNTHETIC DEMO DOCUMENT
100,1200,2026,7000001431,6,20260606,20260606,DR,,SYNTHETIC DEMO DOCUMENT
100,1200,2026,7000001432,3,20260309,20260309,DR,,SYNTHETIC DEMO DOCUMENT
100,1100,2025,7000001433,12,20251219,20251219,KR,,SYNTHETIC DEMO DOCUMENT
100,1100,2026,7000001434,1,20260105,20260105,KR,,SYNTHETIC DEMO DOCUMENT
100,1300,2026,7000001435,9,20260920,20260920,SA,,SYNTHETIC DEMO DOCUMENT
100,1300,2026,7000001436,1,20260118,20260118,KR,,SYNTHETIC DEMO DOCUMENT
100,1100,2025,7000001437,9,20250923,20250923,AB,,SYNTHETIC DEMO DOCUMENT
100,1000,2025,7000001438,5,20250515,20250515,KR,,SYNTHETIC DEMO DOCUMENT
100,1100,2026,7000001439,5,20260512,20260512,SA,,SYNTHETIC DEMO DOCUMENT
100,1200,2026,7000001440,1,20260123,20260123,DR,,SYNTHETIC DEMO DOCUMENT
100,1300,2025,7000001441,8,20250824,20250824,KR,,SYNTHETIC DEMO DOCUMENT
100,1200,2026,7000001442,5,20260506,20260506,KR,,SYNTHETIC DEMO DOCUMENT
100,1200,2026,7000001443,5,20260509,20260509,SA,,SYNTHETIC DEMO DOCUMENT
100,1000,2025,7000001444,10,20251006,20251006,DR,,SYNTHETIC DEMO DOCUMENT
100,1300,2025,7000001445,12,20251216,20251216,SA,,SYNTHETIC DEMO DOCUMENT
100,1000,2026,7000001446,2,20260205,20260205,DR,,SYNTHETIC DEMO DOCUMENT
100,1200,2026,7000001447,5,20260505,20260505,AB,,SYNTHETIC DEMO DOCUMENT
100,1300,2025,7000001448,6,20250610,20250610,SA,,SYNTHETIC DEMO DOCUMENT
100,1000,2025,7000001449,10,20251020,20251020,KR,,SYNTHETIC DEMO DOCUMENT
100,1100,2025,7000001450,9,20250927,20250927,SA,,SYNTHETIC DEMO DOCUMENT
100,1100,2026,7000001451,4,20260407,20260407,KR,,SYNTHETIC DEMO DOCUMENT
100,1100,2025,7000001452,11,20251101,20251101,AB,,SYNTHETIC DEMO DOCUMENT
100,1200,2026,7000001453,1,20260114,20260114,KR,,SYNTHETIC DEMO DOCUMENT
100,1000,2026,7000001454,5,20260511,20260511,KR,,SYNTHETIC DEMO DOCUMENT
100,1100,2026,7000001455,6,20260605,20260605,KR,,SYNTHETIC DEMO DOCUMENT
100,1200,2026,7000001456,3,20260328,20260328,KR,,SYNTHETIC DEMO DOCUMENT
100,1000,2025,7000001457,5,20250523,20250523,KR,,SYNTHETIC DEMO DOCUMENT
100,1200,2026,7000001458,8,20260826,20260826,DR,,SYNTHETIC DEMO DOCUMENT
100,1300,2026,7000001459,6,20260608,20260608,AB,,SYNTHETIC DEMO DOCUMENT
100,1300,2025,7000001460,9,20250907,20250907,KR,,SYNTHETIC DEMO DOCUMENT
100,1300,2025,7000001461,6,20250620,20250620,KR,,SYNTHETIC DEMO DOCUMENT
100,1000,2025,7000001462,7,20250717,20250717,AB,,SYNTHETIC DEMO DOCUMENT
100,1100,2025,7000001463,9,20250907,20250907,SA,,SYNTHETIC DEMO DOCUMENT
100,1300,2025,7000001464,11,20251127,20251127,DR,,SYNTHETIC DEMO DOCUMENT
100,1100,2026,7000001465,9,20260926,20260926,KR,,SYNTHETIC DEMO DOCUMENT
100,1200,2026,7000001466,5,20260514,20260514,DR,,SYNTHETIC DEMO DOCUMENT
100,1100,2026,7000001467,2,20260223,20260223,KR,,SYNTHETIC DEMO DOCUMENT
100,1100,2026,7000001468,2,20260206,20260206,DR,,SYNTHETIC DEMO DOCUMENT
100,1200,2025,7000001469,5,20250504,20250504,KR,,SYNTHETIC DEMO DOCUMENT
100,1200,2026,7000001470,6,20260608,20260608,KR,,SYNTHETIC DEMO DOCUMENT
100,1300,2025,7000001471,7,20250707,20250707,SA,,SYNTHETIC DEMO DOCUMENT
100,1100,2025,7000001472,9,20250919,20250919,AB,,SYNTHETIC DEMO DOCUMENT
100,1300,2025,7000001473,8,20250818,20250818,KR,,SYNTHETIC DEMO DOCUMENT
100,1200,2026,7000001474,4,20260417,20260417,KR,,SYNTHETIC DEMO DOCUMENT
100,1300,2026,7000001475,7,20260713,20260713,KR,,SYNTHETIC DEMO DOCUMENT
100,1200,2026,7000001476,5,20260503,20260503,KR,,SYNTHETIC DEMO DOCUMENT
100,1000,2025,7000001477,4,20250422,20250422,DR,,SYNTHETIC DEMO DOCUMENT
100,1000,2025,7000001478,7,20250728,20250728,KR,,SYNTHETIC DEMO DOCUMENT
100,1200,2025,7000001479,5,20250509,20250509,KR,,SYNTHETIC DEMO DOCUMENT
100,1100,2025,7000001480,9,20250905,20250905,AB,,SYNTHETIC DEMO DOCUMENT
100,1100,2025,7000001481,12,20251217,20251217,AB,,SYNTHETIC DEMO DOCUMENT
100,1100,2025,7000001482,10,20251022,20251022,KR,,SYNTHETIC DEMO DOCUMENT
100,1100,2026,7000001483,6,20260602,20260602,KR,,SYNTHETIC DEMO DOCUMENT
100,1100,2026,7000001484,6,20260621,20260621,AB,,SYNTHETIC DEMO DOCUMENT
100,1200,2025,7000001485,9,20250905,20250905,DR,,SYNTHETIC DEMO DOCUMENT
100,1200,2026,7000001486,3,20260313,20260313,SA,,SYNTHETIC DEMO DOCUMENT
100,1300,2025,7000001487,9,20250906,20250906,AB,,SYNTHETIC DEMO DOCUMENT
100,1100,2026,7000001488,5,20260522,20260522,KR,,SYNTHETIC DEMO DOCUMENT
100,1100,2026,7000001489,7,20260709,20260709,DR,,SYNTHETIC DEMO DOCUMENT
100,1100,2026,7000001490,7,20260708,20260708,KR,,SYNTHETIC DEMO DOCUMENT
100,1100,2025,7000001491,9,20250904,20250904,DR,,SYNTHETIC DEMO DOCUMENT
100,1100,2026,7000001492,8,20260806,20260806,KR,,SYNTHETIC DEMO DOCUMENT
100,1200,2026,7000001493,7,20260705,20260705,KR,,SYNTHETIC DEMO DOCUMENT
100,1200,2025,7000001494,11,20251118,20251118,AB,,SYNTHETIC DEMO DOCUMENT
100,1000,2026,7000001495,5,20260503,20260503,KR,,SYNTHETIC DEMO DOCUMENT
100,1200,2025,7000001496,10,20251007,20251007,KR,,SYNTHETIC DEMO DOCUMENT
100,1100,2026,7000001497,8,20260814,20260814,SA,,SYNTHETIC DEMO DOCUMENT
100,1100,2025,7000001498,4,20250411,20250411,KR,,SYNTHETIC DEMO DOCUMENT
100,1000,2026,7000001499,3,20260311,20260311,DR,,SYNTHETIC DEMO DOCUMENT
100,1100,2025,7000001500,4,20250416,20250416,DR,,SYNTHETIC DEMO DOCUMENT
100,1100,2025,7000001501,12,20251228,20251228,SA,,SYNTHETIC DEMO DOCUMENT
100,1300,2025,7000001502,11,20251126,20251126,DR,,SYNTHETIC DEMO DOCUMENT
100,1300,2026,7000001503,6,20260612,20260612,KR,,SYNTHETIC DEMO DOCUMENT
100,1000,2025,7000001504,7,20250703,20250703,KR,,SYNTHETIC DEMO DOCUMENT
100,1200,2026,7000001505,8,20260816,20260816,SA,,SYNTHETIC DEMO DOCUMENT
100,1300,2026,7000001506,1,20260107,20260107,KR,,SYNTHETIC DEMO DOCUMENT
100,1100,2025,7000001507,6,20250606,20250606,KR,,SYNTHETIC DEMO DOCUMENT
100,1100,2025,7000001508,8,20250820,20250820,KR,,SYNTHETIC DEMO DOCUMENT
100,1300,2026,7000001509,5,20260520,20260520,AB,,SYNTHETIC DEMO DOCUMENT
100,1200,2025,7000001510,9,20250920,20250920,AB,,SYNTHETIC DEMO DOCUMENT
100,1300,2026,7000001511,5,20260527,20260527,DR,,SYNTHETIC DEMO DOCUMENT
100,1300,2026,7000001512,9,20260910,20260910,SA,,SYNTHETIC DEMO DOCUMENT
100,1300,2026,7000001513,3,20260318,20260318,SA,,SYNTHETIC DEMO DOCUMENT
100,1100,2025,7000001514,5,20250522,20250522,DR,,SYNTHETIC DEMO DOCUMENT
100,1100,2026,7000001515,6,20260621,20260621,DR,,SYNTHETIC DEMO DOCUMENT
100,1100,2025,7000001516,8,20250820,20250820,AB,,SYNTHETIC DEMO DOCUMENT
100,1100,2025,7000001517,5,20250524,20250524,KR,,SYNTHETIC DEMO DOCUMENT
100,1000,2025,7000001518,8,20250824,20250824,KR,,SYNTHETIC DEMO DOCUMENT
100,1100,2025,7000001519,4,20250426,20250426,KR,,SYNTHETIC DEMO DOCUMENT
100,1200,2025,7000001520,10,20251009,20251009,KR,,SYNTHETIC DEMO DOCUMENT
100,1000,2026,7000001521,9,20260917,20260917,KR,,SYNTHETIC DEMO DOCUMENT
100,1100,2025,7000001522,11,20251124,20251124,SA,,SYNTHETIC DEMO DOCUMENT
100,1000,2026,7000001523,7,20260710,20260710,AB,,SYNTHETIC DEMO DOCUMENT
100,1300,2025,7000001524,7,20250725,20250725,KR,,SYNTHETIC DEMO DOCUMENT
100,1100,2026,7000001525,4,20260421,20260421,KR,,SYNTHETIC DEMO DOCUMENT
100,1100,2025,7000001526,11,20251109,20251109,AB,,SYNTHETIC DEMO DOCUMENT
100,1200,2026,7000001527,5,20260523,20260523,DR,,SYNTHETIC DEMO DOCUMENT
100,1000,2025,7000001528,7,20250706,20250706,SA,,SYNTHETIC DEMO DOCUMENT
100,1300,2026,7000001529,9,20260922,20260922,KR,,SYNTHETIC DEMO DOCUMENT
100,1100,2025,7000001530,10,20251012,20251012,DR,,SYNTHETIC DEMO DOCUMENT
100,1300,2026,7000001531,3,20260311,20260311,DR,,SYNTHETIC DEMO DOCUMENT
100,1100,2025,7000001532,4,20250405,20250405,AB,,SYNTHETIC DEMO DOCUMENT
100,1000,2025,7000001533,8,20250826,20250826,KR,7000001532,SYNTHETIC DEMO DOCUMENT
100,1100,2025,7000001534,10,20251027,20251027,KR,,SYNTHETIC DEMO DOCUMENT
100,1100,2025,7000001535,10,20251031,20251031,AB,,SYNTHETIC DEMO DOCUMENT
100,1000,2025,7000001536,6,20250624,20250624,KR,,SYNTHETIC DEMO DOCUMENT
100,1000,2025,7000001537,6,20250611,20250611,SA,,SYNTHETIC DEMO DOCUMENT
100,1100,2026,7000001538,4,20260403,20260403,KR,,SYNTHETIC DEMO DOCUMENT
100,1200,2026,7000001539,2,20260227,20260227,KR,,SYNTHETIC DEMO DOCUMENT
100,1100,2025,7000001540,9,20250923,20250923,KR,,SYNTHETIC DEMO DOCUMENT
100,1000,2026,7000001541,8,20260827,20260827,KR,,SYNTHETIC DEMO DOCUMENT
100,1100,2026,7000001542,6,20260604,20260604,KR,,SYNTHETIC DEMO DOCUMENT
100,1100,2026,7000001543,8,20260806,20260806,DR,,SYNTHETIC DEMO DOCUMENT
100,1100,2026,7000001544,4,20260410,20260410,DR,,SYNTHETIC DEMO DOCUMENT
100,1000,2026,7000001545,1,20260120,20260120,SA,,SYNTHETIC DEMO DOCUMENT
100,1300,2026,7000001546,9,20260915,20260915,KR,,SYNTHETIC DEMO DOCUMENT
100,1200,2026,7000001547,6,20260628,20260628,DR,,SYNTHETIC DEMO DOCUMENT
100,1100,2025,7000001548,9,20250922,20250922,SA,,SYNTHETIC DEMO DOCUMENT
100,1100,2025,7000001549,10,20251013,20251013,KR,,SYNTHETIC DEMO DOCUMENT
100,1000,2026,7000001550,8,20260807,20260807,KR,,SYNTHETIC DEMO DOCUMENT
100,1300,2025,7000001551,10,20251023,20251023,SA,,SYNTHETIC DEMO DOCUMENT
100,1200,2026,7000001552,1,20260122,20260122,SA,,SYNTHETIC DEMO DOCUMENT
100,1100,2026,7000001553,2,20260223,20260223,KR,,SYNTHETIC DEMO DOCUMENT
100,1100,2026,7000001554,5,20260513,20260513,KR,,SYNTHETIC DEMO DOCUMENT
100,1000,2026,7000001555,2,20260222,20260222,AB,,SYNTHETIC DEMO DOCUMENT
100,1100,2025,7000001556,11,20251116,20251116,DR,,SYNTHETIC DEMO DOCUMENT
100,1300,2026,7000001557,4,20260401,20260401,DR,,SYNTHETIC DEMO DOCUMENT
100,1100,2025,7000001558,5,20250519,20250519,AB,,SYNTHETIC DEMO DOCUMENT
100,1100,2026,7000001559,7,20260724,20260724,AB,,SYNTHETIC DEMO DOCUMENT
100,1100,2025,7000001560,10,20251030,20251030,DR,,SYNTHETIC DEMO DOCUMENT
100,1000,2025,7000001561,11,20251115,20251115,KR,,SYNTHETIC DEMO DOCUMENT
100,1000,2025,7000001562,10,20251007,20251007,AB,,SYNTHETIC DEMO DOCUMENT
100,1000,2026,7000001563,1,20260121,20260121,SA,,SYNTHETIC DEMO DOCUMENT
100,1200,2025,7000001564,6,20250616,20250616,AB,,SYNTHETIC DEMO DOCUMENT
100,1000,2026,7000001565,3,20260303,20260303,DR,,SYNTHETIC DEMO DOCUMENT
100,1200,2026,7000001566,3,20260303,20260303,KR,,SYNTHETIC DEMO DOCUMENT
100,1000,2025,7000001567,10,20251001,20251001,KR,,SYNTHETIC DEMO DOCUMENT
100,1000,2025,7000001568,4,20250405,20250405,SA,,SYNTHETIC DEMO DOCUMENT
100,1300,2025,7000001569,4,20250416,20250416,KR,,SYNTHETIC DEMO DOCUMENT
100,1300,2026,7000001570,7,20260706,20260706,DR,,SYNTHETIC DEMO DOCUMENT
100,1200,2026,7000001571,2,20260209,20260209,DR,,SYNTHETIC DEMO DOCUMENT
100,1000,2026,7000001572,8,20260820,20260820,KR,,SYNTHETIC DEMO DOCUMENT
100,1300,2026,7000001573,4,20260406,20260406,KR,,SYNTHETIC DEMO DOCUMENT
100,1200,2026,7000001574,8,20260809,20260809,AB,,SYNTHETIC DEMO DOCUMENT
100,1100,2026,7000001575,3,20260318,20260318,DR,,SYNTHETIC DEMO DOCUMENT
100,1300,2025,7000001576,11,20251110,20251110,SA,,SYNTHETIC DEMO DOCUMENT
100,1300,2026,7000001577,5,20260530,20260530,DR,,SYNTHETIC DEMO DOCUMENT
100,1000,2025,7000001578,6,20250604,20250604,KR,,SYNTHETIC DEMO DOCUMENT
100,1200,2026,7000001579,4,20260403,20260403,AB,,SYNTHETIC DEMO DOCUMENT
100,1000,2026,7000001580,2,20260216,20260216,KR,,SYNTHETIC DEMO DOCUMENT
100,1300,2026,7000001581,2,20260220,20260220,KR,,SYNTHETIC DEMO DOCUMENT
100,1000,2026,7000001582,1,20260106,20260106,DR,,SYNTHETIC DEMO DOCUMENT
100,1300,2025,7000001583,10,20251029,20251029,DR,,SYNTHETIC DEMO DOCUMENT
100,1200,2025,7000001584,9,20250917,20250917,AB,,SYNTHETIC DEMO DOCUMENT
100,1300,2026,7000001585,6,20260606,20260606,AB,,SYNTHETIC DEMO DOCUMENT
100,1000,2025,7000001586,5,20250510,20250510,KR,,SYNTHETIC DEMO DOCUMENT
100,1100,2025,7000001587,8,20250818,20250818,AB,,SYNTHETIC DEMO DOCUMENT
100,1000,2026,7000001588,5,20260505,20260505,KR,,SYNTHETIC DEMO DOCUMENT
100,1100,2026,7000001589,5,20260530,20260530,KR,,SYNTHETIC DEMO DOCUMENT
100,1200,2025,7000001590,11,20251112,20251112,KR,,SYNTHETIC DEMO DOCUMENT
100,1100,2025,7000001591,10,20251013,20251013,AB,,SYNTHETIC DEMO DOCUMENT
100,1100,2026,7000001592,1,20260129,20260129,AB,,SYNTHETIC DEMO DOCUMENT
100,1200,2025,7000001593,9,20250909,20250909,KR,,SYNTHETIC DEMO DOCUMENT
100,1100,2026,7000001594,5,20260508,20260508,KR,7000001593,SYNTHETIC DEMO DOCUMENT
100,1200,2026,7000001595,1,20260116,20260116,KR,,SYNTHETIC DEMO DOCUMENT
100,1100,2025,7000001596,6,20250620,20250620,SA,,SYNTHETIC DEMO DOCUMENT
100,1200,2025,7000001597,7,20250715,20250715,DR,,SYNTHETIC DEMO DOCUMENT
100,1100,2025,7000001598,9,20250917,20250917,KR,,SYNTHETIC DEMO DOCUMENT
100,1200,2025,7000001599,4,20250430,20250430,DR,,SYNTHETIC DEMO DOCUMENT
100,1100,2025,7000001600,10,20251025,20251025,KR,,SYNTHETIC DEMO DOCUMENT
100,1300,2026,7000001601,6,20260624,20260624,AB,,SYNTHETIC DEMO DOCUMENT
100,1100,2026,7000001602,9,20260925,20260925,KR,,SYNTHETIC DEMO DOCUMENT
100,1300,2025,7000001603,6,20250622,20250622,KR,,SYNTHETIC DEMO DOCUMENT
100,1100,2026,7000001604,4,20260412,20260412,KR,,SYNTHETIC DEMO DOCUMENT
100,1000,2025,7000001605,11,20251129,20251129,KR,,SYNTHETIC DEMO DOCUMENT
100,1200,2025,7000001606,11,20251113,20251113,AB,,SYNTHETIC DEMO DOCUMENT
100,1300,2026,7000001607,4,20260408,20260408,KR,,SYNTHETIC DEMO DOCUMENT
100,1200,2025,7000001608,10,20251011,20251011,KR,,SYNTHETIC DEMO DOCUMENT
100,1100,2025,7000001609,4,20250430,20250430,AB,,SYNTHETIC DEMO DOCUMENT
100,1100,2025,7000001610,11,20251106,20251106,AB,,SYNTHETIC DEMO DOCUMENT
100,1000,2025,7000001611,6,20250611,20250611,SA,,SYNTHETIC DEMO DOCUMENT
100,1300,2026,7000001612,5,20260520,20260520,DR,7000001611,SYNTHETIC DEMO DOCUMENT
100,1200,2026,7000001613,5,20260516,20260516,KR,,SYNTHETIC DEMO DOCUMENT
100,1100,2025,7000001614,12,20251209,20251209,DR,,SYNTHETIC DEMO DOCUMENT
100,1100,2026,7000001615,4,20260407,20260407,SA,,SYNTHETIC DEMO DOCUMENT
100,1000,2025,7000001616,11,20251121,20251121,KR,,SYNTHETIC DEMO DOCUMENT
100,1300,2026,7000001617,3,20260321,20260321,DR,,SYNTHETIC DEMO DOCUMENT
100,1100,2025,7000001618,4,20250421,20250421,SA,,SYNTHETIC DEMO DOCUMENT
100,1200,2026,7000001619,6,20260603,20260603,AB,,SYNTHETIC DEMO DOCUMENT
100,1300,2026,7000001620,9,20260926,20260926,KR,,SYNTHETIC DEMO DOCUMENT
100,1300,2026,7000001621,4,20260406,20260406,AB,,SYNTHETIC DEMO DOCUMENT
100,1100,2026,7000001622,9,20260914,20260914,AB,,SYNTHETIC DEMO DOCUMENT
100,1000,2026,7000001623,4,20260422,20260422,KR,,SYNTHETIC DEMO DOCUMENT
100,1100,2025,7000001624,4,20250409,20250409,AB,,SYNTHETIC DEMO DOCUMENT
100,1200,2026,7000001625,9,20260925,20260925,DR,,SYNTHETIC DEMO DOCUMENT
100,1200,2025,7000001626,6,20250614,20250614,SA,,SYNTHETIC DEMO DOCUMENT
100,1000,2025,7000001627,4,20250415,20250415,DR,,SYNTHETIC DEMO DOCUMENT
100,1300,2026,7000001628,6,20260603,20260603,KR,,SYNTHETIC DEMO DOCUMENT
100,1100,2025,7000001629,9,20250923,20250923,SA,,SYNTHETIC DEMO DOCUMENT
100,1000,2025,7000001630,12,20251207,20251207,KR,,SYNTHETIC DEMO DOCUMENT
100,1100,2025,7000001631,12,20251217,20251217,DR,,SYNTHETIC DEMO DOCUMENT
100,1300,2025,7000001632,5,20250509,20250509,AB,,SYNTHETIC DEMO DOCUMENT
100,1100,2026,7000001633,5,20260528,20260528,DR,,SYNTHETIC DEMO DOCUMENT
100,1000,2026,7000001634,7,20260721,20260721,DR,,SYNTHETIC DEMO DOCUMENT
100,1100,2025,7000001635,9,20250916,20250916,SA,,SYNTHETIC DEMO DOCUMENT
100,1000,2026,7000001636,4,20260426,20260426,SA,,SYNTHETIC DEMO DOCUMENT
100,1300,2026,7000001637,7,20260704,20260704,KR,,SYNTHETIC DEMO DOCUMENT
100,1100,2026,7000001638,8,20260821,20260821,KR,,SYNTHETIC DEMO DOCUMENT
100,1000,2025,7000001639,9,20250915,20250915,KR,,SYNTHETIC DEMO DOCUMENT
100,1000,2026,7000001640,1,20260122,20260122,DR,,SYNTHETIC DEMO DOCUMENT
100,1100,2026,7000001641,8,20260823,20260823,SA,,SYNTHETIC DEMO DOCUMENT
100,1100,2026,7000001642,1,20260120,20260120,DR,,SYNTHETIC DEMO DOCUMENT
100,1100,2025,7000001643,7,20250716,20250716,SA,,SYNTHETIC DEMO DOCUMENT
100,1100,2025,7000001644,9,20250907,20250907,KR,,SYNTHETIC DEMO DOCUMENT
100,1100,2025,7000001645,9,20250925,20250925,KR,,SYNTHETIC DEMO DOCUMENT
100,1100,2025,7000001646,10,20251010,20251010,KR,,SYNTHETIC DEMO DOCUMENT
100,1200,2026,7000001647,5,20260506,20260506,KR,,SYNTHETIC DEMO DOCUMENT
100,1300,2026,7000001648,1,20260119,20260119,AB,,SYNTHETIC DEMO DOCUMENT
100,1200,2026,7000001649,4,20260405,20260405,KR,,SYNTHETIC DEMO DOCUMENT
100,1100,2026,7000001650,3,20260321,20260321,AB,,SYNTHETIC DEMO DOCUMENT
100,1100,2026,7000001651,8,20260817,20260817,KR,,SYNTHETIC DEMO DOCUMENT
100,1100,2026,7000001652,1,20260106,20260106,AB,,SYNTHETIC DEMO DOCUMENT
100,1300,2025,7000001653,6,20250607,20250607,KR,,SYNTHETIC DEMO DOCUMENT
100,1200,2025,7000001654,10,20251005,20251005,AB,,SYNTHETIC DEMO DOCUMENT
100,1000,2025,7000001655,5,20250502,20250502,KR,,SYNTHETIC DEMO DOCUMENT
100,1100,2025,7000001656,7,20250702,20250702,AB,,SYNTHETIC DEMO DOCUMENT
100,1300,2025,7000001657,6,20250626,20250626,KR,,SYNTHETIC DEMO DOCUMENT
100,1300,2025,7000001658,10,20251008,20251008,KR,,SYNTHETIC DEMO DOCUMENT
100,1100,2026,7000001659,1,20260124,20260124,KR,,SYNTHETIC DEMO DOCUMENT
100,1000,2025,7000001660,11,20251106,20251106,DR,,SYNTHETIC DEMO DOCUMENT
100,1000,2025,7000001661,12,20251209,20251209,AB,7000001660,SYNTHETIC DEMO DOCUMENT
100,1100,2026,7000001662,6,20260610,20260610,KR,,SYNTHETIC DEMO DOCUMENT
100,1000,2025,7000001663,11,20251123,20251123,KR,,SYNTHETIC DEMO DOCUMENT
100,1200,2025,7000001664,7,20250702,20250702,DR,,SYNTHETIC DEMO DOCUMENT
100,1000,2026,7000001665,4,20260426,20260426,KR,,SYNTHETIC DEMO DOCUMENT
100,1000,2025,7000001666,8,20250831,20250831,DR,,SYNTHETIC DEMO DOCUMENT
100,1300,2025,7000001667,7,20250710,20250710,KR,,SYNTHETIC DEMO DOCUMENT
100,1300,2025,7000001668,5,20250520,20250520,KR,,SYNTHETIC DEMO DOCUMENT
100,1200,2026,7000001669,1,20260110,20260110,SA,,SYNTHETIC DEMO DOCUMENT
100,1300,2025,7000001670,11,20251124,20251124,AB,,SYNTHETIC DEMO DOCUMENT
100,1200,2026,7000001671,1,20260108,20260108,KR,,SYNTHETIC DEMO DOCUMENT
100,1300,2025,7000001672,7,20250709,20250709,SA,,SYNTHETIC DEMO DOCUMENT
100,1100,2025,7000001673,11,20251103,20251103,SA,,SYNTHETIC DEMO DOCUMENT
100,1200,2026,7000001674,5,20260515,20260515,SA,,SYNTHETIC DEMO DOCUMENT
100,1200,2026,7000001675,3,20260330,20260330,KR,,SYNTHETIC DEMO DOCUMENT
100,1200,2025,7000001676,6,20250620,20250620,KR,,SYNTHETIC DEMO DOCUMENT
100,1300,2025,7000001677,8,20250825,20250825,AB,,SYNTHETIC DEMO DOCUMENT
100,1200,2026,7000001678,6,20260623,20260623,AB,,SYNTHETIC DEMO DOCUMENT
100,1000,2025,7000001679,11,20251108,20251108,DR,,SYNTHETIC DEMO DOCUMENT
100,1000,2025,7000001680,10,20251010,20251010,KR,,SYNTHETIC DEMO DOCUMENT
100,1100,2025,7000001681,9,20250928,20250928,DR,,SYNTHETIC DEMO DOCUMENT
100,1000,2026,7000001682,9,20260925,20260925,DR,,SYNTHETIC DEMO DOCUMENT
100,1000,2026,7000001683,5,20260515,20260515,KR,,SYNTHETIC DEMO DOCUMENT
100,1000,2025,7000001684,12,20251202,20251202,KR,,SYNTHETIC DEMO DOCUMENT
100,1000,2026,7000001685,4,20260417,20260417,KR,,SYNTHETIC DEMO DOCUMENT
100,1200,2025,7000001686,11,20251113,20251113,KR,,SYNTHETIC DEMO DOCUMENT
100,1000,2025,7000001687,12,20251231,20251231,SA,,SYNTHETIC DEMO DOCUMENT
100,1300,2025,7000001688,12,20251221,20251221,SA,,SYNTHETIC DEMO DOCUMENT
100,1000,2025,7000001689,11,20251130,20251130,KR,,SYNTHETIC DEMO DOCUMENT
100,1100,2026,7000001690,8,20260806,20260806,SA,,SYNTHETIC DEMO DOCUMENT
100,1000,2026,7000001691,9,20260911,20260911,KR,,SYNTHETIC DEMO DOCUMENT
100,1100,2025,7000001692,4,20250425,20250425,SA,,SYNTHETIC DEMO DOCUMENT
100,1300,2026,7000001693,6,20260625,20260625,SA,,SYNTHETIC DEMO DOCUMENT
100,1300,2026,7000001694,4,20260421,20260421,DR,,SYNTHETIC DEMO DOCUMENT
100,1000,2026,7000001695,6,20260620,20260620,AB,,SYNTHETIC DEMO DOCUMENT
100,1100,2026,7000001696,3,20260327,20260327,DR,,SYNTHETIC DEMO DOCUMENT
100,1100,2025,7000001697,8,20250831,20250831,DR,,SYNTHETIC DEMO DOCUMENT
100,1300,2025,7000001698,9,20250910,20250910,AB,,SYNTHETIC DEMO DOCUMENT
100,1300,2026,7000001699,6,20260601,20260601,KR,,SYNTHETIC DEMO DOCUMENT
100,1100,2025,7000001700,7,20250725,20250725,KR,,SYNTHETIC DEMO DOCUMENT
100,1000,2026,7000001701,3,20260319,20260319,SA,,SYNTHETIC DEMO DOCUMENT
100,1100,2026,7000001702,5,20260506,20260506,DR,,SYNTHETIC DEMO DOCUMENT
100,1100,2025,7000001703,12,20251221,20251221,SA,,SYNTHETIC DEMO DOCUMENT
100,1200,2026,7000001704,4,20260406,20260406,KR,,SYNTHETIC DEMO DOCUMENT
100,1000,2025,7000001705,8,20250811,20250811,AB,,SYNTHETIC DEMO DOCUMENT
100,1300,2025,7000001706,11,20251124,20251124,DR,,SYNTHETIC DEMO DOCUMENT
100,1000,2026,7000001707,7,20260723,20260723,AB,,SYNTHETIC DEMO DOCUMENT
100,1100,2026,7000001708,8,20260821,20260821,DR,,SYNTHETIC DEMO DOCUMENT
100,1100,2026,7000001709,5,20260518,20260518,KR,,SYNTHETIC DEMO DOCUMENT
100,1200,2026,7000001710,8,20260827,20260827,AB,,SYNTHETIC DEMO DOCUMENT
100,1100,2025,7000001711,4,20250402,20250402,KR,,SYNTHETIC DEMO DOCUMENT
100,1300,2025,7000001712,5,20250531,20250531,DR,,SYNTHETIC DEMO DOCUMENT
100,1100,2026,7000001713,6,20260625,20260625,KR,,SYNTHETIC DEMO DOCUMENT
100,1300,2026,7000001714,9,20260910,20260910,AB,,SYNTHETIC DEMO DOCUMENT
100,1300,2025,7000001715,11,20251129,20251129,SA,,SYNTHETIC DEMO DOCUMENT
100,1200,2026,7000001716,7,20260718,20260718,KR,,SYNTHETIC DEMO DOCUMENT
100,1100,2026,7000001717,1,20260105,20260105,KR,,SYNTHETIC DEMO DOCUMENT
100,1300,2026,7000001718,1,20260113,20260113,SA,,SYNTHETIC DEMO DOCUMENT
100,1100,2026,7000001719,5,20260503,20260503,KR,,SYNTHETIC DEMO DOCUMENT
100,1300,2026,7000001720,5,20260505,20260505,AB,,SYNTHETIC DEMO DOCUMENT
100,1300,2025,7000001721,7,20250711,20250711,KR,,SYNTHETIC DEMO DOCUMENT
100,1200,2025,7000001722,5,20250502,20250502,AB,,SYNTHETIC DEMO DOCUMENT
100,1100,2026,7000001723,8,20260805,20260805,DR,,SYNTHETIC DEMO DOCUMENT
100,1200,2025,7000001724,4,20250401,20250401,KR,,SYNTHETIC DEMO DOCUMENT
100,1300,2026,7000001725,1,20260125,20260125,DR,,SYNTHETIC DEMO DOCUMENT
100,1100,2025,7000001726,12,20251216,20251216,SA,,SYNTHETIC DEMO DOCUMENT
100,1000,2025,7000001727,10,20251007,20251007,KR,,SYNTHETIC DEMO DOCUMENT
100,1100,2025,7000001728,10,20251031,20251031,DR,,SYNTHETIC DEMO DOCUMENT
100,1000,2025,7000001729,10,20251009,20251009,KR,,SYNTHETIC DEMO DOCUMENT
100,1000,2026,7000001730,4,20260413,20260413,KR,,SYNTHETIC DEMO DOCUMENT
100,1200,2026,7000001731,8,20260810,20260810,KR,,SYNTHETIC DEMO DOCUMENT
100,1000,2026,7000001732,2,20260226,20260226,KR,,SYNTHETIC DEMO DOCUMENT
100,1100,2026,7000001733,9,20260901,20260901,KR,,SYNTHETIC DEMO DOCUMENT
100,1000,2026,7000001734,6,20260611,20260611,KR,,SYNTHETIC DEMO DOCUMENT
100,1200,2025,7000001735,12,20251213,20251213,SA,,SYNTHETIC DEMO DOCUMENT
100,1200,2026,7000001736,1,20260122,20260122,AB,,SYNTHETIC DEMO DOCUMENT
100,1300,2025,7000001737,11,20251103,20251103,SA,,SYNTHETIC DEMO DOCUMENT
100,1300,2026,7000001738,1,20260114,20260114,KR,,SYNTHETIC DEMO DOCUMENT
100,1100,2026,7000001739,4,20260418,20260418,KR,7000001738,SYNTHETIC DEMO DOCUMENT
100,1100,2026,7000001740,8,20260803,20260803,SA,,SYNTHETIC DEMO DOCUMENT
100,1100,2026,7000001741,8,20260802,20260802,SA,,SYNTHETIC DEMO DOCUMENT
100,1300,2026,7000001742,1,20260131,20260131,DR,,SYNTHETIC DEMO DOCUMENT
100,1300,2026,7000001743,1,20260104,20260104,KR,,SYNTHETIC DEMO DOCUMENT
100,1200,2025,7000001744,8,20250829,20250829,DR,,SYNTHETIC DEMO DOCUMENT
100,1300,2026,7000001745,3,20260307,20260307,KR,,SYNTHETIC DEMO DOCUMENT
100,1100,2025,7000001746,6,20250622,20250622,KR,,SYNTHETIC DEMO DOCUMENT
100,1300,2025,7000001747,8,20250808,20250808,AB,,SYNTHETIC DEMO DOCUMENT
100,1100,2026,7000001748,3,20260308,20260308,KR,,SYNTHETIC DEMO DOCUMENT
100,1300,2025,7000001749,9,20250905,20250905,DR,,SYNTHETIC DEMO DOCUMENT
100,1200,2025,7000001750,4,20250416,20250416,DR,,SYNTHETIC DEMO DOCUMENT
100,1300,2025,7000001751,7,20250702,20250702,KR,,SYNTHETIC DEMO DOCUMENT
100,1300,2026,7000001752,2,20260213,20260213,KR,,SYNTHETIC DEMO DOCUMENT
100,1100,2026,7000001753,2,20260202,20260202,SA,,SYNTHETIC DEMO DOCUMENT
100,1200,2026,7000001754,4,20260416,20260416,KR,,SYNTHETIC DEMO DOCUMENT
100,1300,2026,7000001755,6,20260614,20260614,KR,,SYNTHETIC DEMO DOCUMENT
100,1300,2026,7000001756,5,20260517,20260517,DR,,SYNTHETIC DEMO DOCUMENT
100,1100,2025,7000001757,10,20251011,20251011,AB,,SYNTHETIC DEMO DOCUMENT
100,1200,2025,7000001758,6,20250620,20250620,DR,,SYNTHETIC DEMO DOCUMENT
100,1100,2025,7000001759,8,20250819,20250819,KR,,SYNTHETIC DEMO DOCUMENT
100,1000,2025,7000001760,12,20251226,20251226,AB,,SYNTHETIC DEMO DOCUMENT
100,1000,2026,7000001761,5,20260525,20260525,KR,,SYNTHETIC DEMO DOCUMENT
100,1200,2025,7000001762,7,20250725,20250725,AB,,SYNTHETIC DEMO DOCUMENT
100,1000,2025,7000001763,8,20250824,20250824,KR,,SYNTHETIC DEMO DOCUMENT
100,1300,2026,7000001764,4,20260416,20260416,DR,,SYNTHETIC DEMO DOCUMENT
100,1000,2026,7000001765,6,20260629,20260629,SA,,SYNTHETIC DEMO DOCUMENT
100,1000,2025,7000001766,7,20250713,20250713,DR,,SYNTHETIC DEMO DOCUMENT
100,1100,2026,7000001767,5,20260518,20260518,DR,,SYNTHETIC DEMO DOCUMENT
100,1100,2025,7000001768,9,20250929,20250929,KR,,SYNTHETIC DEMO DOCUMENT
100,1200,2026,7000001769,7,20260702,20260702,AB,,SYNTHETIC DEMO DOCUMENT
100,1000,2026,7000001770,4,20260428,20260428,KR,,SYNTHETIC DEMO DOCUMENT
100,1300,2025,7000001771,12,20251203,20251203,KR,,SYNTHETIC DEMO DOCUMENT
100,1300,2025,7000001772,5,20250530,20250530,KR,,SYNTHETIC DEMO DOCUMENT
100,1100,2026,7000001773,4,20260427,20260427,AB,,SYNTHETIC DEMO DOCUMENT
100,1100,2025,7000001774,6,20250613,20250613,KR,,SYNTHETIC DEMO DOCUMENT
100,1300,2026,7000001775,7,20260719,20260719,KR,,SYNTHETIC DEMO DOCUMENT
100,1300,2025,7000001776,11,20251125,20251125,DR,,SYNTHETIC DEMO DOCUMENT
100,1300,2026,7000001777,4,20260406,20260406,AB,,SYNTHETIC DEMO DOCUMENT
100,1000,2025,7000001778,4,20250426,20250426,SA,7000001777,SYNTHETIC DEMO DOCUMENT
100,1100,2026,7000001779,6,20260620,20260620,KR,,SYNTHETIC DEMO DOCUMENT
100,1100,2026,7000001780,7,20260725,20260725,KR,,SYNTHETIC DEMO DOCUMENT
100,1000,2026,7000001781,4,20260417,20260417,DR,,SYNTHETIC DEMO DOCUMENT
100,1200,2025,7000001782,9,20250918,20250918,AB,,SYNTHETIC DEMO DOCUMENT
100,1300,2026,7000001783,9,20260924,20260924,KR,,SYNTHETIC DEMO DOCUMENT
100,1300,2025,7000001784,5,20250510,20250510,DR,,SYNTHETIC DEMO DOCUMENT
100,1200,2025,7000001785,9,20250921,20250921,SA,,SYNTHETIC DEMO DOCUMENT
100,1300,2025,7000001786,4,20250401,20250401,SA,,SYNTHETIC DEMO DOCUMENT
100,1100,2025,7000001787,11,20251104,20251104,SA,,SYNTHETIC DEMO DOCUMENT
100,1300,2026,7000001788,7,20260722,20260722,DR,,SYNTHETIC DEMO DOCUMENT
100,1100,2026,7000001789,4,20260412,20260412,SA,,SYNTHETIC DEMO DOCUMENT
100,1300,2026,7000001790,1,20260126,20260126,KR,,SYNTHETIC DEMO DOCUMENT
100,1200,2025,7000001791,5,20250523,20250523,DR,,SYNTHETIC DEMO DOCUMENT
100,1000,2026,7000001792,3,20260321,20260321,DR,,SYNTHETIC DEMO DOCUMENT
100,1100,2025,7000001793,6,20250602,20250602,SA,,SYNTHETIC DEMO DOCUMENT
100,1100,2026,7000001794,3,20260326,20260326,AB,,SYNTHETIC DEMO DOCUMENT
100,1100,2026,7000001795,4,20260414,20260414,KR,,SYNTHETIC DEMO DOCUMENT
100,1000,2026,7000001796,4,20260410,20260410,AB,,SYNTHETIC DEMO DOCUMENT
100,1300,2026,7000001797,9,20260908,20260908,AB,,SYNTHETIC DEMO DOCUMENT
100,1100,2026,7000001798,6,20260610,20260610,KR,,SYNTHETIC DEMO DOCUMENT
100,1100,2025,7000001799,10,20251018,20251018,KR,,SYNTHETIC DEMO DOCUMENT
100,1300,2026,7000001800,1,20260127,20260127,DR,,SYNTHETIC DEMO DOCUMENT
100,1100,2025,7000001801,12,20251217,20251217,DR,,SYNTHETIC DEMO DOCUMENT
100,1100,2026,7000001802,1,20260128,20260128,DR,,SYNTHETIC DEMO DOCUMENT
100,1300,2025,7000001803,12,20251228,20251228,SA,,SYNTHETIC DEMO DOCUMENT
100,1200,2026,7000001804,4,20260405,20260405,KR,,SYNTHETIC DEMO DOCUMENT
100,1100,2025,7000001805,7,20250718,20250718,KR,,SYNTHETIC DEMO DOCUMENT
100,1200,2025,7000001806,9,20250917,20250917,KR,,SYNTHETIC DEMO DOCUMENT
100,1100,2026,7000001807,1,20260118,20260118,AB,,SYNTHETIC DEMO DOCUMENT
100,1000,2025,7000001808,9,20250905,20250905,KR,,SYNTHETIC DEMO DOCUMENT
100,1100,2026,7000001809,6,20260618,20260618,KR,,SYNTHETIC DEMO DOCUMENT
100,1000,2025,7000001810,8,20250829,20250829,DR,,SYNTHETIC DEMO DOCUMENT
100,1300,2026,7000001811,9,20260911,20260911,DR,,SYNTHETIC DEMO DOCUMENT
100,1000,2026,7000001812,6,20260601,20260601,AB,,SYNTHETIC DEMO DOCUMENT
100,1300,2026,7000001813,4,20260402,20260402,DR,,SYNTHETIC DEMO DOCUMENT
100,1300,2025,7000001814,12,20251203,20251203,KR,,SYNTHETIC DEMO DOCUMENT
100,1000,2025,7000001815,8,20250813,20250813,AB,,SYNTHETIC DEMO DOCUMENT
100,1300,2026,7000001816,3,20260308,20260308,KR,,SYNTHETIC DEMO DOCUMENT
100,1100,2026,7000001817,9,20260922,20260922,KR,,SYNTHETIC DEMO DOCUMENT
100,1200,2025,7000001818,8,20250825,20250825,DR,,SYNTHETIC DEMO DOCUMENT
100,1000,2025,7000001819,5,20250518,20250518,SA,,SYNTHETIC DEMO DOCUMENT
100,1000,2026,7000001820,8,20260818,20260818,KR,,SYNTHETIC DEMO DOCUMENT
100,1100,2026,7000001821,1,20260121,20260121,DR,,SYNTHETIC DEMO DOCUMENT
100,1300,2025,7000001822,5,20250516,20250516,KR,,SYNTHETIC DEMO DOCUMENT
100,1100,2026,7000001823,8,20260810,20260810,KR,,SYNTHETIC DEMO DOCUMENT
100,1000,2026,7000001824,6,20260616,20260616,DR,,SYNTHETIC DEMO DOCUMENT
100,1000,2025,7000001825,11,20251101,20251101,DR,,SYNTHETIC DEMO DOCUMENT
100,1200,2025,7000001826,9,20250908,20250908,AB,,SYNTHETIC DEMO DOCUMENT
100,1000,2025,7000001827,11,20251125,20251125,KR,,SYNTHETIC DEMO DOCUMENT
100,1200,2026,7000001828,7,20260725,20260725,SA,,SYNTHETIC DEMO DOCUMENT
100,1100,2026,7000001829,4,20260413,20260413,DR,,SYNTHETIC DEMO DOCUMENT
100,1100,2025,7000001830,7,20250721,20250721,AB,,SYNTHETIC DEMO DOCUMENT
100,1100,2026,7000001831,5,20260530,20260530,KR,,SYNTHETIC DEMO DOCUMENT
100,1200,2026,7000001832,2,20260225,20260225,KR,,SYNTHETIC DEMO DOCUMENT
100,1000,2026,7000001833,9,20260905,20260905,KR,,SYNTHETIC DEMO DOCUMENT
100,1200,2025,7000001834,8,20250808,20250808,SA,,SYNTHETIC DEMO DOCUMENT
100,1300,2025,7000001835,6,20250609,20250609,SA,,SYNTHETIC DEMO DOCUMENT
100,1000,2025,7000001836,12,20251203,20251203,KR,,SYNTHETIC DEMO DOCUMENT
100,1300,2025,7000001837,4,20250415,20250415,KR,,SYNTHETIC DEMO DOCUMENT
100,1200,2026,7000001838,7,20260701,20260701,DR,,SYNTHETIC DEMO DOCUMENT
100,1100,2026,7000001839,5,20260505,20260505,DR,,SYNTHETIC DEMO DOCUMENT
100,1100,2026,7000001840,4,20260407,20260407,SA,,SYNTHETIC DEMO DOCUMENT
100,1100,2025,7000001841,6,20250606,20250606,KR,,SYNTHETIC DEMO DOCUMENT
100,1100,2026,7000001842,5,20260504,20260504,DR,,SYNTHETIC DEMO DOCUMENT
100,1000,2026,7000001843,5,20260502,20260502,KR,,SYNTHETIC DEMO DOCUMENT
100,1300,2026,7000001844,9,20260916,20260916,DR,,SYNTHETIC DEMO DOCUMENT
100,1300,2026,7000001845,8,20260821,20260821,KR,,SYNTHETIC DEMO DOCUMENT
100,1200,2025,7000001846,8,20250812,20250812,KR,,SYNTHETIC DEMO DOCUMENT
100,1300,2025,7000001847,12,20251227,20251227,KR,,SYNTHETIC DEMO DOCUMENT
100,1200,2025,7000001848,12,20251204,20251204,SA,,SYNTHETIC DEMO DOCUMENT
100,1100,2025,7000001849,9,20250920,20250920,KR,,SYNTHETIC DEMO DOCUMENT
100,1100,2026,7000001850,2,20260214,20260214,KR,,SYNTHETIC DEMO DOCUMENT
100,1100,2026,7000001851,6,20260626,20260626,SA,,SYNTHETIC DEMO DOCUMENT
100,1200,2025,7000001852,8,20250802,20250802,DR,,SYNTHETIC DEMO DOCUMENT
100,1100,2026,7000001853,5,20260512,20260512,DR,,SYNTHETIC DEMO DOCUMENT
100,1200,2026,7000001854,7,20260730,20260730,SA,,SYNTHETIC DEMO DOCUMENT
100,1200,2026,7000001855,3,20260311,20260311,DR,,SYNTHETIC DEMO DOCUMENT
100,1200,2026,7000001856,6,20260624,20260624,KR,,SYNTHETIC DEMO DOCUMENT
100,1000,2025,7000001857,10,20251029,20251029,DR,,SYNTHETIC DEMO DOCUMENT
100,1300,2026,7000001858,2,20260206,20260206,DR,,SYNTHETIC DEMO DOCUMENT
100,1000,2026,7000001859,5,20260514,20260514,KR,,SYNTHETIC DEMO DOCUMENT
100,1300,2025,7000001860,10,20251030,20251030,KR,,SYNTHETIC DEMO DOCUMENT
100,1200,2026,7000001861,8,20260817,20260817,SA,,SYNTHETIC DEMO DOCUMENT
100,1000,2025,7000001862,11,20251124,20251124,KR,,SYNTHETIC DEMO DOCUMENT
100,1100,2025,7000001863,5,20250515,20250515,SA,,SYNTHETIC DEMO DOCUMENT
100,1100,2026,7000001864,3,20260331,20260331,KR,,SYNTHETIC DEMO DOCUMENT
100,1000,2026,7000001865,4,20260416,20260416,KR,,SYNTHETIC DEMO DOCUMENT
100,1000,2025,7000001866,6,20250626,20250626,KR,,SYNTHETIC DEMO DOCUMENT
100,1300,2025,7000001867,5,20250525,20250525,DR,,SYNTHETIC DEMO DOCUMENT
100,1300,2026,7000001868,6,20260626,20260626,AB,,SYNTHETIC DEMO DOCUMENT
100,1100,2025,7000001869,7,20250704,20250704,KR,,SYNTHETIC DEMO DOCUMENT
100,1300,2026,7000001870,1,20260129,20260129,KR,,SYNTHETIC DEMO DOCUMENT
100,1100,2026,7000001871,8,20260812,20260812,SA,,SYNTHETIC DEMO DOCUMENT
100,1100,2025,7000001872,7,20250710,20250710,DR,,SYNTHETIC DEMO DOCUMENT
100,1000,2026,7000001873,3,20260314,20260314,SA,,SYNTHETIC DEMO DOCUMENT
100,1200,2026,7000001874,1,20260102,20260102,DR,,SYNTHETIC DEMO DOCUMENT
100,1200,2026,7000001875,3,20260322,20260322,DR,,SYNTHETIC DEMO DOCUMENT
100,1000,2025,7000001876,4,20250408,20250408,KR,,SYNTHETIC DEMO DOCUMENT
100,1100,2026,7000001877,3,20260304,20260304,DR,,SYNTHETIC DEMO DOCUMENT
100,1200,2025,7000001878,7,20250716,20250716,SA,,SYNTHETIC DEMO DOCUMENT
100,1100,2026,7000001879,6,20260601,20260601,KR,,SYNTHETIC DEMO DOCUMENT
100,1000,2025,7000001880,12,20251203,20251203,KR,,SYNTHETIC DEMO DOCUMENT
100,1100,2026,7000001881,7,20260707,20260707,KR,,SYNTHETIC DEMO DOCUMENT
100,1200,2026,7000001882,4,20260420,20260420,AB,,SYNTHETIC DEMO DOCUMENT
100,1100,2025,7000001883,9,20250928,20250928,SA,,SYNTHETIC DEMO DOCUMENT
100,1000,2026,7000001884,1,20260131,20260131,SA,,SYNTHETIC DEMO DOCUMENT
100,1000,2026,7000001885,6,20260626,20260626,SA,7000001884,SYNTHETIC DEMO DOCUMENT
100,1200,2026,7000001886,1,20260131,20260131,KR,,SYNTHETIC DEMO DOCUMENT
100,1200,2026,7000001887,3,20260317,20260317,KR,,SYNTHETIC DEMO DOCUMENT
100,1100,2026,7000001888,8,20260802,20260802,KR,,SYNTHETIC DEMO DOCUMENT
100,1100,2026,7000001889,3,20260312,20260312,SA,,SYNTHETIC DEMO DOCUMENT
100,1000,2026,7000001890,4,20260420,20260420,KR,,SYNTHETIC DEMO DOCUMENT
100,1100,2025,7000001891,6,20250624,20250624,KR,,SYNTHETIC DEMO DOCUMENT
100,1100,2025,7000001892,5,20250523,20250523,KR,,SYNTHETIC DEMO DOCUMENT
100,1300,2026,7000001893,4,20260409,20260409,AB,,SYNTHETIC DEMO DOCUMENT
100,1100,2025,7000001894,10,20251016,20251016,KR,,SYNTHETIC DEMO DOCUMENT
100,1300,2026,7000001895,6,20260604,20260604,KR,,SYNTHETIC DEMO DOCUMENT
100,1000,2025,7000001896,10,20251012,20251012,DR,,SYNTHETIC DEMO DOCUMENT
100,1100,2026,7000001897,6,20260623,20260623,AB,,SYNTHETIC DEMO DOCUMENT
100,1000,2026,7000001898,7,20260730,20260730,KR,,SYNTHETIC DEMO DOCUMENT
100,1000,2025,7000001899,12,20251224,20251224,SA,,SYNTHETIC DEMO DOCUMENT
100,1000,2026,7000001900,3,20260309,20260309,SA,,SYNTHETIC DEMO DOCUMENT
100,1000,2026,7000001901,2,20260228,20260228,KR,,SYNTHETIC DEMO DOCUMENT
100,1100,2026,7000001902,8,20260815,20260815,AB,,SYNTHETIC DEMO DOCUMENT
100,1200,2026,7000001903,3,20260326,20260326,AB,,SYNTHETIC DEMO DOCUMENT
100,1100,2025,7000001904,6,20250623,20250623,DR,,SYNTHETIC DEMO DOCUMENT
100,1000,2025,7000001905,6,20250629,20250629,SA,,SYNTHETIC DEMO DOCUMENT
100,1000,2026,7000001906,6,20260628,20260628,KR,,SYNTHETIC DEMO DOCUMENT
100,1300,2025,7000001907,5,20250502,20250502,SA,,SYNTHETIC DEMO DOCUMENT
100,1300,2025,7000001908,10,20251018,20251018,KR,,SYNTHETIC DEMO DOCUMENT
100,1100,2025,7000001909,7,20250724,20250724,DR,,SYNTHETIC DEMO DOCUMENT
100,1300,2025,7000001910,10,20251007,20251007,KR,,SYNTHETIC DEMO DOCUMENT
100,1000,2026,7000001911,8,20260808,20260808,SA,,SYNTHETIC DEMO DOCUMENT
100,1100,2025,7000001912,6,20250608,20250608,KR,,SYNTHETIC DEMO DOCUMENT
100,1200,2025,7000001913,5,20250512,20250512,SA,,SYNTHETIC DEMO DOCUMENT
100,1000,2025,7000001914,7,20250709,20250709,KR,,SYNTHETIC DEMO DOCUMENT
100,1100,2025,7000001915,9,20250919,20250919,KR,,SYNTHETIC DEMO DOCUMENT
100,1000,2025,7000001916,5,20250504,20250504,DR,,SYNTHETIC DEMO DOCUMENT
100,1100,2026,7000001917,9,20260926,20260926,KR,,SYNTHETIC DEMO DOCUMENT
100,1100,2025,7000001918,5,20250517,20250517,KR,,SYNTHETIC DEMO DOCUMENT
100,1300,2025,7000001919,11,20251114,20251114,KR,,SYNTHETIC DEMO DOCUMENT
100,1100,2026,7000001920,9,20260913,20260913,KR,,SYNTHETIC DEMO DOCUMENT
100,1000,2025,7000001921,7,20250710,20250710,KR,,SYNTHETIC DEMO DOCUMENT
100,1100,2025,7000001922,4,20250416,20250416,DR,,SYNTHETIC DEMO DOCUMENT
100,1100,2026,7000001923,8,20260828,20260828,AB,,SYNTHETIC DEMO DOCUMENT
100,1200,2025,7000001924,5,20250502,20250502,DR,,SYNTHETIC DEMO DOCUMENT
100,1000,2025,7000001925,6,20250602,20250602,AB,7000001924,SYNTHETIC DEMO DOCUMENT
100,1000,2026,7000001926,3,20260328,20260328,KR,,SYNTHETIC DEMO DOCUMENT
100,1100,2026,7000001927,1,20260116,20260116,SA,,SYNTHETIC DEMO DOCUMENT
100,1200,2025,7000001928,8,20250823,20250823,KR,,SYNTHETIC DEMO DOCUMENT
100,1000,2026,7000001929,7,20260723,20260723,KR,,SYNTHETIC DEMO DOCUMENT
100,1300,2026,7000001930,9,20260909,20260909,AB,,SYNTHETIC DEMO DOCUMENT
100,1300,2025,7000001931,8,20250807,20250807,AB,,SYNTHETIC DEMO DOCUMENT
100,1200,2026,7000001932,1,20260129,20260129,KR,7000001931,SYNTHETIC DEMO DOCUMENT
100,1100,2026,7000001933,8,20260803,20260803,AB,,SYNTHETIC DEMO DOCUMENT
100,1100,2026,7000001934,2,20260204,20260204,DR,,SYNTHETIC DEMO DOCUMENT
100,1100,2026,7000001935,6,20260624,20260624,SA,,SYNTHETIC DEMO DOCUMENT
100,1000,2025,7000001936,10,20251008,20251008,KR,,SYNTHETIC DEMO DOCUMENT
100,1300,2025,7000001937,9,20250909,20250909,AB,,SYNTHETIC DEMO DOCUMENT
100,1000,2025,7000001938,6,20250626,20250626,DR,,SYNTHETIC DEMO DOCUMENT
100,1100,2025,7000001939,5,20250518,20250518,DR,,SYNTHETIC DEMO DOCUMENT
100,1200,2026,7000001940,2,20260217,20260217,KR,,SYNTHETIC DEMO DOCUMENT
100,1100,2025,7000001941,8,20250812,20250812,DR,,SYNTHETIC DEMO DOCUMENT
100,1100,2025,7000001942,8,20250814,20250814,SA,,SYNTHETIC DEMO DOCUMENT
100,1200,2026,7000001943,3,20260305,20260305,KR,,SYNTHETIC DEMO DOCUMENT
100,1000,2026,7000001944,8,20260819,20260819,KR,,SYNTHETIC DEMO DOCUMENT
100,1000,2026,7000001945,7,20260715,20260715,DR,,SYNTHETIC DEMO DOCUMENT
100,1100,2026,7000001946,5,20260509,20260509,AB,,SYNTHETIC DEMO DOCUMENT
100,1300,2025,7000001947,5,20250504,20250504,DR,,SYNTHETIC DEMO DOCUMENT
100,1200,2026,7000001948,9,20260917,20260917,SA,,SYNTHETIC DEMO DOCUMENT
100,1200,2026,7000001949,4,20260407,20260407,KR,7000001948,SYNTHETIC DEMO DOCUMENT
100,1100,2026,7000001950,6,20260624,20260624,SA,,SYNTHETIC DEMO DOCUMENT
100,1100,2026,7000001951,2,20260211,20260211,AB,,SYNTHETIC DEMO DOCUMENT
100,1200,2025,7000001952,7,20250712,20250712,AB,,SYNTHETIC DEMO DOCUMENT
100,1000,2025,7000001953,9,20250909,20250909,DR,,SYNTHETIC DEMO DOCUMENT
100,1100,2026,7000001954,3,20260314,20260314,KR,,SYNTHETIC DEMO DOCUMENT
100,1000,2025,7000001955,12,20251210,20251210,AB,,SYNTHETIC DEMO DOCUMENT
100,1100,2026,7000001956,2,20260213,20260213,SA,,SYNTHETIC DEMO DOCUMENT
100,1200,2026,7000001957,6,20260629,20260629,AB,,SYNTHETIC DEMO DOCUMENT
100,1200,2025,7000001958,11,20251106,20251106,KR,,SYNTHETIC DEMO DOCUMENT
100,1000,2026,7000001959,2,20260211,20260211,KR,,SYNTHETIC DEMO DOCUMENT
100,1200,2026,7000001960,4,20260428,20260428,KR,,SYNTHETIC DEMO DOCUMENT
100,1100,2025,7000001961,6,20250603,20250603,AB,,SYNTHETIC DEMO DOCUMENT
100,1300,2025,7000001962,10,20251006,20251006,KR,,SYNTHETIC DEMO DOCUMENT
100,1100,2025,7000001963,5,20250530,20250530,SA,,SYNTHETIC DEMO DOCUMENT
100,1100,2026,7000001964,6,20260601,20260601,AB,,SYNTHETIC DEMO DOCUMENT
100,1200,2025,7000001965,6,20250610,20250610,DR,,SYNTHETIC DEMO DOCUMENT
100,1300,2026,7000001966,2,20260210,20260210,AB,,SYNTHETIC DEMO DOCUMENT
100,1100,2026,7000001967,9,20260905,20260905,KR,,SYNTHETIC DEMO DOCUMENT
100,1100,2025,7000001968,11,20251119,20251119,SA,,SYNTHETIC DEMO DOCUMENT
100,1100,2025,7000001969,12,20251221,20251221,KR,,SYNTHETIC DEMO DOCUMENT
100,1100,2026,7000001970,2,20260207,20260207,AB,,SYNTHETIC DEMO DOCUMENT
100,1100,2026,7000001971,6,20260614,20260614,KR,,SYNTHETIC DEMO DOCUMENT
100,1000,2025,7000001972,12,20251230,20251230,DR,,SYNTHETIC DEMO DOCUMENT
100,1300,2026,7000001973,6,20260609,20260609,KR,,SYNTHETIC DEMO DOCUMENT
100,1300,2026,7000001974,7,20260731,20260731,DR,,SYNTHETIC DEMO DOCUMENT
100,1100,2026,7000001975,7,20260706,20260706,SA,,SYNTHETIC DEMO DOCUMENT
100,1000,2025,7000001976,4,20250412,20250412,AB,,SYNTHETIC DEMO DOCUMENT
100,1000,2025,7000001977,10,20251022,20251022,KR,,SYNTHETIC DEMO DOCUMENT
100,1300,2026,7000001978,8,20260813,20260813,AB,,SYNTHETIC DEMO DOCUMENT
100,1300,2026,7000001979,9,20260918,20260918,KR,,SYNTHETIC DEMO DOCUMENT
100,1100,2026,7000001980,7,20260717,20260717,DR,,SYNTHETIC DEMO DOCUMENT
100,1100,2026,7000001981,1,20260126,20260126,KR,,SYNTHETIC DEMO DOCUMENT
100,1000,2025,7000001982,12,20251212,20251212,AB,,SYNTHETIC DEMO DOCUMENT
100,1100,2025,7000001983,7,20250710,20250710,AB,,SYNTHETIC DEMO DOCUMENT
100,1200,2025,7000001984,7,20250725,20250725,AB,,SYNTHETIC DEMO DOCUMENT
100,1200,2026,7000001985,4,20260429,20260429,SA,,SYNTHETIC DEMO DOCUMENT
100,1100,2025,7000001986,5,20250528,20250528,KR,,SYNTHETIC DEMO DOCUMENT
100,1100,2025,7000001987,4,20250413,20250413,KR,,SYNTHETIC DEMO DOCUMENT
100,1000,2025,7000001988,4,20250411,20250411,KR,,SYNTHETIC DEMO DOCUMENT
100,1100,2025,7000001989,7,20250726,20250726,KR,,SYNTHETIC DEMO DOCUMENT
100,1100,2026,7000001990,3,20260321,20260321,KR,,SYNTHETIC DEMO DOCUMENT
100,1100,2025,7000001991,12,20251228,20251228,SA,,SYNTHETIC DEMO DOCUMENT
100,1200,2025,7000001992,10,20251007,20251007,DR,,SYNTHETIC DEMO DOCUMENT
100,1100,2025,7000001993,12,20251203,20251203,DR,,SYNTHETIC DEMO DOCUMENT
100,1100,2025,7000001994,8,20250809,20250809,SA,,SYNTHETIC DEMO DOCUMENT
100,1300,2026,7000001995,7,20260713,20260713,KR,,SYNTHETIC DEMO DOCUMENT
100,1000,2026,7000001996,3,20260321,20260321,KR,,SYNTHETIC DEMO DOCUMENT
100,1300,2026,7000001997,7,20260714,20260714,AB,,SYNTHETIC DEMO DOCUMENT
100,1300,2025,7000001998,11,20251125,20251125,KR,,SYNTHETIC DEMO DOCUMENT
100,1300,2025,7000001999,9,20250907,20250907,KR,,SYNTHETIC DEMO DOCUMENT
100,1100,2025,7000002000,12,20251227,20251227,KR,,SYNTHETIC DEMO DOCUMENT
100,1100,2026,7000002001,5,20260514,20260514,DR,,SYNTHETIC DEMO DOCUMENT
100,1100,2025,7000002002,10,20251025,20251025,SA,,SYNTHETIC DEMO DOCUMENT
100,1300,2025,7000002003,12,20251224,20251224,KR,,SYNTHETIC DEMO DOCUMENT
100,1100,2025,7000002004,10,20251021,20251021,DR,,SYNTHETIC DEMO DOCUMENT
100,1100,2025,7000002005,8,20250813,20250813,KR,,SYNTHETIC DEMO DOCUMENT
100,1000,2026,7000002006,2,20260227,20260227,KR,,SYNTHETIC DEMO DOCUMENT
100,1300,2025,7000002007,8,20250801,20250801,AB,,SYNTHETIC DEMO DOCUMENT
100,1200,2026,7000002008,8,20260817,20260817,KR,,SYNTHETIC DEMO DOCUMENT
100,1200,2026,7000002009,5,20260531,20260531,DR,,SYNTHETIC DEMO DOCUMENT
100,1100,2026,7000002010,5,20260522,20260522,AB,,SYNTHETIC DEMO DOCUMENT
100,1100,2026,7000002011,3,20260317,20260317,AB,,SYNTHETIC DEMO DOCUMENT
100,1200,2026,7000002012,5,20260524,20260524,DR,,SYNTHETIC DEMO DOCUMENT
100,1300,2026,7000002013,7,20260717,20260717,DR,,SYNTHETIC DEMO DOCUMENT
100,1300,2025,7000002014,8,20250830,20250830,KR,,SYNTHETIC DEMO DOCUMENT
100,1100,2025,7000002015,8,20250812,20250812,SA,,SYNTHETIC DEMO DOCUMENT
100,1100,2025,7000002016,6,20250619,20250619,SA,,SYNTHETIC DEMO DOCUMENT
100,1300,2025,7000002017,8,20250812,20250812,KR,,SYNTHETIC DEMO DOCUMENT
100,1000,2026,7000002018,7,20260709,20260709,KR,,SYNTHETIC DEMO DOCUMENT
100,1100,2026,7000002019,8,20260801,20260801,DR,,SYNTHETIC DEMO DOCUMENT
100,1100,2025,7000002020,7,20250705,20250705,AB,,SYNTHETIC DEMO DOCUMENT
100,1300,2026,7000002021,7,20260714,20260714,SA,,SYNTHETIC DEMO DOCUMENT
100,1100,2025,7000002022,10,20251016,20251016,DR,,SYNTHETIC DEMO DOCUMENT
100,1200,2025,7000002023,8,20250807,20250807,DR,,SYNTHETIC DEMO DOCUMENT
100,1100,2025,7000002024,10,20251019,20251019,KR,,SYNTHETIC DEMO DOCUMENT
100,1000,2025,7000002025,11,20251124,20251124,KR,,SYNTHETIC DEMO DOCUMENT
100,1100,2026,7000002026,5,20260524,20260524,SA,,SYNTHETIC DEMO DOCUMENT
100,1300,2025,7000002027,7,20250704,20250704,DR,,SYNTHETIC DEMO DOCUMENT
100,1200,2026,7000002028,8,20260826,20260826,KR,,SYNTHETIC DEMO DOCUMENT
100,1100,2025,7000002029,7,20250717,20250717,AB,,SYNTHETIC DEMO DOCUMENT
100,1000,2025,7000002030,7,20250722,20250722,KR,,SYNTHETIC DEMO DOCUMENT
100,1300,2026,7000002031,6,20260626,20260626,DR,,SYNTHETIC DEMO DOCUMENT
100,1000,2025,7000002032,6,20250606,20250606,KR,,SYNTHETIC DEMO DOCUMENT
100,1200,2025,7000002033,10,20251021,20251021,KR,,SYNTHETIC DEMO DOCUMENT
100,1100,2025,7000002034,10,20251028,20251028,KR,,SYNTHETIC DEMO DOCUMENT
100,1300,2026,7000002035,7,20260725,20260725,KR,,SYNTHETIC DEMO DOCUMENT
100,1000,2026,7000002036,1,20260123,20260123,DR,,SYNTHETIC DEMO DOCUMENT
100,1200,2025,7000002037,11,20251114,20251114,SA,,SYNTHETIC DEMO DOCUMENT
100,1300,2026,7000002038,2,20260207,20260207,KR,,SYNTHETIC DEMO DOCUMENT
100,1300,2025,7000002039,11,20251120,20251120,DR,,SYNTHETIC DEMO DOCUMENT
100,1200,2026,7000002040,8,20260829,20260829,AB,,SYNTHETIC DEMO DOCUMENT
100,1000,2025,7000002041,6,20250620,20250620,KR,,SYNTHETIC DEMO DOCUMENT
100,1100,2026,7000002042,8,20260824,20260824,KR,,SYNTHETIC DEMO DOCUMENT
100,1100,2025,7000002043,7,20250724,20250724,KR,,SYNTHETIC DEMO DOCUMENT
100,1100,2025,7000002044,11,20251109,20251109,SA,,SYNTHETIC DEMO DOCUMENT
100,1000,2025,7000002045,4,20250425,20250425,KR,,SYNTHETIC DEMO DOCUMENT
100,1100,2025,7000002046,7,20250720,20250720,KR,7000002045,SYNTHETIC DEMO DOCUMENT
100,1300,2025,7000002047,5,20250527,20250527,SA,,SYNTHETIC DEMO DOCUMENT
100,1300,2025,7000002048,12,20251212,20251212,KR,,SYNTHETIC DEMO DOCUMENT
100,1200,2025,7000002049,12,20251225,20251225,DR,,SYNTHETIC DEMO DOCUMENT
100,1300,2026,7000002050,1,20260125,20260125,AB,,SYNTHETIC DEMO DOCUMENT
100,1300,2026,7000002051,3,20260309,20260309,DR,,SYNTHETIC DEMO DOCUMENT
100,1000,2025,7000002052,10,20251022,20251022,DR,,SYNTHETIC DEMO DOCUMENT
100,1100,2025,7000002053,6,20250610,20250610,SA,,SYNTHETIC DEMO DOCUMENT
100,1100,2026,7000002054,6,20260612,20260612,AB,,SYNTHETIC DEMO DOCUMENT
100,1100,2026,7000002055,4,20260411,20260411,KR,,SYNTHETIC DEMO DOCUMENT
100,1200,2026,7000002056,6,20260622,20260622,SA,,SYNTHETIC DEMO DOCUMENT
100,1000,2026,7000002057,4,20260421,20260421,DR,,SYNTHETIC DEMO DOCUMENT
100,1300,2025,7000002058,7,20250709,20250709,DR,,SYNTHETIC DEMO DOCUMENT
100,1300,2026,7000002059,5,20260524,20260524,DR,,SYNTHETIC DEMO DOCUMENT
100,1000,2025,7000002060,7,20250713,20250713,KR,,SYNTHETIC DEMO DOCUMENT
100,1000,2025,7000002061,4,20250429,20250429,SA,,SYNTHETIC DEMO DOCUMENT
100,1300,2025,7000002062,10,20251018,20251018,KR,,SYNTHETIC DEMO DOCUMENT
100,1100,2026,7000002063,4,20260423,20260423,SA,,SYNTHETIC DEMO DOCUMENT
100,1000,2025,7000002064,10,20251005,20251005,SA,,SYNTHETIC DEMO DOCUMENT
100,1000,2025,7000002065,8,20250831,20250831,SA,,SYNTHETIC DEMO DOCUMENT
100,1000,2026,7000002066,2,20260210,20260210,DR,,SYNTHETIC DEMO DOCUMENT
100,1200,2025,7000002067,4,20250414,20250414,KR,,SYNTHETIC DEMO DOCUMENT
100,1200,2026,7000002068,2,20260225,20260225,SA,,SYNTHETIC DEMO DOCUMENT
100,1000,2026,7000002069,3,20260329,20260329,SA,,SYNTHETIC DEMO DOCUMENT
100,1200,2025,7000002070,4,20250416,20250416,AB,,SYNTHETIC DEMO DOCUMENT
100,1100,2025,7000002071,8,20250826,20250826,KR,,SYNTHETIC DEMO DOCUMENT
100,1200,2025,7000002072,6,20250628,20250628,DR,,SYNTHETIC DEMO DOCUMENT
100,1000,2025,7000002073,9,20250919,20250919,KR,,SYNTHETIC DEMO DOCUMENT
100,1100,2025,7000002074,4,20250414,20250414,SA,,SYNTHETIC DEMO DOCUMENT
100,1100,2026,7000002075,6,20260615,20260615,SA,,SYNTHETIC DEMO DOCUMENT
100,1100,2025,7000002076,8,20250823,20250823,KR,,SYNTHETIC DEMO DOCUMENT
100,1000,2026,7000002077,7,20260721,20260721,KR,,SYNTHETIC DEMO DOCUMENT
100,1000,2025,7000002078,10,20251007,20251007,KR,,SYNTHETIC DEMO DOCUMENT
100,1000,2025,7000002079,5,20250501,20250501,DR,,SYNTHETIC DEMO DOCUMENT
100,1100,2026,7000002080,2,20260228,20260228,KR,,SYNTHETIC DEMO DOCUMENT
100,1100,2026,7000002081,7,20260703,20260703,SA,,SYNTHETIC DEMO DOCUMENT
100,1200,2025,7000002082,12,20251208,20251208,SA,,SYNTHETIC DEMO DOCUMENT
100,1000,2025,7000002083,8,20250813,20250813,DR,,SYNTHETIC DEMO DOCUMENT
100,1100,2025,7000002084,7,20250707,20250707,KR,,SYNTHETIC DEMO DOCUMENT
100,1200,2026,7000002085,6,20260615,20260615,KR,,SYNTHETIC DEMO DOCUMENT
100,1000,2026,7000002086,7,20260705,20260705,AB,,SYNTHETIC DEMO DOCUMENT
100,1300,2025,7000002087,9,20250917,20250917,AB,,SYNTHETIC DEMO DOCUMENT
100,1100,2026,7000002088,5,20260530,20260530,DR,,SYNTHETIC DEMO DOCUMENT
100,1100,2025,7000002089,6,20250628,20250628,KR,7000002088,SYNTHETIC DEMO DOCUMENT
100,1300,2026,7000002090,1,20260128,20260128,KR,,SYNTHETIC DEMO DOCUMENT
100,1100,2025,7000002091,4,20250423,20250423,KR,,SYNTHETIC DEMO DOCUMENT
100,1300,2025,7000002092,10,20251020,20251020,SA,,SYNTHETIC DEMO DOCUMENT
100,1300,2025,7000002093,11,20251101,20251101,KR,,SYNTHETIC DEMO DOCUMENT
100,1100,2025,7000002094,11,20251102,20251102,SA,,SYNTHETIC DEMO DOCUMENT
100,1100,2026,7000002095,9,20260907,20260907,KR,,SYNTHETIC DEMO DOCUMENT
100,1300,2025,7000002096,11,20251123,20251123,DR,,SYNTHETIC DEMO DOCUMENT
100,1000,2025,7000002097,4,20250410,20250410,KR,,SYNTHETIC DEMO DOCUMENT
100,1100,2026,7000002098,2,20260215,20260215,KR,,SYNTHETIC DEMO DOCUMENT
100,1000,2026,7000002099,5,20260519,20260519,SA,,SYNTHETIC DEMO DOCUMENT
100,1000,2026,7000002100,6,20260616,20260616,AB,,SYNTHETIC DEMO DOCUMENT
100,1200,2025,7000002101,12,20251212,20251212,KR,,SYNTHETIC DEMO DOCUMENT
100,1300,2026,7000002102,9,20260924,20260924,DR,,SYNTHETIC DEMO DOCUMENT
100,1300,2025,7000002103,6,20250622,20250622,KR,,SYNTHETIC DEMO DOCUMENT
100,1100,2026,7000002104,4,20260405,20260405,DR,,SYNTHETIC DEMO DOCUMENT
100,1300,2025,7000002105,4,20250420,20250420,KR,,SYNTHETIC DEMO DOCUMENT
100,1200,2026,7000002106,2,20260207,20260207,KR,,SYNTHETIC DEMO DOCUMENT
100,1200,2026,7000002107,4,20260422,20260422,SA,,SYNTHETIC DEMO DOCUMENT
100,1200,2025,7000002108,8,20250831,20250831,DR,,SYNTHETIC DEMO DOCUMENT
100,1300,2026,7000002109,4,20260414,20260414,AB,,SYNTHETIC DEMO DOCUMENT
100,1100,2025,7000002110,9,20250913,20250913,SA,,SYNTHETIC DEMO DOCUMENT
100,1300,2025,7000002111,9,20250905,20250905,AB,,SYNTHETIC DEMO DOCUMENT
100,1000,2025,7000002112,4,20250408,20250408,AB,,SYNTHETIC DEMO DOCUMENT
100,1300,2026,7000002113,3,20260324,20260324,KR,,SYNTHETIC DEMO DOCUMENT
100,1100,2026,7000002114,3,20260311,20260311,AB,,SYNTHETIC DEMO DOCUMENT
100,1100,2025,7000002115,11,20251113,20251113,AB,,SYNTHETIC DEMO DOCUMENT
100,1300,2026,7000002116,7,20260718,20260718,KR,7000002115,SYNTHETIC DEMO DOCUMENT
100,1100,2026,7000002117,7,20260726,20260726,KR,,SYNTHETIC DEMO DOCUMENT
100,1300,2026,7000002118,8,20260804,20260804,DR,,SYNTHETIC DEMO DOCUMENT
100,1100,2025,7000002119,8,20250823,20250823,KR,,SYNTHETIC DEMO DOCUMENT
100,1200,2025,7000002120,12,20251217,20251217,DR,,SYNTHETIC DEMO DOCUMENT
100,1100,2026,7000002121,9,20260909,20260909,KR,,SYNTHETIC DEMO DOCUMENT
100,1300,2025,7000002122,5,20250504,20250504,KR,,SYNTHETIC DEMO DOCUMENT
100,1000,2025,7000002123,4,20250423,20250423,KR,,SYNTHETIC DEMO DOCUMENT
100,1200,2025,7000002124,8,20250813,20250813,DR,,SYNTHETIC DEMO DOCUMENT
100,1200,2025,7000002125,9,20250920,20250920,SA,,SYNTHETIC DEMO DOCUMENT
100,1100,2026,7000002126,8,20260824,20260824,KR,,SYNTHETIC DEMO DOCUMENT
100,1300,2025,7000002127,6,20250624,20250624,AB,,SYNTHETIC DEMO DOCUMENT
100,1200,2025,7000002128,8,20250812,20250812,AB,,SYNTHETIC DEMO DOCUMENT
100,1300,2025,7000002129,12,20251211,20251211,DR,,SYNTHETIC DEMO DOCUMENT
100,1200,2025,7000002130,5,20250507,20250507,KR,,SYNTHETIC DEMO DOCUMENT
100,1200,2025,7000002131,4,20250412,20250412,AB,,SYNTHETIC DEMO DOCUMENT
100,1000,2026,7000002132,6,20260611,20260611,KR,,SYNTHETIC DEMO DOCUMENT
100,1100,2025,7000002133,4,20250414,20250414,SA,,SYNTHETIC DEMO DOCUMENT
100,1000,2025,7000002134,9,20250910,20250910,AB,,SYNTHETIC DEMO DOCUMENT
100,1000,2025,7000002135,6,20250624,20250624,KR,,SYNTHETIC DEMO DOCUMENT
100,1200,2025,7000002136,9,20250907,20250907,DR,,SYNTHETIC DEMO DOCUMENT
100,1100,2025,7000002137,9,20250908,20250908,KR,,SYNTHETIC DEMO DOCUMENT
100,1100,2025,7000002138,10,20251013,20251013,SA,,SYNTHETIC DEMO DOCUMENT
100,1100,2025,7000002139,8,20250831,20250831,KR,,SYNTHETIC DEMO DOCUMENT
100,1100,2025,7000002140,12,20251226,20251226,KR,,SYNTHETIC DEMO DOCUMENT
100,1300,2026,7000002141,5,20260530,20260530,KR,,SYNTHETIC DEMO DOCUMENT
100,1300,2025,7000002142,4,20250405,20250405,KR,,SYNTHETIC DEMO DOCUMENT
100,1000,2025,7000002143,8,20250814,20250814,DR,,SYNTHETIC DEMO DOCUMENT
100,1300,2026,7000002144,9,20260903,20260903,AB,,SYNTHETIC DEMO DOCUMENT
100,1100,2026,7000002145,3,20260305,20260305,KR,,SYNTHETIC DEMO DOCUMENT
100,1000,2025,7000002146,8,20250831,20250831,DR,,SYNTHETIC DEMO DOCUMENT
100,1300,2025,7000002147,7,20250731,20250731,KR,,SYNTHETIC DEMO DOCUMENT
100,1200,2026,7000002148,3,20260303,20260303,AB,,SYNTHETIC DEMO DOCUMENT
100,1100,2026,7000002149,9,20260925,20260925,AB,,SYNTHETIC DEMO DOCUMENT
100,1100,2026,7000002150,1,20260112,20260112,AB,,SYNTHETIC DEMO DOCUMENT
100,1200,2025,7000002151,6,20250606,20250606,AB,,SYNTHETIC DEMO DOCUMENT
100,1300,2026,7000002152,4,20260413,20260413,DR,,SYNTHETIC DEMO DOCUMENT
100,1100,2025,7000002153,8,20250831,20250831,DR,,SYNTHETIC DEMO DOCUMENT
100,1000,2025,7000002154,5,20250528,20250528,KR,,SYNTHETIC DEMO DOCUMENT
100,1100,2026,7000002155,8,20260812,20260812,SA,,SYNTHETIC DEMO DOCUMENT
100,1100,2025,7000002156,6,20250630,20250630,KR,,SYNTHETIC DEMO DOCUMENT
100,1000,2025,7000002157,6,20250625,20250625,SA,,SYNTHETIC DEMO DOCUMENT
100,1300,2026,7000002158,8,20260823,20260823,SA,,SYNTHETIC DEMO DOCUMENT
100,1200,2026,7000002159,9,20260919,20260919,KR,,SYNTHETIC DEMO DOCUMENT
100,1300,2026,7000002160,8,20260816,20260816,KR,,SYNTHETIC DEMO DOCUMENT
100,1200,2025,7000002161,4,20250421,20250421,AB,,SYNTHETIC DEMO DOCUMENT
100,1000,2025,7000002162,7,20250709,20250709,DR,,SYNTHETIC DEMO DOCUMENT
100,1200,2025,7000002163,8,20250819,20250819,AB,,SYNTHETIC DEMO DOCUMENT
100,1200,2026,7000002164,5,20260513,20260513,AB,,SYNTHETIC DEMO DOCUMENT
100,1200,2025,7000002165,8,20250823,20250823,KR,,SYNTHETIC DEMO DOCUMENT
100,1300,2025,7000002166,7,20250724,20250724,KR,,SYNTHETIC DEMO DOCUMENT
100,1200,2025,7000002167,9,20250906,20250906,KR,,SYNTHETIC DEMO DOCUMENT
100,1300,2026,7000002168,6,20260618,20260618,DR,,SYNTHETIC DEMO DOCUMENT
100,1300,2025,7000002169,12,20251220,20251220,KR,,SYNTHETIC DEMO DOCUMENT
100,1000,2026,7000002170,1,20260127,20260127,DR,,SYNTHETIC DEMO DOCUMENT
100,1100,2026,7000002171,4,20260418,20260418,AB,,SYNTHETIC DEMO DOCUMENT
100,1200,2026,7000002172,4,20260420,20260420,KR,,SYNTHETIC DEMO DOCUMENT
100,1100,2026,7000002173,5,20260513,20260513,AB,,SYNTHETIC DEMO DOCUMENT
100,1000,2025,7000002174,7,20250717,20250717,KR,,SYNTHETIC DEMO DOCUMENT
100,1000,2025,7000002175,8,20250825,20250825,DR,7000002174,SYNTHETIC DEMO DOCUMENT
100,1300,2025,7000002176,12,20251216,20251216,DR,,SYNTHETIC DEMO DOCUMENT
100,1300,2026,7000002177,7,20260711,20260711,SA,,SYNTHETIC DEMO DOCUMENT
100,1300,2025,7000002178,9,20250926,20250926,KR,,SYNTHETIC DEMO DOCUMENT
100,1100,2026,7000002179,6,20260611,20260611,KR,,SYNTHETIC DEMO DOCUMENT
100,1200,2026,7000002180,6,20260628,20260628,KR,,SYNTHETIC DEMO DOCUMENT
100,1100,2025,7000002181,9,20250914,20250914,KR,,SYNTHETIC DEMO DOCUMENT
100,1000,2025,7000002182,4,20250420,20250420,AB,,SYNTHETIC DEMO DOCUMENT
100,1200,2026,7000002183,4,20260423,20260423,KR,,SYNTHETIC DEMO DOCUMENT
100,1100,2025,7000002184,5,20250513,20250513,KR,,SYNTHETIC DEMO DOCUMENT
100,1300,2025,7000002185,11,20251124,20251124,AB,,SYNTHETIC DEMO DOCUMENT
100,1100,2026,7000002186,3,20260324,20260324,SA,,SYNTHETIC DEMO DOCUMENT
100,1300,2026,7000002187,1,20260111,20260111,DR,,SYNTHETIC DEMO DOCUMENT
100,1200,2025,7000002188,8,20250810,20250810,DR,,SYNTHETIC DEMO DOCUMENT
100,1300,2026,7000002189,5,20260511,20260511,KR,,SYNTHETIC DEMO DOCUMENT
100,1000,2025,7000002190,11,20251116,20251116,KR,,SYNTHETIC DEMO DOCUMENT
100,1200,2026,7000002191,9,20260904,20260904,DR,,SYNTHETIC DEMO DOCUMENT
100,1200,2025,7000002192,12,20251201,20251201,KR,,SYNTHETIC DEMO DOCUMENT
100,1000,2026,7000002193,9,20260911,20260911,DR,,SYNTHETIC DEMO DOCUMENT
100,1100,2026,7000002194,6,20260609,20260609,KR,,SYNTHETIC DEMO DOCUMENT
100,1300,2025,7000002195,11,20251122,20251122,KR,,SYNTHETIC DEMO DOCUMENT
100,1000,2026,7000002196,9,20260906,20260906,DR,,SYNTHETIC DEMO DOCUMENT
100,1100,2025,7000002197,10,20251015,20251015,DR,,SYNTHETIC DEMO DOCUMENT
100,1000,2025,7000002198,11,20251115,20251115,KR,,SYNTHETIC DEMO DOCUMENT
100,1100,2026,7000002199,4,20260415,20260415,SA,7000002198,SYNTHETIC DEMO DOCUMENT
100,1200,2026,7000002200,9,20260926,20260926,DR,,SYNTHETIC DEMO DOCUMENT
100,1300,2025,7000002201,10,20251010,20251010,DR,,SYNTHETIC DEMO DOCUMENT
100,1300,2026,7000002202,9,20260912,20260912,KR,,SYNTHETIC DEMO DOCUMENT
100,1100,2026,7000002203,7,20260729,20260729,DR,,SYNTHETIC DEMO DOCUMENT
100,1000,2026,7000002204,7,20260707,20260707,KR,,SYNTHETIC DEMO DOCUMENT
100,1200,2025,7000002205,6,20250616,20250616,AB,,SYNTHETIC DEMO DOCUMENT
100,1300,2026,7000002206,7,20260710,20260710,KR,,SYNTHETIC DEMO DOCUMENT
100,1300,2026,7000002207,4,20260401,20260401,DR,,SYNTHETIC DEMO DOCUMENT
100,1200,2026,7000002208,1,20260121,20260121,DR,,SYNTHETIC DEMO DOCUMENT
100,1100,2025,7000002209,4,20250421,20250421,SA,,SYNTHETIC DEMO DOCUMENT
100,1300,2026,7000002210,7,20260709,20260709,DR,,SYNTHETIC DEMO DOCUMENT
100,1100,2026,7000002211,8,20260824,20260824,AB,7000002210,SYNTHETIC DEMO DOCUMENT
100,1300,2025,7000002212,12,20251209,20251209,SA,,SYNTHETIC DEMO DOCUMENT
100,1300,2026,7000002213,5,20260522,20260522,KR,,SYNTHETIC DEMO DOCUMENT
100,1100,2025,7000002214,9,20250914,20250914,SA,,SYNTHETIC DEMO DOCUMENT
100,1100,2025,7000002215,4,20250417,20250417,AB,,SYNTHETIC DEMO DOCUMENT
100,1300,2025,7000002216,7,20250729,20250729,KR,,SYNTHETIC DEMO DOCUMENT
100,1100,2026,7000002217,8,20260803,20260803,KR,,SYNTHETIC DEMO DOCUMENT
100,1100,2025,7000002218,9,20250925,20250925,DR,,SYNTHETIC DEMO DOCUMENT
100,1300,2026,7000002219,6,20260615,20260615,KR,,SYNTHETIC DEMO DOCUMENT
100,1100,2025,7000002220,6,20250607,20250607,KR,,SYNTHETIC DEMO DOCUMENT
100,1300,2026,7000002221,6,20260623,20260623,DR,,SYNTHETIC DEMO DOCUMENT
100,1000,2025,7000002222,6,20250615,20250615,DR,,SYNTHETIC DEMO DOCUMENT
100,1200,2026,7000002223,4,20260403,20260403,KR,,SYNTHETIC DEMO DOCUMENT
100,1300,2026,7000002224,5,20260522,20260522,SA,,SYNTHETIC DEMO DOCUMENT
100,1000,2025,7000002225,12,20251205,20251205,DR,,SYNTHETIC DEMO DOCUMENT
100,1200,2026,7000002226,4,20260407,20260407,KR,,SYNTHETIC DEMO DOCUMENT
100,1200,2025,7000002227,7,20250723,20250723,AB,,SYNTHETIC DEMO DOCUMENT
100,1100,2025,7000002228,8,20250814,20250814,KR,,SYNTHETIC DEMO DOCUMENT
100,1200,2026,7000002229,9,20260926,20260926,AB,,SYNTHETIC DEMO DOCUMENT
100,1100,2026,7000002230,5,20260524,20260524,SA,,SYNTHETIC DEMO DOCUMENT
100,1200,2025,7000002231,10,20251010,20251010,KR,,SYNTHETIC DEMO DOCUMENT
100,1200,2026,7000002232,6,20260624,20260624,DR,,SYNTHETIC DEMO DOCUMENT
100,1100,2025,7000002233,8,20250802,20250802,DR,,SYNTHETIC DEMO DOCUMENT
100,1000,2025,7000002234,9,20250929,20250929,KR,,SYNTHETIC DEMO DOCUMENT
100,1000,2026,7000002235,4,20260425,20260425,KR,,SYNTHETIC DEMO DOCUMENT
100,1100,2025,7000002236,8,20250802,20250802,KR,,SYNTHETIC DEMO DOCUMENT
100,1100,2025,7000002237,6,20250601,20250601,AB,,SYNTHETIC DEMO DOCUMENT
100,1300,2026,7000002238,5,20260522,20260522,DR,,SYNTHETIC DEMO DOCUMENT
100,1200,2026,7000002239,9,20260913,20260913,SA,,SYNTHETIC DEMO DOCUMENT
100,1200,2026,7000002240,2,20260216,20260216,DR,,SYNTHETIC DEMO DOCUMENT
100,1100,2025,7000002241,9,20250916,20250916,AB,,SYNTHETIC DEMO DOCUMENT
100,1100,2026,7000002242,6,20260624,20260624,KR,,SYNTHETIC DEMO DOCUMENT
100,1100,2025,7000002243,7,20250717,20250717,SA,,SYNTHETIC DEMO DOCUMENT
100,1200,2025,7000002244,9,20250929,20250929,AB,,SYNTHETIC DEMO DOCUMENT
100,1300,2025,7000002245,8,20250817,20250817,DR,,SYNTHETIC DEMO DOCUMENT
100,1100,2025,7000002246,4,20250403,20250403,SA,,SYNTHETIC DEMO DOCUMENT
100,1200,2026,7000002247,3,20260322,20260322,KR,,SYNTHETIC DEMO DOCUMENT
100,1200,2025,7000002248,9,20250912,20250912,KR,,SYNTHETIC DEMO DOCUMENT
100,1100,2025,7000002249,11,20251101,20251101,AB,,SYNTHETIC DEMO DOCUMENT
100,1100,2026,7000002250,7,20260713,20260713,AB,,SYNTHETIC DEMO DOCUMENT
100,1100,2026,7000002251,4,20260405,20260405,KR,,SYNTHETIC DEMO DOCUMENT
100,1200,2026,7000002252,5,20260531,20260531,SA,,SYNTHETIC DEMO DOCUMENT
100,1200,2026,7000002253,2,20260216,20260216,AB,,SYNTHETIC DEMO DOCUMENT
100,1000,2026,7000002254,3,20260325,20260325,DR,,SYNTHETIC DEMO DOCUMENT
100,1100,2026,7000002255,5,20260511,20260511,KR,,SYNTHETIC DEMO DOCUMENT
100,1100,2025,7000002256,10,20251003,20251003,KR,,SYNTHETIC DEMO DOCUMENT
100,1100,2026,7000002257,7,20260713,20260713,DR,,SYNTHETIC DEMO DOCUMENT
100,1000,2026,7000002258,8,20260815,20260815,KR,,SYNTHETIC DEMO DOCUMENT
100,1000,2025,7000002259,12,20251212,20251212,KR,,SYNTHETIC DEMO DOCUMENT
100,1200,2026,7000002260,1,20260104,20260104,SA,,SYNTHETIC DEMO DOCUMENT
100,1200,2025,7000002261,10,20251025,20251025,KR,,SYNTHETIC DEMO DOCUMENT
100,1300,2025,7000002262,12,20251206,20251206,AB,,SYNTHETIC DEMO DOCUMENT
100,1300,2026,7000002263,9,20260924,20260924,SA,,SYNTHETIC DEMO DOCUMENT
100,1100,2025,7000002264,4,20250410,20250410,KR,,SYNTHETIC DEMO DOCUMENT
100,1000,2025,7000002265,12,20251201,20251201,SA,,SYNTHETIC DEMO DOCUMENT
100,1000,2026,7000002266,6,20260621,20260621,KR,,SYNTHETIC DEMO DOCUMENT
100,1100,2025,7000002267,5,20250504,20250504,SA,,SYNTHETIC DEMO DOCUMENT
100,1000,2026,7000002268,5,20260515,20260515,SA,,SYNTHETIC DEMO DOCUMENT
100,1000,2026,7000002269,3,20260322,20260322,AB,,SYNTHETIC DEMO DOCUMENT
100,1100,2025,7000002270,6,20250628,20250628,DR,,SYNTHETIC DEMO DOCUMENT
100,1000,2025,7000002271,11,20251118,20251118,KR,,SYNTHETIC DEMO DOCUMENT
100,1100,2026,7000002272,8,20260825,20260825,AB,,SYNTHETIC DEMO DOCUMENT
100,1300,2025,7000002273,6,20250617,20250617,KR,,SYNTHETIC DEMO DOCUMENT
100,1100,2025,7000002274,9,20250922,20250922,KR,,SYNTHETIC DEMO DOCUMENT
100,1100,2025,7000002275,6,20250603,20250603,SA,,SYNTHETIC DEMO DOCUMENT
100,1100,2025,7000002276,11,20251105,20251105,SA,,SYNTHETIC DEMO DOCUMENT
100,1200,2025,7000002277,9,20250904,20250904,KR,,SYNTHETIC DEMO DOCUMENT
100,1100,2026,7000002278,2,20260226,20260226,KR,,SYNTHETIC DEMO DOCUMENT
100,1300,2025,7000002279,5,20250507,20250507,DR,,SYNTHETIC DEMO DOCUMENT
100,1000,2025,7000002280,4,20250424,20250424,KR,,SYNTHETIC DEMO DOCUMENT
100,1200,2025,7000002281,12,20251230,20251230,SA,,SYNTHETIC DEMO DOCUMENT
100,1200,2025,7000002282,11,20251106,20251106,KR,,SYNTHETIC DEMO DOCUMENT
100,1100,2025,7000002283,6,20250613,20250613,DR,,SYNTHETIC DEMO DOCUMENT
100,1000,2026,7000002284,4,20260428,20260428,SA,,SYNTHETIC DEMO DOCUMENT
100,1100,2026,7000002285,1,20260101,20260101,AB,,SYNTHETIC DEMO DOCUMENT
100,1100,2025,7000002286,8,20250829,20250829,AB,,SYNTHETIC DEMO DOCUMENT
100,1000,2025,7000002287,7,20250728,20250728,KR,,SYNTHETIC DEMO DOCUMENT
100,1200,2025,7000002288,10,20251017,20251017,AB,,SYNTHETIC DEMO DOCUMENT
100,1300,2025,7000002289,6,20250618,20250618,DR,,SYNTHETIC DEMO DOCUMENT
100,1200,2025,7000002290,5,20250528,20250528,DR,,SYNTHETIC DEMO DOCUMENT
100,1100,2026,7000002291,7,20260720,20260720,SA,,SYNTHETIC DEMO DOCUMENT
100,1100,2025,7000002292,8,20250810,20250810,KR,,SYNTHETIC DEMO DOCUMENT
100,1200,2025,7000002293,10,20251026,20251026,DR,,SYNTHETIC DEMO DOCUMENT
100,1300,2026,7000002294,3,20260320,20260320,KR,,SYNTHETIC DEMO DOCUMENT
100,1100,2026,7000002295,1,20260101,20260101,SA,,SYNTHETIC DEMO DOCUMENT
100,1200,2026,7000002296,2,20260214,20260214,DR,,SYNTHETIC DEMO DOCUMENT
100,1300,2026,7000002297,3,20260302,20260302,AB,,SYNTHETIC DEMO DOCUMENT
100,1200,2025,7000002298,10,20251002,20251002,SA,,SYNTHETIC DEMO DOCUMENT
100,1000,2026,7000002299,5,20260503,20260503,DR,,SYNTHETIC DEMO DOCUMENT
100,1300,2025,7000002300,10,20251007,20251007,DR,,SYNTHETIC DEMO DOCUMENT
100,1000,2025,7000002301,9,20250902,20250902,SA,,SYNTHETIC DEMO DOCUMENT
100,1300,2025,7000002302,8,20250823,20250823,DR,,SYNTHETIC DEMO DOCUMENT
100,1000,2025,7000002303,11,20251115,20251115,AB,,SYNTHETIC DEMO DOCUMENT
100,1300,2025,7000002304,6,20250608,20250608,KR,,SYNTHETIC DEMO DOCUMENT
100,1300,2025,7000002305,9,20250902,20250902,DR,,SYNTHETIC DEMO DOCUMENT
100,1000,2026,7000002306,8,20260813,20260813,AB,,SYNTHETIC DEMO DOCUMENT
100,1300,2026,7000002307,3,20260323,20260323,KR,,SYNTHETIC DEMO DOCUMENT
100,1000,2025,7000002308,8,20250828,20250828,SA,,SYNTHETIC DEMO DOCUMENT
100,1300,2025,7000002309,10,20251009,20251009,AB,,SYNTHETIC DEMO DOCUMENT
100,1000,2025,7000002310,9,20250911,20250911,KR,,SYNTHETIC DEMO DOCUMENT
100,1300,2025,7000002311,8,20250805,20250805,AB,,SYNTHETIC DEMO DOCUMENT
100,1000,2026,7000002312,2,20260221,20260221,KR,,SYNTHETIC DEMO DOCUMENT
100,1200,2026,7000002313,1,20260103,20260103,KR,,SYNTHETIC DEMO DOCUMENT
100,1100,2025,7000002314,8,20250812,20250812,AB,,SYNTHETIC DEMO DOCUMENT
100,1100,2025,7000002315,12,20251202,20251202,AB,,SYNTHETIC DEMO DOCUMENT
100,1200,2026,7000002316,2,20260223,20260223,SA,,SYNTHETIC DEMO DOCUMENT
100,1300,2025,7000002317,10,20251010,20251010,KR,7000002316,SYNTHETIC DEMO DOCUMENT
100,1200,2025,7000002318,7,20250725,20250725,KR,,SYNTHETIC DEMO DOCUMENT
100,1000,2025,7000002319,8,20250802,20250802,KR,,SYNTHETIC DEMO DOCUMENT
100,1100,2025,7000002320,8,20250819,20250819,DR,,SYNTHETIC DEMO DOCUMENT
100,1200,2025,7000002321,8,20250806,20250806,KR,,SYNTHETIC DEMO DOCUMENT
100,1100,2026,7000002322,2,20260209,20260209,KR,,SYNTHETIC DEMO DOCUMENT
100,1100,2025,7000002323,10,20251015,20251015,KR,,SYNTHETIC DEMO DOCUMENT
100,1200,2025,7000002324,12,20251203,20251203,KR,,SYNTHETIC DEMO DOCUMENT
100,1300,2025,7000002325,4,20250426,20250426,DR,,SYNTHETIC DEMO DOCUMENT
100,1200,2026,7000002326,5,20260520,20260520,KR,,SYNTHETIC DEMO DOCUMENT
100,1000,2025,7000002327,9,20250918,20250918,DR,,SYNTHETIC DEMO DOCUMENT
100,1200,2025,7000002328,7,20250721,20250721,KR,,SYNTHETIC DEMO DOCUMENT
100,1100,2025,7000002329,11,20251124,20251124,AB,,SYNTHETIC DEMO DOCUMENT
100,1300,2026,7000002330,1,20260128,20260128,KR,,SYNTHETIC DEMO DOCUMENT
100,1000,2026,7000002331,4,20260404,20260404,DR,,SYNTHETIC DEMO DOCUMENT
100,1100,2026,7000002332,7,20260704,20260704,KR,7000002331,SYNTHETIC DEMO DOCUMENT
100,1300,2025,7000002333,6,20250615,20250615,DR,,SYNTHETIC DEMO DOCUMENT
100,1100,2025,7000002334,5,20250510,20250510,DR,,SYNTHETIC DEMO DOCUMENT
100,1000,2026,7000002335,4,20260420,20260420,KR,,SYNTHETIC DEMO DOCUMENT
100,1300,2026,7000002336,3,20260320,20260320,AB,,SYNTHETIC DEMO DOCUMENT
100,1100,2026,7000002337,4,20260430,20260430,DR,,SYNTHETIC DEMO DOCUMENT
100,1000,2025,7000002338,10,20251012,20251012,DR,,SYNTHETIC DEMO DOCUMENT
100,1200,2025,7000002339,12,20251217,20251217,DR,,SYNTHETIC DEMO DOCUMENT
100,1100,2025,7000002340,7,20250713,20250713,SA,,SYNTHETIC DEMO DOCUMENT
100,1100,2026,7000002341,3,20260309,20260309,KR,,SYNTHETIC DEMO DOCUMENT
100,1300,2026,7000002342,8,20260823,20260823,KR,,SYNTHETIC DEMO DOCUMENT
100,1000,2025,7000002343,5,20250514,20250514,AB,,SYNTHETIC DEMO DOCUMENT
100,1100,2026,7000002344,1,20260106,20260106,KR,,SYNTHETIC DEMO DOCUMENT
100,1300,2025,7000002345,6,20250604,20250604,AB,,SYNTHETIC DEMO DOCUMENT
100,1100,2025,7000002346,7,20250701,20250701,DR,,SYNTHETIC DEMO DOCUMENT
100,1200,2025,7000002347,9,20250901,20250901,DR,,SYNTHETIC DEMO DOCUMENT
100,1100,2026,7000002348,5,20260519,20260519,KR,,SYNTHETIC DEMO DOCUMENT
100,1100,2026,7000002349,9,20260914,20260914,KR,,SYNTHETIC DEMO DOCUMENT
100,1300,2026,7000002350,3,20260324,20260324,DR,,SYNTHETIC DEMO DOCUMENT
100,1000,2025,7000002351,4,20250411,20250411,DR,,SYNTHETIC DEMO DOCUMENT
100,1000,2025,7000002352,7,20250715,20250715,AB,,SYNTHETIC DEMO DOCUMENT
100,1100,2025,7000002353,5,20250516,20250516,DR,,SYNTHETIC DEMO DOCUMENT
100,1100,2025,7000002354,6,20250614,20250614,DR,,SYNTHETIC DEMO DOCUMENT
100,1200,2026,7000002355,4,20260430,20260430,KR,,SYNTHETIC DEMO DOCUMENT
100,1300,2025,7000002356,8,20250821,20250821,AB,,SYNTHETIC DEMO DOCUMENT
100,1000,2025,7000002357,12,20251212,20251212,DR,,SYNTHETIC DEMO DOCUMENT
100,1200,2026,7000002358,8,20260829,20260829,AB,,SYNTHETIC DEMO DOCUMENT
100,1100,2025,7000002359,10,20251018,20251018,AB,,SYNTHETIC DEMO DOCUMENT
100,1100,2025,7000002360,9,20250909,20250909,AB,,SYNTHETIC DEMO DOCUMENT
100,1100,2026,7000002361,6,20260605,20260605,DR,,SYNTHETIC DEMO DOCUMENT
100,1200,2026,7000002362,7,20260730,20260730,SA,,SYNTHETIC DEMO DOCUMENT
100,1100,2025,7000002363,11,20251121,20251121,SA,,SYNTHETIC DEMO DOCUMENT
100,1300,2026,7000002364,1,20260115,20260115,DR,,SYNTHETIC DEMO DOCUMENT
100,1000,2025,7000002365,5,20250526,20250526,SA,,SYNTHETIC DEMO DOCUMENT
100,1300,2025,7000002366,9,20250903,20250903,SA,,SYNTHETIC DEMO DOCUMENT
100,1300,2025,7000002367,8,20250822,20250822,DR,,SYNTHETIC DEMO DOCUMENT
100,1000,2026,7000002368,9,20260909,20260909,KR,,SYNTHETIC DEMO DOCUMENT
100,1200,2026,7000002369,8,20260810,20260810,KR,,SYNTHETIC DEMO DOCUMENT
100,1300,2025,7000002370,11,20251114,20251114,DR,7000002369,SYNTHETIC DEMO DOCUMENT
100,1000,2026,7000002371,1,20260115,20260115,KR,,SYNTHETIC DEMO DOCUMENT
100,1100,2026,7000002372,1,20260124,20260124,KR,,SYNTHETIC DEMO DOCUMENT
100,1200,2025,7000002373,10,20251009,20251009,SA,,SYNTHETIC DEMO DOCUMENT
100,1300,2025,7000002374,6,20250602,20250602,KR,,SYNTHETIC DEMO DOCUMENT
100,1200,2025,7000002375,6,20250616,20250616,SA,,SYNTHETIC DEMO DOCUMENT
100,1000,2026,7000002376,7,20260726,20260726,AB,,SYNTHETIC DEMO DOCUMENT
100,1000,2025,7000002377,5,20250515,20250515,KR,,SYNTHETIC DEMO DOCUMENT
100,1100,2026,7000002378,8,20260819,20260819,KR,,SYNTHETIC DEMO DOCUMENT
100,1000,2026,7000002379,1,20260108,20260108,SA,,SYNTHETIC DEMO DOCUMENT
100,1200,2025,7000002380,6,20250617,20250617,KR,,SYNTHETIC DEMO DOCUMENT
100,1100,2026,7000002381,7,20260729,20260729,KR,,SYNTHETIC DEMO DOCUMENT
100,1000,2025,7000002382,7,20250714,20250714,KR,,SYNTHETIC DEMO DOCUMENT
100,1300,2025,7000002383,12,20251229,20251229,KR,,SYNTHETIC DEMO DOCUMENT
100,1300,2025,7000002384,12,20251202,20251202,AB,,SYNTHETIC DEMO DOCUMENT
100,1300,2026,7000002385,7,20260708,20260708,DR,,SYNTHETIC DEMO DOCUMENT
100,1100,2025,7000002386,9,20250918,20250918,KR,,SYNTHETIC DEMO DOCUMENT
100,1000,2025,7000002387,10,20251020,20251020,DR,,SYNTHETIC DEMO DOCUMENT
100,1100,2025,7000002388,9,20250926,20250926,AB,,SYNTHETIC DEMO DOCUMENT
100,1100,2026,7000002389,5,20260511,20260511,SA,,SYNTHETIC DEMO DOCUMENT
100,1100,2025,7000002390,5,20250526,20250526,KR,,SYNTHETIC DEMO DOCUMENT
100,1300,2026,7000002391,2,20260224,20260224,DR,,SYNTHETIC DEMO DOCUMENT
100,1100,2026,7000002392,3,20260320,20260320,KR,,SYNTHETIC DEMO DOCUMENT
100,1000,2026,7000002393,1,20260118,20260118,KR,,SYNTHETIC DEMO DOCUMENT
100,1100,2025,7000002394,6,20250603,20250603,KR,,SYNTHETIC DEMO DOCUMENT
100,1000,2025,7000002395,8,20250818,20250818,AB,,SYNTHETIC DEMO DOCUMENT
100,1100,2025,7000002396,7,20250720,20250720,SA,,SYNTHETIC DEMO DOCUMENT
100,1000,2026,7000002397,4,20260416,20260416,KR,,SYNTHETIC DEMO DOCUMENT
100,1300,2025,7000002398,6,20250612,20250612,SA,,SYNTHETIC DEMO DOCUMENT
100,1200,2026,7000002399,7,20260725,20260725,KR,,SYNTHETIC DEMO DOCUMENT
100,1000,2026,7000002400,1,20260114,20260114,KR,,SYNTHETIC DEMO DOCUMENT
100,1300,2025,7000002401,11,20251115,20251115,KR,,SYNTHETIC DEMO DOCUMENT
100,1200,2025,7000002402,8,20250817,20250817,DR,,SYNTHETIC DEMO DOCUMENT
100,1000,2025,7000002403,11,20251114,20251114,KR,,SYNTHETIC DEMO DOCUMENT
100,1100,2026,7000002404,3,20260301,20260301,AB,,SYNTHETIC DEMO DOCUMENT
100,1100,2025,7000002405,6,20250612,20250612,KR,,SYNTHETIC DEMO DOCUMENT
100,1000,2025,7000002406,7,20250703,20250703,AB,,SYNTHETIC DEMO DOCUMENT
100,1100,2026,7000002407,1,20260123,20260123,AB,,SYNTHETIC DEMO DOCUMENT
100,1300,2025,7000002408,11,20251127,20251127,KR,,SYNTHETIC DEMO DOCUMENT
100,1100,2026,7000002409,3,20260308,20260308,DR,,SYNTHETIC DEMO DOCUMENT
100,1100,2026,7000002410,6,20260602,20260602,AB,,SYNTHETIC DEMO DOCUMENT
100,1000,2025,7000002411,11,20251104,20251104,KR,,SYNTHETIC DEMO DOCUMENT
100,1100,2025,7000002412,6,20250604,20250604,KR,7000002411,SYNTHETIC DEMO DOCUMENT
100,1100,2026,7000002413,1,20260119,20260119,DR,,SYNTHETIC DEMO DOCUMENT
100,1300,2025,7000002414,5,20250502,20250502,DR,,SYNTHETIC DEMO DOCUMENT
100,1300,2026,7000002415,9,20260920,20260920,DR,,SYNTHETIC DEMO DOCUMENT
100,1200,2026,7000002416,2,20260208,20260208,AB,,SYNTHETIC DEMO DOCUMENT
100,1300,2025,7000002417,5,20250528,20250528,KR,,SYNTHETIC DEMO DOCUMENT
100,1100,2025,7000002418,10,20251023,20251023,AB,,SYNTHETIC DEMO DOCUMENT
100,1000,2025,7000002419,10,20251005,20251005,KR,,SYNTHETIC DEMO DOCUMENT
100,1100,2025,7000002420,7,20250708,20250708,AB,,SYNTHETIC DEMO DOCUMENT
100,1300,2026,7000002421,2,20260228,20260228,KR,,SYNTHETIC DEMO DOCUMENT
100,1200,2026,7000002422,5,20260507,20260507,DR,,SYNTHETIC DEMO DOCUMENT
100,1200,2025,7000002423,9,20250910,20250910,DR,,SYNTHETIC DEMO DOCUMENT
100,1100,2026,7000002424,4,20260427,20260427,SA,,SYNTHETIC DEMO DOCUMENT
100,1000,2025,7000002425,4,20250427,20250427,AB,,SYNTHETIC DEMO DOCUMENT
100,1000,2025,7000002426,8,20250827,20250827,DR,,SYNTHETIC DEMO DOCUMENT
100,1200,2025,7000002427,6,20250610,20250610,KR,,SYNTHETIC DEMO DOCUMENT
100,1100,2025,7000002428,8,20250810,20250810,AB,,SYNTHETIC DEMO DOCUMENT
100,1100,2026,7000002429,2,20260228,20260228,AB,,SYNTHETIC DEMO DOCUMENT
100,1300,2026,7000002430,1,20260114,20260114,DR,,SYNTHETIC DEMO DOCUMENT
100,1100,2025,7000002431,10,20251008,20251008,KR,,SYNTHETIC DEMO DOCUMENT
100,1200,2025,7000002432,7,20250725,20250725,KR,,SYNTHETIC DEMO DOCUMENT
100,1100,2026,7000002433,9,20260919,20260919,KR,,SYNTHETIC DEMO DOCUMENT
100,1000,2026,7000002434,3,20260329,20260329,AB,,SYNTHETIC DEMO DOCUMENT
100,1300,2026,7000002435,8,20260807,20260807,DR,,SYNTHETIC DEMO DOCUMENT
100,1100,2025,7000002436,6,20250621,20250621,KR,,SYNTHETIC DEMO DOCUMENT
100,1100,2025,7000002437,5,20250518,20250518,AB,,SYNTHETIC DEMO DOCUMENT
100,1200,2026,7000002438,2,20260226,20260226,KR,,SYNTHETIC DEMO DOCUMENT
100,1200,2025,7000002439,8,20250813,20250813,KR,,SYNTHETIC DEMO DOCUMENT
100,1000,2025,7000002440,10,20251009,20251009,DR,,SYNTHETIC DEMO DOCUMENT
100,1200,2026,7000002441,6,20260612,20260612,KR,,SYNTHETIC DEMO DOCUMENT
100,1000,2026,7000002442,8,20260810,20260810,KR,,SYNTHETIC DEMO DOCUMENT
100,1100,2026,7000002443,5,20260513,20260513,DR,,SYNTHETIC DEMO DOCUMENT
100,1300,2026,7000002444,6,20260619,20260619,KR,,SYNTHETIC DEMO DOCUMENT
100,1200,2025,7000002445,11,20251103,20251103,SA,,SYNTHETIC DEMO DOCUMENT
100,1200,2026,7000002446,8,20260830,20260830,KR,,SYNTHETIC DEMO DOCUMENT
100,1100,2025,7000002447,12,20251227,20251227,KR,,SYNTHETIC DEMO DOCUMENT
100,1100,2026,7000002448,5,20260522,20260522,KR,,SYNTHETIC DEMO DOCUMENT
100,1300,2026,7000002449,3,20260320,20260320,SA,,SYNTHETIC DEMO DOCUMENT
100,1100,2025,7000002450,5,20250512,20250512,SA,,SYNTHETIC DEMO DOCUMENT
100,1300,2025,7000002451,8,20250823,20250823,AB,,SYNTHETIC DEMO DOCUMENT
100,1000,2025,7000002452,4,20250412,20250412,KR,,SYNTHETIC DEMO DOCUMENT
100,1100,2025,7000002453,5,20250506,20250506,AB,,SYNTHETIC DEMO DOCUMENT
100,1100,2026,7000002454,1,20260103,20260103,DR,,SYNTHETIC DEMO DOCUMENT
100,1100,2025,7000002455,6,20250625,20250625,KR,,SYNTHETIC DEMO DOCUMENT
100,1300,2026,7000002456,7,20260708,20260708,SA,,SYNTHETIC DEMO DOCUMENT
100,1200,2026,7000002457,1,20260102,20260102,KR,,SYNTHETIC DEMO DOCUMENT
100,1100,2026,7000002458,7,20260708,20260708,KR,,SYNTHETIC DEMO DOCUMENT
100,1000,2025,7000002459,7,20250706,20250706,DR,,SYNTHETIC DEMO DOCUMENT
100,1300,2025,7000002460,7,20250721,20250721,KR,,SYNTHETIC DEMO DOCUMENT
100,1100,2025,7000002461,10,20251012,20251012,KR,,SYNTHETIC DEMO DOCUMENT
100,1100,2026,7000002462,8,20260821,20260821,DR,,SYNTHETIC DEMO DOCUMENT
100,1100,2025,7000002463,8,20250804,20250804,DR,,SYNTHETIC DEMO DOCUMENT
100,1000,2026,7000002464,1,20260120,20260120,DR,,SYNTHETIC DEMO DOCUMENT
100,1000,2026,7000002465,9,20260901,20260901,SA,,SYNTHETIC DEMO DOCUMENT
100,1200,2025,7000002466,12,20251220,20251220,DR,,SYNTHETIC DEMO DOCUMENT
100,1200,2025,7000002467,8,20250821,20250821,KR,,SYNTHETIC DEMO DOCUMENT
100,1300,2026,7000002468,8,20260829,20260829,KR,,SYNTHETIC DEMO DOCUMENT
100,1100,2026,7000002469,8,20260813,20260813,DR,,SYNTHETIC DEMO DOCUMENT
100,1100,2026,7000002470,5,20260523,20260523,AB,,SYNTHETIC DEMO DOCUMENT
100,1300,2026,7000002471,8,20260811,20260811,SA,,SYNTHETIC DEMO DOCUMENT
100,1100,2025,7000002472,10,20251008,20251008,DR,,SYNTHETIC DEMO DOCUMENT
100,1300,2026,7000002473,7,20260721,20260721,AB,,SYNTHETIC DEMO DOCUMENT
100,1100,2025,7000002474,4,20250411,20250411,KR,,SYNTHETIC DEMO DOCUMENT
100,1100,2026,7000002475,6,20260612,20260612,SA,,SYNTHETIC DEMO DOCUMENT
100,1300,2025,7000002476,9,20250920,20250920,KR,,SYNTHETIC DEMO DOCUMENT
100,1100,2026,7000002477,6,20260608,20260608,KR,,SYNTHETIC DEMO DOCUMENT
100,1300,2025,7000002478,6,20250610,20250610,SA,,SYNTHETIC DEMO DOCUMENT
100,1000,2026,7000002479,5,20260506,20260506,AB,,SYNTHETIC DEMO DOCUMENT
100,1100,2025,7000002480,6,20250606,20250606,AB,,SYNTHETIC DEMO DOCUMENT
100,1200,2026,7000002481,6,20260616,20260616,KR,,SYNTHETIC DEMO DOCUMENT
100,1000,2025,7000002482,12,20251213,20251213,AB,,SYNTHETIC DEMO DOCUMENT
100,1300,2025,7000002483,10,20251027,20251027,AB,,SYNTHETIC DEMO DOCUMENT
100,1300,2025,7000002484,4,20250418,20250418,KR,,SYNTHETIC DEMO DOCUMENT
100,1000,2025,7000002485,5,20250520,20250520,DR,,SYNTHETIC DEMO DOCUMENT
100,1000,2026,7000002486,9,20260925,20260925,KR,,SYNTHETIC DEMO DOCUMENT
100,1100,2026,7000002487,4,20260408,20260408,AB,,SYNTHETIC DEMO DOCUMENT
100,1300,2026,7000002488,5,20260508,20260508,DR,,SYNTHETIC DEMO DOCUMENT
100,1100,2025,7000002489,9,20250905,20250905,KR,,SYNTHETIC DEMO DOCUMENT
100,1200,2025,7000002490,12,20251211,20251211,KR,,SYNTHETIC DEMO DOCUMENT
100,1100,2026,7000002491,6,20260619,20260619,AB,,SYNTHETIC DEMO DOCUMENT
100,1100,2025,7000002492,8,20250805,20250805,KR,,SYNTHETIC DEMO DOCUMENT
100,1100,2025,7000002493,8,20250813,20250813,DR,,SYNTHETIC DEMO DOCUMENT
100,1100,2026,7000002494,2,20260222,20260222,KR,,SYNTHETIC DEMO DOCUMENT
100,1000,2026,7000002495,4,20260418,20260418,DR,,SYNTHETIC DEMO DOCUMENT
100,1100,2025,7000002496,5,20250512,20250512,SA,,SYNTHETIC DEMO DOCUMENT
100,1100,2026,7000002497,2,20260201,20260201,SA,,SYNTHETIC DEMO DOCUMENT
100,1000,2025,7000002498,10,20251025,20251025,KR,,SYNTHETIC DEMO DOCUMENT
100,1000,2025,7000002499,6,20250602,20250602,AB,,SYNTHETIC DEMO DOCUMENT
100,1200,2026,7000002500,7,20260724,20260724,KR,,SYNTHETIC DEMO DOCUMENT
100,1100,2025,7000002501,12,20251209,20251209,DR,,SYNTHETIC DEMO DOCUMENT
100,1100,2025,7000002502,4,20250410,20250410,KR,,SYNTHETIC DEMO DOCUMENT
100,1200,2026,7000002503,6,20260617,20260617,DR,,SYNTHETIC DEMO DOCUMENT
100,1000,2026,7000002504,1,20260120,20260120,DR,,SYNTHETIC DEMO DOCUMENT
100,1200,2026,7000002505,1,20260102,20260102,AB,,SYNTHETIC DEMO DOCUMENT
100,1200,2026,7000002506,7,20260706,20260706,KR,,SYNTHETIC DEMO DOCUMENT
100,1300,2026,7000002507,2,20260203,20260203,KR,,SYNTHETIC DEMO DOCUMENT
100,1200,2025,7000002508,12,20251201,20251201,SA,,SYNTHETIC DEMO DOCUMENT
100,1300,2025,7000002509,8,20250831,20250831,KR,,SYNTHETIC DEMO DOCUMENT
100,1000,2026,7000002510,5,20260511,20260511,KR,,SYNTHETIC DEMO DOCUMENT
100,1100,2026,7000002511,2,20260205,20260205,SA,,SYNTHETIC DEMO DOCUMENT
100,1000,2026,7000002512,9,20260904,20260904,DR,,SYNTHETIC DEMO DOCUMENT
100,1000,2026,7000002513,4,20260421,20260421,KR,,SYNTHETIC DEMO DOCUMENT
100,1000,2026,7000002514,3,20260303,20260303,KR,,SYNTHETIC DEMO DOCUMENT
100,1000,2026,7000002515,2,20260203,20260203,KR,,SYNTHETIC DEMO DOCUMENT
100,1100,2026,7000002516,9,20260920,20260920,KR,,SYNTHETIC DEMO DOCUMENT
100,1300,2025,7000002517,5,20250519,20250519,DR,,SYNTHETIC DEMO DOCUMENT
100,1000,2025,7000002518,11,20251113,20251113,KR,,SYNTHETIC DEMO DOCUMENT
100,1100,2026,7000002519,6,20260608,20260608,DR,,SYNTHETIC DEMO DOCUMENT
100,1200,2026,7000002520,7,20260727,20260727,KR,,SYNTHETIC DEMO DOCUMENT
100,1200,2026,7000002521,8,20260803,20260803,SA,,SYNTHETIC DEMO DOCUMENT
100,1300,2025,7000002522,5,20250524,20250524,KR,,SYNTHETIC DEMO DOCUMENT
100,1300,2026,7000002523,2,20260223,20260223,KR,,SYNTHETIC DEMO DOCUMENT
100,1300,2026,7000002524,9,20260907,20260907,KR,,SYNTHETIC DEMO DOCUMENT
100,1100,2026,7000002525,5,20260506,20260506,AB,,SYNTHETIC DEMO DOCUMENT
100,1300,2026,7000002526,3,20260312,20260312,KR,,SYNTHETIC DEMO DOCUMENT
100,1000,2026,7000002527,8,20260825,20260825,SA,,SYNTHETIC DEMO DOCUMENT
100,1100,2025,7000002528,7,20250725,20250725,KR,,SYNTHETIC DEMO DOCUMENT
100,1200,2025,7000002529,5,20250517,20250517,KR,,SYNTHETIC DEMO DOCUMENT
100,1300,2025,7000002530,8,20250810,20250810,AB,,SYNTHETIC DEMO DOCUMENT
100,1100,2025,7000002531,10,20251020,20251020,AB,,SYNTHETIC DEMO DOCUMENT
100,1100,2026,7000002532,2,20260219,20260219,DR,,SYNTHETIC DEMO DOCUMENT
100,1300,2025,7000002533,11,20251127,20251127,KR,,SYNTHETIC DEMO DOCUMENT
100,1100,2025,7000002534,6,20250627,20250627,SA,,SYNTHETIC DEMO DOCUMENT
100,1100,2026,7000002535,8,20260828,20260828,KR,,SYNTHETIC DEMO DOCUMENT
100,1000,2025,7000002536,11,20251102,20251102,KR,,SYNTHETIC DEMO DOCUMENT
100,1200,2025,7000002537,5,20250513,20250513,KR,,SYNTHETIC DEMO DOCUMENT
100,1000,2025,7000002538,10,20251022,20251022,KR,,SYNTHETIC DEMO DOCUMENT
100,1100,2026,7000002539,9,20260918,20260918,SA,,SYNTHETIC DEMO DOCUMENT
100,1300,2026,7000002540,7,20260724,20260724,AB,,SYNTHETIC DEMO DOCUMENT
100,1300,2025,7000002541,10,20251014,20251014,DR,,SYNTHETIC DEMO DOCUMENT
100,1300,2025,7000002542,10,20251009,20251009,DR,,SYNTHETIC DEMO DOCUMENT
100,1300,2026,7000002543,2,20260204,20260204,KR,,SYNTHETIC DEMO DOCUMENT
100,1300,2025,7000002544,10,20251019,20251019,SA,,SYNTHETIC DEMO DOCUMENT
100,1100,2026,7000002545,9,20260922,20260922,SA,,SYNTHETIC DEMO DOCUMENT
100,1100,2025,7000002546,6,20250627,20250627,SA,,SYNTHETIC DEMO DOCUMENT
100,1000,2025,7000002547,10,20251019,20251019,SA,,SYNTHETIC DEMO DOCUMENT
100,1000,2025,7000002548,4,20250401,20250401,AB,,SYNTHETIC DEMO DOCUMENT
100,1200,2025,7000002549,12,20251215,20251215,SA,,SYNTHETIC DEMO DOCUMENT
100,1200,2025,7000002550,8,20250819,20250819,KR,,SYNTHETIC DEMO DOCUMENT
100,1300,2025,7000002551,11,20251124,20251124,DR,,SYNTHETIC DEMO DOCUMENT
100,1000,2025,7000002552,5,20250520,20250520,KR,,SYNTHETIC DEMO DOCUMENT
100,1000,2026,7000002553,5,20260506,20260506,AB,,SYNTHETIC DEMO DOCUMENT
100,1000,2025,7000002554,6,20250608,20250608,KR,,SYNTHETIC DEMO DOCUMENT
100,1000,2026,7000002555,3,20260311,20260311,DR,,SYNTHETIC DEMO DOCUMENT
100,1300,2026,7000002556,8,20260831,20260831,AB,,SYNTHETIC DEMO DOCUMENT
100,1100,2026,7000002557,1,20260117,20260117,KR,,SYNTHETIC DEMO DOCUMENT
100,1100,2026,7000002558,2,20260217,20260217,DR,,SYNTHETIC DEMO DOCUMENT
100,1100,2026,7000002559,6,20260608,20260608,AB,,SYNTHETIC DEMO DOCUMENT
100,1100,2025,7000002560,4,20250405,20250405,SA,,SYNTHETIC DEMO DOCUMENT
100,1200,2026,7000002561,7,20260727,20260727,KR,,SYNTHETIC DEMO DOCUMENT
100,1100,2026,7000002562,7,20260730,20260730,SA,,SYNTHETIC DEMO DOCUMENT
100,1200,2026,7000002563,8,20260809,20260809,SA,,SYNTHETIC DEMO DOCUMENT
100,1000,2025,7000002564,10,20251021,20251021,AB,,SYNTHETIC DEMO DOCUMENT
100,1100,2026,7000002565,4,20260417,20260417,KR,,SYNTHETIC DEMO DOCUMENT
100,1100,2025,7000002566,12,20251207,20251207,DR,7000002565,SYNTHETIC DEMO DOCUMENT
100,1300,2025,7000002567,8,20250820,20250820,SA,,SYNTHETIC DEMO DOCUMENT
100,1000,2025,7000002568,8,20250819,20250819,SA,7000002567,SYNTHETIC DEMO DOCUMENT
100,1300,2025,7000002569,6,20250613,20250613,SA,,SYNTHETIC DEMO DOCUMENT
100,1100,2026,7000002570,7,20260725,20260725,KR,,SYNTHETIC DEMO DOCUMENT
100,1300,2025,7000002571,6,20250615,20250615,KR,,SYNTHETIC DEMO DOCUMENT
100,1300,2026,7000002572,9,20260914,20260914,KR,,SYNTHETIC DEMO DOCUMENT
100,1000,2026,7000002573,4,20260428,20260428,DR,,SYNTHETIC DEMO DOCUMENT
100,1100,2025,7000002574,8,20250802,20250802,DR,,SYNTHETIC DEMO DOCUMENT
100,1100,2026,7000002575,1,20260102,20260102,SA,,SYNTHETIC DEMO DOCUMENT
100,1100,2025,7000002576,7,20250704,20250704,KR,,SYNTHETIC DEMO DOCUMENT
100,1200,2025,7000002577,10,20251026,20251026,AB,7000002576,SYNTHETIC DEMO DOCUMENT
100,1100,2026,7000002578,8,20260824,20260824,AB,,SYNTHETIC DEMO DOCUMENT
100,1100,2025,7000002579,8,20250819,20250819,AB,,SYNTHETIC DEMO DOCUMENT
100,1300,2026,7000002580,8,20260824,20260824,KR,,SYNTHETIC DEMO DOCUMENT
100,1000,2025,7000002581,6,20250626,20250626,DR,,SYNTHETIC DEMO DOCUMENT
100,1200,2025,7000002582,7,20250730,20250730,AB,,SYNTHETIC DEMO DOCUMENT
100,1000,2025,7000002583,4,20250422,20250422,AB,,SYNTHETIC DEMO DOCUMENT
100,1300,2026,7000002584,4,20260423,20260423,DR,,SYNTHETIC DEMO DOCUMENT
100,1200,2025,7000002585,7,20250724,20250724,KR,,SYNTHETIC DEMO DOCUMENT
100,1300,2025,7000002586,7,20250715,20250715,SA,,SYNTHETIC DEMO DOCUMENT
100,1300,2025,7000002587,11,20251112,20251112,KR,,SYNTHETIC DEMO DOCUMENT
100,1100,2025,7000002588,11,20251117,20251117,SA,,SYNTHETIC DEMO DOCUMENT
100,1200,2026,7000002589,3,20260317,20260317,KR,,SYNTHETIC DEMO DOCUMENT
100,1100,2025,7000002590,5,20250515,20250515,KR,,SYNTHETIC DEMO DOCUMENT
100,1000,2025,7000002591,11,20251118,20251118,KR,,SYNTHETIC DEMO DOCUMENT
100,1200,2025,7000002592,10,20251014,20251014,AB,,SYNTHETIC DEMO DOCUMENT
100,1100,2025,7000002593,5,20250503,20250503,KR,,SYNTHETIC DEMO DOCUMENT
100,1100,2026,7000002594,8,20260810,20260810,AB,,SYNTHETIC DEMO DOCUMENT
100,1000,2025,7000002595,8,20250803,20250803,KR,,SYNTHETIC DEMO DOCUMENT
100,1300,2026,7000002596,3,20260325,20260325,DR,,SYNTHETIC DEMO DOCUMENT
100,1200,2025,7000002597,9,20250919,20250919,DR,,SYNTHETIC DEMO DOCUMENT
100,1100,2025,7000002598,4,20250403,20250403,DR,,SYNTHETIC DEMO DOCUMENT
100,1300,2025,7000002599,11,20251106,20251106,KR,,SYNTHETIC DEMO DOCUMENT
100,1000,2026,7000002600,4,20260408,20260408,KR,,SYNTHETIC DEMO DOCUMENT
100,1000,2025,7000002601,9,20250907,20250907,DR,,SYNTHETIC DEMO DOCUMENT
100,1100,2026,7000002602,9,20260916,20260916,KR,,SYNTHETIC DEMO DOCUMENT
100,1100,2025,7000002603,9,20250923,20250923,SA,,SYNTHETIC DEMO DOCUMENT
100,1300,2026,7000002604,1,20260126,20260126,AB,,SYNTHETIC DEMO DOCUMENT
100,1100,2025,7000002605,12,20251204,20251204,DR,,SYNTHETIC DEMO DOCUMENT
100,1100,2026,7000002606,5,20260518,20260518,KR,,SYNTHETIC DEMO DOCUMENT
100,1200,2026,7000002607,7,20260729,20260729,KR,,SYNTHETIC DEMO DOCUMENT
100,1100,2025,7000002608,7,20250722,20250722,KR,,SYNTHETIC DEMO DOCUMENT
100,1200,2025,7000002609,7,20250722,20250722,DR,,SYNTHETIC DEMO DOCUMENT
100,1200,2025,7000002610,12,20251216,20251216,SA,,SYNTHETIC DEMO DOCUMENT
100,1100,2025,7000002611,10,20251020,20251020,SA,,SYNTHETIC DEMO DOCUMENT
100,1100,2025,7000002612,8,20250817,20250817,KR,,SYNTHETIC DEMO DOCUMENT
100,1100,2026,7000002613,8,20260828,20260828,KR,,SYNTHETIC DEMO DOCUMENT
100,1100,2026,7000002614,4,20260423,20260423,KR,,SYNTHETIC DEMO DOCUMENT
100,1100,2026,7000002615,4,20260424,20260424,DR,7000002614,SYNTHETIC DEMO DOCUMENT
100,1100,2025,7000002616,5,20250519,20250519,DR,,SYNTHETIC DEMO DOCUMENT
100,1300,2026,7000002617,5,20260509,20260509,AB,,SYNTHETIC DEMO DOCUMENT
100,1300,2025,7000002618,12,20251226,20251226,AB,,SYNTHETIC DEMO DOCUMENT
100,1100,2025,7000002619,9,20250906,20250906,AB,,SYNTHETIC DEMO DOCUMENT
100,1200,2026,7000002620,7,20260705,20260705,SA,7000002619,SYNTHETIC DEMO DOCUMENT
100,1100,2026,7000002621,4,20260401,20260401,DR,,SYNTHETIC DEMO DOCUMENT
100,1100,2025,7000002622,7,20250731,20250731,DR,,SYNTHETIC DEMO DOCUMENT
100,1300,2025,7000002623,4,20250420,20250420,KR,,SYNTHETIC DEMO DOCUMENT
100,1000,2026,7000002624,1,20260131,20260131,AB,,SYNTHETIC DEMO DOCUMENT
100,1200,2026,7000002625,9,20260922,20260922,AB,,SYNTHETIC DEMO DOCUMENT
100,1300,2026,7000002626,9,20260917,20260917,DR,,SYNTHETIC DEMO DOCUMENT
100,1300,2025,7000002627,11,20251116,20251116,KR,,SYNTHETIC DEMO DOCUMENT
100,1100,2025,7000002628,10,20251004,20251004,DR,,SYNTHETIC DEMO DOCUMENT
100,1100,2025,7000002629,5,20250526,20250526,KR,,SYNTHETIC DEMO DOCUMENT
100,1100,2026,7000002630,5,20260508,20260508,SA,,SYNTHETIC DEMO DOCUMENT
100,1200,2025,7000002631,7,20250722,20250722,DR,,SYNTHETIC DEMO DOCUMENT
100,1000,2026,7000002632,3,20260323,20260323,DR,,SYNTHETIC DEMO DOCUMENT
100,1100,2026,7000002633,7,20260708,20260708,KR,,SYNTHETIC DEMO DOCUMENT
100,1100,2026,7000002634,3,20260305,20260305,DR,,SYNTHETIC DEMO DOCUMENT
100,1200,2026,7000002635,5,20260512,20260512,AB,,SYNTHETIC DEMO DOCUMENT
100,1100,2026,7000002636,5,20260523,20260523,DR,,SYNTHETIC DEMO DOCUMENT
100,1200,2025,7000002637,9,20250925,20250925,KR,,SYNTHETIC DEMO DOCUMENT
100,1100,2026,7000002638,6,20260614,20260614,DR,,SYNTHETIC DEMO DOCUMENT
100,1300,2025,7000002639,6,20250625,20250625,DR,,SYNTHETIC DEMO DOCUMENT
100,1100,2025,7000002640,4,20250412,20250412,KR,,SYNTHETIC DEMO DOCUMENT
100,1100,2026,7000002641,5,20260510,20260510,KR,,SYNTHETIC DEMO DOCUMENT
100,1100,2026,7000002642,9,20260909,20260909,DR,,SYNTHETIC DEMO DOCUMENT
100,1300,2026,7000002643,6,20260616,20260616,KR,,SYNTHETIC DEMO DOCUMENT
100,1000,2026,7000002644,7,20260710,20260710,KR,,SYNTHETIC DEMO DOCUMENT
100,1100,2025,7000002645,8,20250816,20250816,SA,,SYNTHETIC DEMO DOCUMENT
100,1300,2026,7000002646,1,20260106,20260106,SA,,SYNTHETIC DEMO DOCUMENT
100,1200,2025,7000002647,5,20250521,20250521,AB,,SYNTHETIC DEMO DOCUMENT
100,1100,2025,7000002648,9,20250921,20250921,AB,,SYNTHETIC DEMO DOCUMENT
100,1000,2025,7000002649,10,20251003,20251003,KR,,SYNTHETIC DEMO DOCUMENT
100,1000,2025,7000002650,8,20250827,20250827,AB,,SYNTHETIC DEMO DOCUMENT
100,1200,2025,7000002651,8,20250823,20250823,KR,,SYNTHETIC DEMO DOCUMENT
100,1100,2026,7000002652,7,20260731,20260731,KR,,SYNTHETIC DEMO DOCUMENT
100,1000,2026,7000002653,7,20260728,20260728,SA,,SYNTHETIC DEMO DOCUMENT
100,1000,2026,7000002654,2,20260225,20260225,KR,,SYNTHETIC DEMO DOCUMENT
100,1300,2026,7000002655,4,20260414,20260414,SA,,SYNTHETIC DEMO DOCUMENT
100,1200,2025,7000002656,9,20250919,20250919,AB,,SYNTHETIC DEMO DOCUMENT
100,1100,2025,7000002657,4,20250429,20250429,KR,,SYNTHETIC DEMO DOCUMENT
100,1200,2025,7000002658,11,20251129,20251129,KR,,SYNTHETIC DEMO DOCUMENT
100,1100,2026,7000002659,6,20260630,20260630,DR,,SYNTHETIC DEMO DOCUMENT
100,1000,2025,7000002660,6,20250611,20250611,KR,,SYNTHETIC DEMO DOCUMENT
100,1300,2026,7000002661,8,20260816,20260816,SA,,SYNTHETIC DEMO DOCUMENT
100,1100,2025,7000002662,9,20250907,20250907,DR,,SYNTHETIC DEMO DOCUMENT
100,1000,2025,7000002663,5,20250505,20250505,KR,,SYNTHETIC DEMO DOCUMENT
100,1200,2026,7000002664,9,20260906,20260906,SA,,SYNTHETIC DEMO DOCUMENT
100,1100,2025,7000002665,11,20251126,20251126,KR,,SYNTHETIC DEMO DOCUMENT
100,1100,2026,7000002666,4,20260422,20260422,KR,,SYNTHETIC DEMO DOCUMENT
100,1300,2026,7000002667,4,20260415,20260415,KR,,SYNTHETIC DEMO DOCUMENT
100,1000,2025,7000002668,9,20250905,20250905,KR,,SYNTHETIC DEMO DOCUMENT
100,1200,2026,7000002669,6,20260602,20260602,KR,,SYNTHETIC DEMO DOCUMENT
100,1200,2026,7000002670,1,20260124,20260124,KR,,SYNTHETIC DEMO DOCUMENT
100,1100,2025,7000002671,8,20250812,20250812,KR,,SYNTHETIC DEMO DOCUMENT
100,1100,2026,7000002672,3,20260301,20260301,KR,,SYNTHETIC DEMO DOCUMENT
100,1100,2025,7000002673,10,20251004,20251004,AB,,SYNTHETIC DEMO DOCUMENT
100,1000,2026,7000002674,2,20260219,20260219,KR,,SYNTHETIC DEMO DOCUMENT
100,1000,2026,7000002675,1,20260109,20260109,DR,,SYNTHETIC DEMO DOCUMENT
100,1100,2025,7000002676,10,20251002,20251002,SA,7000002675,SYNTHETIC DEMO DOCUMENT
100,1200,2026,7000002677,9,20260913,20260913,KR,,SYNTHETIC DEMO DOCUMENT
100,1000,2026,7000002678,2,20260214,20260214,KR,,SYNTHETIC DEMO DOCUMENT
100,1000,2026,7000002679,4,20260418,20260418,KR,,SYNTHETIC DEMO DOCUMENT
100,1200,2026,7000002680,5,20260513,20260513,KR,,SYNTHETIC DEMO DOCUMENT
100,1000,2026,7000002681,5,20260518,20260518,AB,,SYNTHETIC DEMO DOCUMENT
100,1000,2026,7000002682,4,20260408,20260408,SA,7000002681,SYNTHETIC DEMO DOCUMENT
100,1000,2026,7000002683,2,20260222,20260222,SA,,SYNTHETIC DEMO DOCUMENT
100,1000,2026,7000002684,2,20260225,20260225,AB,,SYNTHETIC DEMO DOCUMENT
100,1300,2026,7000002685,6,20260607,20260607,DR,,SYNTHETIC DEMO DOCUMENT
100,1300,2025,7000002686,8,20250801,20250801,SA,,SYNTHETIC DEMO DOCUMENT
100,1100,2026,7000002687,7,20260711,20260711,AB,,SYNTHETIC DEMO DOCUMENT
100,1200,2026,7000002688,1,20260125,20260125,KR,,SYNTHETIC DEMO DOCUMENT
100,1200,2025,7000002689,5,20250516,20250516,AB,,SYNTHETIC DEMO DOCUMENT
100,1100,2025,7000002690,11,20251124,20251124,DR,,SYNTHETIC DEMO DOCUMENT
100,1100,2026,7000002691,9,20260903,20260903,KR,,SYNTHETIC DEMO DOCUMENT
100,1000,2025,7000002692,12,20251213,20251213,DR,,SYNTHETIC DEMO DOCUMENT
100,1200,2026,7000002693,7,20260702,20260702,KR,,SYNTHETIC DEMO DOCUMENT
100,1300,2026,7000002694,4,20260417,20260417,KR,,SYNTHETIC DEMO DOCUMENT
100,1100,2025,7000002695,9,20250915,20250915,KR,,SYNTHETIC DEMO DOCUMENT
100,1000,2026,7000002696,3,20260304,20260304,KR,,SYNTHETIC DEMO DOCUMENT
100,1100,2025,7000002697,11,20251125,20251125,AB,,SYNTHETIC DEMO DOCUMENT
100,1300,2026,7000002698,9,20260922,20260922,DR,,SYNTHETIC DEMO DOCUMENT
100,1300,2026,7000002699,4,20260402,20260402,KR,,SYNTHETIC DEMO DOCUMENT
100,1100,2025,7000002700,7,20250729,20250729,AB,,SYNTHETIC DEMO DOCUMENT
100,1200,2026,7000002701,8,20260818,20260818,AB,,SYNTHETIC DEMO DOCUMENT
100,1100,2025,7000002702,8,20250802,20250802,DR,,SYNTHETIC DEMO DOCUMENT
100,1100,2025,7000002703,8,20250802,20250802,SA,,SYNTHETIC DEMO DOCUMENT
100,1100,2025,7000002704,7,20250728,20250728,DR,,SYNTHETIC DEMO DOCUMENT
100,1100,2026,7000002705,3,20260305,20260305,KR,,SYNTHETIC DEMO DOCUMENT
100,1200,2025,7000002706,9,20250914,20250914,SA,,SYNTHETIC DEMO DOCUMENT
100,1100,2025,7000002707,11,20251117,20251117,DR,,SYNTHETIC DEMO DOCUMENT
100,1300,2026,7000002708,9,20260917,20260917,DR,,SYNTHETIC DEMO DOCUMENT
100,1200,2026,7000002709,1,20260119,20260119,DR,,SYNTHETIC DEMO DOCUMENT
100,1300,2025,7000002710,6,20250621,20250621,KR,,SYNTHETIC DEMO DOCUMENT
100,1100,2026,7000002711,1,20260119,20260119,SA,,SYNTHETIC DEMO DOCUMENT
100,1200,2026,7000002712,8,20260807,20260807,KR,,SYNTHETIC DEMO DOCUMENT
100,1300,2025,7000002713,6,20250619,20250619,AB,,SYNTHETIC DEMO DOCUMENT
100,1100,2025,7000002714,11,20251124,20251124,DR,,SYNTHETIC DEMO DOCUMENT
100,1000,2025,7000002715,5,20250522,20250522,AB,,SYNTHETIC DEMO DOCUMENT
100,1100,2026,7000002716,6,20260616,20260616,KR,,SYNTHETIC DEMO DOCUMENT
100,1100,2025,7000002717,6,20250609,20250609,KR,,SYNTHETIC DEMO DOCUMENT
100,1000,2025,7000002718,8,20250820,20250820,AB,,SYNTHETIC DEMO DOCUMENT
100,1300,2026,7000002719,2,20260207,20260207,DR,,SYNTHETIC DEMO DOCUMENT
100,1300,2025,7000002720,7,20250709,20250709,KR,,SYNTHETIC DEMO DOCUMENT
100,1300,2025,7000002721,10,20251029,20251029,DR,,SYNTHETIC DEMO DOCUMENT
100,1100,2026,7000002722,7,20260728,20260728,AB,,SYNTHETIC DEMO DOCUMENT
100,1100,2026,7000002723,7,20260716,20260716,DR,,SYNTHETIC DEMO DOCUMENT
100,1300,2025,7000002724,5,20250508,20250508,DR,,SYNTHETIC DEMO DOCUMENT
100,1000,2026,7000002725,9,20260906,20260906,DR,,SYNTHETIC DEMO DOCUMENT
100,1200,2025,7000002726,11,20251102,20251102,DR,,SYNTHETIC DEMO DOCUMENT
100,1300,2026,7000002727,2,20260213,20260213,DR,,SYNTHETIC DEMO DOCUMENT
100,1200,2026,7000002728,4,20260425,20260425,DR,,SYNTHETIC DEMO DOCUMENT
100,1100,2026,7000002729,1,20260131,20260131,DR,,SYNTHETIC DEMO DOCUMENT
100,1200,2026,7000002730,1,20260116,20260116,KR,,SYNTHETIC DEMO DOCUMENT
100,1300,2025,7000002731,10,20251006,20251006,DR,,SYNTHETIC DEMO DOCUMENT
100,1300,2026,7000002732,4,20260420,20260420,AB,,SYNTHETIC DEMO DOCUMENT
100,1200,2026,7000002733,7,20260729,20260729,KR,,SYNTHETIC DEMO DOCUMENT
100,1200,2025,7000002734,8,20250829,20250829,DR,,SYNTHETIC DEMO DOCUMENT
100,1000,2026,7000002735,2,20260213,20260213,KR,,SYNTHETIC DEMO DOCUMENT
100,1300,2026,7000002736,9,20260926,20260926,KR,,SYNTHETIC DEMO DOCUMENT
100,1200,2025,7000002737,8,20250830,20250830,DR,,SYNTHETIC DEMO DOCUMENT
100,1100,2025,7000002738,10,20251027,20251027,DR,,SYNTHETIC DEMO DOCUMENT
100,1100,2025,7000002739,6,20250614,20250614,KR,,SYNTHETIC DEMO DOCUMENT
100,1000,2025,7000002740,6,20250601,20250601,AB,,SYNTHETIC DEMO DOCUMENT
100,1100,2025,7000002741,6,20250609,20250609,AB,,SYNTHETIC DEMO DOCUMENT
100,1300,2025,7000002742,8,20250820,20250820,DR,,SYNTHETIC DEMO DOCUMENT
100,1200,2026,7000002743,8,20260815,20260815,DR,,SYNTHETIC DEMO DOCUMENT
100,1000,2026,7000002744,8,20260815,20260815,AB,,SYNTHETIC DEMO DOCUMENT
100,1300,2025,7000002745,11,20251124,20251124,AB,,SYNTHETIC DEMO DOCUMENT
100,1000,2026,7000002746,3,20260315,20260315,AB,,SYNTHETIC DEMO DOCUMENT
100,1000,2026,7000002747,4,20260420,20260420,KR,,SYNTHETIC DEMO DOCUMENT
100,1100,2025,7000002748,9,20250905,20250905,SA,,SYNTHETIC DEMO DOCUMENT
100,1100,2025,7000002749,9,20250926,20250926,SA,,SYNTHETIC DEMO DOCUMENT
100,1200,2025,7000002750,7,20250707,20250707,KR,,SYNTHETIC DEMO DOCUMENT
100,1200,2025,7000002751,7,20250706,20250706,KR,,SYNTHETIC DEMO DOCUMENT
100,1200,2026,7000002752,1,20260121,20260121,KR,,SYNTHETIC DEMO DOCUMENT
100,1200,2025,7000002753,6,20250611,20250611,AB,,SYNTHETIC DEMO DOCUMENT
100,1200,2025,7000002754,4,20250417,20250417,AB,,SYNTHETIC DEMO DOCUMENT
100,1300,2026,7000002755,2,20260210,20260210,AB,,SYNTHETIC DEMO DOCUMENT
100,1000,2025,7000002756,6,20250630,20250630,KR,,SYNTHETIC DEMO DOCUMENT
100,1100,2025,7000002757,11,20251111,20251111,SA,,SYNTHETIC DEMO DOCUMENT
100,1200,2025,7000002758,6,20250608,20250608,AB,,SYNTHETIC DEMO DOCUMENT
100,1300,2025,7000002759,4,20250414,20250414,AB,,SYNTHETIC DEMO DOCUMENT
100,1000,2026,7000002760,8,20260814,20260814,DR,,SYNTHETIC DEMO DOCUMENT
100,1000,2026,7000002761,9,20260906,20260906,SA,,SYNTHETIC DEMO DOCUMENT
100,1100,2026,7000002762,7,20260717,20260717,DR,,SYNTHETIC DEMO DOCUMENT
100,1300,2026,7000002763,2,20260215,20260215,KR,,SYNTHETIC DEMO DOCUMENT
100,1200,2025,7000002764,12,20251217,20251217,SA,,SYNTHETIC DEMO DOCUMENT
100,1000,2025,7000002765,10,20251027,20251027,SA,,SYNTHETIC DEMO DOCUMENT
100,1100,2026,7000002766,5,20260514,20260514,AB,,SYNTHETIC DEMO DOCUMENT
100,1300,2025,7000002767,10,20251023,20251023,DR,,SYNTHETIC DEMO DOCUMENT
100,1300,2026,7000002768,5,20260525,20260525,KR,,SYNTHETIC DEMO DOCUMENT
100,1100,2026,7000002769,5,20260508,20260508,KR,,SYNTHETIC DEMO DOCUMENT
100,1100,2026,7000002770,5,20260520,20260520,KR,,SYNTHETIC DEMO DOCUMENT
100,1100,2026,7000002771,7,20260703,20260703,KR,,SYNTHETIC DEMO DOCUMENT
100,1200,2026,7000002772,2,20260223,20260223,SA,,SYNTHETIC DEMO DOCUMENT
100,1200,2025,7000002773,8,20250817,20250817,KR,,SYNTHETIC DEMO DOCUMENT
100,1000,2026,7000002774,4,20260420,20260420,SA,,SYNTHETIC DEMO DOCUMENT
100,1300,2025,7000002775,9,20250924,20250924,KR,,SYNTHETIC DEMO DOCUMENT
100,1100,2025,7000002776,8,20250805,20250805,SA,,SYNTHETIC DEMO DOCUMENT
100,1300,2026,7000002777,4,20260405,20260405,SA,,SYNTHETIC DEMO DOCUMENT
100,1100,2026,7000002778,6,20260625,20260625,DR,7000002777,SYNTHETIC DEMO DOCUMENT
100,1000,2025,7000002779,6,20250610,20250610,AB,,SYNTHETIC DEMO DOCUMENT
100,1000,2026,7000002780,6,20260603,20260603,KR,,SYNTHETIC DEMO DOCUMENT
100,1300,2026,7000002781,6,20260615,20260615,SA,,SYNTHETIC DEMO DOCUMENT
100,1200,2025,7000002782,7,20250722,20250722,AB,,SYNTHETIC DEMO DOCUMENT
100,1200,2026,7000002783,4,20260415,20260415,AB,,SYNTHETIC DEMO DOCUMENT
100,1300,2026,7000002784,9,20260911,20260911,AB,,SYNTHETIC DEMO DOCUMENT
100,1300,2026,7000002785,6,20260606,20260606,DR,,SYNTHETIC DEMO DOCUMENT
100,1200,2026,7000002786,4,20260420,20260420,KR,,SYNTHETIC DEMO DOCUMENT
100,1000,2025,7000002787,8,20250803,20250803,KR,,SYNTHETIC DEMO DOCUMENT
100,1100,2026,7000002788,6,20260606,20260606,KR,,SYNTHETIC DEMO DOCUMENT
100,1000,2026,7000002789,1,20260124,20260124,KR,,SYNTHETIC DEMO DOCUMENT
100,1100,2026,7000002790,3,20260313,20260313,KR,,SYNTHETIC DEMO DOCUMENT
100,1100,2025,7000002791,9,20250902,20250902,KR,,SYNTHETIC DEMO DOCUMENT
100,1200,2026,7000002792,3,20260315,20260315,KR,,SYNTHETIC DEMO DOCUMENT
100,1100,2025,7000002793,12,20251205,20251205,KR,,SYNTHETIC DEMO DOCUMENT
100,1000,2025,7000002794,7,20250727,20250727,DR,,SYNTHETIC DEMO DOCUMENT
100,1000,2026,7000002795,3,20260323,20260323,KR,,SYNTHETIC DEMO DOCUMENT
100,1100,2025,7000002796,9,20250904,20250904,AB,,SYNTHETIC DEMO DOCUMENT
100,1300,2026,7000002797,3,20260314,20260314,KR,,SYNTHETIC DEMO DOCUMENT
100,1100,2025,7000002798,6,20250609,20250609,KR,,SYNTHETIC DEMO DOCUMENT
100,1200,2025,7000002799,12,20251201,20251201,AB,,SYNTHETIC DEMO DOCUMENT
100,1000,2025,7000002800,4,20250410,20250410,KR,,SYNTHETIC DEMO DOCUMENT
100,1100,2026,7000002801,3,20260319,20260319,SA,,SYNTHETIC DEMO DOCUMENT
100,1200,2026,7000002802,7,20260731,20260731,KR,,SYNTHETIC DEMO DOCUMENT
100,1100,2025,7000002803,4,20250420,20250420,SA,,SYNTHETIC DEMO DOCUMENT
100,1300,2025,7000002804,9,20250927,20250927,DR,,SYNTHETIC DEMO DOCUMENT
100,1100,2025,7000002805,12,20251216,20251216,KR,,SYNTHETIC DEMO DOCUMENT
100,1200,2025,7000002806,7,20250727,20250727,KR,,SYNTHETIC DEMO DOCUMENT
100,1100,2026,7000002807,3,20260309,20260309,KR,,SYNTHETIC DEMO DOCUMENT
100,1000,2025,7000002808,12,20251224,20251224,DR,,SYNTHETIC DEMO DOCUMENT
100,1000,2026,7000002809,1,20260116,20260116,AB,,SYNTHETIC DEMO DOCUMENT
100,1200,2025,7000002810,10,20251002,20251002,DR,,SYNTHETIC DEMO DOCUMENT
100,1100,2025,7000002811,5,20250504,20250504,AB,,SYNTHETIC DEMO DOCUMENT
100,1300,2026,7000002812,9,20260926,20260926,DR,,SYNTHETIC DEMO DOCUMENT
100,1200,2026,7000002813,4,20260403,20260403,AB,,SYNTHETIC DEMO DOCUMENT
100,1100,2025,7000002814,10,20251014,20251014,KR,,SYNTHETIC DEMO DOCUMENT
100,1200,2026,7000002815,9,20260903,20260903,SA,,SYNTHETIC DEMO DOCUMENT
100,1000,2026,7000002816,3,20260324,20260324,KR,,SYNTHETIC DEMO DOCUMENT
100,1100,2025,7000002817,6,20250613,20250613,DR,,SYNTHETIC DEMO DOCUMENT
100,1200,2025,7000002818,5,20250524,20250524,KR,,SYNTHETIC DEMO DOCUMENT
100,1100,2025,7000002819,10,20251018,20251018,AB,,SYNTHETIC DEMO DOCUMENT
100,1100,2025,7000002820,8,20250804,20250804,SA,,SYNTHETIC DEMO DOCUMENT
100,1200,2025,7000002821,6,20250622,20250622,KR,,SYNTHETIC DEMO DOCUMENT
100,1100,2026,7000002822,1,20260120,20260120,KR,,SYNTHETIC DEMO DOCUMENT
100,1300,2026,7000002823,7,20260704,20260704,KR,,SYNTHETIC DEMO DOCUMENT
100,1100,2025,7000002824,10,20251024,20251024,DR,,SYNTHETIC DEMO DOCUMENT
100,1100,2026,7000002825,5,20260529,20260529,KR,,SYNTHETIC DEMO DOCUMENT
100,1000,2026,7000002826,9,20260926,20260926,AB,,SYNTHETIC DEMO DOCUMENT
100,1100,2026,7000002827,7,20260705,20260705,SA,7000002826,SYNTHETIC DEMO DOCUMENT
100,1200,2026,7000002828,1,20260111,20260111,DR,,SYNTHETIC DEMO DOCUMENT
100,1000,2026,7000002829,3,20260309,20260309,KR,,SYNTHETIC DEMO DOCUMENT
100,1100,2026,7000002830,4,20260416,20260416,KR,,SYNTHETIC DEMO DOCUMENT
100,1100,2026,7000002831,6,20260613,20260613,DR,,SYNTHETIC DEMO DOCUMENT
100,1200,2025,7000002832,10,20251013,20251013,DR,,SYNTHETIC DEMO DOCUMENT
100,1100,2026,7000002833,6,20260616,20260616,KR,,SYNTHETIC DEMO DOCUMENT
100,1100,2026,7000002834,8,20260804,20260804,DR,,SYNTHETIC DEMO DOCUMENT
100,1300,2026,7000002835,5,20260508,20260508,AB,,SYNTHETIC DEMO DOCUMENT
100,1200,2026,7000002836,3,20260304,20260304,AB,,SYNTHETIC DEMO DOCUMENT
100,1200,2025,7000002837,8,20250822,20250822,KR,,SYNTHETIC DEMO DOCUMENT
100,1000,2025,7000002838,8,20250815,20250815,KR,,SYNTHETIC DEMO DOCUMENT
100,1000,2026,7000002839,2,20260207,20260207,SA,,SYNTHETIC DEMO DOCUMENT
100,1300,2026,7000002840,1,20260120,20260120,DR,,SYNTHETIC DEMO DOCUMENT
100,1300,2025,7000002841,4,20250407,20250407,KR,,SYNTHETIC DEMO DOCUMENT
100,1000,2026,7000002842,3,20260306,20260306,KR,7000002841,SYNTHETIC DEMO DOCUMENT
100,1100,2026,7000002843,5,20260519,20260519,KR,,SYNTHETIC DEMO DOCUMENT
100,1000,2026,7000002844,8,20260811,20260811,AB,,SYNTHETIC DEMO DOCUMENT
100,1100,2025,7000002845,7,20250716,20250716,DR,,SYNTHETIC DEMO DOCUMENT
100,1000,2025,7000002846,10,20251011,20251011,SA,,SYNTHETIC DEMO DOCUMENT
100,1000,2025,7000002847,5,20250518,20250518,DR,,SYNTHETIC DEMO DOCUMENT
100,1300,2026,7000002848,1,20260106,20260106,AB,,SYNTHETIC DEMO DOCUMENT
100,1100,2026,7000002849,6,20260605,20260605,AB,,SYNTHETIC DEMO DOCUMENT
100,1100,2026,7000002850,1,20260128,20260128,AB,,SYNTHETIC DEMO DOCUMENT
100,1100,2025,7000002851,10,20251024,20251024,KR,,SYNTHETIC DEMO DOCUMENT
100,1300,2026,7000002852,7,20260705,20260705,KR,,SYNTHETIC DEMO DOCUMENT
100,1100,2026,7000002853,2,20260225,20260225,KR,,SYNTHETIC DEMO DOCUMENT
100,1000,2025,7000002854,8,20250807,20250807,AB,,SYNTHETIC DEMO DOCUMENT
100,1200,2026,7000002855,4,20260423,20260423,SA,,SYNTHETIC DEMO DOCUMENT
100,1000,2026,7000002856,9,20260902,20260902,SA,,SYNTHETIC DEMO DOCUMENT
100,1000,2025,7000002857,6,20250603,20250603,KR,,SYNTHETIC DEMO DOCUMENT
100,1300,2026,7000002858,1,20260103,20260103,KR,,SYNTHETIC DEMO DOCUMENT
100,1000,2025,7000002859,5,20250524,20250524,DR,,SYNTHETIC DEMO DOCUMENT
100,1100,2026,7000002860,9,20260922,20260922,AB,,SYNTHETIC DEMO DOCUMENT
100,1100,2026,7000002861,3,20260315,20260315,DR,,SYNTHETIC DEMO DOCUMENT
100,1100,2026,7000002862,8,20260801,20260801,SA,,SYNTHETIC DEMO DOCUMENT
100,1200,2026,7000002863,4,20260409,20260409,KR,,SYNTHETIC DEMO DOCUMENT
100,1100,2026,7000002864,8,20260817,20260817,KR,,SYNTHETIC DEMO DOCUMENT
100,1300,2025,7000002865,4,20250415,20250415,DR,,SYNTHETIC DEMO DOCUMENT
100,1000,2025,7000002866,9,20250918,20250918,KR,,SYNTHETIC DEMO DOCUMENT
100,1000,2026,7000002867,5,20260530,20260530,DR,,SYNTHETIC DEMO DOCUMENT
100,1000,2026,7000002868,5,20260530,20260530,SA,,SYNTHETIC DEMO DOCUMENT
100,1300,2025,7000002869,5,20250516,20250516,DR,,SYNTHETIC DEMO DOCUMENT
100,1100,2025,7000002870,6,20250604,20250604,SA,,SYNTHETIC DEMO DOCUMENT
100,1100,2026,7000002871,4,20260416,20260416,AB,,SYNTHETIC DEMO DOCUMENT
100,1000,2026,7000002872,2,20260209,20260209,SA,,SYNTHETIC DEMO DOCUMENT
100,1300,2025,7000002873,11,20251111,20251111,KR,,SYNTHETIC DEMO DOCUMENT
100,1200,2025,7000002874,5,20250519,20250519,KR,,SYNTHETIC DEMO DOCUMENT
100,1000,2025,7000002875,10,20251022,20251022,AB,,SYNTHETIC DEMO DOCUMENT
100,1100,2026,7000002876,9,20260920,20260920,KR,,SYNTHETIC DEMO DOCUMENT
100,1300,2026,7000002877,2,20260210,20260210,DR,,SYNTHETIC DEMO DOCUMENT
100,1000,2026,7000002878,6,20260616,20260616,SA,,SYNTHETIC DEMO DOCUMENT
100,1200,2025,7000002879,11,20251127,20251127,SA,,SYNTHETIC DEMO DOCUMENT
100,1300,2026,7000002880,3,20260324,20260324,KR,,SYNTHETIC DEMO DOCUMENT
100,1000,2025,7000002881,10,20251020,20251020,KR,,SYNTHETIC DEMO DOCUMENT
100,1000,2025,7000002882,4,20250411,20250411,KR,,SYNTHETIC DEMO DOCUMENT
100,1000,2025,7000002883,10,20251002,20251002,DR,,SYNTHETIC DEMO DOCUMENT
100,1000,2026,7000002884,9,20260926,20260926,KR,,SYNTHETIC DEMO DOCUMENT
100,1300,2026,7000002885,8,20260822,20260822,AB,,SYNTHETIC DEMO DOCUMENT
100,1200,2025,7000002886,11,20251112,20251112,KR,,SYNTHETIC DEMO DOCUMENT
100,1100,2025,7000002887,11,20251127,20251127,SA,,SYNTHETIC DEMO DOCUMENT
100,1000,2026,7000002888,8,20260806,20260806,KR,,SYNTHETIC DEMO DOCUMENT
100,1100,2026,7000002889,6,20260622,20260622,KR,,SYNTHETIC DEMO DOCUMENT
100,1100,2026,7000002890,7,20260705,20260705,DR,,SYNTHETIC DEMO DOCUMENT
100,1100,2025,7000002891,10,20251023,20251023,KR,,SYNTHETIC DEMO DOCUMENT
100,1100,2025,7000002892,12,20251210,20251210,SA,,SYNTHETIC DEMO DOCUMENT
100,1100,2025,7000002893,8,20250802,20250802,SA,,SYNTHETIC DEMO DOCUMENT
100,1100,2026,7000002894,3,20260321,20260321,KR,,SYNTHETIC DEMO DOCUMENT
100,1000,2026,7000002895,8,20260804,20260804,DR,,SYNTHETIC DEMO DOCUMENT
100,1100,2026,7000002896,3,20260325,20260325,DR,,SYNTHETIC DEMO DOCUMENT
100,1200,2025,7000002897,9,20250929,20250929,KR,,SYNTHETIC DEMO DOCUMENT
100,1200,2026,7000002898,5,20260516,20260516,KR,,SYNTHETIC DEMO DOCUMENT
100,1300,2025,7000002899,5,20250523,20250523,SA,,SYNTHETIC DEMO DOCUMENT
100,1300,2025,7000002900,8,20250821,20250821,KR,,SYNTHETIC DEMO DOCUMENT
100,1300,2026,7000002901,6,20260607,20260607,DR,,SYNTHETIC DEMO DOCUMENT
100,1300,2025,7000002902,4,20250427,20250427,KR,,SYNTHETIC DEMO DOCUMENT
100,1100,2026,7000002903,3,20260310,20260310,KR,,SYNTHETIC DEMO DOCUMENT
100,1300,2026,7000002904,6,20260618,20260618,SA,,SYNTHETIC DEMO DOCUMENT
100,1000,2025,7000002905,8,20250806,20250806,DR,,SYNTHETIC DEMO DOCUMENT
100,1300,2026,7000002906,8,20260805,20260805,DR,,SYNTHETIC DEMO DOCUMENT
100,1000,2025,7000002907,12,20251210,20251210,SA,,SYNTHETIC DEMO DOCUMENT
100,1000,2025,7000002908,12,20251202,20251202,KR,,SYNTHETIC DEMO DOCUMENT
100,1100,2025,7000002909,6,20250605,20250605,DR,,SYNTHETIC DEMO DOCUMENT
100,1100,2025,7000002910,10,20251010,20251010,KR,,SYNTHETIC DEMO DOCUMENT
100,1300,2026,7000002911,7,20260712,20260712,SA,,SYNTHETIC DEMO DOCUMENT
100,1100,2025,7000002912,5,20250512,20250512,AB,,SYNTHETIC DEMO DOCUMENT
100,1100,2026,7000002913,3,20260310,20260310,DR,,SYNTHETIC DEMO DOCUMENT
100,1000,2026,7000002914,3,20260308,20260308,KR,,SYNTHETIC DEMO DOCUMENT
100,1100,2026,7000002915,6,20260601,20260601,DR,,SYNTHETIC DEMO DOCUMENT
100,1000,2026,7000002916,9,20260908,20260908,KR,7000002915,SYNTHETIC DEMO DOCUMENT
100,1100,2025,7000002917,7,20250716,20250716,SA,,SYNTHETIC DEMO DOCUMENT
100,1000,2025,7000002918,11,20251124,20251124,AB,,SYNTHETIC DEMO DOCUMENT
100,1000,2025,7000002919,8,20250829,20250829,AB,,SYNTHETIC DEMO DOCUMENT
100,1300,2025,7000002920,5,20250527,20250527,KR,,SYNTHETIC DEMO DOCUMENT
100,1200,2025,7000002921,10,20251011,20251011,DR,,SYNTHETIC DEMO DOCUMENT
100,1100,2026,7000002922,3,20260320,20260320,KR,,SYNTHETIC DEMO DOCUMENT
100,1000,2025,7000002923,11,20251101,20251101,DR,,SYNTHETIC DEMO DOCUMENT
100,1000,2026,7000002924,6,20260615,20260615,KR,,SYNTHETIC DEMO DOCUMENT
100,1100,2026,7000002925,5,20260525,20260525,DR,,SYNTHETIC DEMO DOCUMENT
100,1200,2026,7000002926,2,20260204,20260204,SA,,SYNTHETIC DEMO DOCUMENT
100,1000,2025,7000002927,4,20250417,20250417,KR,,SYNTHETIC DEMO DOCUMENT
100,1100,2026,7000002928,8,20260822,20260822,KR,,SYNTHETIC DEMO DOCUMENT
100,1000,2025,7000002929,7,20250713,20250713,DR,,SYNTHETIC DEMO DOCUMENT
100,1000,2026,7000002930,4,20260416,20260416,KR,,SYNTHETIC DEMO DOCUMENT
100,1300,2025,7000002931,7,20250704,20250704,AB,,SYNTHETIC DEMO DOCUMENT
100,1000,2026,7000002932,3,20260301,20260301,KR,,SYNTHETIC DEMO DOCUMENT
100,1000,2026,7000002933,7,20260731,20260731,KR,,SYNTHETIC DEMO DOCUMENT
100,1000,2026,7000002934,4,20260416,20260416,DR,,SYNTHETIC DEMO DOCUMENT
100,1000,2026,7000002935,2,20260220,20260220,SA,7000002934,SYNTHETIC DEMO DOCUMENT
100,1100,2025,7000002936,5,20250526,20250526,KR,,SYNTHETIC DEMO DOCUMENT
100,1300,2025,7000002937,6,20250618,20250618,KR,,SYNTHETIC DEMO DOCUMENT
100,1100,2025,7000002938,9,20250924,20250924,SA,,SYNTHETIC DEMO DOCUMENT
100,1100,2025,7000002939,7,20250719,20250719,AB,,SYNTHETIC DEMO DOCUMENT
100,1100,2026,7000002940,3,20260308,20260308,AB,,SYNTHETIC DEMO DOCUMENT
100,1100,2025,7000002941,11,20251109,20251109,KR,,SYNTHETIC DEMO DOCUMENT
100,1100,2025,7000002942,8,20250814,20250814,DR,,SYNTHETIC DEMO DOCUMENT
100,1300,2025,7000002943,7,20250716,20250716,AB,,SYNTHETIC DEMO DOCUMENT
100,1000,2026,7000002944,2,20260222,20260222,DR,,SYNTHETIC DEMO DOCUMENT
100,1100,2026,7000002945,9,20260903,20260903,AB,,SYNTHETIC DEMO DOCUMENT
100,1300,2025,7000002946,4,20250406,20250406,SA,,SYNTHETIC DEMO DOCUMENT
100,1100,2025,7000002947,9,20250927,20250927,DR,,SYNTHETIC DEMO DOCUMENT
100,1200,2025,7000002948,7,20250706,20250706,KR,,SYNTHETIC DEMO DOCUMENT
100,1100,2025,7000002949,10,20251003,20251003,KR,,SYNTHETIC DEMO DOCUMENT
100,1100,2025,7000002950,8,20250831,20250831,SA,,SYNTHETIC DEMO DOCUMENT
100,1300,2025,7000002951,12,20251201,20251201,DR,,SYNTHETIC DEMO DOCUMENT
100,1300,2026,7000002952,7,20260718,20260718,SA,,SYNTHETIC DEMO DOCUMENT
100,1000,2026,7000002953,8,20260827,20260827,SA,,SYNTHETIC DEMO DOCUMENT
100,1200,2026,7000002954,4,20260416,20260416,AB,,SYNTHETIC DEMO DOCUMENT
100,1100,2025,7000002955,4,20250414,20250414,DR,,SYNTHETIC DEMO DOCUMENT
100,1100,2025,7000002956,7,20250701,20250701,DR,,SYNTHETIC DEMO DOCUMENT
100,1000,2025,7000002957,11,20251127,20251127,DR,,SYNTHETIC DEMO DOCUMENT
100,1100,2025,7000002958,8,20250815,20250815,KR,,SYNTHETIC DEMO DOCUMENT
100,1000,2026,7000002959,3,20260304,20260304,SA,,SYNTHETIC DEMO DOCUMENT
100,1100,2025,7000002960,10,20251026,20251026,KR,,SYNTHETIC DEMO DOCUMENT
100,1000,2025,7000002961,7,20250706,20250706,AB,,SYNTHETIC DEMO DOCUMENT
100,1100,2025,7000002962,5,20250510,20250510,DR,,SYNTHETIC DEMO DOCUMENT
100,1300,2025,7000002963,7,20250717,20250717,KR,,SYNTHETIC DEMO DOCUMENT
100,1300,2026,7000002964,5,20260503,20260503,DR,,SYNTHETIC DEMO DOCUMENT
100,1000,2026,7000002965,8,20260815,20260815,DR,,SYNTHETIC DEMO DOCUMENT
100,1300,2025,7000002966,8,20250830,20250830,DR,,SYNTHETIC DEMO DOCUMENT
100,1000,2025,7000002967,4,20250410,20250410,AB,,SYNTHETIC DEMO DOCUMENT
100,1100,2026,7000002968,7,20260723,20260723,KR,,SYNTHETIC DEMO DOCUMENT
100,1100,2026,7000002969,1,20260115,20260115,DR,,SYNTHETIC DEMO DOCUMENT
100,1300,2025,7000002970,4,20250422,20250422,AB,,SYNTHETIC DEMO DOCUMENT
100,1000,2025,7000002971,7,20250712,20250712,SA,,SYNTHETIC DEMO DOCUMENT
100,1300,2026,7000002972,3,20260305,20260305,DR,,SYNTHETIC DEMO DOCUMENT
100,1100,2026,7000002973,8,20260811,20260811,SA,,SYNTHETIC DEMO DOCUMENT
100,1200,2025,7000002974,6,20250623,20250623,SA,,SYNTHETIC DEMO DOCUMENT
100,1000,2025,7000002975,12,20251222,20251222,KR,,SYNTHETIC DEMO DOCUMENT
100,1100,2026,7000002976,6,20260605,20260605,DR,,SYNTHETIC DEMO DOCUMENT
100,1100,2026,7000002977,3,20260319,20260319,KR,,SYNTHETIC DEMO DOCUMENT
100,1300,2026,7000002978,2,20260211,20260211,AB,,SYNTHETIC DEMO DOCUMENT
100,1000,2026,7000002979,3,20260316,20260316,KR,,SYNTHETIC DEMO DOCUMENT
100,1000,2025,7000002980,12,20251220,20251220,SA,,SYNTHETIC DEMO DOCUMENT
100,1100,2025,7000002981,7,20250712,20250712,KR,,SYNTHETIC DEMO DOCUMENT
100,1200,2025,7000002982,5,20250513,20250513,KR,,SYNTHETIC DEMO DOCUMENT
100,1300,2026,7000002983,4,20260402,20260402,KR,,SYNTHETIC DEMO DOCUMENT
100,1000,2026,7000002984,5,20260523,20260523,AB,,SYNTHETIC DEMO DOCUMENT
100,1100,2026,7000002985,7,20260724,20260724,DR,,SYNTHETIC DEMO DOCUMENT
100,1100,2025,7000002986,11,20251122,20251122,DR,,SYNTHETIC DEMO DOCUMENT
100,1200,2026,7000002987,1,20260106,20260106,AB,,SYNTHETIC DEMO DOCUMENT
100,1100,2026,7000002988,2,20260212,20260212,AB,,SYNTHETIC DEMO DOCUMENT
100,1100,2026,7000002989,9,20260902,20260902,KR,,SYNTHETIC DEMO DOCUMENT
100,1200,2026,7000002990,1,20260125,20260125,KR,,SYNTHETIC DEMO DOCUMENT
100,1300,2025,7000002991,11,20251130,20251130,AB,,SYNTHETIC DEMO DOCUMENT
100,1200,2025,7000002992,5,20250511,20250511,AB,,SYNTHETIC DEMO DOCUMENT
100,1100,2026,7000002993,4,20260420,20260420,SA,,SYNTHETIC DEMO DOCUMENT
100,1100,2025,7000002994,8,20250830,20250830,DR,,SYNTHETIC DEMO DOCUMENT
100,1100,2025,7000002995,9,20250921,20250921,KR,,SYNTHETIC DEMO DOCUMENT
100,1100,2026,7000002996,4,20260425,20260425,KR,,SYNTHETIC DEMO DOCUMENT
100,1200,2025,7000002997,5,20250519,20250519,KR,,SYNTHETIC DEMO DOCUMENT
100,1000,2026,7000002998,9,20260919,20260919,KR,,SYNTHETIC DEMO DOCUMENT
100,1000,2026,7000002999,7,20260706,20260706,SA,,SYNTHETIC DEMO DOCUMENT
100,1300,2025,7000003000,12,20251204,20251204,KR,,SYNTHETIC DEMO DOCUMENT
100,1300,2025,7000003001,10,20251007,20251007,KR,,SYNTHETIC DEMO DOCUMENT
100,1200,2025,7000003002,11,20251107,20251107,KR,,SYNTHETIC DEMO DOCUMENT
100,1000,2026,7000003003,9,20260909,20260909,AB,,SYNTHETIC DEMO DOCUMENT
100,1200,2025,7000003004,4,20250417,20250417,AB,,SYNTHETIC DEMO DOCUMENT
100,1200,2025,7000003005,11,20251118,20251118,SA,,SYNTHETIC DEMO DOCUMENT
100,1000,2026,7000003006,7,20260730,20260730,KR,,SYNTHETIC DEMO DOCUMENT
100,1100,2025,7000003007,4,20250412,20250412,KR,,SYNTHETIC DEMO DOCUMENT
100,1000,2026,7000003008,6,20260613,20260613,KR,,SYNTHETIC DEMO DOCUMENT
100,1200,2026,7000003009,2,20260221,20260221,DR,,SYNTHETIC DEMO DOCUMENT
100,1100,2026,7000003010,7,20260725,20260725,DR,,SYNTHETIC DEMO DOCUMENT
100,1100,2026,7000003011,2,20260215,20260215,AB,,SYNTHETIC DEMO DOCUMENT
100,1200,2025,7000003012,8,20250830,20250830,SA,,SYNTHETIC DEMO DOCUMENT
100,1000,2026,7000003013,4,20260426,20260426,DR,,SYNTHETIC DEMO DOCUMENT
100,1200,2026,7000003014,7,20260709,20260709,AB,,SYNTHETIC DEMO DOCUMENT
100,1200,2026,7000003015,1,20260115,20260115,KR,7000003014,SYNTHETIC DEMO DOCUMENT
100,1200,2025,7000003016,12,20251224,20251224,DR,,SYNTHETIC DEMO DOCUMENT
100,1000,2025,7000003017,9,20250924,20250924,SA,,SYNTHETIC DEMO DOCUMENT
100,1100,2025,7000003018,6,20250608,20250608,KR,,SYNTHETIC DEMO DOCUMENT
100,1200,2025,7000003019,12,20251221,20251221,KR,,SYNTHETIC DEMO DOCUMENT
100,1300,2025,7000003020,6,20250621,20250621,KR,7000003019,SYNTHETIC DEMO DOCUMENT
100,1200,2025,7000003021,12,20251227,20251227,KR,,SYNTHETIC DEMO DOCUMENT
100,1100,2026,7000003022,2,20260209,20260209,DR,,SYNTHETIC DEMO DOCUMENT
100,1100,2025,7000003023,8,20250806,20250806,DR,7000003022,SYNTHETIC DEMO DOCUMENT
100,1300,2026,7000003024,7,20260719,20260719,DR,,SYNTHETIC DEMO DOCUMENT
100,1000,2026,7000003025,2,20260207,20260207,DR,,SYNTHETIC DEMO DOCUMENT
100,1000,2025,7000003026,8,20250823,20250823,KR,,SYNTHETIC DEMO DOCUMENT
100,1200,2026,7000003027,3,20260320,20260320,KR,,SYNTHETIC DEMO DOCUMENT
100,1200,2025,7000003028,9,20250915,20250915,SA,,SYNTHETIC DEMO DOCUMENT
100,1100,2026,7000003029,4,20260406,20260406,DR,,SYNTHETIC DEMO DOCUMENT
100,1000,2025,7000003030,8,20250807,20250807,AB,,SYNTHETIC DEMO DOCUMENT
100,1000,2026,7000003031,1,20260124,20260124,DR,,SYNTHETIC DEMO DOCUMENT
100,1000,2025,7000003032,9,20250923,20250923,DR,,SYNTHETIC DEMO DOCUMENT
100,1100,2026,7000003033,6,20260605,20260605,SA,,SYNTHETIC DEMO DOCUMENT
100,1300,2026,7000003034,8,20260824,20260824,AB,,SYNTHETIC DEMO DOCUMENT
100,1300,2025,7000003035,8,20250809,20250809,DR,,SYNTHETIC DEMO DOCUMENT
100,1000,2026,7000003036,7,20260717,20260717,AB,,SYNTHETIC DEMO DOCUMENT
100,1100,2025,7000003037,11,20251125,20251125,SA,,SYNTHETIC DEMO DOCUMENT
100,1100,2026,7000003038,6,20260609,20260609,AB,,SYNTHETIC DEMO DOCUMENT
100,1100,2025,7000003039,10,20251026,20251026,AB,,SYNTHETIC DEMO DOCUMENT
100,1000,2025,7000003040,8,20250812,20250812,KR,,SYNTHETIC DEMO DOCUMENT
100,1200,2026,7000003041,7,20260723,20260723,AB,,SYNTHETIC DEMO DOCUMENT
100,1300,2026,7000003042,9,20260914,20260914,KR,,SYNTHETIC DEMO DOCUMENT
100,1000,2026,7000003043,4,20260405,20260405,SA,,SYNTHETIC DEMO DOCUMENT
100,1300,2026,7000003044,7,20260722,20260722,DR,,SYNTHETIC DEMO DOCUMENT
100,1000,2026,7000003045,8,20260808,20260808,KR,,SYNTHETIC DEMO DOCUMENT
100,1200,2026,7000003046,5,20260530,20260530,SA,,SYNTHETIC DEMO DOCUMENT
100,1100,2026,7000003047,4,20260407,20260407,KR,,SYNTHETIC DEMO DOCUMENT
100,1100,2026,7000003048,4,20260403,20260403,KR,,SYNTHETIC DEMO DOCUMENT
100,1300,2026,7000003049,6,20260615,20260615,KR,,SYNTHETIC DEMO DOCUMENT
100,1200,2026,7000003050,6,20260602,20260602,DR,,SYNTHETIC DEMO DOCUMENT
100,1300,2025,7000003051,9,20250910,20250910,DR,,SYNTHETIC DEMO DOCUMENT
100,1000,2025,7000003052,6,20250613,20250613,KR,,SYNTHETIC DEMO DOCUMENT
100,1200,2026,7000003053,7,20260707,20260707,KR,,SYNTHETIC DEMO DOCUMENT
100,1100,2026,7000003054,5,20260530,20260530,AB,,SYNTHETIC DEMO DOCUMENT
100,1300,2025,7000003055,5,20250522,20250522,KR,,SYNTHETIC DEMO DOCUMENT
100,1100,2026,7000003056,8,20260811,20260811,KR,,SYNTHETIC DEMO DOCUMENT
100,1200,2026,7000003057,3,20260321,20260321,KR,,SYNTHETIC DEMO DOCUMENT
100,1200,2025,7000003058,11,20251124,20251124,DR,,SYNTHETIC DEMO DOCUMENT
100,1100,2026,7000003059,2,20260207,20260207,SA,,SYNTHETIC DEMO DOCUMENT
100,1100,2026,7000003060,1,20260106,20260106,SA,,SYNTHETIC DEMO DOCUMENT
100,1200,2026,7000003061,3,20260326,20260326,KR,,SYNTHETIC DEMO DOCUMENT
100,1000,2026,7000003062,4,20260413,20260413,KR,,SYNTHETIC DEMO DOCUMENT
100,1200,2026,7000003063,7,20260727,20260727,KR,,SYNTHETIC DEMO DOCUMENT
100,1200,2026,7000003064,2,20260218,20260218,KR,,SYNTHETIC DEMO DOCUMENT
100,1200,2026,7000003065,2,20260201,20260201,KR,,SYNTHETIC DEMO DOCUMENT
100,1200,2025,7000003066,10,20251006,20251006,AB,,SYNTHETIC DEMO DOCUMENT
100,1300,2025,7000003067,4,20250430,20250430,KR,,SYNTHETIC DEMO DOCUMENT
100,1100,2025,7000003068,11,20251106,20251106,KR,,SYNTHETIC DEMO DOCUMENT
100,1100,2025,7000003069,6,20250606,20250606,KR,,SYNTHETIC DEMO DOCUMENT
100,1200,2025,7000003070,10,20251008,20251008,SA,,SYNTHETIC DEMO DOCUMENT
100,1000,2025,7000003071,6,20250629,20250629,SA,,SYNTHETIC DEMO DOCUMENT
100,1000,2026,7000003072,2,20260205,20260205,AB,,SYNTHETIC DEMO DOCUMENT
100,1200,2025,7000003073,12,20251205,20251205,AB,,SYNTHETIC DEMO DOCUMENT
100,1100,2026,7000003074,1,20260109,20260109,KR,,SYNTHETIC DEMO DOCUMENT
100,1100,2025,7000003075,4,20250414,20250414,KR,,SYNTHETIC DEMO DOCUMENT
100,1100,2025,7000003076,9,20250912,20250912,AB,,SYNTHETIC DEMO DOCUMENT
100,1200,2026,7000003077,5,20260531,20260531,DR,,SYNTHETIC DEMO DOCUMENT
100,1200,2025,7000003078,8,20250807,20250807,SA,,SYNTHETIC DEMO DOCUMENT
100,1100,2026,7000003079,8,20260823,20260823,SA,,SYNTHETIC DEMO DOCUMENT
100,1100,2026,7000003080,5,20260509,20260509,KR,,SYNTHETIC DEMO DOCUMENT
100,1300,2025,7000003081,5,20250520,20250520,DR,,SYNTHETIC DEMO DOCUMENT
100,1000,2026,7000003082,6,20260629,20260629,SA,,SYNTHETIC DEMO DOCUMENT
100,1300,2025,7000003083,4,20250404,20250404,DR,,SYNTHETIC DEMO DOCUMENT
100,1100,2026,7000003084,4,20260406,20260406,SA,,SYNTHETIC DEMO DOCUMENT
100,1100,2025,7000003085,8,20250805,20250805,SA,,SYNTHETIC DEMO DOCUMENT
100,1200,2025,7000003086,9,20250922,20250922,DR,,SYNTHETIC DEMO DOCUMENT
100,1000,2025,7000003087,12,20251209,20251209,DR,,SYNTHETIC DEMO DOCUMENT
100,1300,2026,7000003088,9,20260904,20260904,AB,,SYNTHETIC DEMO DOCUMENT
100,1200,2025,7000003089,5,20250520,20250520,KR,,SYNTHETIC DEMO DOCUMENT
100,1000,2026,7000003090,7,20260728,20260728,KR,,SYNTHETIC DEMO DOCUMENT
100,1200,2026,7000003091,3,20260314,20260314,SA,,SYNTHETIC DEMO DOCUMENT
100,1100,2026,7000003092,9,20260914,20260914,DR,,SYNTHETIC DEMO DOCUMENT
100,1200,2026,7000003093,3,20260304,20260304,AB,,SYNTHETIC DEMO DOCUMENT
100,1300,2025,7000003094,8,20250826,20250826,KR,,SYNTHETIC DEMO DOCUMENT
100,1000,2025,7000003095,4,20250410,20250410,DR,,SYNTHETIC DEMO DOCUMENT
100,1100,2026,7000003096,9,20260927,20260927,KR,,SYNTHETIC DEMO DOCUMENT
100,1200,2026,7000003097,1,20260114,20260114,KR,,SYNTHETIC DEMO DOCUMENT
100,1100,2026,7000003098,6,20260614,20260614,KR,,SYNTHETIC DEMO DOCUMENT
100,1100,2025,7000003099,9,20250924,20250924,AB,,SYNTHETIC DEMO DOCUMENT
100,1300,2025,7000003100,5,20250519,20250519,SA,,SYNTHETIC DEMO DOCUMENT
100,1300,2025,7000003101,10,20251014,20251014,DR,,SYNTHETIC DEMO DOCUMENT
100,1300,2025,7000003102,7,20250715,20250715,KR,,SYNTHETIC DEMO DOCUMENT
100,1300,2025,7000003103,7,20250711,20250711,DR,,SYNTHETIC DEMO DOCUMENT
100,1200,2026,7000003104,1,20260107,20260107,KR,,SYNTHETIC DEMO DOCUMENT
100,1000,2025,7000003105,8,20250807,20250807,DR,,SYNTHETIC DEMO DOCUMENT
100,1200,2026,7000003106,6,20260623,20260623,DR,,SYNTHETIC DEMO DOCUMENT
100,1300,2026,7000003107,8,20260831,20260831,KR,,SYNTHETIC DEMO DOCUMENT
100,1200,2025,7000003108,7,20250701,20250701,SA,7000003107,SYNTHETIC DEMO DOCUMENT
100,1300,2026,7000003109,3,20260317,20260317,DR,,SYNTHETIC DEMO DOCUMENT
100,1300,2026,7000003110,1,20260103,20260103,KR,,SYNTHETIC DEMO DOCUMENT
100,1100,2025,7000003111,6,20250628,20250628,DR,,SYNTHETIC DEMO DOCUMENT
100,1100,2026,7000003112,6,20260606,20260606,KR,,SYNTHETIC DEMO DOCUMENT
100,1200,2025,7000003113,10,20251018,20251018,AB,,SYNTHETIC DEMO DOCUMENT
100,1200,2025,7000003114,5,20250531,20250531,DR,,SYNTHETIC DEMO DOCUMENT
100,1200,2025,7000003115,8,20250818,20250818,AB,,SYNTHETIC DEMO DOCUMENT
100,1100,2026,7000003116,2,20260212,20260212,KR,,SYNTHETIC DEMO DOCUMENT
100,1000,2025,7000003117,8,20250823,20250823,SA,,SYNTHETIC DEMO DOCUMENT
100,1000,2025,7000003118,6,20250604,20250604,DR,,SYNTHETIC DEMO DOCUMENT
100,1300,2025,7000003119,12,20251211,20251211,KR,,SYNTHETIC DEMO DOCUMENT
100,1200,2026,7000003120,4,20260423,20260423,KR,,SYNTHETIC DEMO DOCUMENT
100,1300,2025,7000003121,10,20251009,20251009,KR,,SYNTHETIC DEMO DOCUMENT
100,1300,2026,7000003122,2,20260224,20260224,AB,,SYNTHETIC DEMO DOCUMENT
100,1100,2025,7000003123,4,20250401,20250401,AB,,SYNTHETIC DEMO DOCUMENT
100,1000,2025,7000003124,5,20250524,20250524,KR,,SYNTHETIC DEMO DOCUMENT
100,1100,2026,7000003125,2,20260215,20260215,DR,,SYNTHETIC DEMO DOCUMENT
100,1200,2025,7000003126,4,20250413,20250413,SA,,SYNTHETIC DEMO DOCUMENT
100,1100,2025,7000003127,8,20250816,20250816,KR,,SYNTHETIC DEMO DOCUMENT
100,1100,2026,7000003128,5,20260508,20260508,AB,,SYNTHETIC DEMO DOCUMENT
100,1100,2026,7000003129,1,20260123,20260123,KR,,SYNTHETIC DEMO DOCUMENT
100,1200,2026,7000003130,2,20260208,20260208,AB,,SYNTHETIC DEMO DOCUMENT
100,1200,2026,7000003131,6,20260628,20260628,KR,,SYNTHETIC DEMO DOCUMENT
100,1100,2026,7000003132,1,20260121,20260121,DR,,SYNTHETIC DEMO DOCUMENT
100,1200,2026,7000003133,5,20260528,20260528,SA,7000003132,SYNTHETIC DEMO DOCUMENT
100,1200,2026,7000003134,3,20260316,20260316,AB,,SYNTHETIC DEMO DOCUMENT
100,1100,2026,7000003135,3,20260314,20260314,KR,,SYNTHETIC DEMO DOCUMENT
100,1000,2025,7000003136,6,20250614,20250614,KR,,SYNTHETIC DEMO DOCUMENT
100,1100,2026,7000003137,3,20260302,20260302,SA,,SYNTHETIC DEMO DOCUMENT
100,1100,2025,7000003138,10,20251015,20251015,DR,,SYNTHETIC DEMO DOCUMENT
100,1200,2026,7000003139,2,20260225,20260225,SA,,SYNTHETIC DEMO DOCUMENT
100,1200,2025,7000003140,10,20251010,20251010,DR,,SYNTHETIC DEMO DOCUMENT
100,1300,2025,7000003141,4,20250423,20250423,AB,,SYNTHETIC DEMO DOCUMENT
100,1000,2025,7000003142,5,20250507,20250507,DR,,SYNTHETIC DEMO DOCUMENT
100,1100,2026,7000003143,8,20260816,20260816,DR,,SYNTHETIC DEMO DOCUMENT
100,1000,2026,7000003144,7,20260704,20260704,KR,,SYNTHETIC DEMO DOCUMENT
100,1000,2025,7000003145,7,20250723,20250723,KR,,SYNTHETIC DEMO DOCUMENT
100,1000,2026,7000003146,1,20260131,20260131,AB,,SYNTHETIC DEMO DOCUMENT
100,1000,2026,7000003147,4,20260426,20260426,AB,,SYNTHETIC DEMO DOCUMENT
100,1000,2025,7000003148,9,20250909,20250909,DR,,SYNTHETIC DEMO DOCUMENT
100,1300,2025,7000003149,10,20251022,20251022,DR,,SYNTHETIC DEMO DOCUMENT
100,1200,2025,7000003150,6,20250609,20250609,KR,,SYNTHETIC DEMO DOCUMENT
100,1000,2026,7000003151,7,20260726,20260726,AB,,SYNTHETIC DEMO DOCUMENT
100,1100,2025,7000003152,4,20250423,20250423,SA,,SYNTHETIC DEMO DOCUMENT
100,1100,2026,7000003153,4,20260430,20260430,DR,,SYNTHETIC DEMO DOCUMENT
100,1100,2025,7000003154,7,20250713,20250713,KR,,SYNTHETIC DEMO DOCUMENT
100,1100,2026,7000003155,8,20260821,20260821,DR,,SYNTHETIC DEMO DOCUMENT
100,1200,2025,7000003156,4,20250411,20250411,KR,,SYNTHETIC DEMO DOCUMENT
100,1000,2026,7000003157,7,20260712,20260712,SA,,SYNTHETIC DEMO DOCUMENT
100,1300,2025,7000003158,11,20251127,20251127,DR,,SYNTHETIC DEMO DOCUMENT
100,1200,2026,7000003159,2,20260208,20260208,KR,,SYNTHETIC DEMO DOCUMENT
100,1200,2025,7000003160,5,20250522,20250522,DR,,SYNTHETIC DEMO DOCUMENT
100,1100,2026,7000003161,4,20260425,20260425,KR,,SYNTHETIC DEMO DOCUMENT
100,1300,2025,7000003162,7,20250728,20250728,SA,,SYNTHETIC DEMO DOCUMENT
100,1000,2025,7000003163,4,20250409,20250409,AB,,SYNTHETIC DEMO DOCUMENT
100,1000,2026,7000003164,8,20260819,20260819,KR,,SYNTHETIC DEMO DOCUMENT
100,1000,2026,7000003165,3,20260324,20260324,SA,,SYNTHETIC DEMO DOCUMENT
100,1100,2025,7000003166,6,20250629,20250629,KR,,SYNTHETIC DEMO DOCUMENT
100,1200,2026,7000003167,5,20260529,20260529,KR,,SYNTHETIC DEMO DOCUMENT
100,1200,2026,7000003168,5,20260526,20260526,AB,,SYNTHETIC DEMO DOCUMENT
100,1100,2025,7000003169,10,20251007,20251007,AB,,SYNTHETIC DEMO DOCUMENT
100,1300,2025,7000003170,7,20250725,20250725,SA,,SYNTHETIC DEMO DOCUMENT
100,1300,2026,7000003171,2,20260216,20260216,KR,,SYNTHETIC DEMO DOCUMENT
100,1100,2026,7000003172,9,20260909,20260909,SA,,SYNTHETIC DEMO DOCUMENT
100,1200,2026,7000003173,6,20260624,20260624,SA,,SYNTHETIC DEMO DOCUMENT
100,1100,2026,7000003174,6,20260626,20260626,AB,,SYNTHETIC DEMO DOCUMENT
100,1000,2026,7000003175,9,20260907,20260907,KR,,SYNTHETIC DEMO DOCUMENT
100,1200,2025,7000003176,11,20251108,20251108,KR,7000003175,SYNTHETIC DEMO DOCUMENT
100,1300,2025,7000003177,12,20251209,20251209,KR,,SYNTHETIC DEMO DOCUMENT
100,1100,2026,7000003178,4,20260428,20260428,KR,,SYNTHETIC DEMO DOCUMENT
100,1300,2025,7000003179,12,20251204,20251204,SA,,SYNTHETIC DEMO DOCUMENT
100,1300,2025,7000003180,12,20251203,20251203,AB,,SYNTHETIC DEMO DOCUMENT
100,1100,2026,7000003181,3,20260319,20260319,DR,7000003180,SYNTHETIC DEMO DOCUMENT
100,1300,2026,7000003182,4,20260427,20260427,AB,,SYNTHETIC DEMO DOCUMENT
100,1300,2025,7000003183,6,20250620,20250620,KR,,SYNTHETIC DEMO DOCUMENT
100,1100,2026,7000003184,4,20260411,20260411,KR,,SYNTHETIC DEMO DOCUMENT
100,1100,2025,7000003185,11,20251124,20251124,DR,,SYNTHETIC DEMO DOCUMENT
100,1200,2025,7000003186,11,20251101,20251101,DR,,SYNTHETIC DEMO DOCUMENT
100,1100,2026,7000003187,8,20260813,20260813,SA,,SYNTHETIC DEMO DOCUMENT
100,1300,2026,7000003188,6,20260621,20260621,DR,,SYNTHETIC DEMO DOCUMENT
100,1100,2026,7000003189,2,20260213,20260213,DR,,SYNTHETIC DEMO DOCUMENT
100,1100,2025,7000003190,10,20251025,20251025,KR,,SYNTHETIC DEMO DOCUMENT
100,1300,2025,7000003191,10,20251004,20251004,KR,,SYNTHETIC DEMO DOCUMENT
100,1300,2025,7000003192,9,20250910,20250910,AB,,SYNTHETIC DEMO DOCUMENT
100,1100,2026,7000003193,5,20260513,20260513,AB,,SYNTHETIC DEMO DOCUMENT
100,1000,2026,7000003194,4,20260427,20260427,SA,,SYNTHETIC DEMO DOCUMENT
100,1100,2026,7000003195,9,20260904,20260904,KR,,SYNTHETIC DEMO DOCUMENT
100,1000,2026,7000003196,6,20260628,20260628,DR,,SYNTHETIC DEMO DOCUMENT
100,1300,2025,7000003197,5,20250523,20250523,SA,,SYNTHETIC DEMO DOCUMENT
100,1300,2026,7000003198,7,20260720,20260720,KR,7000003197,SYNTHETIC DEMO DOCUMENT
100,1100,2026,7000003199,5,20260512,20260512,KR,,SYNTHETIC DEMO DOCUMENT
100,1200,2025,7000003200,8,20250812,20250812,KR,,SYNTHETIC DEMO DOCUMENT
100,1000,2025,7000003201,11,20251103,20251103,DR,,SYNTHETIC DEMO DOCUMENT
100,1300,2025,7000003202,4,20250406,20250406,KR,,SYNTHETIC DEMO DOCUMENT
100,1200,2026,7000003203,5,20260505,20260505,KR,,SYNTHETIC DEMO DOCUMENT
100,1200,2025,7000003204,6,20250618,20250618,KR,,SYNTHETIC DEMO DOCUMENT
100,1100,2026,7000003205,3,20260312,20260312,DR,,SYNTHETIC DEMO DOCUMENT
100,1000,2026,7000003206,3,20260312,20260312,AB,,SYNTHETIC DEMO DOCUMENT
100,1200,2025,7000003207,12,20251207,20251207,SA,,SYNTHETIC DEMO DOCUMENT
100,1300,2026,7000003208,6,20260626,20260626,KR,,SYNTHETIC DEMO DOCUMENT
100,1300,2026,7000003209,3,20260324,20260324,DR,,SYNTHETIC DEMO DOCUMENT
100,1000,2025,7000003210,7,20250723,20250723,SA,,SYNTHETIC DEMO DOCUMENT
100,1100,2025,7000003211,5,20250517,20250517,AB,,SYNTHETIC DEMO DOCUMENT
100,1100,2025,7000003212,11,20251120,20251120,KR,,SYNTHETIC DEMO DOCUMENT
100,1200,2025,7000003213,9,20250912,20250912,AB,,SYNTHETIC DEMO DOCUMENT
100,1100,2026,7000003214,7,20260705,20260705,AB,,SYNTHETIC DEMO DOCUMENT
100,1300,2025,7000003215,11,20251112,20251112,KR,,SYNTHETIC DEMO DOCUMENT
100,1100,2026,7000003216,2,20260223,20260223,DR,,SYNTHETIC DEMO DOCUMENT
100,1100,2026,7000003217,7,20260714,20260714,SA,,SYNTHETIC DEMO DOCUMENT
100,1200,2026,7000003218,3,20260309,20260309,DR,,SYNTHETIC DEMO DOCUMENT
100,1100,2026,7000003219,6,20260617,20260617,KR,,SYNTHETIC DEMO DOCUMENT
100,1200,2025,7000003220,6,20250621,20250621,DR,,SYNTHETIC DEMO DOCUMENT
100,1200,2026,7000003221,3,20260301,20260301,DR,,SYNTHETIC DEMO DOCUMENT
100,1300,2026,7000003222,3,20260319,20260319,SA,,SYNTHETIC DEMO DOCUMENT
100,1300,2025,7000003223,4,20250426,20250426,KR,,SYNTHETIC DEMO DOCUMENT
100,1200,2025,7000003224,6,20250626,20250626,KR,,SYNTHETIC DEMO DOCUMENT
100,1100,2026,7000003225,7,20260718,20260718,KR,,SYNTHETIC DEMO DOCUMENT
100,1000,2025,7000003226,12,20251215,20251215,KR,,SYNTHETIC DEMO DOCUMENT
100,1000,2026,7000003227,3,20260330,20260330,DR,,SYNTHETIC DEMO DOCUMENT
100,1200,2026,7000003228,1,20260117,20260117,AB,,SYNTHETIC DEMO DOCUMENT
100,1300,2026,7000003229,3,20260302,20260302,DR,,SYNTHETIC DEMO DOCUMENT
100,1000,2026,7000003230,1,20260114,20260114,KR,,SYNTHETIC DEMO DOCUMENT
100,1000,2026,7000003231,3,20260306,20260306,DR,,SYNTHETIC DEMO DOCUMENT
100,1300,2026,7000003232,7,20260721,20260721,KR,,SYNTHETIC DEMO DOCUMENT
100,1300,2026,7000003233,2,20260203,20260203,KR,,SYNTHETIC DEMO DOCUMENT
100,1300,2026,7000003234,7,20260723,20260723,KR,,SYNTHETIC DEMO DOCUMENT
100,1300,2025,7000003235,8,20250816,20250816,SA,,SYNTHETIC DEMO DOCUMENT
100,1300,2026,7000003236,4,20260404,20260404,KR,,SYNTHETIC DEMO DOCUMENT
100,1000,2026,7000003237,2,20260213,20260213,KR,,SYNTHETIC DEMO DOCUMENT
100,1200,2025,7000003238,5,20250522,20250522,DR,,SYNTHETIC DEMO DOCUMENT
100,1100,2025,7000003239,12,20251221,20251221,AB,,SYNTHETIC DEMO DOCUMENT
100,1200,2025,7000003240,5,20250523,20250523,SA,,SYNTHETIC DEMO DOCUMENT
100,1300,2026,7000003241,3,20260315,20260315,SA,,SYNTHETIC DEMO DOCUMENT
100,1100,2026,7000003242,9,20260925,20260925,DR,,SYNTHETIC DEMO DOCUMENT
100,1200,2026,7000003243,9,20260917,20260917,SA,,SYNTHETIC DEMO DOCUMENT
100,1300,2026,7000003244,5,20260502,20260502,KR,,SYNTHETIC DEMO DOCUMENT
100,1300,2025,7000003245,6,20250608,20250608,SA,,SYNTHETIC DEMO DOCUMENT
100,1000,2026,7000003246,1,20260127,20260127,KR,,SYNTHETIC DEMO DOCUMENT
100,1100,2026,7000003247,3,20260311,20260311,AB,,SYNTHETIC DEMO DOCUMENT
100,1100,2025,7000003248,10,20251031,20251031,DR,,SYNTHETIC DEMO DOCUMENT
100,1000,2026,7000003249,6,20260603,20260603,SA,,SYNTHETIC DEMO DOCUMENT
100,1200,2025,7000003250,8,20250807,20250807,SA,,SYNTHETIC DEMO DOCUMENT
100,1100,2026,7000003251,5,20260506,20260506,AB,,SYNTHETIC DEMO DOCUMENT
100,1100,2026,7000003252,9,20260927,20260927,DR,,SYNTHETIC DEMO DOCUMENT
100,1300,2026,7000003253,7,20260723,20260723,SA,,SYNTHETIC DEMO DOCUMENT
100,1300,2026,7000003254,4,20260428,20260428,DR,,SYNTHETIC DEMO DOCUMENT
100,1000,2025,7000003255,7,20250708,20250708,DR,,SYNTHETIC DEMO DOCUMENT
100,1200,2025,7000003256,6,20250630,20250630,KR,,SYNTHETIC DEMO DOCUMENT
100,1000,2025,7000003257,6,20250612,20250612,AB,,SYNTHETIC DEMO DOCUMENT
100,1000,2025,7000003258,5,20250516,20250516,AB,,SYNTHETIC DEMO DOCUMENT
100,1000,2026,7000003259,8,20260815,20260815,DR,,SYNTHETIC DEMO DOCUMENT
100,1200,2025,7000003260,7,20250704,20250704,DR,,SYNTHETIC DEMO DOCUMENT
100,1300,2025,7000003261,9,20250927,20250927,KR,,SYNTHETIC DEMO DOCUMENT
100,1200,2025,7000003262,4,20250401,20250401,DR,,SYNTHETIC DEMO DOCUMENT
100,1100,2026,7000003263,1,20260108,20260108,DR,,SYNTHETIC DEMO DOCUMENT
100,1300,2025,7000003264,8,20250823,20250823,KR,,SYNTHETIC DEMO DOCUMENT
100,1100,2026,7000003265,9,20260924,20260924,KR,,SYNTHETIC DEMO DOCUMENT
100,1000,2026,7000003266,7,20260725,20260725,DR,,SYNTHETIC DEMO DOCUMENT
100,1100,2026,7000003267,7,20260702,20260702,DR,,SYNTHETIC DEMO DOCUMENT
100,1300,2025,7000003268,7,20250727,20250727,DR,,SYNTHETIC DEMO DOCUMENT
100,1100,2025,7000003269,11,20251124,20251124,DR,,SYNTHETIC DEMO DOCUMENT
100,1000,2026,7000003270,5,20260507,20260507,AB,,SYNTHETIC DEMO DOCUMENT
100,1300,2026,7000003271,6,20260627,20260627,AB,,SYNTHETIC DEMO DOCUMENT
100,1200,2025,7000003272,8,20250829,20250829,AB,,SYNTHETIC DEMO DOCUMENT
100,1100,2026,7000003273,5,20260520,20260520,KR,,SYNTHETIC DEMO DOCUMENT
100,1100,2025,7000003274,8,20250821,20250821,DR,,SYNTHETIC DEMO DOCUMENT
100,1300,2025,7000003275,12,20251217,20251217,AB,,SYNTHETIC DEMO DOCUMENT
100,1200,2026,7000003276,1,20260108,20260108,DR,,SYNTHETIC DEMO DOCUMENT
100,1200,2026,7000003277,2,20260216,20260216,SA,,SYNTHETIC DEMO DOCUMENT
100,1000,2025,7000003278,12,20251209,20251209,DR,,SYNTHETIC DEMO DOCUMENT
100,1300,2026,7000003279,5,20260521,20260521,KR,,SYNTHETIC DEMO DOCUMENT
100,1300,2026,7000003280,9,20260918,20260918,KR,,SYNTHETIC DEMO DOCUMENT
100,1300,2025,7000003281,4,20250421,20250421,AB,,SYNTHETIC DEMO DOCUMENT
100,1100,2025,7000003282,7,20250707,20250707,SA,,SYNTHETIC DEMO DOCUMENT
100,1100,2025,7000003283,9,20250907,20250907,SA,,SYNTHETIC DEMO DOCUMENT
100,1100,2026,7000003284,5,20260511,20260511,DR,,SYNTHETIC DEMO DOCUMENT
100,1200,2026,7000003285,8,20260820,20260820,SA,,SYNTHETIC DEMO DOCUMENT
100,1000,2025,7000003286,6,20250605,20250605,SA,,SYNTHETIC DEMO DOCUMENT
100,1100,2025,7000003287,7,20250706,20250706,AB,,SYNTHETIC DEMO DOCUMENT
100,1100,2025,7000003288,11,20251116,20251116,DR,,SYNTHETIC DEMO DOCUMENT
100,1100,2026,7000003289,7,20260709,20260709,DR,,SYNTHETIC DEMO DOCUMENT
100,1200,2026,7000003290,7,20260708,20260708,AB,,SYNTHETIC DEMO DOCUMENT
100,1100,2026,7000003291,4,20260415,20260415,KR,,SYNTHETIC DEMO DOCUMENT
100,1300,2025,7000003292,5,20250506,20250506,SA,,SYNTHETIC DEMO DOCUMENT
100,1100,2025,7000003293,8,20250815,20250815,AB,,SYNTHETIC DEMO DOCUMENT
100,1100,2025,7000003294,8,20250804,20250804,AB,,SYNTHETIC DEMO DOCUMENT
100,1100,2026,7000003295,2,20260205,20260205,KR,,SYNTHETIC DEMO DOCUMENT
100,1300,2025,7000003296,6,20250603,20250603,AB,,SYNTHETIC DEMO DOCUMENT
100,1200,2026,7000003297,4,20260411,20260411,KR,,SYNTHETIC DEMO DOCUMENT
100,1200,2025,7000003298,9,20250902,20250902,AB,,SYNTHETIC DEMO DOCUMENT
100,1100,2026,7000003299,1,20260131,20260131,DR,,SYNTHETIC DEMO DOCUMENT
100,1000,2026,7000003300,8,20260805,20260805,KR,,SYNTHETIC DEMO DOCUMENT
100,1300,2025,7000003301,7,20250728,20250728,AB,,SYNTHETIC DEMO DOCUMENT
100,1100,2025,7000003302,10,20251023,20251023,KR,,SYNTHETIC DEMO DOCUMENT
100,1200,2026,7000003303,1,20260125,20260125,DR,,SYNTHETIC DEMO DOCUMENT
100,1000,2026,7000003304,9,20260904,20260904,KR,,SYNTHETIC DEMO DOCUMENT
100,1000,2025,7000003305,4,20250415,20250415,KR,,SYNTHETIC DEMO DOCUMENT
100,1100,2025,7000003306,5,20250501,20250501,SA,,SYNTHETIC DEMO DOCUMENT
100,1300,2026,7000003307,3,20260308,20260308,KR,,SYNTHETIC DEMO DOCUMENT
100,1100,2025,7000003308,11,20251126,20251126,KR,,SYNTHETIC DEMO DOCUMENT
100,1100,2025,7000003309,8,20250823,20250823,DR,,SYNTHETIC DEMO DOCUMENT
100,1300,2025,7000003310,9,20250901,20250901,KR,,SYNTHETIC DEMO DOCUMENT
100,1000,2026,7000003311,8,20260809,20260809,KR,,SYNTHETIC DEMO DOCUMENT
100,1000,2026,7000003312,1,20260130,20260130,SA,,SYNTHETIC DEMO DOCUMENT
100,1300,2026,7000003313,6,20260611,20260611,KR,,SYNTHETIC DEMO DOCUMENT
100,1300,2026,7000003314,3,20260315,20260315,KR,,SYNTHETIC DEMO DOCUMENT
100,1200,2026,7000003315,8,20260822,20260822,SA,,SYNTHETIC DEMO DOCUMENT
100,1100,2025,7000003316,4,20250410,20250410,KR,,SYNTHETIC DEMO DOCUMENT
100,1000,2026,7000003317,2,20260215,20260215,DR,,SYNTHETIC DEMO DOCUMENT
100,1200,2026,7000003318,4,20260419,20260419,KR,,SYNTHETIC DEMO DOCUMENT
100,1100,2026,7000003319,9,20260917,20260917,DR,,SYNTHETIC DEMO DOCUMENT
100,1100,2026,7000003320,7,20260714,20260714,SA,,SYNTHETIC DEMO DOCUMENT
100,1300,2026,7000003321,4,20260409,20260409,DR,,SYNTHETIC DEMO DOCUMENT
100,1100,2025,7000003322,6,20250614,20250614,KR,,SYNTHETIC DEMO DOCUMENT
100,1200,2026,7000003323,1,20260102,20260102,KR,,SYNTHETIC DEMO DOCUMENT
100,1200,2026,7000003324,9,20260916,20260916,AB,,SYNTHETIC DEMO DOCUMENT
100,1300,2026,7000003325,2,20260222,20260222,DR,,SYNTHETIC DEMO DOCUMENT
100,1100,2026,7000003326,5,20260507,20260507,KR,,SYNTHETIC DEMO DOCUMENT
100,1300,2026,7000003327,4,20260404,20260404,DR,,SYNTHETIC DEMO DOCUMENT
100,1100,2025,7000003328,10,20251011,20251011,KR,,SYNTHETIC DEMO DOCUMENT
100,1100,2026,7000003329,2,20260220,20260220,DR,,SYNTHETIC DEMO DOCUMENT
100,1100,2026,7000003330,5,20260502,20260502,KR,,SYNTHETIC DEMO DOCUMENT
100,1300,2025,7000003331,4,20250422,20250422,AB,,SYNTHETIC DEMO DOCUMENT
100,1000,2026,7000003332,8,20260821,20260821,SA,,SYNTHETIC DEMO DOCUMENT
100,1000,2025,7000003333,10,20251012,20251012,KR,,SYNTHETIC DEMO DOCUMENT
100,1000,2025,7000003334,12,20251205,20251205,DR,,SYNTHETIC DEMO DOCUMENT
100,1300,2025,7000003335,6,20250609,20250609,KR,,SYNTHETIC DEMO DOCUMENT
100,1100,2025,7000003336,11,20251122,20251122,SA,,SYNTHETIC DEMO DOCUMENT
100,1200,2026,7000003337,3,20260308,20260308,DR,,SYNTHETIC DEMO DOCUMENT
100,1200,2025,7000003338,11,20251120,20251120,DR,,SYNTHETIC DEMO DOCUMENT
100,1000,2026,7000003339,2,20260225,20260225,DR,,SYNTHETIC DEMO DOCUMENT
100,1300,2025,7000003340,11,20251112,20251112,AB,,SYNTHETIC DEMO DOCUMENT
100,1000,2025,7000003341,8,20250819,20250819,SA,,SYNTHETIC DEMO DOCUMENT
100,1100,2026,7000003342,2,20260204,20260204,KR,,SYNTHETIC DEMO DOCUMENT
100,1300,2025,7000003343,10,20251017,20251017,DR,,SYNTHETIC DEMO DOCUMENT
100,1300,2026,7000003344,4,20260402,20260402,SA,,SYNTHETIC DEMO DOCUMENT
100,1000,2026,7000003345,8,20260818,20260818,KR,,SYNTHETIC DEMO DOCUMENT
100,1300,2025,7000003346,6,20250625,20250625,KR,,SYNTHETIC DEMO DOCUMENT
100,1000,2025,7000003347,12,20251210,20251210,DR,,SYNTHETIC DEMO DOCUMENT
100,1300,2026,7000003348,3,20260306,20260306,AB,,SYNTHETIC DEMO DOCUMENT
100,1300,2025,7000003349,9,20250930,20250930,KR,,SYNTHETIC DEMO DOCUMENT
100,1000,2026,7000003350,8,20260805,20260805,SA,,SYNTHETIC DEMO DOCUMENT
100,1200,2025,7000003351,9,20250925,20250925,KR,,SYNTHETIC DEMO DOCUMENT
100,1100,2026,7000003352,1,20260111,20260111,SA,,SYNTHETIC DEMO DOCUMENT
100,1100,2026,7000003353,3,20260319,20260319,KR,,SYNTHETIC DEMO DOCUMENT
100,1100,2026,7000003354,7,20260720,20260720,KR,,SYNTHETIC DEMO DOCUMENT
100,1100,2025,7000003355,10,20251001,20251001,AB,,SYNTHETIC DEMO DOCUMENT
100,1000,2026,7000003356,2,20260215,20260215,SA,7000003355,SYNTHETIC DEMO DOCUMENT
100,1300,2026,7000003357,1,20260130,20260130,DR,,SYNTHETIC DEMO DOCUMENT
100,1100,2026,7000003358,1,20260116,20260116,DR,,SYNTHETIC DEMO DOCUMENT
100,1200,2026,7000003359,6,20260620,20260620,KR,,SYNTHETIC DEMO DOCUMENT
100,1000,2026,7000003360,9,20260903,20260903,AB,,SYNTHETIC DEMO DOCUMENT
100,1000,2025,7000003361,7,20250727,20250727,DR,,SYNTHETIC DEMO DOCUMENT
100,1100,2025,7000003362,12,20251215,20251215,SA,,SYNTHETIC DEMO DOCUMENT
100,1100,2026,7000003363,7,20260713,20260713,KR,,SYNTHETIC DEMO DOCUMENT
100,1100,2025,7000003364,8,20250804,20250804,KR,,SYNTHETIC DEMO DOCUMENT
100,1100,2026,7000003365,3,20260318,20260318,KR,,SYNTHETIC DEMO DOCUMENT
100,1100,2026,7000003366,9,20260901,20260901,KR,,SYNTHETIC DEMO DOCUMENT
100,1100,2025,7000003367,6,20250629,20250629,SA,,SYNTHETIC DEMO DOCUMENT
100,1100,2025,7000003368,7,20250715,20250715,AB,,SYNTHETIC DEMO DOCUMENT
100,1100,2025,7000003369,10,20251001,20251001,KR,,SYNTHETIC DEMO DOCUMENT
100,1100,2026,7000003370,8,20260825,20260825,AB,,SYNTHETIC DEMO DOCUMENT
100,1000,2026,7000003371,1,20260108,20260108,KR,7000003370,SYNTHETIC DEMO DOCUMENT
100,1300,2026,7000003372,7,20260701,20260701,DR,,SYNTHETIC DEMO DOCUMENT
100,1000,2025,7000003373,10,20251029,20251029,SA,,SYNTHETIC DEMO DOCUMENT
100,1000,2025,7000003374,4,20250414,20250414,AB,,SYNTHETIC DEMO DOCUMENT
100,1000,2025,7000003375,6,20250613,20250613,DR,,SYNTHETIC DEMO DOCUMENT
100,1000,2025,7000003376,5,20250515,20250515,SA,,SYNTHETIC DEMO DOCUMENT
100,1200,2025,7000003377,11,20251130,20251130,DR,,SYNTHETIC DEMO DOCUMENT
100,1300,2026,7000003378,5,20260518,20260518,SA,,SYNTHETIC DEMO DOCUMENT
100,1200,2026,7000003379,3,20260321,20260321,KR,7000003378,SYNTHETIC DEMO DOCUMENT
100,1100,2026,7000003380,2,20260215,20260215,KR,,SYNTHETIC DEMO DOCUMENT
100,1300,2025,7000003381,7,20250706,20250706,KR,,SYNTHETIC DEMO DOCUMENT
100,1100,2026,7000003382,2,20260228,20260228,DR,,SYNTHETIC DEMO DOCUMENT
100,1100,2025,7000003383,4,20250406,20250406,KR,,SYNTHETIC DEMO DOCUMENT
100,1100,2026,7000003384,6,20260601,20260601,DR,,SYNTHETIC DEMO DOCUMENT
100,1300,2025,7000003385,11,20251127,20251127,KR,,SYNTHETIC DEMO DOCUMENT
100,1100,2025,7000003386,10,20251020,20251020,SA,,SYNTHETIC DEMO DOCUMENT
100,1000,2026,7000003387,6,20260626,20260626,DR,,SYNTHETIC DEMO DOCUMENT
100,1000,2026,7000003388,5,20260525,20260525,KR,,SYNTHETIC DEMO DOCUMENT
100,1100,2025,7000003389,4,20250426,20250426,AB,,SYNTHETIC DEMO DOCUMENT
100,1300,2026,7000003390,2,20260207,20260207,DR,,SYNTHETIC DEMO DOCUMENT
100,1200,2026,7000003391,9,20260909,20260909,SA,,SYNTHETIC DEMO DOCUMENT
100,1100,2025,7000003392,11,20251102,20251102,KR,,SYNTHETIC DEMO DOCUMENT
100,1300,2026,7000003393,6,20260610,20260610,SA,,SYNTHETIC DEMO DOCUMENT
100,1300,2026,7000003394,4,20260411,20260411,DR,,SYNTHETIC DEMO DOCUMENT
100,1100,2025,7000003395,11,20251112,20251112,DR,,SYNTHETIC DEMO DOCUMENT
100,1300,2025,7000003396,11,20251129,20251129,KR,,SYNTHETIC DEMO DOCUMENT
100,1300,2026,7000003397,8,20260815,20260815,SA,,SYNTHETIC DEMO DOCUMENT
100,1200,2025,7000003398,7,20250720,20250720,DR,,SYNTHETIC DEMO DOCUMENT
100,1000,2025,7000003399,11,20251109,20251109,AB,,SYNTHETIC DEMO DOCUMENT
100,1000,2026,7000003400,9,20260917,20260917,KR,,SYNTHETIC DEMO DOCUMENT
100,1300,2026,7000003401,1,20260130,20260130,SA,,SYNTHETIC DEMO DOCUMENT
100,1000,2026,7000003402,4,20260428,20260428,DR,,SYNTHETIC DEMO DOCUMENT
100,1100,2025,7000003403,10,20251024,20251024,DR,,SYNTHETIC DEMO DOCUMENT
100,1100,2026,7000003404,5,20260527,20260527,KR,,SYNTHETIC DEMO DOCUMENT
100,1200,2026,7000003405,5,20260518,20260518,SA,,SYNTHETIC DEMO DOCUMENT
100,1000,2026,7000003406,5,20260530,20260530,AB,,SYNTHETIC DEMO DOCUMENT
100,1200,2026,7000003407,6,20260623,20260623,KR,,SYNTHETIC DEMO DOCUMENT
100,1100,2025,7000003408,5,20250523,20250523,DR,,SYNTHETIC DEMO DOCUMENT
100,1200,2026,7000003409,9,20260916,20260916,DR,,SYNTHETIC DEMO DOCUMENT
100,1100,2025,7000003410,7,20250720,20250720,AB,,SYNTHETIC DEMO DOCUMENT
100,1000,2026,7000003411,8,20260830,20260830,KR,,SYNTHETIC DEMO DOCUMENT
100,1100,2025,7000003412,11,20251126,20251126,KR,,SYNTHETIC DEMO DOCUMENT
100,1100,2026,7000003413,8,20260810,20260810,KR,,SYNTHETIC DEMO DOCUMENT
100,1000,2026,7000003414,1,20260119,20260119,KR,,SYNTHETIC DEMO DOCUMENT
100,1100,2026,7000003415,1,20260127,20260127,KR,,SYNTHETIC DEMO DOCUMENT
100,1000,2025,7000003416,12,20251206,20251206,KR,,SYNTHETIC DEMO DOCUMENT
100,1000,2025,7000003417,11,20251116,20251116,KR,,SYNTHETIC DEMO DOCUMENT
100,1200,2025,7000003418,5,20250517,20250517,SA,,SYNTHETIC DEMO DOCUMENT
100,1000,2025,7000003419,9,20250910,20250910,KR,,SYNTHETIC DEMO DOCUMENT
100,1000,2026,7000003420,1,20260131,20260131,DR,,SYNTHETIC DEMO DOCUMENT
100,1100,2025,7000003421,6,20250604,20250604,KR,,SYNTHETIC DEMO DOCUMENT
100,1200,2025,7000003422,9,20250916,20250916,DR,,SYNTHETIC DEMO DOCUMENT
100,1300,2026,7000003423,8,20260810,20260810,KR,,SYNTHETIC DEMO DOCUMENT
100,1000,2025,7000003424,8,20250821,20250821,SA,,SYNTHETIC DEMO DOCUMENT
100,1100,2025,7000003425,10,20251029,20251029,KR,,SYNTHETIC DEMO DOCUMENT
100,1100,2025,7000003426,5,20250502,20250502,SA,,SYNTHETIC DEMO DOCUMENT
100,1200,2025,7000003427,12,20251223,20251223,DR,,SYNTHETIC DEMO DOCUMENT
100,1100,2026,7000003428,5,20260504,20260504,AB,,SYNTHETIC DEMO DOCUMENT
100,1000,2026,7000003429,7,20260716,20260716,DR,,SYNTHETIC DEMO DOCUMENT
100,1100,2026,7000003430,8,20260826,20260826,AB,,SYNTHETIC DEMO DOCUMENT
100,1100,2025,7000003431,12,20251202,20251202,DR,,SYNTHETIC DEMO DOCUMENT
100,1300,2026,7000003432,4,20260410,20260410,SA,,SYNTHETIC DEMO DOCUMENT
100,1300,2025,7000003433,10,20251013,20251013,DR,,SYNTHETIC DEMO DOCUMENT
100,1100,2025,7000003434,8,20250825,20250825,DR,,SYNTHETIC DEMO DOCUMENT
100,1300,2025,7000003435,9,20250904,20250904,DR,,SYNTHETIC DEMO DOCUMENT
100,1300,2025,7000003436,11,20251105,20251105,KR,,SYNTHETIC DEMO DOCUMENT
100,1000,2025,7000003437,10,20251011,20251011,KR,,SYNTHETIC DEMO DOCUMENT
100,1100,2025,7000003438,11,20251121,20251121,AB,,SYNTHETIC DEMO DOCUMENT
100,1000,2026,7000003439,2,20260219,20260219,KR,,SYNTHETIC DEMO DOCUMENT
100,1300,2026,7000003440,2,20260208,20260208,SA,,SYNTHETIC DEMO DOCUMENT
100,1200,2025,7000003441,7,20250713,20250713,KR,,SYNTHETIC DEMO DOCUMENT
100,1100,2025,7000003442,12,20251203,20251203,KR,,SYNTHETIC DEMO DOCUMENT
100,1300,2026,7000003443,6,20260601,20260601,DR,,SYNTHETIC DEMO DOCUMENT
100,1000,2025,7000003444,9,20250914,20250914,AB,,SYNTHETIC DEMO DOCUMENT
100,1100,2026,7000003445,3,20260326,20260326,SA,,SYNTHETIC DEMO DOCUMENT
100,1300,2026,7000003446,5,20260522,20260522,DR,,SYNTHETIC DEMO DOCUMENT
100,1200,2026,7000003447,7,20260702,20260702,AB,,SYNTHETIC DEMO DOCUMENT
100,1200,2026,7000003448,7,20260729,20260729,DR,,SYNTHETIC DEMO DOCUMENT
100,1300,2026,7000003449,4,20260428,20260428,SA,,SYNTHETIC DEMO DOCUMENT
100,1200,2026,7000003450,2,20260202,20260202,KR,,SYNTHETIC DEMO DOCUMENT
100,1300,2026,7000003451,5,20260519,20260519,KR,,SYNTHETIC DEMO DOCUMENT
100,1300,2026,7000003452,1,20260106,20260106,AB,,SYNTHETIC DEMO DOCUMENT
100,1100,2025,7000003453,6,20250610,20250610,KR,,SYNTHETIC DEMO DOCUMENT
100,1200,2025,7000003454,10,20251004,20251004,KR,,SYNTHETIC DEMO DOCUMENT
100,1300,2025,7000003455,8,20250811,20250811,DR,,SYNTHETIC DEMO DOCUMENT
100,1100,2025,7000003456,4,20250409,20250409,KR,,SYNTHETIC DEMO DOCUMENT
100,1100,2026,7000003457,6,20260602,20260602,DR,,SYNTHETIC DEMO DOCUMENT
100,1200,2025,7000003458,6,20250603,20250603,AB,,SYNTHETIC DEMO DOCUMENT
100,1100,2025,7000003459,6,20250626,20250626,DR,7000003458,SYNTHETIC DEMO DOCUMENT
100,1100,2026,7000003460,6,20260622,20260622,SA,,SYNTHETIC DEMO DOCUMENT
100,1000,2026,7000003461,6,20260629,20260629,KR,,SYNTHETIC DEMO DOCUMENT
100,1000,2025,7000003462,5,20250518,20250518,SA,,SYNTHETIC DEMO DOCUMENT
100,1000,2026,7000003463,3,20260311,20260311,DR,,SYNTHETIC DEMO DOCUMENT
100,1200,2026,7000003464,8,20260814,20260814,DR,,SYNTHETIC DEMO DOCUMENT
100,1100,2026,7000003465,9,20260911,20260911,AB,,SYNTHETIC DEMO DOCUMENT
100,1300,2026,7000003466,3,20260317,20260317,SA,,SYNTHETIC DEMO DOCUMENT
100,1100,2026,7000003467,2,20260215,20260215,DR,,SYNTHETIC DEMO DOCUMENT
100,1300,2025,7000003468,6,20250609,20250609,KR,,SYNTHETIC DEMO DOCUMENT
100,1100,2025,7000003469,5,20250509,20250509,DR,,SYNTHETIC DEMO DOCUMENT
100,1200,2025,7000003470,7,20250730,20250730,KR,,SYNTHETIC DEMO DOCUMENT
100,1200,2026,7000003471,5,20260512,20260512,KR,,SYNTHETIC DEMO DOCUMENT
100,1100,2025,7000003472,10,20251024,20251024,KR,,SYNTHETIC DEMO DOCUMENT
100,1100,2026,7000003473,9,20260907,20260907,DR,,SYNTHETIC DEMO DOCUMENT
100,1300,2026,7000003474,4,20260412,20260412,SA,,SYNTHETIC DEMO DOCUMENT
100,1300,2026,7000003475,5,20260529,20260529,KR,,SYNTHETIC DEMO DOCUMENT
100,1300,2026,7000003476,7,20260703,20260703,KR,,SYNTHETIC DEMO DOCUMENT
100,1300,2025,7000003477,8,20250806,20250806,DR,,SYNTHETIC DEMO DOCUMENT
100,1100,2026,7000003478,2,20260210,20260210,SA,,SYNTHETIC DEMO DOCUMENT
100,1200,2026,7000003479,6,20260616,20260616,KR,,SYNTHETIC DEMO DOCUMENT
100,1100,2026,7000003480,5,20260518,20260518,SA,,SYNTHETIC DEMO DOCUMENT
100,1300,2026,7000003481,2,20260223,20260223,KR,,SYNTHETIC DEMO DOCUMENT
100,1200,2025,7000003482,12,20251208,20251208,DR,,SYNTHETIC DEMO DOCUMENT
100,1300,2025,7000003483,5,20250517,20250517,AB,,SYNTHETIC DEMO DOCUMENT
100,1100,2026,7000003484,9,20260901,20260901,DR,,SYNTHETIC DEMO DOCUMENT
100,1200,2026,7000003485,3,20260325,20260325,DR,,SYNTHETIC DEMO DOCUMENT
100,1300,2026,7000003486,2,20260227,20260227,KR,,SYNTHETIC DEMO DOCUMENT
100,1200,2025,7000003487,4,20250420,20250420,SA,,SYNTHETIC DEMO DOCUMENT
100,1100,2026,7000003488,6,20260605,20260605,SA,,SYNTHETIC DEMO DOCUMENT
100,1200,2026,7000003489,3,20260306,20260306,KR,,SYNTHETIC DEMO DOCUMENT
100,1100,2026,7000003490,7,20260724,20260724,KR,,SYNTHETIC DEMO DOCUMENT
100,1100,2026,7000003491,8,20260813,20260813,KR,,SYNTHETIC DEMO DOCUMENT
100,1000,2025,7000003492,10,20251029,20251029,AB,,SYNTHETIC DEMO DOCUMENT
100,1300,2025,7000003493,7,20250726,20250726,DR,,SYNTHETIC DEMO DOCUMENT
100,1200,2025,7000003494,7,20250728,20250728,KR,,SYNTHETIC DEMO DOCUMENT
100,1100,2025,7000003495,4,20250413,20250413,KR,,SYNTHETIC DEMO DOCUMENT
100,1100,2026,7000003496,9,20260901,20260901,KR,,SYNTHETIC DEMO DOCUMENT
100,1100,2026,7000003497,5,20260505,20260505,DR,,SYNTHETIC DEMO DOCUMENT
100,1300,2025,7000003498,5,20250510,20250510,SA,7000003497,SYNTHETIC DEMO DOCUMENT
100,1100,2025,7000003499,9,20250927,20250927,AB,,SYNTHETIC DEMO DOCUMENT
100,1100,2025,7000003500,9,20250929,20250929,DR,,SYNTHETIC DEMO DOCUMENT
100,1300,2026,7000003501,9,20260901,20260901,KR,7000003500,SYNTHETIC DEMO DOCUMENT
100,1100,2025,7000003502,11,20251118,20251118,KR,,SYNTHETIC DEMO DOCUMENT
100,1000,2025,7000003503,12,20251210,20251210,KR,,SYNTHETIC DEMO DOCUMENT
100,1000,2025,7000003504,5,20250526,20250526,KR,,SYNTHETIC DEMO DOCUMENT
100,1200,2025,7000003505,7,20250702,20250702,AB,,SYNTHETIC DEMO DOCUMENT
100,1300,2025,7000003506,10,20251020,20251020,AB,,SYNTHETIC DEMO DOCUMENT
100,1300,2026,7000003507,4,20260409,20260409,AB,,SYNTHETIC DEMO DOCUMENT
100,1300,2025,7000003508,12,20251216,20251216,DR,,SYNTHETIC DEMO DOCUMENT
100,1300,2025,7000003509,9,20250924,20250924,DR,,SYNTHETIC DEMO DOCUMENT
100,1300,2025,7000003510,12,20251208,20251208,KR,,SYNTHETIC DEMO DOCUMENT
100,1100,2026,7000003511,6,20260608,20260608,DR,,SYNTHETIC DEMO DOCUMENT
100,1300,2026,7000003512,2,20260216,20260216,DR,,SYNTHETIC DEMO DOCUMENT
100,1300,2026,7000003513,7,20260720,20260720,DR,,SYNTHETIC DEMO DOCUMENT
100,1200,2025,7000003514,12,20251207,20251207,KR,,SYNTHETIC DEMO DOCUMENT
100,1300,2025,7000003515,9,20250905,20250905,DR,,SYNTHETIC DEMO DOCUMENT
100,1000,2026,7000003516,9,20260920,20260920,AB,7000003515,SYNTHETIC DEMO DOCUMENT
100,1300,2026,7000003517,1,20260118,20260118,SA,,SYNTHETIC DEMO DOCUMENT
100,1300,2026,7000003518,1,20260125,20260125,KR,,SYNTHETIC DEMO DOCUMENT
100,1000,2026,7000003519,8,20260809,20260809,SA,,SYNTHETIC DEMO DOCUMENT
100,1100,2026,7000003520,1,20260119,20260119,KR,,SYNTHETIC DEMO DOCUMENT
100,1000,2025,7000003521,10,20251027,20251027,DR,,SYNTHETIC DEMO DOCUMENT
100,1100,2025,7000003522,11,20251116,20251116,DR,,SYNTHETIC DEMO DOCUMENT
100,1100,2025,7000003523,7,20250724,20250724,KR,,SYNTHETIC DEMO DOCUMENT
100,1100,2025,7000003524,6,20250623,20250623,SA,,SYNTHETIC DEMO DOCUMENT
100,1300,2025,7000003525,7,20250726,20250726,SA,,SYNTHETIC DEMO DOCUMENT
100,1200,2026,7000003526,5,20260506,20260506,KR,7000003525,SYNTHETIC DEMO DOCUMENT
100,1300,2026,7000003527,5,20260529,20260529,AB,,SYNTHETIC DEMO DOCUMENT
100,1100,2026,7000003528,3,20260313,20260313,SA,,SYNTHETIC DEMO DOCUMENT
100,1300,2025,7000003529,10,20251004,20251004,KR,,SYNTHETIC DEMO DOCUMENT
100,1100,2025,7000003530,10,20251010,20251010,AB,,SYNTHETIC DEMO DOCUMENT
100,1100,2025,7000003531,6,20250613,20250613,KR,,SYNTHETIC DEMO DOCUMENT
100,1100,2026,7000003532,6,20260613,20260613,KR,,SYNTHETIC DEMO DOCUMENT
100,1200,2025,7000003533,10,20251030,20251030,KR,,SYNTHETIC DEMO DOCUMENT
100,1300,2026,7000003534,8,20260818,20260818,DR,,SYNTHETIC DEMO DOCUMENT
100,1100,2026,7000003535,4,20260401,20260401,KR,,SYNTHETIC DEMO DOCUMENT
100,1200,2025,7000003536,9,20250926,20250926,KR,,SYNTHETIC DEMO DOCUMENT
100,1100,2025,7000003537,12,20251229,20251229,SA,,SYNTHETIC DEMO DOCUMENT
100,1100,2026,7000003538,3,20260309,20260309,AB,,SYNTHETIC DEMO DOCUMENT
100,1100,2025,7000003539,6,20250629,20250629,KR,,SYNTHETIC DEMO DOCUMENT
100,1100,2025,7000003540,6,20250620,20250620,DR,,SYNTHETIC DEMO DOCUMENT
100,1200,2026,7000003541,5,20260511,20260511,SA,,SYNTHETIC DEMO DOCUMENT
100,1100,2025,7000003542,10,20251011,20251011,KR,,SYNTHETIC DEMO DOCUMENT
100,1000,2025,7000003543,12,20251224,20251224,DR,,SYNTHETIC DEMO DOCUMENT
100,1100,2026,7000003544,9,20260925,20260925,KR,,SYNTHETIC DEMO DOCUMENT
100,1000,2025,7000003545,11,20251116,20251116,KR,,SYNTHETIC DEMO DOCUMENT
100,1300,2026,7000003546,4,20260427,20260427,AB,,SYNTHETIC DEMO DOCUMENT
100,1300,2025,7000003547,7,20250728,20250728,KR,,SYNTHETIC DEMO DOCUMENT
100,1300,2025,7000003548,4,20250402,20250402,KR,,SYNTHETIC DEMO DOCUMENT
100,1300,2026,7000003549,2,20260224,20260224,KR,,SYNTHETIC DEMO DOCUMENT
100,1100,2025,7000003550,7,20250719,20250719,DR,,SYNTHETIC DEMO DOCUMENT
100,1300,2025,7000003551,11,20251119,20251119,DR,,SYNTHETIC DEMO DOCUMENT
100,1000,2025,7000003552,7,20250730,20250730,KR,,SYNTHETIC DEMO DOCUMENT
100,1000,2025,7000003553,7,20250727,20250727,SA,,SYNTHETIC DEMO DOCUMENT
100,1300,2025,7000003554,7,20250709,20250709,KR,,SYNTHETIC DEMO DOCUMENT
100,1200,2025,7000003555,5,20250510,20250510,AB,,SYNTHETIC DEMO DOCUMENT
100,1300,2025,7000003556,9,20250926,20250926,AB,,SYNTHETIC DEMO DOCUMENT
100,1100,2025,7000003557,11,20251124,20251124,KR,,SYNTHETIC DEMO DOCUMENT
100,1100,2025,7000003558,4,20250425,20250425,DR,,SYNTHETIC DEMO DOCUMENT
100,1000,2025,7000003559,8,20250807,20250807,KR,,SYNTHETIC DEMO DOCUMENT
100,1100,2025,7000003560,11,20251104,20251104,SA,,SYNTHETIC DEMO DOCUMENT
100,1300,2025,7000003561,10,20251021,20251021,SA,,SYNTHETIC DEMO DOCUMENT
100,1100,2025,7000003562,8,20250812,20250812,DR,,SYNTHETIC DEMO DOCUMENT
100,1300,2025,7000003563,4,20250418,20250418,AB,,SYNTHETIC DEMO DOCUMENT
100,1100,2026,7000003564,5,20260512,20260512,AB,,SYNTHETIC DEMO DOCUMENT
100,1200,2026,7000003565,9,20260914,20260914,SA,,SYNTHETIC DEMO DOCUMENT
100,1300,2025,7000003566,10,20251028,20251028,DR,,SYNTHETIC DEMO DOCUMENT
100,1100,2025,7000003567,6,20250601,20250601,KR,,SYNTHETIC DEMO DOCUMENT
100,1100,2025,7000003568,4,20250405,20250405,AB,,SYNTHETIC DEMO DOCUMENT
100,1200,2025,7000003569,12,20251214,20251214,DR,,SYNTHETIC DEMO DOCUMENT
100,1100,2025,7000003570,5,20250523,20250523,KR,,SYNTHETIC DEMO DOCUMENT
100,1100,2025,7000003571,7,20250730,20250730,KR,,SYNTHETIC DEMO DOCUMENT
100,1200,2025,7000003572,12,20251229,20251229,DR,,SYNTHETIC DEMO DOCUMENT
100,1000,2025,7000003573,12,20251201,20251201,DR,,SYNTHETIC DEMO DOCUMENT
100,1300,2026,7000003574,2,20260228,20260228,KR,,SYNTHETIC DEMO DOCUMENT
100,1200,2025,7000003575,7,20250715,20250715,AB,,SYNTHETIC DEMO DOCUMENT
100,1100,2026,7000003576,7,20260727,20260727,SA,,SYNTHETIC DEMO DOCUMENT
100,1200,2026,7000003577,3,20260329,20260329,KR,,SYNTHETIC DEMO DOCUMENT
100,1200,2026,7000003578,2,20260211,20260211,SA,,SYNTHETIC DEMO DOCUMENT
100,1000,2026,7000003579,2,20260219,20260219,AB,,SYNTHETIC DEMO DOCUMENT
100,1100,2026,7000003580,3,20260313,20260313,KR,,SYNTHETIC DEMO DOCUMENT
100,1300,2025,7000003581,12,20251208,20251208,AB,,SYNTHETIC DEMO DOCUMENT
100,1000,2026,7000003582,7,20260711,20260711,DR,,SYNTHETIC DEMO DOCUMENT
100,1000,2026,7000003583,7,20260714,20260714,KR,,SYNTHETIC DEMO DOCUMENT
100,1300,2025,7000003584,10,20251002,20251002,DR,,SYNTHETIC DEMO DOCUMENT
100,1000,2025,7000003585,10,20251020,20251020,DR,,SYNTHETIC DEMO DOCUMENT
100,1000,2026,7000003586,3,20260315,20260315,KR,,SYNTHETIC DEMO DOCUMENT
100,1300,2025,7000003587,4,20250410,20250410,KR,,SYNTHETIC DEMO DOCUMENT
100,1300,2025,7000003588,9,20250919,20250919,KR,,SYNTHETIC DEMO DOCUMENT
100,1100,2026,7000003589,9,20260909,20260909,SA,,SYNTHETIC DEMO DOCUMENT
100,1300,2026,7000003590,9,20260914,20260914,DR,,SYNTHETIC DEMO DOCUMENT
100,1200,2026,7000003591,9,20260925,20260925,KR,,SYNTHETIC DEMO DOCUMENT
100,1300,2025,7000003592,12,20251201,20251201,KR,,SYNTHETIC DEMO DOCUMENT
100,1200,2025,7000003593,5,20250524,20250524,DR,,SYNTHETIC DEMO DOCUMENT
100,1100,2025,7000003594,4,20250416,20250416,DR,,SYNTHETIC DEMO DOCUMENT
100,1100,2025,7000003595,7,20250714,20250714,DR,,SYNTHETIC DEMO DOCUMENT
100,1000,2025,7000003596,11,20251108,20251108,KR,,SYNTHETIC DEMO DOCUMENT
100,1100,2026,7000003597,2,20260211,20260211,KR,,SYNTHETIC DEMO DOCUMENT
100,1000,2025,7000003598,8,20250829,20250829,KR,,SYNTHETIC DEMO DOCUMENT
100,1100,2025,7000003599,7,20250731,20250731,SA,,SYNTHETIC DEMO DOCUMENT
100,1100,2025,7000003600,8,20250817,20250817,KR,,SYNTHETIC DEMO DOCUMENT
100,1300,2025,7000003601,9,20250924,20250924,KR,,SYNTHETIC DEMO DOCUMENT
100,1100,2025,7000003602,7,20250703,20250703,DR,,SYNTHETIC DEMO DOCUMENT
100,1100,2026,7000003603,2,20260219,20260219,KR,7000003602,SYNTHETIC DEMO DOCUMENT
100,1300,2025,7000003604,7,20250725,20250725,SA,,SYNTHETIC DEMO DOCUMENT
100,1300,2025,7000003605,5,20250522,20250522,DR,,SYNTHETIC DEMO DOCUMENT
100,1100,2026,7000003606,5,20260508,20260508,AB,,SYNTHETIC DEMO DOCUMENT
100,1100,2026,7000003607,5,20260505,20260505,AB,,SYNTHETIC DEMO DOCUMENT
100,1100,2026,7000003608,5,20260505,20260505,KR,,SYNTHETIC DEMO DOCUMENT
100,1200,2026,7000003609,5,20260509,20260509,DR,,SYNTHETIC DEMO DOCUMENT
100,1100,2025,7000003610,5,20250515,20250515,KR,,SYNTHETIC DEMO DOCUMENT
100,1100,2025,7000003611,11,20251127,20251127,DR,,SYNTHETIC DEMO DOCUMENT
100,1200,2025,7000003612,4,20250407,20250407,KR,,SYNTHETIC DEMO DOCUMENT
100,1000,2026,7000003613,5,20260517,20260517,KR,,SYNTHETIC DEMO DOCUMENT
100,1100,2026,7000003614,8,20260818,20260818,KR,,SYNTHETIC DEMO DOCUMENT
100,1100,2025,7000003615,4,20250423,20250423,DR,,SYNTHETIC DEMO DOCUMENT
100,1000,2026,7000003616,5,20260526,20260526,AB,,SYNTHETIC DEMO DOCUMENT
100,1100,2025,7000003617,6,20250630,20250630,DR,,SYNTHETIC DEMO DOCUMENT
100,1300,2025,7000003618,9,20250912,20250912,AB,,SYNTHETIC DEMO DOCUMENT
100,1100,2025,7000003619,7,20250721,20250721,DR,,SYNTHETIC DEMO DOCUMENT
100,1000,2026,7000003620,2,20260216,20260216,DR,,SYNTHETIC DEMO DOCUMENT
100,1200,2026,7000003621,8,20260818,20260818,AB,,SYNTHETIC DEMO DOCUMENT
100,1100,2026,7000003622,1,20260120,20260120,DR,7000003621,SYNTHETIC DEMO DOCUMENT
100,1000,2026,7000003623,2,20260224,20260224,SA,,SYNTHETIC DEMO DOCUMENT
100,1000,2026,7000003624,6,20260617,20260617,AB,,SYNTHETIC DEMO DOCUMENT
100,1200,2026,7000003625,2,20260219,20260219,SA,,SYNTHETIC DEMO DOCUMENT
100,1100,2026,7000003626,8,20260830,20260830,DR,,SYNTHETIC DEMO DOCUMENT
100,1300,2025,7000003627,10,20251011,20251011,KR,,SYNTHETIC DEMO DOCUMENT
100,1100,2025,7000003628,9,20250902,20250902,KR,,SYNTHETIC DEMO DOCUMENT
100,1000,2026,7000003629,6,20260609,20260609,SA,,SYNTHETIC DEMO DOCUMENT
100,1200,2025,7000003630,6,20250614,20250614,SA,7000003629,SYNTHETIC DEMO DOCUMENT
100,1100,2026,7000003631,1,20260103,20260103,KR,,SYNTHETIC DEMO DOCUMENT
100,1100,2026,7000003632,7,20260701,20260701,DR,,SYNTHETIC DEMO DOCUMENT
100,1200,2025,7000003633,12,20251219,20251219,KR,7000003632,SYNTHETIC DEMO DOCUMENT
100,1200,2026,7000003634,6,20260621,20260621,AB,,SYNTHETIC DEMO DOCUMENT
100,1100,2025,7000003635,11,20251105,20251105,AB,,SYNTHETIC DEMO DOCUMENT
100,1300,2026,7000003636,7,20260723,20260723,AB,7000003635,SYNTHETIC DEMO DOCUMENT
100,1000,2025,7000003637,6,20250608,20250608,AB,,SYNTHETIC DEMO DOCUMENT
100,1300,2026,7000003638,5,20260522,20260522,DR,,SYNTHETIC DEMO DOCUMENT
100,1100,2026,7000003639,2,20260213,20260213,AB,,SYNTHETIC DEMO DOCUMENT
100,1300,2026,7000003640,8,20260822,20260822,AB,,SYNTHETIC DEMO DOCUMENT
100,1100,2026,7000003641,2,20260205,20260205,KR,,SYNTHETIC DEMO DOCUMENT
100,1100,2025,7000003642,6,20250602,20250602,SA,,SYNTHETIC DEMO DOCUMENT
100,1100,2025,7000003643,10,20251018,20251018,DR,,SYNTHETIC DEMO DOCUMENT
100,1300,2025,7000003644,6,20250626,20250626,KR,,SYNTHETIC DEMO DOCUMENT
100,1100,2026,7000003645,4,20260420,20260420,KR,,SYNTHETIC DEMO DOCUMENT
100,1100,2025,7000003646,10,20251022,20251022,AB,,SYNTHETIC DEMO DOCUMENT
100,1300,2026,7000003647,3,20260305,20260305,KR,,SYNTHETIC DEMO DOCUMENT
100,1000,2026,7000003648,1,20260112,20260112,KR,,SYNTHETIC DEMO DOCUMENT
100,1000,2025,7000003649,7,20250708,20250708,KR,,SYNTHETIC DEMO DOCUMENT
100,1100,2026,7000003650,1,20260123,20260123,KR,,SYNTHETIC DEMO DOCUMENT
100,1200,2025,7000003651,12,20251208,20251208,DR,,SYNTHETIC DEMO DOCUMENT
100,1000,2026,7000003652,5,20260503,20260503,DR,,SYNTHETIC DEMO DOCUMENT
100,1000,2026,7000003653,2,20260211,20260211,KR,,SYNTHETIC DEMO DOCUMENT
100,1300,2026,7000003654,1,20260113,20260113,AB,,SYNTHETIC DEMO DOCUMENT
100,1100,2026,7000003655,9,20260910,20260910,SA,,SYNTHETIC DEMO DOCUMENT
100,1300,2025,7000003656,8,20250811,20250811,KR,,SYNTHETIC DEMO DOCUMENT
100,1000,2025,7000003657,9,20250927,20250927,SA,,SYNTHETIC DEMO DOCUMENT
100,1000,2026,7000003658,8,20260817,20260817,SA,,SYNTHETIC DEMO DOCUMENT
100,1100,2025,7000003659,5,20250506,20250506,SA,,SYNTHETIC DEMO DOCUMENT
100,1100,2025,7000003660,4,20250425,20250425,DR,,SYNTHETIC DEMO DOCUMENT
100,1200,2026,7000003661,5,20260506,20260506,KR,,SYNTHETIC DEMO DOCUMENT
100,1000,2025,7000003662,7,20250717,20250717,KR,,SYNTHETIC DEMO DOCUMENT
100,1300,2026,7000003663,5,20260510,20260510,DR,,SYNTHETIC DEMO DOCUMENT
100,1300,2025,7000003664,9,20250908,20250908,KR,,SYNTHETIC DEMO DOCUMENT
100,1200,2025,7000003665,7,20250716,20250716,KR,,SYNTHETIC DEMO DOCUMENT
100,1300,2026,7000003666,2,20260224,20260224,AB,,SYNTHETIC DEMO DOCUMENT
100,1200,2025,7000003667,6,20250608,20250608,KR,,SYNTHETIC DEMO DOCUMENT
100,1100,2026,7000003668,5,20260505,20260505,DR,,SYNTHETIC DEMO DOCUMENT
100,1000,2026,7000003669,8,20260806,20260806,SA,,SYNTHETIC DEMO DOCUMENT
100,1300,2025,7000003670,11,20251119,20251119,KR,,SYNTHETIC DEMO DOCUMENT
100,1100,2026,7000003671,6,20260602,20260602,AB,,SYNTHETIC DEMO DOCUMENT
100,1100,2026,7000003672,1,20260101,20260101,SA,,SYNTHETIC DEMO DOCUMENT
100,1100,2026,7000003673,4,20260421,20260421,KR,,SYNTHETIC DEMO DOCUMENT
100,1300,2025,7000003674,6,20250613,20250613,KR,,SYNTHETIC DEMO DOCUMENT
100,1000,2026,7000003675,8,20260827,20260827,DR,,SYNTHETIC DEMO DOCUMENT
100,1100,2025,7000003676,11,20251106,20251106,KR,,SYNTHETIC DEMO DOCUMENT
100,1100,2025,7000003677,8,20250803,20250803,AB,,SYNTHETIC DEMO DOCUMENT
100,1100,2025,7000003678,8,20250829,20250829,KR,,SYNTHETIC DEMO DOCUMENT
100,1000,2026,7000003679,1,20260109,20260109,SA,,SYNTHETIC DEMO DOCUMENT
100,1300,2026,7000003680,2,20260220,20260220,AB,,SYNTHETIC DEMO DOCUMENT
100,1300,2026,7000003681,5,20260502,20260502,KR,,SYNTHETIC DEMO DOCUMENT
100,1000,2026,7000003682,2,20260210,20260210,KR,,SYNTHETIC DEMO DOCUMENT
100,1100,2026,7000003683,3,20260320,20260320,DR,,SYNTHETIC DEMO DOCUMENT
100,1100,2026,7000003684,1,20260130,20260130,SA,,SYNTHETIC DEMO DOCUMENT
100,1300,2025,7000003685,10,20251013,20251013,AB,,SYNTHETIC DEMO DOCUMENT
100,1000,2026,7000003686,6,20260628,20260628,DR,,SYNTHETIC DEMO DOCUMENT
100,1300,2025,7000003687,11,20251109,20251109,SA,,SYNTHETIC DEMO DOCUMENT
100,1000,2025,7000003688,4,20250411,20250411,KR,,SYNTHETIC DEMO DOCUMENT
100,1000,2025,7000003689,6,20250614,20250614,AB,,SYNTHETIC DEMO DOCUMENT
100,1000,2025,7000003690,9,20250926,20250926,AB,,SYNTHETIC DEMO DOCUMENT
100,1300,2026,7000003691,6,20260611,20260611,SA,,SYNTHETIC DEMO DOCUMENT
100,1300,2025,7000003692,4,20250428,20250428,DR,,SYNTHETIC DEMO DOCUMENT
100,1000,2025,7000003693,5,20250508,20250508,SA,,SYNTHETIC DEMO DOCUMENT
100,1000,2026,7000003694,3,20260313,20260313,DR,,SYNTHETIC DEMO DOCUMENT
100,1000,2025,7000003695,8,20250828,20250828,SA,,SYNTHETIC DEMO DOCUMENT
100,1100,2025,7000003696,10,20251008,20251008,AB,,SYNTHETIC DEMO DOCUMENT
100,1200,2026,7000003697,8,20260831,20260831,DR,,SYNTHETIC DEMO DOCUMENT
100,1000,2025,7000003698,11,20251122,20251122,AB,,SYNTHETIC DEMO DOCUMENT
100,1200,2025,7000003699,5,20250525,20250525,SA,,SYNTHETIC DEMO DOCUMENT
100,1000,2025,7000003700,5,20250511,20250511,KR,,SYNTHETIC DEMO DOCUMENT
100,1300,2025,7000003701,9,20250929,20250929,KR,,SYNTHETIC DEMO DOCUMENT
100,1100,2026,7000003702,5,20260509,20260509,AB,,SYNTHETIC DEMO DOCUMENT
100,1000,2025,7000003703,4,20250412,20250412,SA,,SYNTHETIC DEMO DOCUMENT
100,1100,2025,7000003704,4,20250427,20250427,KR,,SYNTHETIC DEMO DOCUMENT
100,1100,2026,7000003705,5,20260529,20260529,SA,,SYNTHETIC DEMO DOCUMENT
100,1200,2025,7000003706,8,20250828,20250828,KR,,SYNTHETIC DEMO DOCUMENT
100,1200,2026,7000003707,6,20260609,20260609,AB,,SYNTHETIC DEMO DOCUMENT
100,1100,2026,7000003708,9,20260915,20260915,KR,,SYNTHETIC DEMO DOCUMENT
100,1200,2026,7000003709,2,20260218,20260218,DR,,SYNTHETIC DEMO DOCUMENT
100,1100,2026,7000003710,5,20260508,20260508,KR,,SYNTHETIC DEMO DOCUMENT
100,1100,2026,7000003711,9,20260910,20260910,KR,,SYNTHETIC DEMO DOCUMENT
100,1300,2025,7000003712,7,20250704,20250704,KR,,SYNTHETIC DEMO DOCUMENT
100,1000,2026,7000003713,3,20260314,20260314,KR,,SYNTHETIC DEMO DOCUMENT
100,1200,2025,7000003714,12,20251228,20251228,KR,,SYNTHETIC DEMO DOCUMENT
100,1300,2025,7000003715,10,20251027,20251027,KR,,SYNTHETIC DEMO DOCUMENT
100,1200,2026,7000003716,7,20260711,20260711,SA,,SYNTHETIC DEMO DOCUMENT
100,1000,2026,7000003717,6,20260629,20260629,SA,,SYNTHETIC DEMO DOCUMENT
100,1000,2026,7000003718,8,20260805,20260805,AB,,SYNTHETIC DEMO DOCUMENT
100,1300,2025,7000003719,11,20251110,20251110,KR,,SYNTHETIC DEMO DOCUMENT
100,1000,2026,7000003720,5,20260518,20260518,SA,,SYNTHETIC DEMO DOCUMENT
100,1300,2026,7000003721,3,20260321,20260321,KR,,SYNTHETIC DEMO DOCUMENT
100,1200,2026,7000003722,7,20260708,20260708,AB,,SYNTHETIC DEMO DOCUMENT
100,1000,2026,7000003723,5,20260529,20260529,KR,,SYNTHETIC DEMO DOCUMENT
100,1200,2026,7000003724,4,20260428,20260428,KR,7000003723,SYNTHETIC DEMO DOCUMENT
100,1000,2025,7000003725,11,20251117,20251117,SA,,SYNTHETIC DEMO DOCUMENT
100,1100,2025,7000003726,11,20251115,20251115,DR,,SYNTHETIC DEMO DOCUMENT
100,1100,2026,7000003727,2,20260208,20260208,SA,,SYNTHETIC DEMO DOCUMENT
100,1100,2025,7000003728,6,20250627,20250627,KR,,SYNTHETIC DEMO DOCUMENT
100,1300,2026,7000003729,7,20260701,20260701,DR,,SYNTHETIC DEMO DOCUMENT
100,1000,2025,7000003730,7,20250714,20250714,DR,7000003729,SYNTHETIC DEMO DOCUMENT
100,1000,2026,7000003731,5,20260513,20260513,AB,,SYNTHETIC DEMO DOCUMENT
100,1000,2025,7000003732,12,20251204,20251204,KR,,SYNTHETIC DEMO DOCUMENT
100,1100,2025,7000003733,8,20250829,20250829,KR,7000003732,SYNTHETIC DEMO DOCUMENT
100,1300,2025,7000003734,11,20251103,20251103,KR,,SYNTHETIC DEMO DOCUMENT
100,1100,2026,7000003735,5,20260524,20260524,AB,,SYNTHETIC DEMO DOCUMENT
100,1000,2025,7000003736,10,20251022,20251022,SA,,SYNTHETIC DEMO DOCUMENT
100,1200,2026,7000003737,7,20260720,20260720,KR,,SYNTHETIC DEMO DOCUMENT
100,1000,2026,7000003738,4,20260417,20260417,KR,,SYNTHETIC DEMO DOCUMENT
100,1200,2026,7000003739,1,20260126,20260126,DR,,SYNTHETIC DEMO DOCUMENT
100,1300,2025,7000003740,5,20250517,20250517,SA,,SYNTHETIC DEMO DOCUMENT
100,1200,2026,7000003741,5,20260515,20260515,AB,,SYNTHETIC DEMO DOCUMENT
100,1100,2025,7000003742,12,20251213,20251213,AB,,SYNTHETIC DEMO DOCUMENT
100,1100,2026,7000003743,6,20260619,20260619,SA,,SYNTHETIC DEMO DOCUMENT
100,1100,2026,7000003744,6,20260615,20260615,KR,,SYNTHETIC DEMO DOCUMENT
100,1000,2025,7000003745,10,20251026,20251026,SA,,SYNTHETIC DEMO DOCUMENT
100,1200,2025,7000003746,9,20250909,20250909,KR,,SYNTHETIC DEMO DOCUMENT
100,1100,2025,7000003747,8,20250820,20250820,SA,,SYNTHETIC DEMO DOCUMENT
100,1200,2026,7000003748,7,20260712,20260712,DR,,SYNTHETIC DEMO DOCUMENT
100,1000,2025,7000003749,8,20250830,20250830,KR,,SYNTHETIC DEMO DOCUMENT
100,1100,2026,7000003750,8,20260822,20260822,DR,,SYNTHETIC DEMO DOCUMENT
100,1300,2026,7000003751,5,20260526,20260526,KR,,SYNTHETIC DEMO DOCUMENT
100,1100,2026,7000003752,9,20260909,20260909,AB,,SYNTHETIC DEMO DOCUMENT
100,1100,2026,7000003753,8,20260825,20260825,SA,,SYNTHETIC DEMO DOCUMENT
100,1000,2026,7000003754,6,20260628,20260628,KR,,SYNTHETIC DEMO DOCUMENT
100,1000,2026,7000003755,3,20260308,20260308,AB,,SYNTHETIC DEMO DOCUMENT
100,1100,2026,7000003756,3,20260313,20260313,AB,,SYNTHETIC DEMO DOCUMENT
100,1100,2025,7000003757,7,20250712,20250712,SA,,SYNTHETIC DEMO DOCUMENT
100,1200,2025,7000003758,5,20250509,20250509,KR,,SYNTHETIC DEMO DOCUMENT
100,1100,2026,7000003759,6,20260628,20260628,DR,,SYNTHETIC DEMO DOCUMENT
100,1100,2025,7000003760,5,20250504,20250504,AB,,SYNTHETIC DEMO DOCUMENT
100,1100,2025,7000003761,9,20250920,20250920,DR,,SYNTHETIC DEMO DOCUMENT
100,1100,2026,7000003762,7,20260722,20260722,DR,,SYNTHETIC DEMO DOCUMENT
100,1300,2026,7000003763,7,20260704,20260704,KR,,SYNTHETIC DEMO DOCUMENT
100,1100,2026,7000003764,5,20260528,20260528,KR,,SYNTHETIC DEMO DOCUMENT
100,1300,2026,7000003765,8,20260821,20260821,KR,,SYNTHETIC DEMO DOCUMENT
100,1300,2025,7000003766,12,20251206,20251206,KR,,SYNTHETIC DEMO DOCUMENT
100,1000,2025,7000003767,5,20250514,20250514,KR,,SYNTHETIC DEMO DOCUMENT
100,1100,2025,7000003768,11,20251126,20251126,SA,,SYNTHETIC DEMO DOCUMENT
100,1300,2025,7000003769,12,20251218,20251218,KR,,SYNTHETIC DEMO DOCUMENT
100,1100,2025,7000003770,6,20250605,20250605,SA,,SYNTHETIC DEMO DOCUMENT
100,1300,2025,7000003771,5,20250505,20250505,KR,,SYNTHETIC DEMO DOCUMENT
100,1200,2025,7000003772,10,20251004,20251004,AB,,SYNTHETIC DEMO DOCUMENT
100,1100,2025,7000003773,8,20250801,20250801,SA,,SYNTHETIC DEMO DOCUMENT
100,1200,2025,7000003774,5,20250515,20250515,KR,,SYNTHETIC DEMO DOCUMENT
100,1100,2026,7000003775,1,20260112,20260112,DR,,SYNTHETIC DEMO DOCUMENT
100,1000,2025,7000003776,8,20250820,20250820,KR,,SYNTHETIC DEMO DOCUMENT
100,1100,2026,7000003777,3,20260304,20260304,KR,,SYNTHETIC DEMO DOCUMENT
100,1200,2025,7000003778,7,20250725,20250725,KR,,SYNTHETIC DEMO DOCUMENT
100,1200,2026,7000003779,2,20260228,20260228,AB,,SYNTHETIC DEMO DOCUMENT
100,1300,2026,7000003780,3,20260320,20260320,SA,,SYNTHETIC DEMO DOCUMENT
100,1200,2025,7000003781,12,20251221,20251221,SA,,SYNTHETIC DEMO DOCUMENT
100,1100,2025,7000003782,4,20250418,20250418,KR,,SYNTHETIC DEMO DOCUMENT
100,1100,2026,7000003783,6,20260625,20260625,SA,,SYNTHETIC DEMO DOCUMENT
100,1100,2025,7000003784,4,20250402,20250402,KR,,SYNTHETIC DEMO DOCUMENT
100,1200,2025,7000003785,4,20250416,20250416,KR,,SYNTHETIC DEMO DOCUMENT
100,1100,2026,7000003786,7,20260710,20260710,DR,,SYNTHETIC DEMO DOCUMENT
100,1100,2025,7000003787,9,20250905,20250905,DR,,SYNTHETIC DEMO DOCUMENT
100,1000,2026,7000003788,8,20260827,20260827,DR,,SYNTHETIC DEMO DOCUMENT
100,1000,2026,7000003789,9,20260910,20260910,AB,,SYNTHETIC DEMO DOCUMENT
100,1300,2026,7000003790,5,20260526,20260526,AB,,SYNTHETIC DEMO DOCUMENT
100,1000,2025,7000003791,11,20251119,20251119,DR,,SYNTHETIC DEMO DOCUMENT
100,1000,2026,7000003792,7,20260708,20260708,SA,,SYNTHETIC DEMO DOCUMENT
100,1000,2025,7000003793,5,20250521,20250521,KR,,SYNTHETIC DEMO DOCUMENT
100,1200,2025,7000003794,12,20251205,20251205,KR,,SYNTHETIC DEMO DOCUMENT
100,1300,2025,7000003795,10,20251029,20251029,KR,,SYNTHETIC DEMO DOCUMENT
100,1100,2025,7000003796,8,20250815,20250815,DR,,SYNTHETIC DEMO DOCUMENT
100,1200,2026,7000003797,2,20260214,20260214,AB,,SYNTHETIC DEMO DOCUMENT
100,1100,2026,7000003798,5,20260521,20260521,SA,,SYNTHETIC DEMO DOCUMENT
100,1200,2025,7000003799,4,20250424,20250424,DR,,SYNTHETIC DEMO DOCUMENT
100,1200,2025,7000003800,5,20250529,20250529,SA,,SYNTHETIC DEMO DOCUMENT
100,1000,2025,7000003801,4,20250405,20250405,AB,,SYNTHETIC DEMO DOCUMENT
100,1000,2026,7000003802,1,20260125,20260125,KR,,SYNTHETIC DEMO DOCUMENT
100,1000,2025,7000003803,7,20250712,20250712,AB,,SYNTHETIC DEMO DOCUMENT
100,1300,2026,7000003804,9,20260918,20260918,AB,,SYNTHETIC DEMO DOCUMENT
100,1100,2025,7000003805,11,20251116,20251116,KR,,SYNTHETIC DEMO DOCUMENT
100,1300,2025,7000003806,9,20250902,20250902,AB,,SYNTHETIC DEMO DOCUMENT
100,1100,2026,7000003807,8,20260802,20260802,KR,,SYNTHETIC DEMO DOCUMENT
100,1200,2025,7000003808,11,20251114,20251114,AB,,SYNTHETIC DEMO DOCUMENT
100,1100,2025,7000003809,8,20250814,20250814,KR,,SYNTHETIC DEMO DOCUMENT
100,1100,2025,7000003810,8,20250802,20250802,AB,,SYNTHETIC DEMO DOCUMENT
100,1000,2026,7000003811,9,20260916,20260916,DR,,SYNTHETIC DEMO DOCUMENT
100,1000,2026,7000003812,4,20260429,20260429,KR,,SYNTHETIC DEMO DOCUMENT
100,1200,2026,7000003813,2,20260201,20260201,DR,,SYNTHETIC DEMO DOCUMENT
100,1000,2025,7000003814,8,20250817,20250817,SA,,SYNTHETIC DEMO DOCUMENT
100,1300,2026,7000003815,4,20260425,20260425,DR,,SYNTHETIC DEMO DOCUMENT
100,1200,2025,7000003816,9,20250921,20250921,AB,,SYNTHETIC DEMO DOCUMENT
100,1200,2026,7000003817,2,20260225,20260225,KR,,SYNTHETIC DEMO DOCUMENT
100,1100,2025,7000003818,7,20250729,20250729,KR,,SYNTHETIC DEMO DOCUMENT
100,1300,2026,7000003819,4,20260401,20260401,KR,,SYNTHETIC DEMO DOCUMENT
100,1300,2026,7000003820,9,20260910,20260910,DR,,SYNTHETIC DEMO DOCUMENT
100,1100,2025,7000003821,7,20250718,20250718,KR,,SYNTHETIC DEMO DOCUMENT
100,1300,2026,7000003822,9,20260909,20260909,KR,,SYNTHETIC DEMO DOCUMENT
100,1100,2026,7000003823,4,20260418,20260418,AB,,SYNTHETIC DEMO DOCUMENT
100,1100,2026,7000003824,6,20260603,20260603,SA,,SYNTHETIC DEMO DOCUMENT
100,1100,2025,7000003825,7,20250725,20250725,KR,,SYNTHETIC DEMO DOCUMENT
100,1000,2026,7000003826,4,20260407,20260407,AB,,SYNTHETIC DEMO DOCUMENT
100,1200,2025,7000003827,11,20251103,20251103,SA,,SYNTHETIC DEMO DOCUMENT
100,1100,2025,7000003828,4,20250403,20250403,SA,,SYNTHETIC DEMO DOCUMENT
100,1100,2026,7000003829,3,20260301,20260301,DR,,SYNTHETIC DEMO DOCUMENT
100,1100,2026,7000003830,2,20260222,20260222,KR,,SYNTHETIC DEMO DOCUMENT
100,1100,2026,7000003831,3,20260307,20260307,AB,,SYNTHETIC DEMO DOCUMENT
100,1200,2026,7000003832,4,20260423,20260423,DR,,SYNTHETIC DEMO DOCUMENT
100,1000,2025,7000003833,4,20250425,20250425,DR,,SYNTHETIC DEMO DOCUMENT
100,1300,2025,7000003834,12,20251209,20251209,DR,,SYNTHETIC DEMO DOCUMENT
100,1000,2026,7000003835,3,20260330,20260330,DR,,SYNTHETIC DEMO DOCUMENT
100,1300,2025,7000003836,6,20250621,20250621,KR,,SYNTHETIC DEMO DOCUMENT
100,1300,2025,7000003837,11,20251123,20251123,AB,,SYNTHETIC DEMO DOCUMENT
100,1300,2025,7000003838,7,20250718,20250718,DR,,SYNTHETIC DEMO DOCUMENT
100,1300,2026,7000003839,8,20260828,20260828,KR,,SYNTHETIC DEMO DOCUMENT
100,1100,2025,7000003840,4,20250414,20250414,SA,,SYNTHETIC DEMO DOCUMENT
100,1300,2026,7000003841,8,20260802,20260802,AB,,SYNTHETIC DEMO DOCUMENT
100,1100,2026,7000003842,5,20260507,20260507,DR,,SYNTHETIC DEMO DOCUMENT
100,1000,2026,7000003843,1,20260114,20260114,SA,,SYNTHETIC DEMO DOCUMENT
100,1100,2026,7000003844,5,20260517,20260517,AB,7000003843,SYNTHETIC DEMO DOCUMENT
100,1300,2025,7000003845,8,20250819,20250819,SA,,SYNTHETIC DEMO DOCUMENT
100,1300,2025,7000003846,7,20250721,20250721,DR,,SYNTHETIC DEMO DOCUMENT
100,1100,2026,7000003847,8,20260830,20260830,SA,,SYNTHETIC DEMO DOCUMENT
100,1300,2025,7000003848,5,20250529,20250529,SA,,SYNTHETIC DEMO DOCUMENT
100,1100,2025,7000003849,6,20250607,20250607,KR,,SYNTHETIC DEMO DOCUMENT
100,1100,2026,7000003850,5,20260503,20260503,KR,,SYNTHETIC DEMO DOCUMENT
100,1300,2025,7000003851,9,20250930,20250930,SA,,SYNTHETIC DEMO DOCUMENT
100,1100,2026,7000003852,7,20260715,20260715,KR,,SYNTHETIC DEMO DOCUMENT
100,1300,2025,7000003853,8,20250802,20250802,KR,,SYNTHETIC DEMO DOCUMENT
100,1200,2025,7000003854,12,20251207,20251207,DR,,SYNTHETIC DEMO DOCUMENT
100,1000,2025,7000003855,9,20250902,20250902,AB,,SYNTHETIC DEMO DOCUMENT
100,1100,2026,7000003856,5,20260514,20260514,KR,,SYNTHETIC DEMO DOCUMENT
100,1100,2025,7000003857,8,20250812,20250812,AB,,SYNTHETIC DEMO DOCUMENT
100,1100,2025,7000003858,10,20251011,20251011,AB,,SYNTHETIC DEMO DOCUMENT
100,1100,2025,7000003859,5,20250514,20250514,SA,,SYNTHETIC DEMO DOCUMENT
100,1300,2026,7000003860,8,20260821,20260821,DR,,SYNTHETIC DEMO DOCUMENT
100,1300,2025,7000003861,10,20251022,20251022,KR,,SYNTHETIC DEMO DOCUMENT
100,1000,2026,7000003862,4,20260418,20260418,SA,,SYNTHETIC DEMO DOCUMENT
100,1200,2025,7000003863,5,20250517,20250517,KR,,SYNTHETIC DEMO DOCUMENT
100,1000,2026,7000003864,3,20260310,20260310,DR,,SYNTHETIC DEMO DOCUMENT
100,1200,2025,7000003865,7,20250708,20250708,KR,,SYNTHETIC DEMO DOCUMENT
100,1100,2025,7000003866,8,20250810,20250810,KR,,SYNTHETIC DEMO DOCUMENT
100,1100,2025,7000003867,11,20251106,20251106,KR,,SYNTHETIC DEMO DOCUMENT
100,1100,2025,7000003868,11,20251112,20251112,SA,,SYNTHETIC DEMO DOCUMENT
100,1000,2026,7000003869,5,20260505,20260505,KR,,SYNTHETIC DEMO DOCUMENT
100,1200,2026,7000003870,7,20260711,20260711,SA,,SYNTHETIC DEMO DOCUMENT
100,1200,2026,7000003871,7,20260717,20260717,AB,,SYNTHETIC DEMO DOCUMENT
100,1200,2026,7000003872,7,20260717,20260717,KR,,SYNTHETIC DEMO DOCUMENT
100,1300,2025,7000003873,10,20251008,20251008,AB,,SYNTHETIC DEMO DOCUMENT
100,1100,2026,7000003874,3,20260328,20260328,KR,,SYNTHETIC DEMO DOCUMENT
100,1300,2025,7000003875,7,20250714,20250714,AB,,SYNTHETIC DEMO DOCUMENT
100,1100,2026,7000003876,8,20260811,20260811,KR,,SYNTHETIC DEMO DOCUMENT
100,1200,2025,7000003877,10,20251011,20251011,KR,,SYNTHETIC DEMO DOCUMENT
100,1000,2026,7000003878,4,20260430,20260430,DR,,SYNTHETIC DEMO DOCUMENT
100,1200,2026,7000003879,4,20260420,20260420,AB,,SYNTHETIC DEMO DOCUMENT
100,1100,2025,7000003880,10,20251023,20251023,KR,,SYNTHETIC DEMO DOCUMENT
100,1000,2026,7000003881,7,20260716,20260716,DR,,SYNTHETIC DEMO DOCUMENT
100,1100,2025,7000003882,6,20250614,20250614,SA,,SYNTHETIC DEMO DOCUMENT
100,1300,2025,7000003883,11,20251129,20251129,KR,,SYNTHETIC DEMO DOCUMENT
100,1100,2026,7000003884,3,20260311,20260311,KR,,SYNTHETIC DEMO DOCUMENT
100,1100,2025,7000003885,8,20250804,20250804,DR,,SYNTHETIC DEMO DOCUMENT
100,1000,2026,7000003886,2,20260228,20260228,KR,,SYNTHETIC DEMO DOCUMENT
100,1100,2026,7000003887,7,20260717,20260717,SA,,SYNTHETIC DEMO DOCUMENT
100,1300,2025,7000003888,4,20250411,20250411,KR,,SYNTHETIC DEMO DOCUMENT
100,1200,2025,7000003889,7,20250711,20250711,DR,,SYNTHETIC DEMO DOCUMENT
100,1000,2026,7000003890,2,20260225,20260225,DR,,SYNTHETIC DEMO DOCUMENT
100,1200,2025,7000003891,11,20251114,20251114,DR,,SYNTHETIC DEMO DOCUMENT
100,1100,2025,7000003892,7,20250702,20250702,DR,,SYNTHETIC DEMO DOCUMENT
100,1000,2026,7000003893,7,20260702,20260702,DR,,SYNTHETIC DEMO DOCUMENT
100,1200,2025,7000003894,4,20250429,20250429,AB,,SYNTHETIC DEMO DOCUMENT
100,1300,2025,7000003895,5,20250521,20250521,DR,,SYNTHETIC DEMO DOCUMENT
100,1200,2026,7000003896,5,20260503,20260503,AB,,SYNTHETIC DEMO DOCUMENT
100,1200,2025,7000003897,11,20251111,20251111,DR,7000003896,SYNTHETIC DEMO DOCUMENT
100,1000,2025,7000003898,6,20250616,20250616,DR,,SYNTHETIC DEMO DOCUMENT
100,1300,2026,7000003899,7,20260717,20260717,KR,,SYNTHETIC DEMO DOCUMENT
100,1200,2026,7000003900,1,20260104,20260104,KR,,SYNTHETIC DEMO DOCUMENT
100,1100,2025,7000003901,6,20250616,20250616,SA,,SYNTHETIC DEMO DOCUMENT
100,1100,2026,7000003902,1,20260110,20260110,AB,,SYNTHETIC DEMO DOCUMENT
100,1100,2026,7000003903,3,20260329,20260329,DR,,SYNTHETIC DEMO DOCUMENT
100,1100,2026,7000003904,3,20260330,20260330,KR,,SYNTHETIC DEMO DOCUMENT
100,1100,2026,7000003905,3,20260321,20260321,SA,,SYNTHETIC DEMO DOCUMENT
100,1100,2025,7000003906,5,20250511,20250511,SA,,SYNTHETIC DEMO DOCUMENT
100,1200,2026,7000003907,4,20260419,20260419,KR,7000003906,SYNTHETIC DEMO DOCUMENT
100,1300,2025,7000003908,11,20251118,20251118,DR,,SYNTHETIC DEMO DOCUMENT
100,1100,2026,7000003909,6,20260627,20260627,AB,,SYNTHETIC DEMO DOCUMENT
100,1300,2026,7000003910,2,20260202,20260202,KR,,SYNTHETIC DEMO DOCUMENT
100,1200,2025,7000003911,8,20250825,20250825,KR,,SYNTHETIC DEMO DOCUMENT
100,1000,2025,7000003912,9,20250927,20250927,SA,,SYNTHETIC DEMO DOCUMENT
100,1100,2026,7000003913,8,20260819,20260819,KR,,SYNTHETIC DEMO DOCUMENT
100,1000,2026,7000003914,1,20260130,20260130,DR,,SYNTHETIC DEMO DOCUMENT
100,1200,2026,7000003915,8,20260830,20260830,KR,,SYNTHETIC DEMO DOCUMENT
100,1300,2026,7000003916,7,20260731,20260731,KR,,SYNTHETIC DEMO DOCUMENT
100,1200,2026,7000003917,9,20260909,20260909,DR,,SYNTHETIC DEMO DOCUMENT
100,1100,2026,7000003918,3,20260312,20260312,DR,,SYNTHETIC DEMO DOCUMENT
100,1100,2026,7000003919,1,20260131,20260131,SA,,SYNTHETIC DEMO DOCUMENT
100,1300,2025,7000003920,10,20251031,20251031,SA,7000003919,SYNTHETIC DEMO DOCUMENT
100,1000,2026,7000003921,9,20260915,20260915,SA,,SYNTHETIC DEMO DOCUMENT
100,1000,2025,7000003922,11,20251118,20251118,SA,,SYNTHETIC DEMO DOCUMENT
100,1100,2025,7000003923,7,20250724,20250724,KR,,SYNTHETIC DEMO DOCUMENT
100,1100,2025,7000003924,7,20250720,20250720,SA,,SYNTHETIC DEMO DOCUMENT
100,1300,2025,7000003925,11,20251130,20251130,KR,,SYNTHETIC DEMO DOCUMENT
100,1200,2025,7000003926,7,20250718,20250718,KR,7000003925,SYNTHETIC DEMO DOCUMENT
100,1300,2026,7000003927,1,20260121,20260121,AB,,SYNTHETIC DEMO DOCUMENT
100,1300,2025,7000003928,11,20251113,20251113,SA,,SYNTHETIC DEMO DOCUMENT
100,1000,2026,7000003929,2,20260219,20260219,DR,,SYNTHETIC DEMO DOCUMENT
100,1000,2025,7000003930,7,20250710,20250710,KR,,SYNTHETIC DEMO DOCUMENT
100,1100,2026,7000003931,3,20260330,20260330,AB,,SYNTHETIC DEMO DOCUMENT
100,1100,2026,7000003932,8,20260818,20260818,DR,7000003931,SYNTHETIC DEMO DOCUMENT
100,1100,2026,7000003933,9,20260912,20260912,DR,,SYNTHETIC DEMO DOCUMENT
100,1000,2025,7000003934,5,20250501,20250501,SA,,SYNTHETIC DEMO DOCUMENT
100,1100,2026,7000003935,1,20260117,20260117,KR,,SYNTHETIC DEMO DOCUMENT
100,1300,2025,7000003936,10,20251004,20251004,AB,,SYNTHETIC DEMO DOCUMENT
100,1300,2025,7000003937,4,20250403,20250403,DR,,SYNTHETIC DEMO DOCUMENT
100,1300,2025,7000003938,10,20251024,20251024,KR,,SYNTHETIC DEMO DOCUMENT
100,1200,2026,7000003939,6,20260605,20260605,DR,,SYNTHETIC DEMO DOCUMENT
100,1300,2025,7000003940,9,20250901,20250901,KR,,SYNTHETIC DEMO DOCUMENT
100,1000,2025,7000003941,10,20251009,20251009,KR,,SYNTHETIC DEMO DOCUMENT
100,1200,2025,7000003942,9,20250927,20250927,DR,,SYNTHETIC DEMO DOCUMENT
100,1100,2026,7000003943,7,20260712,20260712,DR,,SYNTHETIC DEMO DOCUMENT
100,1000,2026,7000003944,9,20260914,20260914,KR,,SYNTHETIC DEMO DOCUMENT
100,1100,2026,7000003945,1,20260112,20260112,KR,,SYNTHETIC DEMO DOCUMENT
100,1100,2026,7000003946,5,20260529,20260529,DR,,SYNTHETIC DEMO DOCUMENT
100,1000,2025,7000003947,7,20250728,20250728,KR,,SYNTHETIC DEMO DOCUMENT
100,1300,2026,7000003948,3,20260329,20260329,SA,,SYNTHETIC DEMO DOCUMENT
100,1300,2025,7000003949,4,20250417,20250417,AB,,SYNTHETIC DEMO DOCUMENT
100,1300,2026,7000003950,4,20260421,20260421,KR,,SYNTHETIC DEMO DOCUMENT
100,1100,2025,7000003951,4,20250422,20250422,KR,,SYNTHETIC DEMO DOCUMENT
100,1200,2025,7000003952,12,20251220,20251220,KR,,SYNTHETIC DEMO DOCUMENT
100,1200,2026,7000003953,9,20260917,20260917,SA,,SYNTHETIC DEMO DOCUMENT
100,1300,2025,7000003954,12,20251205,20251205,SA,,SYNTHETIC DEMO DOCUMENT
100,1000,2025,7000003955,9,20250901,20250901,KR,,SYNTHETIC DEMO DOCUMENT
100,1000,2025,7000003956,12,20251230,20251230,SA,,SYNTHETIC DEMO DOCUMENT
100,1100,2026,7000003957,7,20260719,20260719,KR,,SYNTHETIC DEMO DOCUMENT
100,1200,2026,7000003958,5,20260521,20260521,KR,,SYNTHETIC DEMO DOCUMENT
100,1100,2026,7000003959,5,20260511,20260511,DR,,SYNTHETIC DEMO DOCUMENT
100,1200,2025,7000003960,6,20250629,20250629,SA,,SYNTHETIC DEMO DOCUMENT
100,1000,2026,7000003961,8,20260830,20260830,DR,,SYNTHETIC DEMO DOCUMENT
100,1300,2025,7000003962,6,20250628,20250628,AB,,SYNTHETIC DEMO DOCUMENT
100,1100,2025,7000003963,5,20250521,20250521,KR,,SYNTHETIC DEMO DOCUMENT
100,1200,2026,7000003964,1,20260129,20260129,SA,,SYNTHETIC DEMO DOCUMENT
100,1100,2026,7000003965,6,20260617,20260617,SA,,SYNTHETIC DEMO DOCUMENT
100,1200,2025,7000003966,8,20250812,20250812,KR,,SYNTHETIC DEMO DOCUMENT
100,1300,2025,7000003967,4,20250415,20250415,AB,,SYNTHETIC DEMO DOCUMENT
100,1200,2026,7000003968,3,20260320,20260320,DR,,SYNTHETIC DEMO DOCUMENT
100,1100,2026,7000003969,1,20260101,20260101,AB,,SYNTHETIC DEMO DOCUMENT
100,1100,2026,7000003970,1,20260107,20260107,KR,,SYNTHETIC DEMO DOCUMENT
100,1300,2025,7000003971,11,20251115,20251115,DR,,SYNTHETIC DEMO DOCUMENT
100,1000,2025,7000003972,6,20250630,20250630,SA,,SYNTHETIC DEMO DOCUMENT
100,1000,2025,7000003973,12,20251205,20251205,DR,,SYNTHETIC DEMO DOCUMENT
100,1300,2026,7000003974,5,20260509,20260509,KR,,SYNTHETIC DEMO DOCUMENT
100,1100,2025,7000003975,7,20250724,20250724,SA,,SYNTHETIC DEMO DOCUMENT
100,1000,2026,7000003976,5,20260503,20260503,KR,,SYNTHETIC DEMO DOCUMENT
100,1100,2025,7000003977,7,20250712,20250712,KR,,SYNTHETIC DEMO DOCUMENT
100,1200,2025,7000003978,11,20251122,20251122,KR,,SYNTHETIC DEMO DOCUMENT
100,1300,2025,7000003979,5,20250523,20250523,DR,,SYNTHETIC DEMO DOCUMENT
100,1000,2026,7000003980,6,20260619,20260619,KR,,SYNTHETIC DEMO DOCUMENT
100,1300,2026,7000003981,5,20260519,20260519,AB,,SYNTHETIC DEMO DOCUMENT
100,1000,2026,7000003982,9,20260910,20260910,KR,,SYNTHETIC DEMO DOCUMENT
100,1000,2026,7000003983,5,20260508,20260508,DR,,SYNTHETIC DEMO DOCUMENT
100,1200,2025,7000003984,8,20250819,20250819,SA,,SYNTHETIC DEMO DOCUMENT
100,1300,2025,7000003985,5,20250529,20250529,SA,,SYNTHETIC DEMO DOCUMENT
100,1100,2025,7000003986,4,20250407,20250407,DR,,SYNTHETIC DEMO DOCUMENT
100,1300,2026,7000003987,4,20260403,20260403,DR,,SYNTHETIC DEMO DOCUMENT
100,1100,2026,7000003988,8,20260806,20260806,KR,,SYNTHETIC DEMO DOCUMENT
100,1300,2026,7000003989,7,20260723,20260723,KR,,SYNTHETIC DEMO DOCUMENT
100,1300,2025,7000003990,11,20251127,20251127,KR,,SYNTHETIC DEMO DOCUMENT
100,1300,2025,7000003991,7,20250712,20250712,DR,,SYNTHETIC DEMO DOCUMENT
100,1000,2026,7000003992,2,20260203,20260203,DR,,SYNTHETIC DEMO DOCUMENT
100,1100,2026,7000003993,2,20260203,20260203,KR,,SYNTHETIC DEMO DOCUMENT
100,1200,2025,7000003994,9,20250924,20250924,SA,,SYNTHETIC DEMO DOCUMENT
100,1000,2025,7000003995,8,20250808,20250808,KR,,SYNTHETIC DEMO DOCUMENT
100,1100,2025,7000003996,12,20251219,20251219,DR,,SYNTHETIC DEMO DOCUMENT
100,1100,2026,7000003997,3,20260306,20260306,SA,,SYNTHETIC DEMO DOCUMENT
100,1200,2025,7000003998,11,20251103,20251103,DR,,SYNTHETIC DEMO DOCUMENT
100,1100,2026,7000003999,2,20260224,20260224,KR,,SYNTHETIC DEMO DOCUMENT
100,1300,2026,7000004000,6,20260618,20260618,AB,,SYNTHETIC DEMO DOCUMENT
100,1100,2026,7000004001,7,20260723,20260723,KR,,SYNTHETIC DEMO DOCUMENT
100,1200,2026,7000004002,4,20260424,20260424,SA,,SYNTHETIC DEMO DOCUMENT
100,1100,2025,7000004003,12,20251203,20251203,SA,,SYNTHETIC DEMO DOCUMENT
100,1200,2026,7000004004,6,20260630,20260630,KR,,SYNTHETIC DEMO DOCUMENT
100,1100,2026,7000004005,3,20260305,20260305,KR,,SYNTHETIC DEMO DOCUMENT
100,1200,2026,7000004006,6,20260618,20260618,DR,,SYNTHETIC DEMO DOCUMENT
100,1000,2025,7000004007,4,20250404,20250404,KR,,SYNTHETIC DEMO DOCUMENT
100,1100,2026,7000004008,1,20260117,20260117,KR,,SYNTHETIC DEMO DOCUMENT
100,1200,2026,7000004009,8,20260813,20260813,AB,,SYNTHETIC DEMO DOCUMENT
100,1300,2026,7000004010,8,20260803,20260803,DR,,SYNTHETIC DEMO DOCUMENT
100,1000,2026,7000004011,6,20260605,20260605,DR,,SYNTHETIC DEMO DOCUMENT
100,1100,2025,7000004012,12,20251210,20251210,AB,,SYNTHETIC DEMO DOCUMENT
100,1100,2025,7000004013,9,20250930,20250930,KR,,SYNTHETIC DEMO DOCUMENT
100,1000,2026,7000004014,7,20260724,20260724,SA,,SYNTHETIC DEMO DOCUMENT
100,1200,2026,7000004015,8,20260822,20260822,AB,,SYNTHETIC DEMO DOCUMENT
100,1300,2025,7000004016,8,20250827,20250827,DR,,SYNTHETIC DEMO DOCUMENT
100,1100,2026,7000004017,8,20260821,20260821,KR,,SYNTHETIC DEMO DOCUMENT
100,1000,2025,7000004018,5,20250519,20250519,SA,,SYNTHETIC DEMO DOCUMENT
100,1300,2025,7000004019,4,20250411,20250411,KR,,SYNTHETIC DEMO DOCUMENT
100,1100,2025,7000004020,12,20251207,20251207,KR,,SYNTHETIC DEMO DOCUMENT
100,1000,2026,7000004021,1,20260107,20260107,DR,,SYNTHETIC DEMO DOCUMENT
100,1000,2025,7000004022,11,20251112,20251112,AB,,SYNTHETIC DEMO DOCUMENT
100,1300,2025,7000004023,4,20250410,20250410,AB,,SYNTHETIC DEMO DOCUMENT
100,1300,2026,7000004024,5,20260502,20260502,AB,,SYNTHETIC DEMO DOCUMENT
100,1000,2025,7000004025,10,20251017,20251017,KR,,SYNTHETIC DEMO DOCUMENT
100,1100,2025,7000004026,8,20250808,20250808,KR,,SYNTHETIC DEMO DOCUMENT
100,1100,2026,7000004027,6,20260612,20260612,AB,,SYNTHETIC DEMO DOCUMENT
100,1200,2026,7000004028,6,20260611,20260611,DR,,SYNTHETIC DEMO DOCUMENT
100,1200,2025,7000004029,7,20250710,20250710,AB,,SYNTHETIC DEMO DOCUMENT
100,1200,2025,7000004030,8,20250824,20250824,DR,,SYNTHETIC DEMO DOCUMENT
100,1100,2026,7000004031,4,20260421,20260421,DR,,SYNTHETIC DEMO DOCUMENT
100,1200,2025,7000004032,10,20251015,20251015,DR,,SYNTHETIC DEMO DOCUMENT
100,1200,2025,7000004033,11,20251109,20251109,DR,,SYNTHETIC DEMO DOCUMENT
100,1200,2026,7000004034,2,20260206,20260206,DR,,SYNTHETIC DEMO DOCUMENT
100,1300,2026,7000004035,2,20260228,20260228,SA,,SYNTHETIC DEMO DOCUMENT
100,1300,2025,7000004036,10,20251020,20251020,SA,,SYNTHETIC DEMO DOCUMENT
100,1300,2026,7000004037,1,20260119,20260119,DR,,SYNTHETIC DEMO DOCUMENT
100,1000,2026,7000004038,9,20260924,20260924,AB,7000004037,SYNTHETIC DEMO DOCUMENT
100,1000,2026,7000004039,6,20260617,20260617,DR,,SYNTHETIC DEMO DOCUMENT
100,1300,2025,7000004040,9,20250904,20250904,DR,,SYNTHETIC DEMO DOCUMENT
100,1100,2026,7000004041,2,20260202,20260202,KR,,SYNTHETIC DEMO DOCUMENT
100,1300,2025,7000004042,6,20250608,20250608,SA,,SYNTHETIC DEMO DOCUMENT
100,1200,2025,7000004043,10,20251013,20251013,SA,,SYNTHETIC DEMO DOCUMENT
100,1300,2026,7000004044,4,20260422,20260422,KR,,SYNTHETIC DEMO DOCUMENT
100,1100,2025,7000004045,6,20250605,20250605,DR,,SYNTHETIC DEMO DOCUMENT
100,1100,2025,7000004046,11,20251118,20251118,KR,,SYNTHETIC DEMO DOCUMENT
100,1000,2025,7000004047,8,20250812,20250812,KR,,SYNTHETIC DEMO DOCUMENT
100,1000,2025,7000004048,9,20250923,20250923,KR,,SYNTHETIC DEMO DOCUMENT
100,1100,2026,7000004049,3,20260304,20260304,KR,,SYNTHETIC DEMO DOCUMENT
100,1200,2026,7000004050,8,20260818,20260818,AB,,SYNTHETIC DEMO DOCUMENT
100,1100,2026,7000004051,5,20260510,20260510,DR,,SYNTHETIC DEMO DOCUMENT
100,1100,2025,7000004052,12,20251219,20251219,AB,,SYNTHETIC DEMO DOCUMENT
100,1200,2025,7000004053,4,20250429,20250429,DR,,SYNTHETIC DEMO DOCUMENT
100,1100,2026,7000004054,6,20260617,20260617,DR,,SYNTHETIC DEMO DOCUMENT
100,1200,2026,7000004055,8,20260829,20260829,KR,,SYNTHETIC DEMO DOCUMENT
100,1200,2026,7000004056,9,20260927,20260927,DR,,SYNTHETIC DEMO DOCUMENT
100,1100,2026,7000004057,4,20260411,20260411,AB,,SYNTHETIC DEMO DOCUMENT
100,1300,2026,7000004058,8,20260831,20260831,KR,,SYNTHETIC DEMO DOCUMENT
100,1100,2025,7000004059,10,20251021,20251021,SA,,SYNTHETIC DEMO DOCUMENT
100,1000,2026,7000004060,3,20260326,20260326,AB,7000004059,SYNTHETIC DEMO DOCUMENT
100,1300,2026,7000004061,3,20260314,20260314,KR,,SYNTHETIC DEMO DOCUMENT
100,1300,2026,7000004062,1,20260119,20260119,KR,,SYNTHETIC DEMO DOCUMENT
100,1200,2025,7000004063,9,20250902,20250902,SA,,SYNTHETIC DEMO DOCUMENT
100,1000,2026,7000004064,1,20260119,20260119,AB,,SYNTHETIC DEMO DOCUMENT
100,1100,2025,7000004065,11,20251111,20251111,KR,,SYNTHETIC DEMO DOCUMENT
100,1300,2025,7000004066,4,20250424,20250424,KR,,SYNTHETIC DEMO DOCUMENT
100,1300,2025,7000004067,8,20250807,20250807,DR,,SYNTHETIC DEMO DOCUMENT
100,1300,2026,7000004068,5,20260512,20260512,SA,,SYNTHETIC DEMO DOCUMENT
100,1300,2025,7000004069,7,20250708,20250708,SA,,SYNTHETIC DEMO DOCUMENT
100,1100,2026,7000004070,4,20260413,20260413,DR,,SYNTHETIC DEMO DOCUMENT
100,1100,2025,7000004071,5,20250523,20250523,DR,,SYNTHETIC DEMO DOCUMENT
100,1100,2026,7000004072,9,20260911,20260911,KR,,SYNTHETIC DEMO DOCUMENT
100,1100,2025,7000004073,7,20250729,20250729,SA,,SYNTHETIC DEMO DOCUMENT
100,1200,2025,7000004074,12,20251209,20251209,SA,,SYNTHETIC DEMO DOCUMENT
100,1000,2026,7000004075,9,20260924,20260924,AB,,SYNTHETIC DEMO DOCUMENT
100,1100,2026,7000004076,1,20260126,20260126,SA,,SYNTHETIC DEMO DOCUMENT
100,1100,2025,7000004077,5,20250508,20250508,KR,,SYNTHETIC DEMO DOCUMENT
100,1200,2026,7000004078,7,20260722,20260722,KR,,SYNTHETIC DEMO DOCUMENT
100,1100,2026,7000004079,9,20260914,20260914,DR,,SYNTHETIC DEMO DOCUMENT
100,1000,2026,7000004080,6,20260627,20260627,KR,,SYNTHETIC DEMO DOCUMENT
100,1300,2026,7000004081,6,20260614,20260614,KR,,SYNTHETIC DEMO DOCUMENT
100,1200,2025,7000004082,5,20250511,20250511,KR,,SYNTHETIC DEMO DOCUMENT
100,1300,2026,7000004083,5,20260509,20260509,AB,,SYNTHETIC DEMO DOCUMENT
100,1100,2026,7000004084,9,20260925,20260925,DR,,SYNTHETIC DEMO DOCUMENT
100,1300,2026,7000004085,2,20260201,20260201,DR,,SYNTHETIC DEMO DOCUMENT
100,1000,2025,7000004086,12,20251216,20251216,KR,,SYNTHETIC DEMO DOCUMENT
100,1100,2026,7000004087,7,20260717,20260717,SA,,SYNTHETIC DEMO DOCUMENT
100,1100,2025,7000004088,8,20250811,20250811,KR,,SYNTHETIC DEMO DOCUMENT
100,1200,2026,7000004089,8,20260809,20260809,KR,,SYNTHETIC DEMO DOCUMENT
100,1000,2026,7000004090,2,20260214,20260214,KR,,SYNTHETIC DEMO DOCUMENT
100,1200,2026,7000004091,8,20260817,20260817,DR,,SYNTHETIC DEMO DOCUMENT
100,1200,2026,7000004092,8,20260822,20260822,KR,,SYNTHETIC DEMO DOCUMENT
100,1000,2025,7000004093,8,20250801,20250801,SA,,SYNTHETIC DEMO DOCUMENT
100,1000,2026,7000004094,7,20260727,20260727,KR,,SYNTHETIC DEMO DOCUMENT
100,1000,2025,7000004095,8,20250818,20250818,SA,,SYNTHETIC DEMO DOCUMENT
100,1200,2026,7000004096,8,20260803,20260803,KR,,SYNTHETIC DEMO DOCUMENT
100,1100,2026,7000004097,4,20260419,20260419,AB,,SYNTHETIC DEMO DOCUMENT
100,1100,2025,7000004098,9,20250919,20250919,KR,,SYNTHETIC DEMO DOCUMENT
100,1000,2026,7000004099,5,20260525,20260525,SA,,SYNTHETIC DEMO DOCUMENT
100,1300,2025,7000004100,10,20251021,20251021,SA,,SYNTHETIC DEMO DOCUMENT
100,1100,2025,7000004101,7,20250714,20250714,KR,,SYNTHETIC DEMO DOCUMENT
100,1300,2025,7000004102,11,20251113,20251113,DR,,SYNTHETIC DEMO DOCUMENT
100,1300,2025,7000004103,6,20250601,20250601,KR,,SYNTHETIC DEMO DOCUMENT
100,1100,2026,7000004104,5,20260526,20260526,SA,,SYNTHETIC DEMO DOCUMENT
100,1200,2026,7000004105,1,20260127,20260127,KR,,SYNTHETIC DEMO DOCUMENT
100,1300,2025,7000004106,12,20251216,20251216,KR,,SYNTHETIC DEMO DOCUMENT
100,1100,2025,7000004107,10,20251012,20251012,SA,,SYNTHETIC DEMO DOCUMENT
100,1200,2026,7000004108,9,20260904,20260904,SA,,SYNTHETIC DEMO DOCUMENT
100,1100,2025,7000004109,10,20251018,20251018,KR,,SYNTHETIC DEMO DOCUMENT
100,1200,2026,7000004110,6,20260627,20260627,SA,,SYNTHETIC DEMO DOCUMENT
100,1200,2025,7000004111,7,20250713,20250713,KR,,SYNTHETIC DEMO DOCUMENT
100,1100,2025,7000004112,12,20251214,20251214,DR,,SYNTHETIC DEMO DOCUMENT
100,1000,2026,7000004113,8,20260828,20260828,KR,,SYNTHETIC DEMO DOCUMENT
100,1100,2025,7000004114,12,20251206,20251206,KR,,SYNTHETIC DEMO DOCUMENT
100,1100,2025,7000004115,7,20250713,20250713,KR,,SYNTHETIC DEMO DOCUMENT
100,1100,2025,7000004116,9,20250928,20250928,AB,,SYNTHETIC DEMO DOCUMENT
100,1300,2025,7000004117,4,20250408,20250408,KR,,SYNTHETIC DEMO DOCUMENT
100,1000,2026,7000004118,6,20260609,20260609,DR,,SYNTHETIC DEMO DOCUMENT
100,1200,2026,7000004119,8,20260807,20260807,KR,,SYNTHETIC DEMO DOCUMENT
100,1300,2025,7000004120,6,20250606,20250606,DR,,SYNTHETIC DEMO DOCUMENT
100,1000,2026,7000004121,3,20260309,20260309,KR,,SYNTHETIC DEMO DOCUMENT
100,1100,2026,7000004122,2,20260209,20260209,KR,,SYNTHETIC DEMO DOCUMENT
100,1100,2025,7000004123,7,20250722,20250722,KR,,SYNTHETIC DEMO DOCUMENT
100,1300,2025,7000004124,6,20250614,20250614,SA,,SYNTHETIC DEMO DOCUMENT
100,1200,2025,7000004125,10,20251011,20251011,DR,,SYNTHETIC DEMO DOCUMENT
100,1000,2026,7000004126,1,20260131,20260131,DR,,SYNTHETIC DEMO DOCUMENT
100,1000,2026,7000004127,9,20260922,20260922,SA,,SYNTHETIC DEMO DOCUMENT
100,1200,2026,7000004128,3,20260311,20260311,KR,,SYNTHETIC DEMO DOCUMENT
100,1200,2026,7000004129,5,20260519,20260519,DR,,SYNTHETIC DEMO DOCUMENT
100,1300,2026,7000004130,8,20260816,20260816,AB,,SYNTHETIC DEMO DOCUMENT
100,1300,2025,7000004131,8,20250812,20250812,KR,,SYNTHETIC DEMO DOCUMENT
100,1100,2026,7000004132,1,20260115,20260115,DR,,SYNTHETIC DEMO DOCUMENT
100,1100,2025,7000004133,11,20251124,20251124,DR,,SYNTHETIC DEMO DOCUMENT
100,1100,2026,7000004134,1,20260129,20260129,DR,,SYNTHETIC DEMO DOCUMENT
100,1100,2026,7000004135,6,20260611,20260611,SA,,SYNTHETIC DEMO DOCUMENT
100,1000,2025,7000004136,4,20250404,20250404,AB,,SYNTHETIC DEMO DOCUMENT
100,1300,2026,7000004137,6,20260614,20260614,KR,,SYNTHETIC DEMO DOCUMENT
100,1200,2026,7000004138,4,20260402,20260402,AB,,SYNTHETIC DEMO DOCUMENT
100,1100,2025,7000004139,10,20251024,20251024,KR,,SYNTHETIC DEMO DOCUMENT
100,1100,2026,7000004140,4,20260409,20260409,DR,,SYNTHETIC DEMO DOCUMENT
100,1100,2026,7000004141,4,20260418,20260418,AB,,SYNTHETIC DEMO DOCUMENT
100,1100,2025,7000004142,7,20250719,20250719,AB,,SYNTHETIC DEMO DOCUMENT
100,1100,2025,7000004143,9,20250913,20250913,DR,,SYNTHETIC DEMO DOCUMENT
100,1200,2025,7000004144,12,20251226,20251226,AB,,SYNTHETIC DEMO DOCUMENT
100,1200,2026,7000004145,9,20260904,20260904,KR,,SYNTHETIC DEMO DOCUMENT
100,1300,2025,7000004146,10,20251030,20251030,SA,,SYNTHETIC DEMO DOCUMENT
100,1100,2025,7000004147,5,20250521,20250521,SA,,SYNTHETIC DEMO DOCUMENT
100,1000,2025,7000004148,10,20251009,20251009,KR,,SYNTHETIC DEMO DOCUMENT
100,1100,2025,7000004149,9,20250924,20250924,DR,,SYNTHETIC DEMO DOCUMENT
100,1200,2026,7000004150,4,20260419,20260419,AB,,SYNTHETIC DEMO DOCUMENT
100,1100,2025,7000004151,11,20251110,20251110,DR,,SYNTHETIC DEMO DOCUMENT
100,1300,2026,7000004152,4,20260414,20260414,DR,,SYNTHETIC DEMO DOCUMENT
100,1100,2025,7000004153,5,20250502,20250502,SA,,SYNTHETIC DEMO DOCUMENT
100,1100,2026,7000004154,2,20260211,20260211,SA,,SYNTHETIC DEMO DOCUMENT
100,1300,2025,7000004155,4,20250403,20250403,SA,,SYNTHETIC DEMO DOCUMENT
100,1300,2025,7000004156,11,20251124,20251124,KR,,SYNTHETIC DEMO DOCUMENT
100,1000,2026,7000004157,4,20260406,20260406,KR,,SYNTHETIC DEMO DOCUMENT
100,1200,2026,7000004158,3,20260323,20260323,DR,,SYNTHETIC DEMO DOCUMENT
100,1100,2025,7000004159,12,20251216,20251216,DR,,SYNTHETIC DEMO DOCUMENT
100,1000,2025,7000004160,12,20251210,20251210,KR,,SYNTHETIC DEMO DOCUMENT
100,1100,2026,7000004161,6,20260608,20260608,SA,,SYNTHETIC DEMO DOCUMENT
100,1100,2025,7000004162,7,20250730,20250730,KR,,SYNTHETIC DEMO DOCUMENT
100,1100,2026,7000004163,4,20260403,20260403,KR,,SYNTHETIC DEMO DOCUMENT
100,1300,2026,7000004164,1,20260120,20260120,KR,,SYNTHETIC DEMO DOCUMENT
100,1000,2025,7000004165,12,20251205,20251205,KR,,SYNTHETIC DEMO DOCUMENT
100,1000,2025,7000004166,5,20250519,20250519,KR,,SYNTHETIC DEMO DOCUMENT
100,1100,2025,7000004167,4,20250429,20250429,KR,,SYNTHETIC DEMO DOCUMENT
100,1100,2025,7000004168,8,20250811,20250811,SA,,SYNTHETIC DEMO DOCUMENT
100,1200,2025,7000004169,8,20250809,20250809,KR,,SYNTHETIC DEMO DOCUMENT
100,1100,2025,7000004170,6,20250622,20250622,KR,,SYNTHETIC DEMO DOCUMENT
100,1200,2026,7000004171,6,20260603,20260603,AB,,SYNTHETIC DEMO DOCUMENT
100,1200,2025,7000004172,7,20250716,20250716,DR,,SYNTHETIC DEMO DOCUMENT
100,1000,2026,7000004173,8,20260810,20260810,AB,,SYNTHETIC DEMO DOCUMENT
100,1100,2026,7000004174,8,20260803,20260803,AB,,SYNTHETIC DEMO DOCUMENT
100,1200,2026,7000004175,4,20260401,20260401,SA,,SYNTHETIC DEMO DOCUMENT
100,1100,2026,7000004176,3,20260328,20260328,DR,,SYNTHETIC DEMO DOCUMENT
100,1200,2026,7000004177,1,20260108,20260108,KR,,SYNTHETIC DEMO DOCUMENT
100,1100,2025,7000004178,10,20251026,20251026,KR,,SYNTHETIC DEMO DOCUMENT
100,1100,2026,7000004179,1,20260105,20260105,SA,,SYNTHETIC DEMO DOCUMENT
100,1200,2025,7000004180,8,20250805,20250805,AB,,SYNTHETIC DEMO DOCUMENT
100,1300,2026,7000004181,3,20260303,20260303,KR,,SYNTHETIC DEMO DOCUMENT
100,1000,2026,7000004182,2,20260212,20260212,KR,,SYNTHETIC DEMO DOCUMENT
100,1100,2025,7000004183,8,20250819,20250819,DR,,SYNTHETIC DEMO DOCUMENT
100,1000,2026,7000004184,3,20260319,20260319,AB,,SYNTHETIC DEMO DOCUMENT
100,1200,2026,7000004185,2,20260201,20260201,KR,,SYNTHETIC DEMO DOCUMENT
100,1100,2025,7000004186,6,20250604,20250604,KR,,SYNTHETIC DEMO DOCUMENT
100,1200,2025,7000004187,9,20250915,20250915,KR,,SYNTHETIC DEMO DOCUMENT
100,1200,2026,7000004188,7,20260726,20260726,DR,,SYNTHETIC DEMO DOCUMENT
100,1100,2026,7000004189,4,20260406,20260406,AB,,SYNTHETIC DEMO DOCUMENT
100,1100,2025,7000004190,4,20250417,20250417,DR,,SYNTHETIC DEMO DOCUMENT
100,1100,2026,7000004191,7,20260726,20260726,AB,,SYNTHETIC DEMO DOCUMENT
100,1100,2026,7000004192,2,20260220,20260220,AB,,SYNTHETIC DEMO DOCUMENT
100,1000,2026,7000004193,6,20260615,20260615,SA,,SYNTHETIC DEMO DOCUMENT
100,1200,2026,7000004194,5,20260513,20260513,DR,,SYNTHETIC DEMO DOCUMENT
100,1000,2026,7000004195,8,20260831,20260831,DR,,SYNTHETIC DEMO DOCUMENT
100,1100,2026,7000004196,1,20260111,20260111,SA,,SYNTHETIC DEMO DOCUMENT
100,1300,2026,7000004197,3,20260318,20260318,KR,7000004196,SYNTHETIC DEMO DOCUMENT
100,1100,2026,7000004198,8,20260824,20260824,AB,,SYNTHETIC DEMO DOCUMENT
100,1100,2026,7000004199,4,20260417,20260417,SA,,SYNTHETIC DEMO DOCUMENT
100,1300,2026,7000004200,6,20260621,20260621,KR,,SYNTHETIC DEMO DOCUMENT
100,1100,2025,7000004201,5,20250519,20250519,DR,,SYNTHETIC DEMO DOCUMENT
100,1200,2026,7000004202,8,20260815,20260815,KR,,SYNTHETIC DEMO DOCUMENT
100,1100,2025,7000004203,11,20251117,20251117,DR,,SYNTHETIC DEMO DOCUMENT
100,1300,2026,7000004204,3,20260303,20260303,KR,,SYNTHETIC DEMO DOCUMENT
100,1000,2025,7000004205,6,20250610,20250610,DR,,SYNTHETIC DEMO DOCUMENT
100,1100,2026,7000004206,8,20260813,20260813,AB,,SYNTHETIC DEMO DOCUMENT
100,1000,2026,7000004207,6,20260624,20260624,KR,,SYNTHETIC DEMO DOCUMENT
100,1000,2025,7000004208,8,20250808,20250808,DR,,SYNTHETIC DEMO DOCUMENT
100,1100,2026,7000004209,5,20260525,20260525,SA,,SYNTHETIC DEMO DOCUMENT
100,1300,2025,7000004210,11,20251121,20251121,DR,,SYNTHETIC DEMO DOCUMENT
100,1000,2026,7000004211,2,20260225,20260225,KR,,SYNTHETIC DEMO DOCUMENT
100,1100,2026,7000004212,6,20260625,20260625,KR,,SYNTHETIC DEMO DOCUMENT
100,1200,2025,7000004213,12,20251214,20251214,KR,,SYNTHETIC DEMO DOCUMENT
100,1300,2025,7000004214,4,20250423,20250423,DR,,SYNTHETIC DEMO DOCUMENT
100,1000,2025,7000004215,6,20250601,20250601,KR,,SYNTHETIC DEMO DOCUMENT
100,1300,2026,7000004216,8,20260830,20260830,KR,,SYNTHETIC DEMO DOCUMENT
100,1200,2025,7000004217,12,20251231,20251231,DR,,SYNTHETIC DEMO DOCUMENT
100,1000,2025,7000004218,6,20250610,20250610,AB,,SYNTHETIC DEMO DOCUMENT
100,1200,2025,7000004219,6,20250624,20250624,SA,,SYNTHETIC DEMO DOCUMENT
100,1100,2025,7000004220,9,20250912,20250912,DR,,SYNTHETIC DEMO DOCUMENT
100,1300,2026,7000004221,1,20260117,20260117,KR,,SYNTHETIC DEMO DOCUMENT
100,1200,2025,7000004222,4,20250408,20250408,KR,,SYNTHETIC DEMO DOCUMENT
100,1100,2025,7000004223,4,20250407,20250407,DR,,SYNTHETIC DEMO DOCUMENT
100,1100,2025,7000004224,11,20251113,20251113,KR,,SYNTHETIC DEMO DOCUMENT
100,1000,2025,7000004225,12,20251229,20251229,DR,,SYNTHETIC DEMO DOCUMENT
100,1300,2026,7000004226,8,20260823,20260823,KR,,SYNTHETIC DEMO DOCUMENT
100,1200,2025,7000004227,7,20250701,20250701,KR,,SYNTHETIC DEMO DOCUMENT
100,1300,2025,7000004228,7,20250727,20250727,KR,,SYNTHETIC DEMO DOCUMENT
100,1100,2026,7000004229,9,20260922,20260922,AB,,SYNTHETIC DEMO DOCUMENT
100,1300,2025,7000004230,9,20250912,20250912,KR,,SYNTHETIC DEMO DOCUMENT
100,1000,2026,7000004231,1,20260121,20260121,DR,,SYNTHETIC DEMO DOCUMENT
100,1000,2026,7000004232,2,20260208,20260208,SA,,SYNTHETIC DEMO DOCUMENT
100,1300,2026,7000004233,2,20260228,20260228,AB,,SYNTHETIC DEMO DOCUMENT
100,1300,2026,7000004234,6,20260610,20260610,SA,,SYNTHETIC DEMO DOCUMENT
100,1000,2026,7000004235,7,20260728,20260728,AB,,SYNTHETIC DEMO DOCUMENT
100,1100,2025,7000004236,6,20250615,20250615,DR,,SYNTHETIC DEMO DOCUMENT
100,1000,2026,7000004237,4,20260407,20260407,SA,,SYNTHETIC DEMO DOCUMENT
100,1300,2025,7000004238,9,20250927,20250927,KR,,SYNTHETIC DEMO DOCUMENT
100,1100,2025,7000004239,10,20251024,20251024,AB,,SYNTHETIC DEMO DOCUMENT
100,1000,2025,7000004240,8,20250823,20250823,AB,,SYNTHETIC DEMO DOCUMENT
100,1100,2026,7000004241,8,20260803,20260803,AB,,SYNTHETIC DEMO DOCUMENT
100,1300,2025,7000004242,4,20250428,20250428,KR,,SYNTHETIC DEMO DOCUMENT
100,1100,2025,7000004243,5,20250522,20250522,DR,,SYNTHETIC DEMO DOCUMENT
100,1100,2025,7000004244,11,20251117,20251117,DR,,SYNTHETIC DEMO DOCUMENT
100,1000,2026,7000004245,8,20260818,20260818,KR,,SYNTHETIC DEMO DOCUMENT
100,1000,2025,7000004246,4,20250415,20250415,DR,,SYNTHETIC DEMO DOCUMENT
100,1100,2026,7000004247,1,20260110,20260110,DR,,SYNTHETIC DEMO DOCUMENT
100,1100,2026,7000004248,4,20260417,20260417,KR,,SYNTHETIC DEMO DOCUMENT
100,1300,2025,7000004249,8,20250830,20250830,KR,,SYNTHETIC DEMO DOCUMENT
100,1000,2026,7000004250,7,20260722,20260722,DR,,SYNTHETIC DEMO DOCUMENT
100,1300,2026,7000004251,8,20260813,20260813,KR,7000004250,SYNTHETIC DEMO DOCUMENT
100,1300,2026,7000004252,3,20260311,20260311,AB,,SYNTHETIC DEMO DOCUMENT
100,1100,2026,7000004253,5,20260504,20260504,DR,,SYNTHETIC DEMO DOCUMENT
100,1000,2026,7000004254,7,20260705,20260705,KR,,SYNTHETIC DEMO DOCUMENT
100,1000,2026,7000004255,9,20260922,20260922,KR,,SYNTHETIC DEMO DOCUMENT
100,1000,2026,7000004256,1,20260128,20260128,AB,,SYNTHETIC DEMO DOCUMENT
100,1000,2026,7000004257,8,20260808,20260808,SA,,SYNTHETIC DEMO DOCUMENT
100,1100,2026,7000004258,9,20260921,20260921,SA,,SYNTHETIC DEMO DOCUMENT
100,1100,2026,7000004259,1,20260105,20260105,KR,,SYNTHETIC DEMO DOCUMENT
100,1100,2026,7000004260,4,20260402,20260402,DR,,SYNTHETIC DEMO DOCUMENT
100,1100,2026,7000004261,5,20260516,20260516,AB,,SYNTHETIC DEMO DOCUMENT
100,1200,2026,7000004262,7,20260727,20260727,KR,,SYNTHETIC DEMO DOCUMENT
100,1100,2026,7000004263,4,20260423,20260423,DR,,SYNTHETIC DEMO DOCUMENT
100,1300,2026,7000004264,7,20260711,20260711,KR,,SYNTHETIC DEMO DOCUMENT
100,1100,2026,7000004265,8,20260811,20260811,KR,,SYNTHETIC DEMO DOCUMENT
100,1100,2025,7000004266,5,20250531,20250531,KR,,SYNTHETIC DEMO DOCUMENT
100,1100,2025,7000004267,4,20250414,20250414,SA,,SYNTHETIC DEMO DOCUMENT
100,1100,2026,7000004268,3,20260307,20260307,AB,,SYNTHETIC DEMO DOCUMENT
100,1100,2026,7000004269,9,20260922,20260922,KR,,SYNTHETIC DEMO DOCUMENT
100,1300,2026,7000004270,4,20260407,20260407,SA,,SYNTHETIC DEMO DOCUMENT
100,1200,2026,7000004271,2,20260212,20260212,DR,,SYNTHETIC DEMO DOCUMENT
100,1000,2025,7000004272,12,20251206,20251206,KR,,SYNTHETIC DEMO DOCUMENT
100,1200,2026,7000004273,5,20260521,20260521,SA,,SYNTHETIC DEMO DOCUMENT
100,1100,2026,7000004274,3,20260319,20260319,SA,,SYNTHETIC DEMO DOCUMENT
100,1200,2025,7000004275,11,20251129,20251129,DR,,SYNTHETIC DEMO DOCUMENT
100,1000,2025,7000004276,9,20250917,20250917,KR,,SYNTHETIC DEMO DOCUMENT
100,1100,2026,7000004277,8,20260822,20260822,AB,,SYNTHETIC DEMO DOCUMENT
100,1100,2025,7000004278,9,20250921,20250921,KR,,SYNTHETIC DEMO DOCUMENT
100,1000,2026,7000004279,7,20260707,20260707,KR,,SYNTHETIC DEMO DOCUMENT
100,1100,2025,7000004280,12,20251231,20251231,AB,,SYNTHETIC DEMO DOCUMENT
100,1100,2025,7000004281,4,20250414,20250414,AB,,SYNTHETIC DEMO DOCUMENT
100,1200,2025,7000004282,4,20250423,20250423,DR,,SYNTHETIC DEMO DOCUMENT
100,1000,2026,7000004283,1,20260126,20260126,KR,,SYNTHETIC DEMO DOCUMENT
100,1000,2025,7000004284,4,20250429,20250429,KR,,SYNTHETIC DEMO DOCUMENT
100,1300,2025,7000004285,4,20250415,20250415,SA,,SYNTHETIC DEMO DOCUMENT
100,1100,2025,7000004286,5,20250511,20250511,DR,,SYNTHETIC DEMO DOCUMENT
100,1300,2026,7000004287,7,20260711,20260711,DR,,SYNTHETIC DEMO DOCUMENT
100,1100,2026,7000004288,2,20260210,20260210,SA,,SYNTHETIC DEMO DOCUMENT
100,1300,2025,7000004289,12,20251216,20251216,KR,,SYNTHETIC DEMO DOCUMENT
100,1000,2026,7000004290,7,20260702,20260702,SA,,SYNTHETIC DEMO DOCUMENT
100,1000,2026,7000004291,1,20260109,20260109,DR,,SYNTHETIC DEMO DOCUMENT
100,1200,2025,7000004292,8,20250803,20250803,KR,,SYNTHETIC DEMO DOCUMENT
100,1000,2025,7000004293,8,20250815,20250815,DR,,SYNTHETIC DEMO DOCUMENT
100,1100,2026,7000004294,9,20260920,20260920,DR,,SYNTHETIC DEMO DOCUMENT
100,1000,2025,7000004295,7,20250708,20250708,SA,,SYNTHETIC DEMO DOCUMENT
100,1300,2026,7000004296,3,20260327,20260327,KR,,SYNTHETIC DEMO DOCUMENT
100,1200,2026,7000004297,9,20260927,20260927,DR,,SYNTHETIC DEMO DOCUMENT
100,1200,2026,7000004298,7,20260701,20260701,DR,,SYNTHETIC DEMO DOCUMENT
100,1100,2026,7000004299,4,20260417,20260417,KR,,SYNTHETIC DEMO DOCUMENT
100,1100,2026,7000004300,4,20260407,20260407,KR,,SYNTHETIC DEMO DOCUMENT
100,1100,2026,7000004301,4,20260411,20260411,AB,,SYNTHETIC DEMO DOCUMENT
100,1200,2026,7000004302,5,20260525,20260525,AB,,SYNTHETIC DEMO DOCUMENT
100,1000,2026,7000004303,9,20260909,20260909,KR,,SYNTHETIC DEMO DOCUMENT
100,1100,2025,7000004304,8,20250811,20250811,KR,,SYNTHETIC DEMO DOCUMENT
100,1100,2025,7000004305,4,20250420,20250420,DR,,SYNTHETIC DEMO DOCUMENT
100,1000,2026,7000004306,4,20260401,20260401,DR,,SYNTHETIC DEMO DOCUMENT
100,1100,2025,7000004307,12,20251213,20251213,KR,7000004306,SYNTHETIC DEMO DOCUMENT
100,1000,2025,7000004308,5,20250527,20250527,SA,,SYNTHETIC DEMO DOCUMENT
100,1000,2026,7000004309,6,20260607,20260607,KR,,SYNTHETIC DEMO DOCUMENT
100,1000,2025,7000004310,10,20251008,20251008,AB,,SYNTHETIC DEMO DOCUMENT
100,1200,2026,7000004311,8,20260812,20260812,DR,,SYNTHETIC DEMO DOCUMENT
100,1000,2026,7000004312,5,20260528,20260528,KR,,SYNTHETIC DEMO DOCUMENT
100,1300,2025,7000004313,5,20250506,20250506,DR,,SYNTHETIC DEMO DOCUMENT
100,1000,2026,7000004314,9,20260903,20260903,AB,,SYNTHETIC DEMO DOCUMENT
100,1100,2025,7000004315,10,20251001,20251001,DR,,SYNTHETIC DEMO DOCUMENT
100,1000,2026,7000004316,4,20260418,20260418,DR,,SYNTHETIC DEMO DOCUMENT
100,1100,2026,7000004317,1,20260120,20260120,KR,,SYNTHETIC DEMO DOCUMENT
100,1100,2026,7000004318,7,20260714,20260714,SA,,SYNTHETIC DEMO DOCUMENT
100,1100,2026,7000004319,7,20260708,20260708,KR,,SYNTHETIC DEMO DOCUMENT
100,1100,2025,7000004320,6,20250616,20250616,KR,,SYNTHETIC DEMO DOCUMENT
100,1100,2026,7000004321,3,20260329,20260329,KR,,SYNTHETIC DEMO DOCUMENT
100,1200,2026,7000004322,9,20260922,20260922,DR,,SYNTHETIC DEMO DOCUMENT
100,1300,2026,7000004323,8,20260828,20260828,KR,,SYNTHETIC DEMO DOCUMENT
100,1000,2026,7000004324,5,20260515,20260515,KR,,SYNTHETIC DEMO DOCUMENT
100,1200,2026,7000004325,2,20260228,20260228,SA,,SYNTHETIC DEMO DOCUMENT
100,1100,2026,7000004326,8,20260830,20260830,AB,,SYNTHETIC DEMO DOCUMENT
100,1100,2026,7000004327,5,20260508,20260508,KR,,SYNTHETIC DEMO DOCUMENT
100,1200,2025,7000004328,10,20251010,20251010,DR,,SYNTHETIC DEMO DOCUMENT
100,1300,2025,7000004329,8,20250802,20250802,AB,,SYNTHETIC DEMO DOCUMENT
100,1300,2025,7000004330,11,20251120,20251120,KR,,SYNTHETIC DEMO DOCUMENT
100,1000,2025,7000004331,11,20251128,20251128,KR,,SYNTHETIC DEMO DOCUMENT
100,1200,2026,7000004332,1,20260116,20260116,SA,,SYNTHETIC DEMO DOCUMENT
100,1200,2025,7000004333,4,20250406,20250406,KR,,SYNTHETIC DEMO DOCUMENT
100,1300,2025,7000004334,5,20250514,20250514,SA,,SYNTHETIC DEMO DOCUMENT
100,1100,2026,7000004335,6,20260616,20260616,KR,,SYNTHETIC DEMO DOCUMENT
100,1100,2026,7000004336,3,20260329,20260329,SA,,SYNTHETIC DEMO DOCUMENT
100,1000,2025,7000004337,10,20251022,20251022,KR,,SYNTHETIC DEMO DOCUMENT
100,1300,2026,7000004338,3,20260307,20260307,KR,,SYNTHETIC DEMO DOCUMENT
100,1100,2026,7000004339,4,20260423,20260423,KR,,SYNTHETIC DEMO DOCUMENT
100,1100,2026,7000004340,8,20260829,20260829,DR,,SYNTHETIC DEMO DOCUMENT
100,1100,2026,7000004341,3,20260309,20260309,KR,,SYNTHETIC DEMO DOCUMENT
100,1100,2025,7000004342,12,20251210,20251210,DR,,SYNTHETIC DEMO DOCUMENT
100,1100,2026,7000004343,6,20260602,20260602,AB,,SYNTHETIC DEMO DOCUMENT
100,1100,2025,7000004344,4,20250425,20250425,AB,,SYNTHETIC DEMO DOCUMENT
100,1300,2025,7000004345,9,20250913,20250913,SA,,SYNTHETIC DEMO DOCUMENT
100,1000,2026,7000004346,1,20260131,20260131,KR,,SYNTHETIC DEMO DOCUMENT
100,1100,2025,7000004347,10,20251005,20251005,DR,,SYNTHETIC DEMO DOCUMENT
100,1100,2025,7000004348,7,20250720,20250720,KR,,SYNTHETIC DEMO DOCUMENT
100,1000,2025,7000004349,7,20250723,20250723,DR,,SYNTHETIC DEMO DOCUMENT
100,1300,2025,7000004350,11,20251118,20251118,KR,,SYNTHETIC DEMO DOCUMENT
100,1000,2026,7000004351,5,20260510,20260510,KR,7000004350,SYNTHETIC DEMO DOCUMENT
100,1200,2025,7000004352,8,20250815,20250815,KR,,SYNTHETIC DEMO DOCUMENT
100,1100,2025,7000004353,10,20251020,20251020,KR,,SYNTHETIC DEMO DOCUMENT
100,1100,2025,7000004354,12,20251223,20251223,KR,7000004353,SYNTHETIC DEMO DOCUMENT
100,1100,2025,7000004355,12,20251220,20251220,AB,,SYNTHETIC DEMO DOCUMENT
100,1100,2025,7000004356,9,20250913,20250913,SA,,SYNTHETIC DEMO DOCUMENT
100,1100,2026,7000004357,6,20260617,20260617,AB,,SYNTHETIC DEMO DOCUMENT
100,1100,2026,7000004358,1,20260104,20260104,DR,,SYNTHETIC DEMO DOCUMENT
100,1200,2026,7000004359,6,20260616,20260616,KR,,SYNTHETIC DEMO DOCUMENT
100,1000,2026,7000004360,2,20260228,20260228,KR,,SYNTHETIC DEMO DOCUMENT
100,1100,2025,7000004361,5,20250526,20250526,KR,,SYNTHETIC DEMO DOCUMENT
100,1100,2026,7000004362,5,20260503,20260503,KR,,SYNTHETIC DEMO DOCUMENT
100,1100,2026,7000004363,4,20260428,20260428,KR,,SYNTHETIC DEMO DOCUMENT
100,1100,2025,7000004364,6,20250622,20250622,KR,,SYNTHETIC DEMO DOCUMENT
100,1100,2026,7000004365,6,20260611,20260611,SA,,SYNTHETIC DEMO DOCUMENT
100,1100,2025,7000004366,7,20250720,20250720,KR,,SYNTHETIC DEMO DOCUMENT
100,1300,2025,7000004367,10,20251007,20251007,AB,,SYNTHETIC DEMO DOCUMENT
100,1200,2025,7000004368,9,20250910,20250910,AB,,SYNTHETIC DEMO DOCUMENT
100,1300,2025,7000004369,5,20250529,20250529,SA,,SYNTHETIC DEMO DOCUMENT
100,1100,2025,7000004370,5,20250503,20250503,DR,7000004369,SYNTHETIC DEMO DOCUMENT
100,1200,2025,7000004371,12,20251208,20251208,DR,,SYNTHETIC DEMO DOCUMENT
100,1100,2026,7000004372,2,20260227,20260227,SA,,SYNTHETIC DEMO DOCUMENT
100,1000,2025,7000004373,7,20250731,20250731,AB,,SYNTHETIC DEMO DOCUMENT
100,1100,2026,7000004374,4,20260415,20260415,DR,,SYNTHETIC DEMO DOCUMENT
100,1100,2025,7000004375,9,20250903,20250903,KR,,SYNTHETIC DEMO DOCUMENT
100,1300,2026,7000004376,6,20260618,20260618,SA,,SYNTHETIC DEMO DOCUMENT
100,1100,2025,7000004377,5,20250521,20250521,DR,,SYNTHETIC DEMO DOCUMENT
100,1300,2026,7000004378,6,20260614,20260614,DR,,SYNTHETIC DEMO DOCUMENT
100,1100,2025,7000004379,9,20250914,20250914,KR,,SYNTHETIC DEMO DOCUMENT
100,1300,2026,7000004380,5,20260504,20260504,AB,,SYNTHETIC DEMO DOCUMENT
100,1000,2026,7000004381,2,20260205,20260205,AB,,SYNTHETIC DEMO DOCUMENT
100,1100,2026,7000004382,3,20260319,20260319,KR,,SYNTHETIC DEMO DOCUMENT
100,1200,2025,7000004383,12,20251210,20251210,SA,,SYNTHETIC DEMO DOCUMENT
100,1100,2026,7000004384,9,20260923,20260923,KR,,SYNTHETIC DEMO DOCUMENT
100,1200,2025,7000004385,4,20250422,20250422,KR,,SYNTHETIC DEMO DOCUMENT
100,1100,2025,7000004386,12,20251201,20251201,DR,,SYNTHETIC DEMO DOCUMENT
100,1000,2025,7000004387,11,20251130,20251130,SA,,SYNTHETIC DEMO DOCUMENT
100,1100,2025,7000004388,8,20250812,20250812,DR,,SYNTHETIC DEMO DOCUMENT
100,1300,2026,7000004389,1,20260119,20260119,DR,,SYNTHETIC DEMO DOCUMENT
100,1000,2025,7000004390,8,20250811,20250811,DR,,SYNTHETIC DEMO DOCUMENT
100,1100,2025,7000004391,7,20250715,20250715,KR,,SYNTHETIC DEMO DOCUMENT
100,1300,2026,7000004392,5,20260512,20260512,DR,,SYNTHETIC DEMO DOCUMENT
100,1100,2025,7000004393,12,20251217,20251217,DR,,SYNTHETIC DEMO DOCUMENT
100,1200,2026,7000004394,2,20260216,20260216,KR,,SYNTHETIC DEMO DOCUMENT
100,1300,2026,7000004395,9,20260917,20260917,DR,,SYNTHETIC DEMO DOCUMENT
100,1100,2025,7000004396,9,20250904,20250904,KR,,SYNTHETIC DEMO DOCUMENT
100,1100,2026,7000004397,2,20260228,20260228,DR,,SYNTHETIC DEMO DOCUMENT
100,1100,2025,7000004398,9,20250923,20250923,SA,,SYNTHETIC DEMO DOCUMENT
100,1300,2026,7000004399,7,20260730,20260730,KR,,SYNTHETIC DEMO DOCUMENT
100,1300,2025,7000004400,11,20251129,20251129,KR,,SYNTHETIC DEMO DOCUMENT
100,1100,2026,7000004401,5,20260509,20260509,DR,,SYNTHETIC DEMO DOCUMENT
100,1000,2026,7000004402,1,20260105,20260105,AB,,SYNTHETIC DEMO DOCUMENT
100,1300,2026,7000004403,9,20260915,20260915,DR,,SYNTHETIC DEMO DOCUMENT
100,1100,2026,7000004404,4,20260418,20260418,KR,,SYNTHETIC DEMO DOCUMENT
100,1200,2025,7000004405,6,20250628,20250628,DR,,SYNTHETIC DEMO DOCUMENT
100,1200,2025,7000004406,5,20250529,20250529,DR,,SYNTHETIC DEMO DOCUMENT
100,1300,2026,7000004407,3,20260307,20260307,KR,,SYNTHETIC DEMO DOCUMENT
100,1100,2026,7000004408,4,20260403,20260403,KR,,SYNTHETIC DEMO DOCUMENT
100,1000,2025,7000004409,10,20251004,20251004,SA,,SYNTHETIC DEMO DOCUMENT
100,1100,2025,7000004410,6,20250613,20250613,KR,,SYNTHETIC DEMO DOCUMENT
100,1000,2026,7000004411,1,20260114,20260114,KR,,SYNTHETIC DEMO DOCUMENT
100,1200,2025,7000004412,9,20250919,20250919,KR,,SYNTHETIC DEMO DOCUMENT
100,1100,2025,7000004413,9,20250925,20250925,SA,,SYNTHETIC DEMO DOCUMENT
100,1200,2025,7000004414,5,20250512,20250512,AB,,SYNTHETIC DEMO DOCUMENT
100,1000,2025,7000004415,11,20251109,20251109,KR,,SYNTHETIC DEMO DOCUMENT
100,1100,2026,7000004416,6,20260615,20260615,DR,,SYNTHETIC DEMO DOCUMENT
100,1200,2025,7000004417,9,20250910,20250910,AB,,SYNTHETIC DEMO DOCUMENT
100,1300,2026,7000004418,2,20260224,20260224,SA,,SYNTHETIC DEMO DOCUMENT
100,1200,2025,7000004419,10,20251030,20251030,SA,7000004418,SYNTHETIC DEMO DOCUMENT
100,1300,2026,7000004420,1,20260112,20260112,KR,,SYNTHETIC DEMO DOCUMENT
100,1000,2026,7000004421,5,20260519,20260519,AB,,SYNTHETIC DEMO DOCUMENT
100,1100,2025,7000004422,10,20251004,20251004,DR,,SYNTHETIC DEMO DOCUMENT
100,1100,2026,7000004423,7,20260729,20260729,DR,,SYNTHETIC DEMO DOCUMENT
100,1100,2026,7000004424,9,20260905,20260905,SA,,SYNTHETIC DEMO DOCUMENT
100,1200,2025,7000004425,10,20251020,20251020,SA,,SYNTHETIC DEMO DOCUMENT
100,1200,2025,7000004426,7,20250715,20250715,AB,,SYNTHETIC DEMO DOCUMENT
100,1100,2026,7000004427,4,20260426,20260426,SA,,SYNTHETIC DEMO DOCUMENT
100,1200,2026,7000004428,5,20260520,20260520,SA,,SYNTHETIC DEMO DOCUMENT
100,1000,2026,7000004429,7,20260703,20260703,SA,,SYNTHETIC DEMO DOCUMENT
100,1100,2025,7000004430,12,20251205,20251205,DR,,SYNTHETIC DEMO DOCUMENT
100,1300,2025,7000004431,12,20251225,20251225,DR,,SYNTHETIC DEMO DOCUMENT
100,1000,2026,7000004432,3,20260308,20260308,AB,,SYNTHETIC DEMO DOCUMENT
100,1100,2025,7000004433,12,20251202,20251202,KR,,SYNTHETIC DEMO DOCUMENT
100,1100,2026,7000004434,4,20260421,20260421,DR,,SYNTHETIC DEMO DOCUMENT
100,1000,2025,7000004435,8,20250807,20250807,KR,,SYNTHETIC DEMO DOCUMENT
100,1300,2026,7000004436,7,20260721,20260721,DR,,SYNTHETIC DEMO DOCUMENT
100,1000,2025,7000004437,4,20250422,20250422,DR,,SYNTHETIC DEMO DOCUMENT
100,1200,2026,7000004438,6,20260627,20260627,DR,,SYNTHETIC DEMO DOCUMENT
100,1200,2026,7000004439,5,20260509,20260509,SA,,SYNTHETIC DEMO DOCUMENT
100,1100,2025,7000004440,12,20251205,20251205,KR,,SYNTHETIC DEMO DOCUMENT
100,1200,2025,7000004441,5,20250516,20250516,KR,,SYNTHETIC DEMO DOCUMENT
100,1200,2026,7000004442,3,20260317,20260317,DR,,SYNTHETIC DEMO DOCUMENT
100,1000,2026,7000004443,7,20260715,20260715,KR,,SYNTHETIC DEMO DOCUMENT
100,1200,2025,7000004444,8,20250822,20250822,KR,,SYNTHETIC DEMO DOCUMENT
100,1100,2025,7000004445,6,20250608,20250608,KR,,SYNTHETIC DEMO DOCUMENT
100,1100,2025,7000004446,7,20250711,20250711,DR,,SYNTHETIC DEMO DOCUMENT
100,1300,2025,7000004447,12,20251226,20251226,AB,,SYNTHETIC DEMO DOCUMENT
100,1100,2025,7000004448,4,20250429,20250429,DR,,SYNTHETIC DEMO DOCUMENT
100,1200,2026,7000004449,2,20260214,20260214,DR,,SYNTHETIC DEMO DOCUMENT
100,1100,2026,7000004450,7,20260704,20260704,KR,,SYNTHETIC DEMO DOCUMENT
100,1100,2026,7000004451,7,20260722,20260722,SA,,SYNTHETIC DEMO DOCUMENT
100,1100,2025,7000004452,5,20250523,20250523,AB,,SYNTHETIC DEMO DOCUMENT
100,1200,2025,7000004453,9,20250906,20250906,AB,,SYNTHETIC DEMO DOCUMENT
100,1300,2025,7000004454,8,20250808,20250808,AB,,SYNTHETIC DEMO DOCUMENT
100,1100,2026,7000004455,9,20260912,20260912,KR,,SYNTHETIC DEMO DOCUMENT
100,1000,2025,7000004456,8,20250822,20250822,SA,,SYNTHETIC DEMO DOCUMENT
100,1200,2026,7000004457,7,20260726,20260726,AB,7000004456,SYNTHETIC DEMO DOCUMENT
100,1100,2026,7000004458,8,20260808,20260808,KR,,SYNTHETIC DEMO DOCUMENT
100,1100,2026,7000004459,5,20260518,20260518,KR,,SYNTHETIC DEMO DOCUMENT
100,1200,2026,7000004460,6,20260626,20260626,DR,,SYNTHETIC DEMO DOCUMENT
100,1300,2026,7000004461,6,20260622,20260622,AB,,SYNTHETIC DEMO DOCUMENT
100,1000,2025,7000004462,6,20250609,20250609,SA,,SYNTHETIC DEMO DOCUMENT
100,1100,2025,7000004463,10,20251014,20251014,KR,,SYNTHETIC DEMO DOCUMENT
100,1000,2025,7000004464,9,20250904,20250904,DR,,SYNTHETIC DEMO DOCUMENT
100,1200,2025,7000004465,10,20251020,20251020,KR,,SYNTHETIC DEMO DOCUMENT
100,1100,2025,7000004466,5,20250523,20250523,KR,,SYNTHETIC DEMO DOCUMENT
100,1100,2025,7000004467,12,20251213,20251213,SA,,SYNTHETIC DEMO DOCUMENT
100,1200,2025,7000004468,4,20250405,20250405,DR,,SYNTHETIC DEMO DOCUMENT
100,1100,2026,7000004469,2,20260228,20260228,SA,,SYNTHETIC DEMO DOCUMENT
100,1000,2025,7000004470,10,20251011,20251011,DR,,SYNTHETIC DEMO DOCUMENT
100,1100,2025,7000004471,11,20251107,20251107,KR,,SYNTHETIC DEMO DOCUMENT
100,1300,2026,7000004472,5,20260516,20260516,AB,7000004471,SYNTHETIC DEMO DOCUMENT
100,1300,2026,7000004473,1,20260105,20260105,KR,,SYNTHETIC DEMO DOCUMENT
100,1200,2026,7000004474,4,20260426,20260426,AB,7000004473,SYNTHETIC DEMO DOCUMENT
100,1200,2025,7000004475,12,20251231,20251231,DR,,SYNTHETIC DEMO DOCUMENT
100,1200,2025,7000004476,8,20250817,20250817,SA,,SYNTHETIC DEMO DOCUMENT
100,1000,2025,7000004477,11,20251113,20251113,KR,,SYNTHETIC DEMO DOCUMENT
100,1300,2025,7000004478,12,20251206,20251206,KR,,SYNTHETIC DEMO DOCUMENT
100,1100,2025,7000004479,6,20250629,20250629,DR,,SYNTHETIC DEMO DOCUMENT
100,1100,2026,7000004480,1,20260117,20260117,AB,7000004479,SYNTHETIC DEMO DOCUMENT
100,1200,2025,7000004481,12,20251218,20251218,KR,,SYNTHETIC DEMO DOCUMENT
100,1100,2026,7000004482,2,20260211,20260211,KR,,SYNTHETIC DEMO DOCUMENT
100,1200,2026,7000004483,1,20260126,20260126,KR,,SYNTHETIC DEMO DOCUMENT
100,1300,2026,7000004484,5,20260512,20260512,DR,,SYNTHETIC DEMO DOCUMENT
100,1100,2026,7000004485,5,20260504,20260504,KR,,SYNTHETIC DEMO DOCUMENT
100,1200,2026,7000004486,8,20260807,20260807,DR,,SYNTHETIC DEMO DOCUMENT
100,1200,2026,7000004487,1,20260107,20260107,KR,,SYNTHETIC DEMO DOCUMENT
100,1200,2025,7000004488,7,20250708,20250708,AB,,SYNTHETIC DEMO DOCUMENT
100,1100,2025,7000004489,9,20250923,20250923,KR,,SYNTHETIC DEMO DOCUMENT
100,1300,2026,7000004490,5,20260507,20260507,AB,,SYNTHETIC DEMO DOCUMENT
100,1100,2025,7000004491,5,20250502,20250502,KR,,SYNTHETIC DEMO DOCUMENT
100,1100,2025,7000004492,4,20250417,20250417,DR,,SYNTHETIC DEMO DOCUMENT
100,1100,2026,7000004493,3,20260324,20260324,KR,,SYNTHETIC DEMO DOCUMENT
100,1300,2025,7000004494,4,20250407,20250407,KR,,SYNTHETIC DEMO DOCUMENT
100,1100,2025,7000004495,5,20250526,20250526,KR,,SYNTHETIC DEMO DOCUMENT
100,1300,2025,7000004496,11,20251120,20251120,DR,7000004495,SYNTHETIC DEMO DOCUMENT
100,1100,2026,7000004497,4,20260413,20260413,KR,,SYNTHETIC DEMO DOCUMENT
100,1000,2025,7000004498,5,20250506,20250506,KR,,SYNTHETIC DEMO DOCUMENT
100,1100,2026,7000004499,9,20260910,20260910,AB,,SYNTHETIC DEMO DOCUMENT
100,1200,2025,7000004500,6,20250622,20250622,SA,,SYNTHETIC DEMO DOCUMENT
100,1100,2025,7000004501,7,20250716,20250716,SA,,SYNTHETIC DEMO DOCUMENT
100,1100,2026,7000004502,8,20260816,20260816,DR,,SYNTHETIC DEMO DOCUMENT
100,1100,2025,7000004503,9,20250926,20250926,KR,,SYNTHETIC DEMO DOCUMENT
100,1100,2025,7000004504,6,20250606,20250606,SA,,SYNTHETIC DEMO DOCUMENT
100,1300,2025,7000004505,4,20250426,20250426,DR,,SYNTHETIC DEMO DOCUMENT
100,1300,2025,7000004506,4,20250426,20250426,KR,,SYNTHETIC DEMO DOCUMENT
100,1000,2025,7000004507,9,20250905,20250905,KR,,SYNTHETIC DEMO DOCUMENT
100,1000,2025,7000004508,11,20251104,20251104,KR,,SYNTHETIC DEMO DOCUMENT
100,1100,2026,7000004509,8,20260829,20260829,KR,,SYNTHETIC DEMO DOCUMENT
100,1100,2025,7000004510,9,20250916,20250916,DR,,SYNTHETIC DEMO DOCUMENT
100,1000,2026,7000004511,4,20260419,20260419,KR,,SYNTHETIC DEMO DOCUMENT
100,1000,2026,7000004512,7,20260719,20260719,SA,,SYNTHETIC DEMO DOCUMENT
100,1300,2026,7000004513,9,20260906,20260906,DR,,SYNTHETIC DEMO DOCUMENT
100,1200,2026,7000004514,5,20260522,20260522,DR,,SYNTHETIC DEMO DOCUMENT
100,1000,2026,7000004515,4,20260430,20260430,DR,,SYNTHETIC DEMO DOCUMENT
100,1100,2026,7000004516,6,20260622,20260622,DR,,SYNTHETIC DEMO DOCUMENT
100,1100,2025,7000004517,12,20251220,20251220,KR,,SYNTHETIC DEMO DOCUMENT
100,1300,2026,7000004518,8,20260810,20260810,DR,,SYNTHETIC DEMO DOCUMENT
100,1100,2025,7000004519,4,20250415,20250415,KR,,SYNTHETIC DEMO DOCUMENT
100,1100,2025,7000004520,7,20250714,20250714,DR,,SYNTHETIC DEMO DOCUMENT
100,1100,2026,7000004521,8,20260824,20260824,KR,,SYNTHETIC DEMO DOCUMENT
100,1100,2026,7000004522,7,20260721,20260721,KR,,SYNTHETIC DEMO DOCUMENT
100,1300,2026,7000004523,2,20260224,20260224,DR,,SYNTHETIC DEMO DOCUMENT
100,1100,2026,7000004524,4,20260401,20260401,KR,,SYNTHETIC DEMO DOCUMENT
100,1100,2026,7000004525,6,20260601,20260601,KR,,SYNTHETIC DEMO DOCUMENT
100,1200,2026,7000004526,4,20260429,20260429,KR,,SYNTHETIC DEMO DOCUMENT
100,1100,2025,7000004527,11,20251101,20251101,KR,,SYNTHETIC DEMO DOCUMENT
100,1100,2025,7000004528,10,20251008,20251008,SA,,SYNTHETIC DEMO DOCUMENT
100,1300,2026,7000004529,2,20260205,20260205,DR,,SYNTHETIC DEMO DOCUMENT
100,1100,2025,7000004530,4,20250425,20250425,KR,7000004529,SYNTHETIC DEMO DOCUMENT
100,1000,2026,7000004531,7,20260713,20260713,KR,,SYNTHETIC DEMO DOCUMENT
100,1200,2026,7000004532,2,20260227,20260227,KR,,SYNTHETIC DEMO DOCUMENT
100,1300,2025,7000004533,11,20251124,20251124,DR,,SYNTHETIC DEMO DOCUMENT
100,1100,2025,7000004534,7,20250719,20250719,KR,,SYNTHETIC DEMO DOCUMENT
100,1300,2026,7000004535,3,20260305,20260305,SA,,SYNTHETIC DEMO DOCUMENT
100,1300,2025,7000004536,8,20250807,20250807,SA,,SYNTHETIC DEMO DOCUMENT
100,1000,2026,7000004537,3,20260304,20260304,KR,7000004536,SYNTHETIC DEMO DOCUMENT
100,1000,2026,7000004538,9,20260920,20260920,SA,7000004537,SYNTHETIC DEMO DOCUMENT
100,1300,2026,7000004539,6,20260618,20260618,KR,,SYNTHETIC DEMO DOCUMENT
100,1000,2025,7000004540,6,20250604,20250604,AB,,SYNTHETIC DEMO DOCUMENT
100,1100,2025,7000004541,5,20250520,20250520,AB,,SYNTHETIC DEMO DOCUMENT
100,1300,2026,7000004542,9,20260909,20260909,KR,,SYNTHETIC DEMO DOCUMENT
100,1000,2026,7000004543,8,20260822,20260822,SA,,SYNTHETIC DEMO DOCUMENT
100,1300,2025,7000004544,9,20250906,20250906,KR,,SYNTHETIC DEMO DOCUMENT
100,1000,2025,7000004545,5,20250510,20250510,SA,,SYNTHETIC DEMO DOCUMENT
100,1100,2026,7000004546,4,20260412,20260412,KR,,SYNTHETIC DEMO DOCUMENT
100,1200,2026,7000004547,3,20260315,20260315,AB,,SYNTHETIC DEMO DOCUMENT
100,1200,2025,7000004548,11,20251119,20251119,DR,7000004547,SYNTHETIC DEMO DOCUMENT
100,1000,2025,7000004549,12,20251207,20251207,KR,,SYNTHETIC DEMO DOCUMENT
100,1200,2025,7000004550,11,20251117,20251117,KR,,SYNTHETIC DEMO DOCUMENT
100,1300,2025,7000004551,6,20250629,20250629,KR,,SYNTHETIC DEMO DOCUMENT
100,1000,2025,7000004552,4,20250429,20250429,KR,,SYNTHETIC DEMO DOCUMENT
100,1300,2026,7000004553,2,20260212,20260212,SA,,SYNTHETIC DEMO DOCUMENT
100,1300,2026,7000004554,9,20260917,20260917,AB,,SYNTHETIC DEMO DOCUMENT
100,1000,2025,7000004555,11,20251118,20251118,DR,,SYNTHETIC DEMO DOCUMENT
100,1200,2026,7000004556,7,20260705,20260705,KR,,SYNTHETIC DEMO DOCUMENT
100,1000,2025,7000004557,9,20250904,20250904,DR,,SYNTHETIC DEMO DOCUMENT
100,1300,2026,7000004558,6,20260605,20260605,DR,,SYNTHETIC DEMO DOCUMENT
100,1100,2026,7000004559,5,20260518,20260518,DR,,SYNTHETIC DEMO DOCUMENT
100,1000,2026,7000004560,7,20260706,20260706,KR,,SYNTHETIC DEMO DOCUMENT
100,1100,2025,7000004561,6,20250613,20250613,DR,,SYNTHETIC DEMO DOCUMENT
100,1000,2025,7000004562,7,20250727,20250727,KR,,SYNTHETIC DEMO DOCUMENT
100,1300,2026,7000004563,3,20260321,20260321,DR,,SYNTHETIC DEMO DOCUMENT
100,1100,2026,7000004564,7,20260701,20260701,DR,,SYNTHETIC DEMO DOCUMENT
100,1100,2026,7000004565,2,20260206,20260206,KR,,SYNTHETIC DEMO DOCUMENT
100,1300,2025,7000004566,8,20250818,20250818,SA,,SYNTHETIC DEMO DOCUMENT
100,1100,2026,7000004567,8,20260830,20260830,KR,,SYNTHETIC DEMO DOCUMENT
100,1100,2025,7000004568,11,20251104,20251104,DR,,SYNTHETIC DEMO DOCUMENT
100,1300,2025,7000004569,9,20250912,20250912,AB,,SYNTHETIC DEMO DOCUMENT
100,1200,2025,7000004570,8,20250801,20250801,KR,,SYNTHETIC DEMO DOCUMENT
100,1100,2025,7000004571,4,20250412,20250412,SA,,SYNTHETIC DEMO DOCUMENT
100,1300,2025,7000004572,8,20250812,20250812,KR,,SYNTHETIC DEMO DOCUMENT
100,1200,2025,7000004573,9,20250905,20250905,AB,,SYNTHETIC DEMO DOCUMENT
100,1300,2026,7000004574,2,20260227,20260227,KR,,SYNTHETIC DEMO DOCUMENT
100,1300,2026,7000004575,4,20260403,20260403,SA,,SYNTHETIC DEMO DOCUMENT
100,1300,2026,7000004576,3,20260302,20260302,SA,,SYNTHETIC DEMO DOCUMENT
100,1300,2025,7000004577,5,20250514,20250514,KR,,SYNTHETIC DEMO DOCUMENT
100,1100,2025,7000004578,8,20250821,20250821,AB,,SYNTHETIC DEMO DOCUMENT
100,1200,2025,7000004579,6,20250621,20250621,DR,,SYNTHETIC DEMO DOCUMENT
100,1300,2026,7000004580,4,20260422,20260422,DR,,SYNTHETIC DEMO DOCUMENT
100,1100,2025,7000004581,8,20250826,20250826,KR,,SYNTHETIC DEMO DOCUMENT
100,1300,2026,7000004582,4,20260401,20260401,KR,7000004581,SYNTHETIC DEMO DOCUMENT
100,1200,2025,7000004583,7,20250705,20250705,DR,,SYNTHETIC DEMO DOCUMENT
100,1300,2025,7000004584,8,20250827,20250827,SA,,SYNTHETIC DEMO DOCUMENT
100,1200,2025,7000004585,10,20251020,20251020,DR,,SYNTHETIC DEMO DOCUMENT
100,1000,2026,7000004586,3,20260312,20260312,DR,,SYNTHETIC DEMO DOCUMENT
100,1000,2025,7000004587,6,20250629,20250629,SA,,SYNTHETIC DEMO DOCUMENT
100,1100,2025,7000004588,7,20250724,20250724,SA,,SYNTHETIC DEMO DOCUMENT
100,1200,2026,7000004589,1,20260118,20260118,DR,,SYNTHETIC DEMO DOCUMENT
100,1100,2026,7000004590,4,20260411,20260411,KR,,SYNTHETIC DEMO DOCUMENT
100,1200,2026,7000004591,5,20260528,20260528,KR,,SYNTHETIC DEMO DOCUMENT
100,1300,2025,7000004592,12,20251201,20251201,KR,,SYNTHETIC DEMO DOCUMENT
100,1200,2025,7000004593,4,20250429,20250429,AB,,SYNTHETIC DEMO DOCUMENT
100,1300,2025,7000004594,8,20250822,20250822,DR,,SYNTHETIC DEMO DOCUMENT
100,1100,2026,7000004595,1,20260123,20260123,SA,,SYNTHETIC DEMO DOCUMENT
100,1000,2026,7000004596,2,20260206,20260206,KR,,SYNTHETIC DEMO DOCUMENT
100,1100,2026,7000004597,9,20260924,20260924,DR,,SYNTHETIC DEMO DOCUMENT
100,1100,2026,7000004598,5,20260512,20260512,DR,,SYNTHETIC DEMO DOCUMENT
100,1200,2026,7000004599,9,20260903,20260903,KR,,SYNTHETIC DEMO DOCUMENT
100,1000,2026,7000004600,1,20260130,20260130,DR,,SYNTHETIC DEMO DOCUMENT
100,1100,2025,7000004601,11,20251109,20251109,DR,,SYNTHETIC DEMO DOCUMENT
100,1300,2026,7000004602,6,20260616,20260616,KR,,SYNTHETIC DEMO DOCUMENT
100,1100,2026,7000004603,1,20260107,20260107,AB,,SYNTHETIC DEMO DOCUMENT
100,1300,2025,7000004604,12,20251204,20251204,KR,,SYNTHETIC DEMO DOCUMENT
100,1000,2025,7000004605,12,20251220,20251220,DR,,SYNTHETIC DEMO DOCUMENT
100,1100,2025,7000004606,11,20251126,20251126,KR,,SYNTHETIC DEMO DOCUMENT
100,1100,2026,7000004607,3,20260321,20260321,SA,,SYNTHETIC DEMO DOCUMENT
100,1300,2026,7000004608,7,20260716,20260716,KR,,SYNTHETIC DEMO DOCUMENT
100,1300,2026,7000004609,3,20260329,20260329,AB,,SYNTHETIC DEMO DOCUMENT
100,1100,2026,7000004610,3,20260313,20260313,DR,,SYNTHETIC DEMO DOCUMENT
100,1000,2025,7000004611,11,20251113,20251113,DR,,SYNTHETIC DEMO DOCUMENT
100,1000,2025,7000004612,8,20250829,20250829,AB,,SYNTHETIC DEMO DOCUMENT
100,1200,2026,7000004613,1,20260104,20260104,DR,,SYNTHETIC DEMO DOCUMENT
100,1100,2025,7000004614,7,20250728,20250728,AB,,SYNTHETIC DEMO DOCUMENT
100,1000,2026,7000004615,8,20260812,20260812,DR,,SYNTHETIC DEMO DOCUMENT
100,1100,2025,7000004616,8,20250831,20250831,KR,,SYNTHETIC DEMO DOCUMENT
100,1200,2025,7000004617,6,20250610,20250610,SA,,SYNTHETIC DEMO DOCUMENT
100,1100,2025,7000004618,7,20250711,20250711,DR,,SYNTHETIC DEMO DOCUMENT
100,1300,2026,7000004619,9,20260920,20260920,KR,,SYNTHETIC DEMO DOCUMENT
100,1000,2025,7000004620,4,20250406,20250406,KR,,SYNTHETIC DEMO DOCUMENT
100,1000,2025,7000004621,12,20251202,20251202,KR,,SYNTHETIC DEMO DOCUMENT
100,1100,2025,7000004622,4,20250402,20250402,KR,,SYNTHETIC DEMO DOCUMENT
100,1100,2025,7000004623,9,20250902,20250902,DR,,SYNTHETIC DEMO DOCUMENT
100,1300,2025,7000004624,4,20250426,20250426,KR,,SYNTHETIC DEMO DOCUMENT
100,1300,2026,7000004625,6,20260618,20260618,KR,,SYNTHETIC DEMO DOCUMENT
100,1300,2026,7000004626,8,20260825,20260825,KR,,SYNTHETIC DEMO DOCUMENT
100,1000,2025,7000004627,7,20250720,20250720,KR,,SYNTHETIC DEMO DOCUMENT
100,1100,2025,7000004628,12,20251201,20251201,DR,,SYNTHETIC DEMO DOCUMENT
100,1200,2026,7000004629,5,20260529,20260529,DR,,SYNTHETIC DEMO DOCUMENT
100,1100,2025,7000004630,6,20250616,20250616,KR,,SYNTHETIC DEMO DOCUMENT
100,1300,2026,7000004631,8,20260823,20260823,AB,,SYNTHETIC DEMO DOCUMENT
100,1100,2026,7000004632,4,20260401,20260401,SA,,SYNTHETIC DEMO DOCUMENT
100,1300,2025,7000004633,5,20250513,20250513,DR,,SYNTHETIC DEMO DOCUMENT
100,1300,2026,7000004634,9,20260910,20260910,AB,7000004633,SYNTHETIC DEMO DOCUMENT
100,1100,2026,7000004635,3,20260320,20260320,DR,,SYNTHETIC DEMO DOCUMENT
100,1100,2025,7000004636,12,20251215,20251215,SA,,SYNTHETIC DEMO DOCUMENT
100,1200,2026,7000004637,6,20260614,20260614,AB,,SYNTHETIC DEMO DOCUMENT
100,1200,2025,7000004638,12,20251204,20251204,SA,,SYNTHETIC DEMO DOCUMENT
100,1000,2026,7000004639,7,20260709,20260709,DR,,SYNTHETIC DEMO DOCUMENT
100,1100,2025,7000004640,10,20251001,20251001,DR,,SYNTHETIC DEMO DOCUMENT
100,1200,2025,7000004641,4,20250402,20250402,AB,,SYNTHETIC DEMO DOCUMENT
100,1300,2025,7000004642,8,20250816,20250816,KR,,SYNTHETIC DEMO DOCUMENT
100,1300,2025,7000004643,8,20250821,20250821,DR,,SYNTHETIC DEMO DOCUMENT
100,1200,2025,7000004644,11,20251130,20251130,DR,,SYNTHETIC DEMO DOCUMENT
100,1200,2026,7000004645,7,20260719,20260719,AB,,SYNTHETIC DEMO DOCUMENT
100,1100,2026,7000004646,7,20260730,20260730,SA,,SYNTHETIC DEMO DOCUMENT
100,1000,2026,7000004647,1,20260126,20260126,KR,,SYNTHETIC DEMO DOCUMENT
100,1100,2025,7000004648,11,20251114,20251114,KR,,SYNTHETIC DEMO DOCUMENT
100,1000,2026,7000004649,1,20260113,20260113,KR,,SYNTHETIC DEMO DOCUMENT
100,1100,2026,7000004650,7,20260708,20260708,KR,,SYNTHETIC DEMO DOCUMENT
100,1100,2025,7000004651,5,20250519,20250519,KR,,SYNTHETIC DEMO DOCUMENT
100,1300,2026,7000004652,9,20260914,20260914,SA,,SYNTHETIC DEMO DOCUMENT
100,1100,2025,7000004653,5,20250504,20250504,AB,,SYNTHETIC DEMO DOCUMENT
100,1000,2026,7000004654,8,20260825,20260825,KR,,SYNTHETIC DEMO DOCUMENT
100,1100,2025,7000004655,6,20250602,20250602,SA,,SYNTHETIC DEMO DOCUMENT
100,1100,2026,7000004656,5,20260526,20260526,KR,,SYNTHETIC DEMO DOCUMENT
100,1300,2025,7000004657,8,20250827,20250827,SA,,SYNTHETIC DEMO DOCUMENT
100,1200,2026,7000004658,7,20260714,20260714,KR,,SYNTHETIC DEMO DOCUMENT
100,1300,2025,7000004659,6,20250605,20250605,KR,,SYNTHETIC DEMO DOCUMENT
100,1100,2026,7000004660,6,20260604,20260604,DR,,SYNTHETIC DEMO DOCUMENT
100,1300,2026,7000004661,4,20260428,20260428,KR,,SYNTHETIC DEMO DOCUMENT
100,1100,2026,7000004662,1,20260124,20260124,SA,,SYNTHETIC DEMO DOCUMENT
100,1300,2025,7000004663,8,20250815,20250815,SA,,SYNTHETIC DEMO DOCUMENT
100,1100,2025,7000004664,11,20251128,20251128,DR,,SYNTHETIC DEMO DOCUMENT
100,1100,2025,7000004665,10,20251013,20251013,DR,,SYNTHETIC DEMO DOCUMENT
100,1300,2026,7000004666,5,20260515,20260515,DR,,SYNTHETIC DEMO DOCUMENT
100,1300,2025,7000004667,9,20250907,20250907,KR,,SYNTHETIC DEMO DOCUMENT
100,1100,2025,7000004668,11,20251130,20251130,KR,,SYNTHETIC DEMO DOCUMENT
100,1100,2025,7000004669,6,20250601,20250601,KR,,SYNTHETIC DEMO DOCUMENT
100,1100,2025,7000004670,12,20251210,20251210,KR,,SYNTHETIC DEMO DOCUMENT
100,1100,2025,7000004671,6,20250606,20250606,KR,,SYNTHETIC DEMO DOCUMENT
100,1300,2026,7000004672,4,20260409,20260409,AB,,SYNTHETIC DEMO DOCUMENT
100,1300,2026,7000004673,5,20260501,20260501,KR,,SYNTHETIC DEMO DOCUMENT
100,1300,2026,7000004674,7,20260728,20260728,KR,,SYNTHETIC DEMO DOCUMENT
100,1100,2026,7000004675,1,20260121,20260121,AB,,SYNTHETIC DEMO DOCUMENT
100,1100,2026,7000004676,7,20260703,20260703,DR,,SYNTHETIC DEMO DOCUMENT
100,1300,2025,7000004677,7,20250709,20250709,KR,,SYNTHETIC DEMO DOCUMENT
100,1100,2026,7000004678,1,20260118,20260118,KR,,SYNTHETIC DEMO DOCUMENT
100,1200,2026,7000004679,3,20260314,20260314,DR,,SYNTHETIC DEMO DOCUMENT
100,1100,2025,7000004680,5,20250521,20250521,AB,,SYNTHETIC DEMO DOCUMENT
100,1000,2026,7000004681,1,20260129,20260129,KR,,SYNTHETIC DEMO DOCUMENT
100,1100,2026,7000004682,6,20260607,20260607,DR,,SYNTHETIC DEMO DOCUMENT
100,1100,2025,7000004683,5,20250513,20250513,DR,,SYNTHETIC DEMO DOCUMENT
100,1200,2025,7000004684,9,20250930,20250930,SA,,SYNTHETIC DEMO DOCUMENT
100,1000,2026,7000004685,8,20260827,20260827,DR,,SYNTHETIC DEMO DOCUMENT
100,1300,2025,7000004686,8,20250830,20250830,KR,,SYNTHETIC DEMO DOCUMENT
100,1100,2025,7000004687,7,20250724,20250724,SA,,SYNTHETIC DEMO DOCUMENT
100,1100,2025,7000004688,5,20250525,20250525,KR,,SYNTHETIC DEMO DOCUMENT
100,1100,2025,7000004689,5,20250506,20250506,DR,,SYNTHETIC DEMO DOCUMENT
100,1200,2025,7000004690,5,20250505,20250505,DR,,SYNTHETIC DEMO DOCUMENT
100,1000,2025,7000004691,12,20251214,20251214,DR,,SYNTHETIC DEMO DOCUMENT
100,1000,2025,7000004692,4,20250426,20250426,DR,,SYNTHETIC DEMO DOCUMENT
100,1100,2025,7000004693,5,20250521,20250521,KR,,SYNTHETIC DEMO DOCUMENT
100,1300,2025,7000004694,9,20250905,20250905,DR,,SYNTHETIC DEMO DOCUMENT
100,1100,2025,7000004695,7,20250711,20250711,DR,,SYNTHETIC DEMO DOCUMENT
100,1300,2026,7000004696,1,20260124,20260124,SA,,SYNTHETIC DEMO DOCUMENT
100,1300,2026,7000004697,5,20260529,20260529,KR,,SYNTHETIC DEMO DOCUMENT
100,1200,2025,7000004698,5,20250515,20250515,AB,,SYNTHETIC DEMO DOCUMENT
100,1100,2026,7000004699,9,20260913,20260913,AB,,SYNTHETIC DEMO DOCUMENT
100,1100,2026,7000004700,3,20260306,20260306,DR,,SYNTHETIC DEMO DOCUMENT
100,1300,2025,7000004701,10,20251024,20251024,SA,,SYNTHETIC DEMO DOCUMENT
100,1100,2026,7000004702,2,20260215,20260215,KR,,SYNTHETIC DEMO DOCUMENT
100,1100,2025,7000004703,9,20250926,20250926,AB,,SYNTHETIC DEMO DOCUMENT
100,1000,2026,7000004704,9,20260926,20260926,KR,,SYNTHETIC DEMO DOCUMENT
100,1300,2025,7000004705,9,20250901,20250901,DR,,SYNTHETIC DEMO DOCUMENT
100,1100,2025,7000004706,7,20250714,20250714,KR,,SYNTHETIC DEMO DOCUMENT
100,1100,2025,7000004707,10,20251005,20251005,KR,,SYNTHETIC DEMO DOCUMENT
100,1100,2026,7000004708,8,20260818,20260818,SA,,SYNTHETIC DEMO DOCUMENT
100,1100,2025,7000004709,12,20251203,20251203,KR,,SYNTHETIC DEMO DOCUMENT
100,1100,2026,7000004710,3,20260329,20260329,DR,,SYNTHETIC DEMO DOCUMENT
100,1100,2025,7000004711,4,20250406,20250406,SA,,SYNTHETIC DEMO DOCUMENT
100,1100,2025,7000004712,10,20251026,20251026,KR,,SYNTHETIC DEMO DOCUMENT
100,1100,2026,7000004713,3,20260312,20260312,DR,,SYNTHETIC DEMO DOCUMENT
100,1200,2025,7000004714,4,20250412,20250412,AB,,SYNTHETIC DEMO DOCUMENT
100,1300,2025,7000004715,5,20250518,20250518,KR,,SYNTHETIC DEMO DOCUMENT
100,1300,2026,7000004716,1,20260103,20260103,SA,,SYNTHETIC DEMO DOCUMENT
100,1200,2026,7000004717,6,20260620,20260620,KR,7000004716,SYNTHETIC DEMO DOCUMENT
100,1200,2025,7000004718,7,20250707,20250707,AB,,SYNTHETIC DEMO DOCUMENT
100,1100,2025,7000004719,8,20250824,20250824,KR,,SYNTHETIC DEMO DOCUMENT
100,1100,2026,7000004720,9,20260907,20260907,KR,,SYNTHETIC DEMO DOCUMENT
100,1100,2026,7000004721,3,20260315,20260315,SA,,SYNTHETIC DEMO DOCUMENT
100,1200,2026,7000004722,7,20260726,20260726,SA,,SYNTHETIC DEMO DOCUMENT
100,1000,2025,7000004723,4,20250401,20250401,KR,,SYNTHETIC DEMO DOCUMENT
100,1200,2026,7000004724,6,20260611,20260611,KR,,SYNTHETIC DEMO DOCUMENT
100,1200,2025,7000004725,12,20251208,20251208,SA,7000004724,SYNTHETIC DEMO DOCUMENT
100,1100,2025,7000004726,4,20250415,20250415,SA,,SYNTHETIC DEMO DOCUMENT
100,1000,2025,7000004727,7,20250720,20250720,KR,7000004726,SYNTHETIC DEMO DOCUMENT
100,1000,2026,7000004728,9,20260906,20260906,DR,,SYNTHETIC DEMO DOCUMENT
100,1100,2025,7000004729,9,20250904,20250904,SA,,SYNTHETIC DEMO DOCUMENT
100,1000,2026,7000004730,5,20260509,20260509,KR,,SYNTHETIC DEMO DOCUMENT
100,1300,2025,7000004731,11,20251128,20251128,KR,,SYNTHETIC DEMO DOCUMENT
100,1300,2026,7000004732,1,20260116,20260116,KR,,SYNTHETIC DEMO DOCUMENT
100,1000,2025,7000004733,12,20251216,20251216,AB,,SYNTHETIC DEMO DOCUMENT
100,1100,2025,7000004734,6,20250622,20250622,KR,,SYNTHETIC DEMO DOCUMENT
100,1300,2026,7000004735,4,20260404,20260404,KR,,SYNTHETIC DEMO DOCUMENT
100,1000,2026,7000004736,1,20260115,20260115,SA,,SYNTHETIC DEMO DOCUMENT
100,1000,2025,7000004737,9,20250913,20250913,DR,,SYNTHETIC DEMO DOCUMENT
100,1100,2025,7000004738,6,20250621,20250621,KR,,SYNTHETIC DEMO DOCUMENT
100,1100,2026,7000004739,4,20260412,20260412,SA,,SYNTHETIC DEMO DOCUMENT
100,1300,2026,7000004740,9,20260921,20260921,DR,,SYNTHETIC DEMO DOCUMENT
100,1300,2026,7000004741,3,20260305,20260305,DR,,SYNTHETIC DEMO DOCUMENT
100,1300,2026,7000004742,7,20260729,20260729,KR,,SYNTHETIC DEMO DOCUMENT
100,1200,2025,7000004743,5,20250512,20250512,DR,,SYNTHETIC DEMO DOCUMENT
100,1200,2026,7000004744,1,20260127,20260127,SA,,SYNTHETIC DEMO DOCUMENT
100,1300,2026,7000004745,5,20260504,20260504,SA,,SYNTHETIC DEMO DOCUMENT
100,1100,2025,7000004746,6,20250614,20250614,KR,,SYNTHETIC DEMO DOCUMENT
100,1000,2025,7000004747,6,20250613,20250613,DR,,SYNTHETIC DEMO DOCUMENT
100,1000,2025,7000004748,9,20250904,20250904,SA,,SYNTHETIC DEMO DOCUMENT
100,1100,2026,7000004749,1,20260114,20260114,KR,,SYNTHETIC DEMO DOCUMENT
100,1100,2025,7000004750,6,20250615,20250615,DR,,SYNTHETIC DEMO DOCUMENT
100,1000,2025,7000004751,5,20250527,20250527,DR,,SYNTHETIC DEMO DOCUMENT
100,1000,2026,7000004752,8,20260829,20260829,KR,,SYNTHETIC DEMO DOCUMENT
100,1100,2026,7000004753,9,20260921,20260921,KR,,SYNTHETIC DEMO DOCUMENT
100,1000,2025,7000004754,12,20251221,20251221,KR,,SYNTHETIC DEMO DOCUMENT
100,1100,2026,7000004755,8,20260802,20260802,DR,,SYNTHETIC DEMO DOCUMENT
100,1100,2025,7000004756,6,20250614,20250614,AB,,SYNTHETIC DEMO DOCUMENT
100,1100,2025,7000004757,9,20250923,20250923,KR,,SYNTHETIC DEMO DOCUMENT
100,1100,2026,7000004758,6,20260602,20260602,KR,,SYNTHETIC DEMO DOCUMENT
100,1100,2026,7000004759,5,20260505,20260505,KR,,SYNTHETIC DEMO DOCUMENT
100,1000,2026,7000004760,5,20260509,20260509,KR,,SYNTHETIC DEMO DOCUMENT
100,1200,2025,7000004761,7,20250714,20250714,AB,,SYNTHETIC DEMO DOCUMENT
100,1100,2025,7000004762,8,20250809,20250809,AB,,SYNTHETIC DEMO DOCUMENT
100,1000,2025,7000004763,9,20250919,20250919,SA,,SYNTHETIC DEMO DOCUMENT
100,1100,2025,7000004764,6,20250627,20250627,KR,,SYNTHETIC DEMO DOCUMENT
100,1300,2025,7000004765,11,20251122,20251122,AB,,SYNTHETIC DEMO DOCUMENT
100,1100,2026,7000004766,3,20260326,20260326,DR,,SYNTHETIC DEMO DOCUMENT
100,1000,2025,7000004767,9,20250905,20250905,DR,,SYNTHETIC DEMO DOCUMENT
100,1000,2025,7000004768,7,20250722,20250722,KR,,SYNTHETIC DEMO DOCUMENT
100,1300,2026,7000004769,5,20260501,20260501,SA,,SYNTHETIC DEMO DOCUMENT
100,1200,2026,7000004770,7,20260705,20260705,AB,,SYNTHETIC DEMO DOCUMENT
100,1100,2026,7000004771,3,20260312,20260312,AB,,SYNTHETIC DEMO DOCUMENT
100,1300,2025,7000004772,5,20250515,20250515,KR,,SYNTHETIC DEMO DOCUMENT
100,1000,2026,7000004773,9,20260907,20260907,DR,7000004772,SYNTHETIC DEMO DOCUMENT
100,1000,2025,7000004774,11,20251129,20251129,AB,,SYNTHETIC DEMO DOCUMENT
100,1300,2026,7000004775,9,20260910,20260910,DR,,SYNTHETIC DEMO DOCUMENT
100,1200,2025,7000004776,8,20250814,20250814,AB,,SYNTHETIC DEMO DOCUMENT
100,1100,2025,7000004777,8,20250823,20250823,DR,,SYNTHETIC DEMO DOCUMENT
100,1100,2025,7000004778,9,20250908,20250908,KR,,SYNTHETIC DEMO DOCUMENT
100,1100,2025,7000004779,10,20251007,20251007,AB,,SYNTHETIC DEMO DOCUMENT
100,1100,2026,7000004780,5,20260527,20260527,KR,,SYNTHETIC DEMO DOCUMENT
100,1000,2025,7000004781,4,20250424,20250424,AB,,SYNTHETIC DEMO DOCUMENT
100,1100,2026,7000004782,7,20260721,20260721,KR,7000004781,SYNTHETIC DEMO DOCUMENT
100,1200,2026,7000004783,3,20260304,20260304,DR,,SYNTHETIC DEMO DOCUMENT
100,1000,2026,7000004784,8,20260812,20260812,KR,,SYNTHETIC DEMO DOCUMENT
100,1000,2026,7000004785,6,20260626,20260626,SA,,SYNTHETIC DEMO DOCUMENT
100,1100,2026,7000004786,1,20260110,20260110,AB,,SYNTHETIC DEMO DOCUMENT
100,1100,2025,7000004787,5,20250509,20250509,KR,,SYNTHETIC DEMO DOCUMENT
100,1300,2026,7000004788,6,20260622,20260622,KR,,SYNTHETIC DEMO DOCUMENT
100,1200,2025,7000004789,7,20250714,20250714,SA,,SYNTHETIC DEMO DOCUMENT
100,1200,2025,7000004790,4,20250423,20250423,KR,,SYNTHETIC DEMO DOCUMENT
100,1000,2026,7000004791,9,20260912,20260912,AB,,SYNTHETIC DEMO DOCUMENT
100,1000,2026,7000004792,4,20260418,20260418,KR,,SYNTHETIC DEMO DOCUMENT
100,1100,2025,7000004793,10,20251023,20251023,AB,,SYNTHETIC DEMO DOCUMENT
100,1100,2026,7000004794,2,20260205,20260205,KR,,SYNTHETIC DEMO DOCUMENT
100,1000,2026,7000004795,9,20260918,20260918,AB,,SYNTHETIC DEMO DOCUMENT
100,1100,2025,7000004796,9,20250920,20250920,KR,,SYNTHETIC DEMO DOCUMENT
100,1300,2026,7000004797,4,20260410,20260410,KR,,SYNTHETIC DEMO DOCUMENT
100,1200,2026,7000004798,8,20260820,20260820,DR,,SYNTHETIC DEMO DOCUMENT
100,1100,2025,7000004799,11,20251110,20251110,SA,,SYNTHETIC DEMO DOCUMENT
100,1300,2026,7000004800,3,20260321,20260321,KR,,SYNTHETIC DEMO DOCUMENT
100,1100,2026,7000004801,7,20260703,20260703,KR,,SYNTHETIC DEMO DOCUMENT
100,1100,2026,7000004802,9,20260915,20260915,KR,7000004801,SYNTHETIC DEMO DOCUMENT
100,1100,2026,7000004803,3,20260302,20260302,KR,,SYNTHETIC DEMO DOCUMENT
100,1000,2025,7000004804,6,20250616,20250616,AB,,SYNTHETIC DEMO DOCUMENT
100,1100,2026,7000004805,3,20260321,20260321,SA,,SYNTHETIC DEMO DOCUMENT
100,1000,2025,7000004806,11,20251128,20251128,SA,,SYNTHETIC DEMO DOCUMENT
100,1300,2026,7000004807,2,20260211,20260211,SA,,SYNTHETIC DEMO DOCUMENT
100,1100,2025,7000004808,12,20251215,20251215,KR,,SYNTHETIC DEMO DOCUMENT
100,1000,2026,7000004809,9,20260911,20260911,KR,,SYNTHETIC DEMO DOCUMENT
100,1300,2025,7000004810,9,20250914,20250914,KR,,SYNTHETIC DEMO DOCUMENT
100,1100,2025,7000004811,11,20251105,20251105,DR,,SYNTHETIC DEMO DOCUMENT
100,1200,2025,7000004812,7,20250708,20250708,KR,,SYNTHETIC DEMO DOCUMENT
100,1000,2026,7000004813,5,20260522,20260522,AB,,SYNTHETIC DEMO DOCUMENT
100,1100,2026,7000004814,7,20260710,20260710,SA,,SYNTHETIC DEMO DOCUMENT
100,1200,2026,7000004815,7,20260718,20260718,AB,,SYNTHETIC DEMO DOCUMENT
100,1100,2026,7000004816,7,20260709,20260709,DR,,SYNTHETIC DEMO DOCUMENT
100,1000,2026,7000004817,8,20260812,20260812,SA,,SYNTHETIC DEMO DOCUMENT
100,1100,2026,7000004818,3,20260323,20260323,KR,,SYNTHETIC DEMO DOCUMENT
100,1100,2025,7000004819,7,20250726,20250726,AB,,SYNTHETIC DEMO DOCUMENT
100,1100,2026,7000004820,2,20260212,20260212,DR,,SYNTHETIC DEMO DOCUMENT
100,1300,2025,7000004821,4,20250416,20250416,KR,,SYNTHETIC DEMO DOCUMENT
100,1000,2026,7000004822,5,20260531,20260531,DR,,SYNTHETIC DEMO DOCUMENT
100,1000,2025,7000004823,6,20250602,20250602,SA,,SYNTHETIC DEMO DOCUMENT
100,1100,2026,7000004824,9,20260921,20260921,KR,,SYNTHETIC DEMO DOCUMENT
100,1300,2025,7000004825,4,20250424,20250424,SA,,SYNTHETIC DEMO DOCUMENT
100,1100,2025,7000004826,12,20251203,20251203,KR,,SYNTHETIC DEMO DOCUMENT
100,1000,2026,7000004827,1,20260131,20260131,KR,,SYNTHETIC DEMO DOCUMENT
100,1300,2026,7000004828,2,20260227,20260227,DR,,SYNTHETIC DEMO DOCUMENT
100,1000,2026,7000004829,4,20260402,20260402,DR,,SYNTHETIC DEMO DOCUMENT
100,1100,2025,7000004830,11,20251108,20251108,KR,,SYNTHETIC DEMO DOCUMENT
100,1300,2025,7000004831,8,20250802,20250802,KR,,SYNTHETIC DEMO DOCUMENT
100,1200,2025,7000004832,7,20250725,20250725,SA,,SYNTHETIC DEMO DOCUMENT
100,1200,2025,7000004833,8,20250809,20250809,DR,,SYNTHETIC DEMO DOCUMENT
100,1000,2026,7000004834,2,20260204,20260204,KR,,SYNTHETIC DEMO DOCUMENT
100,1100,2026,7000004835,7,20260717,20260717,KR,,SYNTHETIC DEMO DOCUMENT
100,1300,2026,7000004836,3,20260331,20260331,KR,,SYNTHETIC DEMO DOCUMENT
100,1100,2026,7000004837,5,20260520,20260520,DR,,SYNTHETIC DEMO DOCUMENT
100,1000,2025,7000004838,9,20250925,20250925,KR,,SYNTHETIC DEMO DOCUMENT
100,1000,2026,7000004839,2,20260223,20260223,DR,,SYNTHETIC DEMO DOCUMENT
100,1000,2025,7000004840,8,20250815,20250815,DR,,SYNTHETIC DEMO DOCUMENT
100,1200,2026,7000004841,9,20260915,20260915,DR,,SYNTHETIC DEMO DOCUMENT
100,1100,2026,7000004842,9,20260915,20260915,KR,,SYNTHETIC DEMO DOCUMENT
100,1100,2025,7000004843,5,20250507,20250507,SA,,SYNTHETIC DEMO DOCUMENT
100,1200,2025,7000004844,7,20250718,20250718,AB,,SYNTHETIC DEMO DOCUMENT
100,1100,2025,7000004845,12,20251206,20251206,KR,,SYNTHETIC DEMO DOCUMENT
100,1000,2026,7000004846,8,20260829,20260829,DR,,SYNTHETIC DEMO DOCUMENT
100,1200,2025,7000004847,6,20250606,20250606,DR,,SYNTHETIC DEMO DOCUMENT
100,1000,2026,7000004848,3,20260307,20260307,AB,,SYNTHETIC DEMO DOCUMENT
100,1000,2025,7000004849,6,20250620,20250620,SA,,SYNTHETIC DEMO DOCUMENT
100,1100,2025,7000004850,6,20250624,20250624,KR,,SYNTHETIC DEMO DOCUMENT
100,1300,2025,7000004851,5,20250510,20250510,SA,,SYNTHETIC DEMO DOCUMENT
100,1100,2026,7000004852,2,20260226,20260226,DR,,SYNTHETIC DEMO DOCUMENT
100,1300,2026,7000004853,8,20260831,20260831,AB,,SYNTHETIC DEMO DOCUMENT
100,1000,2026,7000004854,1,20260101,20260101,DR,,SYNTHETIC DEMO DOCUMENT
100,1100,2026,7000004855,5,20260514,20260514,SA,,SYNTHETIC DEMO DOCUMENT
100,1100,2025,7000004856,11,20251119,20251119,AB,7000004855,SYNTHETIC DEMO DOCUMENT
100,1000,2026,7000004857,1,20260116,20260116,KR,,SYNTHETIC DEMO DOCUMENT
100,1300,2025,7000004858,7,20250706,20250706,KR,,SYNTHETIC DEMO DOCUMENT
100,1200,2026,7000004859,5,20260527,20260527,SA,,SYNTHETIC DEMO DOCUMENT
100,1000,2025,7000004860,10,20251023,20251023,DR,,SYNTHETIC DEMO DOCUMENT
100,1100,2025,7000004861,7,20250727,20250727,DR,,SYNTHETIC DEMO DOCUMENT
100,1000,2025,7000004862,9,20250930,20250930,AB,,SYNTHETIC DEMO DOCUMENT
100,1000,2026,7000004863,2,20260214,20260214,KR,,SYNTHETIC DEMO DOCUMENT
100,1100,2025,7000004864,11,20251103,20251103,DR,,SYNTHETIC DEMO DOCUMENT
100,1200,2025,7000004865,10,20251006,20251006,AB,,SYNTHETIC DEMO DOCUMENT
100,1000,2026,7000004866,4,20260423,20260423,SA,,SYNTHETIC DEMO DOCUMENT
100,1100,2025,7000004867,9,20250918,20250918,AB,,SYNTHETIC DEMO DOCUMENT
100,1300,2026,7000004868,3,20260324,20260324,DR,,SYNTHETIC DEMO DOCUMENT
100,1100,2026,7000004869,4,20260416,20260416,KR,,SYNTHETIC DEMO DOCUMENT
100,1200,2025,7000004870,10,20251020,20251020,SA,,SYNTHETIC DEMO DOCUMENT
100,1000,2025,7000004871,7,20250716,20250716,AB,,SYNTHETIC DEMO DOCUMENT
100,1200,2026,7000004872,5,20260528,20260528,DR,,SYNTHETIC DEMO DOCUMENT
100,1100,2026,7000004873,2,20260217,20260217,DR,,SYNTHETIC DEMO DOCUMENT
100,1300,2026,7000004874,3,20260308,20260308,DR,,SYNTHETIC DEMO DOCUMENT
100,1100,2025,7000004875,4,20250404,20250404,KR,,SYNTHETIC DEMO DOCUMENT
100,1100,2026,7000004876,6,20260613,20260613,AB,,SYNTHETIC DEMO DOCUMENT
100,1100,2025,7000004877,5,20250516,20250516,DR,,SYNTHETIC DEMO DOCUMENT
100,1300,2025,7000004878,10,20251018,20251018,DR,,SYNTHETIC DEMO DOCUMENT
100,1300,2025,7000004879,4,20250412,20250412,SA,,SYNTHETIC DEMO DOCUMENT
100,1200,2026,7000004880,6,20260604,20260604,DR,7000004879,SYNTHETIC DEMO DOCUMENT
100,1100,2025,7000004881,5,20250509,20250509,DR,,SYNTHETIC DEMO DOCUMENT
100,1000,2026,7000004882,3,20260331,20260331,SA,,SYNTHETIC DEMO DOCUMENT
100,1100,2025,7000004883,5,20250508,20250508,DR,,SYNTHETIC DEMO DOCUMENT
100,1000,2026,7000004884,2,20260206,20260206,DR,,SYNTHETIC DEMO DOCUMENT
100,1300,2026,7000004885,7,20260703,20260703,DR,,SYNTHETIC DEMO DOCUMENT
100,1200,2025,7000004886,11,20251123,20251123,DR,,SYNTHETIC DEMO DOCUMENT
100,1100,2025,7000004887,9,20250918,20250918,KR,,SYNTHETIC DEMO DOCUMENT
100,1000,2026,7000004888,6,20260607,20260607,DR,,SYNTHETIC DEMO DOCUMENT
100,1100,2026,7000004889,9,20260909,20260909,DR,,SYNTHETIC DEMO DOCUMENT
100,1100,2026,7000004890,8,20260831,20260831,DR,,SYNTHETIC DEMO DOCUMENT
100,1100,2025,7000004891,4,20250406,20250406,DR,,SYNTHETIC DEMO DOCUMENT
100,1100,2026,7000004892,7,20260701,20260701,KR,,SYNTHETIC DEMO DOCUMENT
100,1200,2026,7000004893,3,20260329,20260329,DR,,SYNTHETIC DEMO DOCUMENT
100,1100,2025,7000004894,5,20250531,20250531,DR,,SYNTHETIC DEMO DOCUMENT
100,1300,2025,7000004895,4,20250402,20250402,KR,,SYNTHETIC DEMO DOCUMENT
100,1000,2026,7000004896,5,20260521,20260521,KR,,SYNTHETIC DEMO DOCUMENT
100,1000,2025,7000004897,5,20250526,20250526,DR,,SYNTHETIC DEMO DOCUMENT
100,1200,2025,7000004898,12,20251230,20251230,AB,,SYNTHETIC DEMO DOCUMENT
100,1300,2025,7000004899,6,20250601,20250601,DR,,SYNTHETIC DEMO DOCUMENT
100,1300,2026,7000004900,9,20260906,20260906,AB,,SYNTHETIC DEMO DOCUMENT
100,1300,2025,7000004901,9,20250920,20250920,AB,,SYNTHETIC DEMO DOCUMENT
100,1100,2025,7000004902,11,20251124,20251124,DR,7000004901,SYNTHETIC DEMO DOCUMENT
100,1000,2026,7000004903,3,20260327,20260327,DR,,SYNTHETIC DEMO DOCUMENT
100,1200,2026,7000004904,6,20260623,20260623,DR,,SYNTHETIC DEMO DOCUMENT
100,1200,2025,7000004905,4,20250416,20250416,DR,,SYNTHETIC DEMO DOCUMENT
100,1200,2026,7000004906,9,20260925,20260925,DR,,SYNTHETIC DEMO DOCUMENT
100,1100,2026,7000004907,4,20260402,20260402,KR,,SYNTHETIC DEMO DOCUMENT
100,1000,2026,7000004908,3,20260329,20260329,KR,,SYNTHETIC DEMO DOCUMENT
100,1000,2026,7000004909,3,20260322,20260322,KR,,SYNTHETIC DEMO DOCUMENT
100,1100,2026,7000004910,2,20260206,20260206,AB,,SYNTHETIC DEMO DOCUMENT
100,1300,2026,7000004911,7,20260717,20260717,SA,,SYNTHETIC DEMO DOCUMENT
100,1100,2026,7000004912,4,20260414,20260414,KR,,SYNTHETIC DEMO DOCUMENT
100,1100,2026,7000004913,3,20260331,20260331,AB,,SYNTHETIC DEMO DOCUMENT
100,1300,2026,7000004914,8,20260826,20260826,SA,,SYNTHETIC DEMO DOCUMENT
100,1100,2025,7000004915,12,20251216,20251216,KR,,SYNTHETIC DEMO DOCUMENT
100,1300,2026,7000004916,7,20260706,20260706,KR,,SYNTHETIC DEMO DOCUMENT
100,1000,2026,7000004917,3,20260301,20260301,AB,,SYNTHETIC DEMO DOCUMENT
100,1200,2026,7000004918,1,20260126,20260126,SA,,SYNTHETIC DEMO DOCUMENT
100,1000,2025,7000004919,10,20251018,20251018,KR,,SYNTHETIC DEMO DOCUMENT
100,1200,2026,7000004920,5,20260516,20260516,DR,,SYNTHETIC DEMO DOCUMENT
100,1100,2025,7000004921,9,20250912,20250912,AB,,SYNTHETIC DEMO DOCUMENT
100,1200,2025,7000004922,11,20251115,20251115,KR,,SYNTHETIC DEMO DOCUMENT
100,1100,2026,7000004923,6,20260630,20260630,DR,,SYNTHETIC DEMO DOCUMENT
100,1000,2026,7000004924,5,20260508,20260508,KR,,SYNTHETIC DEMO DOCUMENT
100,1100,2026,7000004925,6,20260619,20260619,KR,,SYNTHETIC DEMO DOCUMENT
100,1000,2025,7000004926,12,20251209,20251209,KR,,SYNTHETIC DEMO DOCUMENT
100,1000,2026,7000004927,6,20260626,20260626,SA,,SYNTHETIC DEMO DOCUMENT
100,1100,2026,7000004928,6,20260630,20260630,SA,,SYNTHETIC DEMO DOCUMENT
100,1100,2025,7000004929,9,20250928,20250928,DR,,SYNTHETIC DEMO DOCUMENT
100,1200,2026,7000004930,6,20260607,20260607,KR,,SYNTHETIC DEMO DOCUMENT
100,1200,2026,7000004931,4,20260426,20260426,AB,,SYNTHETIC DEMO DOCUMENT
100,1300,2026,7000004932,7,20260714,20260714,KR,,SYNTHETIC DEMO DOCUMENT
100,1000,2026,7000004933,1,20260110,20260110,KR,,SYNTHETIC DEMO DOCUMENT
100,1200,2026,7000004934,6,20260622,20260622,KR,,SYNTHETIC DEMO DOCUMENT
100,1000,2026,7000004935,6,20260626,20260626,AB,,SYNTHETIC DEMO DOCUMENT
100,1100,2025,7000004936,12,20251223,20251223,SA,,SYNTHETIC DEMO DOCUMENT
100,1300,2025,7000004937,7,20250701,20250701,KR,,SYNTHETIC DEMO DOCUMENT
100,1100,2026,7000004938,3,20260302,20260302,AB,7000004937,SYNTHETIC DEMO DOCUMENT
100,1100,2025,7000004939,12,20251216,20251216,DR,,SYNTHETIC DEMO DOCUMENT
100,1200,2025,7000004940,10,20251012,20251012,DR,,SYNTHETIC DEMO DOCUMENT
100,1000,2025,7000004941,7,20250723,20250723,DR,,SYNTHETIC DEMO DOCUMENT
100,1200,2025,7000004942,7,20250706,20250706,KR,,SYNTHETIC DEMO DOCUMENT
100,1000,2026,7000004943,4,20260414,20260414,KR,,SYNTHETIC DEMO DOCUMENT
100,1300,2026,7000004944,7,20260723,20260723,SA,,SYNTHETIC DEMO DOCUMENT
100,1100,2025,7000004945,7,20250721,20250721,DR,,SYNTHETIC DEMO DOCUMENT
100,1000,2025,7000004946,4,20250427,20250427,KR,,SYNTHETIC DEMO DOCUMENT
100,1200,2025,7000004947,7,20250704,20250704,SA,,SYNTHETIC DEMO DOCUMENT
100,1300,2026,7000004948,5,20260509,20260509,SA,,SYNTHETIC DEMO DOCUMENT
100,1300,2026,7000004949,4,20260428,20260428,SA,,SYNTHETIC DEMO DOCUMENT
100,1100,2026,7000004950,8,20260810,20260810,DR,,SYNTHETIC DEMO DOCUMENT
100,1200,2026,7000004951,3,20260312,20260312,DR,,SYNTHETIC DEMO DOCUMENT
100,1000,2025,7000004952,10,20251028,20251028,DR,,SYNTHETIC DEMO DOCUMENT
100,1100,2025,7000004953,12,20251214,20251214,KR,,SYNTHETIC DEMO DOCUMENT
100,1200,2025,7000004954,4,20250405,20250405,KR,,SYNTHETIC DEMO DOCUMENT
100,1100,2025,7000004955,4,20250419,20250419,AB,,SYNTHETIC DEMO DOCUMENT
100,1200,2026,7000004956,6,20260605,20260605,DR,,SYNTHETIC DEMO DOCUMENT
100,1100,2026,7000004957,9,20260917,20260917,KR,,SYNTHETIC DEMO DOCUMENT
100,1100,2026,7000004958,3,20260323,20260323,DR,,SYNTHETIC DEMO DOCUMENT
100,1200,2025,7000004959,9,20250911,20250911,SA,,SYNTHETIC DEMO DOCUMENT
100,1200,2025,7000004960,4,20250401,20250401,KR,,SYNTHETIC DEMO DOCUMENT
100,1000,2026,7000004961,5,20260510,20260510,KR,,SYNTHETIC DEMO DOCUMENT
100,1100,2025,7000004962,9,20250925,20250925,DR,,SYNTHETIC DEMO DOCUMENT
100,1000,2026,7000004963,2,20260214,20260214,KR,,SYNTHETIC DEMO DOCUMENT
100,1100,2025,7000004964,8,20250802,20250802,AB,,SYNTHETIC DEMO DOCUMENT
100,1300,2025,7000004965,10,20251007,20251007,AB,,SYNTHETIC DEMO DOCUMENT
100,1100,2026,7000004966,2,20260206,20260206,AB,,SYNTHETIC DEMO DOCUMENT
100,1100,2025,7000004967,4,20250401,20250401,KR,,SYNTHETIC DEMO DOCUMENT
100,1100,2026,7000004968,2,20260224,20260224,KR,,SYNTHETIC DEMO DOCUMENT
100,1000,2026,7000004969,9,20260925,20260925,DR,,SYNTHETIC DEMO DOCUMENT
100,1200,2025,7000004970,5,20250511,20250511,KR,7000004969,SYNTHETIC DEMO DOCUMENT
100,1100,2025,7000004971,9,20250902,20250902,KR,,SYNTHETIC DEMO DOCUMENT
100,1000,2025,7000004972,10,20251004,20251004,KR,,SYNTHETIC DEMO DOCUMENT
100,1200,2025,7000004973,11,20251114,20251114,AB,,SYNTHETIC DEMO DOCUMENT
100,1000,2026,7000004974,6,20260609,20260609,SA,,SYNTHETIC DEMO DOCUMENT
100,1100,2025,7000004975,11,20251105,20251105,DR,,SYNTHETIC DEMO DOCUMENT
100,1300,2025,7000004976,7,20250729,20250729,AB,,SYNTHETIC DEMO DOCUMENT
100,1100,2025,7000004977,5,20250521,20250521,AB,,SYNTHETIC DEMO DOCUMENT
100,1300,2026,7000004978,3,20260324,20260324,AB,,SYNTHETIC DEMO DOCUMENT
100,1300,2026,7000004979,7,20260701,20260701,SA,,SYNTHETIC DEMO DOCUMENT
100,1200,2025,7000004980,4,20250403,20250403,SA,,SYNTHETIC DEMO DOCUMENT
100,1100,2025,7000004981,10,20251025,20251025,AB,,SYNTHETIC DEMO DOCUMENT
100,1300,2026,7000004982,3,20260313,20260313,DR,,SYNTHETIC DEMO DOCUMENT
100,1300,2025,7000004983,11,20251122,20251122,DR,,SYNTHETIC DEMO DOCUMENT
100,1300,2025,7000004984,9,20250921,20250921,DR,,SYNTHETIC DEMO DOCUMENT
100,1100,2026,7000004985,8,20260812,20260812,KR,,SYNTHETIC DEMO DOCUMENT
100,1300,2025,7000004986,5,20250503,20250503,SA,,SYNTHETIC DEMO DOCUMENT
100,1100,2025,7000004987,9,20250922,20250922,AB,,SYNTHETIC DEMO DOCUMENT
100,1100,2026,7000004988,5,20260531,20260531,KR,,SYNTHETIC DEMO DOCUMENT
100,1000,2026,7000004989,7,20260716,20260716,KR,,SYNTHETIC DEMO DOCUMENT
100,1100,2026,7000004990,7,20260728,20260728,KR,,SYNTHETIC DEMO DOCUMENT
100,1100,2026,7000004991,4,20260426,20260426,KR,,SYNTHETIC DEMO DOCUMENT
100,1200,2025,7000004992,12,20251216,20251216,KR,,SYNTHETIC DEMO DOCUMENT
100,1100,2026,7000004993,6,20260612,20260612,DR,7000004992,SYNTHETIC DEMO DOCUMENT
100,1000,2026,7000004994,1,20260119,20260119,DR,,SYNTHETIC DEMO DOCUMENT
100,1300,2025,7000004995,6,20250602,20250602,SA,,SYNTHETIC DEMO DOCUMENT
100,1300,2025,7000004996,10,20251016,20251016,KR,,SYNTHETIC DEMO DOCUMENT
100,1200,2025,7000004997,8,20250806,20250806,KR,,SYNTHETIC DEMO DOCUMENT
100,1100,2025,7000004998,5,20250523,20250523,AB,,SYNTHETIC DEMO DOCUMENT
100,1300,2026,7000004999,5,20260507,20260507,KR,,SYNTHETIC DEMO DOCUMENT
100,1300,2025,7000005000,9,20250909,20250909,KR,,SYNTHETIC DEMO DOCUMENT
100,1100,2026,7000005001,3,20260305,20260305,DR,,SYNTHETIC DEMO DOCUMENT
100,1100,2025,7000005002,12,20251214,20251214,KR,,SYNTHETIC DEMO DOCUMENT
100,1200,2026,7000005003,4,20260406,20260406,AB,,SYNTHETIC DEMO DOCUMENT
100,1300,2025,7000005004,10,20251002,20251002,SA,,SYNTHETIC DEMO DOCUMENT
100,1200,2025,7000005005,8,20250802,20250802,AB,,SYNTHETIC DEMO DOCUMENT
100,1300,2026,7000005006,5,20260526,20260526,DR,,SYNTHETIC DEMO DOCUMENT
100,1000,2026,7000005007,6,20260611,20260611,KR,,SYNTHETIC DEMO DOCUMENT
100,1000,2026,7000005008,4,20260422,20260422,KR,,SYNTHETIC DEMO DOCUMENT
100,1300,2026,7000005009,6,20260610,20260610,KR,,SYNTHETIC DEMO DOCUMENT
100,1300,2025,7000005010,11,20251130,20251130,KR,,SYNTHETIC DEMO DOCUMENT
100,1000,2025,7000005011,8,20250821,20250821,KR,,SYNTHETIC DEMO DOCUMENT
100,1000,2025,7000005012,9,20250927,20250927,DR,,SYNTHETIC DEMO DOCUMENT
100,1300,2025,7000005013,5,20250528,20250528,KR,,SYNTHETIC DEMO DOCUMENT
100,1200,2025,7000005014,8,20250808,20250808,KR,,SYNTHETIC DEMO DOCUMENT
100,1000,2026,7000005015,2,20260227,20260227,KR,,SYNTHETIC DEMO DOCUMENT
100,1200,2025,7000005016,12,20251204,20251204,KR,,SYNTHETIC DEMO DOCUMENT
100,1100,2026,7000005017,3,20260320,20260320,DR,,SYNTHETIC DEMO DOCUMENT
100,1100,2026,7000005018,6,20260614,20260614,KR,,SYNTHETIC DEMO DOCUMENT
100,1100,2025,7000005019,6,20250627,20250627,DR,,SYNTHETIC DEMO DOCUMENT
100,1100,2025,7000005020,7,20250702,20250702,AB,,SYNTHETIC DEMO DOCUMENT
100,1100,2025,7000005021,5,20250524,20250524,KR,,SYNTHETIC DEMO DOCUMENT
100,1100,2026,7000005022,2,20260207,20260207,AB,,SYNTHETIC DEMO DOCUMENT
100,1100,2026,7000005023,4,20260419,20260419,SA,,SYNTHETIC DEMO DOCUMENT
100,1100,2025,7000005024,12,20251222,20251222,DR,,SYNTHETIC DEMO DOCUMENT
100,1300,2025,7000005025,10,20251023,20251023,KR,,SYNTHETIC DEMO DOCUMENT
100,1100,2025,7000005026,12,20251219,20251219,AB,,SYNTHETIC DEMO DOCUMENT
100,1300,2025,7000005027,6,20250621,20250621,KR,,SYNTHETIC DEMO DOCUMENT
100,1100,2026,7000005028,8,20260819,20260819,SA,,SYNTHETIC DEMO DOCUMENT
100,1100,2026,7000005029,4,20260407,20260407,SA,7000005028,SYNTHETIC DEMO DOCUMENT
100,1100,2026,7000005030,5,20260519,20260519,SA,,SYNTHETIC DEMO DOCUMENT
100,1100,2025,7000005031,6,20250620,20250620,DR,,SYNTHETIC DEMO DOCUMENT
100,1100,2026,7000005032,4,20260427,20260427,AB,,SYNTHETIC DEMO DOCUMENT
100,1300,2025,7000005033,11,20251123,20251123,SA,,SYNTHETIC DEMO DOCUMENT
100,1100,2026,7000005034,2,20260221,20260221,DR,,SYNTHETIC DEMO DOCUMENT
100,1200,2025,7000005035,11,20251117,20251117,SA,,SYNTHETIC DEMO DOCUMENT
100,1100,2025,7000005036,10,20251022,20251022,KR,,SYNTHETIC DEMO DOCUMENT
100,1300,2025,7000005037,4,20250423,20250423,KR,,SYNTHETIC DEMO DOCUMENT
100,1300,2026,7000005038,2,20260215,20260215,KR,,SYNTHETIC DEMO DOCUMENT
100,1200,2026,7000005039,1,20260113,20260113,KR,,SYNTHETIC DEMO DOCUMENT
100,1000,2026,7000005040,3,20260313,20260313,DR,,SYNTHETIC DEMO DOCUMENT
100,1200,2026,7000005041,2,20260215,20260215,KR,,SYNTHETIC DEMO DOCUMENT
100,1200,2025,7000005042,11,20251120,20251120,SA,,SYNTHETIC DEMO DOCUMENT
100,1100,2026,7000005043,6,20260625,20260625,AB,,SYNTHETIC DEMO DOCUMENT
100,1100,2026,7000005044,9,20260923,20260923,DR,,SYNTHETIC DEMO DOCUMENT
100,1300,2026,7000005045,7,20260703,20260703,KR,,SYNTHETIC DEMO DOCUMENT
100,1200,2025,7000005046,12,20251203,20251203,DR,,SYNTHETIC DEMO DOCUMENT
100,1000,2026,7000005047,1,20260127,20260127,AB,,SYNTHETIC DEMO DOCUMENT
100,1200,2026,7000005048,1,20260110,20260110,KR,,SYNTHETIC DEMO DOCUMENT
100,1300,2025,7000005049,10,20251020,20251020,DR,,SYNTHETIC DEMO DOCUMENT
100,1100,2025,7000005050,10,20251013,20251013,SA,,SYNTHETIC DEMO DOCUMENT
100,1000,2026,7000005051,3,20260321,20260321,KR,,SYNTHETIC DEMO DOCUMENT
100,1000,2025,7000005052,11,20251107,20251107,KR,,SYNTHETIC DEMO DOCUMENT
100,1200,2026,7000005053,5,20260526,20260526,SA,,SYNTHETIC DEMO DOCUMENT
100,1300,2025,7000005054,8,20250812,20250812,SA,,SYNTHETIC DEMO DOCUMENT
100,1300,2025,7000005055,8,20250818,20250818,SA,,SYNTHETIC DEMO DOCUMENT
100,1300,2025,7000005056,8,20250806,20250806,KR,,SYNTHETIC DEMO DOCUMENT
100,1000,2025,7000005057,4,20250424,20250424,DR,,SYNTHETIC DEMO DOCUMENT
100,1000,2026,7000005058,3,20260327,20260327,SA,,SYNTHETIC DEMO DOCUMENT
100,1200,2026,7000005059,7,20260707,20260707,KR,,SYNTHETIC DEMO DOCUMENT
100,1200,2025,7000005060,6,20250601,20250601,AB,,SYNTHETIC DEMO DOCUMENT
100,1100,2025,7000005061,6,20250614,20250614,DR,,SYNTHETIC DEMO DOCUMENT
100,1000,2026,7000005062,3,20260312,20260312,KR,,SYNTHETIC DEMO DOCUMENT
100,1100,2025,7000005063,11,20251122,20251122,KR,,SYNTHETIC DEMO DOCUMENT
100,1100,2026,7000005064,8,20260807,20260807,DR,,SYNTHETIC DEMO DOCUMENT
100,1100,2025,7000005065,11,20251115,20251115,KR,,SYNTHETIC DEMO DOCUMENT
100,1300,2025,7000005066,10,20251025,20251025,KR,,SYNTHETIC DEMO DOCUMENT
100,1100,2025,7000005067,8,20250803,20250803,KR,,SYNTHETIC DEMO DOCUMENT
100,1200,2025,7000005068,8,20250821,20250821,KR,,SYNTHETIC DEMO DOCUMENT
100,1000,2026,7000005069,9,20260919,20260919,SA,,SYNTHETIC DEMO DOCUMENT
100,1300,2026,7000005070,7,20260721,20260721,KR,,SYNTHETIC DEMO DOCUMENT
100,1000,2025,7000005071,11,20251122,20251122,DR,,SYNTHETIC DEMO DOCUMENT
100,1300,2025,7000005072,4,20250422,20250422,SA,,SYNTHETIC DEMO DOCUMENT
100,1100,2025,7000005073,7,20250717,20250717,KR,,SYNTHETIC DEMO DOCUMENT
100,1300,2025,7000005074,4,20250412,20250412,KR,,SYNTHETIC DEMO DOCUMENT
100,1100,2026,7000005075,3,20260305,20260305,KR,,SYNTHETIC DEMO DOCUMENT
100,1300,2025,7000005076,9,20250927,20250927,KR,,SYNTHETIC DEMO DOCUMENT
100,1300,2025,7000005077,8,20250808,20250808,KR,,SYNTHETIC DEMO DOCUMENT
100,1300,2026,7000005078,6,20260620,20260620,KR,,SYNTHETIC DEMO DOCUMENT
100,1100,2026,7000005079,3,20260322,20260322,SA,,SYNTHETIC DEMO DOCUMENT
100,1200,2025,7000005080,9,20250929,20250929,AB,,SYNTHETIC DEMO DOCUMENT
100,1100,2025,7000005081,10,20251018,20251018,DR,,SYNTHETIC DEMO DOCUMENT
100,1000,2026,7000005082,7,20260721,20260721,SA,,SYNTHETIC DEMO DOCUMENT
100,1300,2026,7000005083,4,20260421,20260421,SA,,SYNTHETIC DEMO DOCUMENT
100,1100,2025,7000005084,10,20251024,20251024,SA,,SYNTHETIC DEMO DOCUMENT
100,1100,2025,7000005085,8,20250821,20250821,SA,,SYNTHETIC DEMO DOCUMENT
100,1100,2025,7000005086,9,20250919,20250919,DR,,SYNTHETIC DEMO DOCUMENT
100,1100,2025,7000005087,8,20250810,20250810,AB,,SYNTHETIC DEMO DOCUMENT
100,1000,2026,7000005088,7,20260707,20260707,KR,,SYNTHETIC DEMO DOCUMENT
100,1100,2025,7000005089,5,20250516,20250516,KR,,SYNTHETIC DEMO DOCUMENT
100,1100,2025,7000005090,7,20250712,20250712,SA,,SYNTHETIC DEMO DOCUMENT
100,1100,2026,7000005091,6,20260627,20260627,SA,,SYNTHETIC DEMO DOCUMENT
100,1100,2026,7000005092,3,20260320,20260320,SA,,SYNTHETIC DEMO DOCUMENT
100,1100,2026,7000005093,6,20260606,20260606,KR,,SYNTHETIC DEMO DOCUMENT
100,1000,2025,7000005094,4,20250410,20250410,KR,,SYNTHETIC DEMO DOCUMENT
100,1200,2026,7000005095,3,20260317,20260317,KR,,SYNTHETIC DEMO DOCUMENT
100,1100,2026,7000005096,1,20260109,20260109,AB,,SYNTHETIC DEMO DOCUMENT
100,1200,2026,7000005097,7,20260707,20260707,DR,,SYNTHETIC DEMO DOCUMENT
100,1100,2025,7000005098,7,20250709,20250709,SA,,SYNTHETIC DEMO DOCUMENT
100,1200,2026,7000005099,1,20260130,20260130,KR,,SYNTHETIC DEMO DOCUMENT
100,1000,2025,7000005100,6,20250623,20250623,SA,,SYNTHETIC DEMO DOCUMENT
100,1100,2026,7000005101,7,20260724,20260724,SA,,SYNTHETIC DEMO DOCUMENT
100,1000,2026,7000005102,8,20260822,20260822,AB,,SYNTHETIC DEMO DOCUMENT
100,1000,2025,7000005103,12,20251217,20251217,KR,,SYNTHETIC DEMO DOCUMENT
100,1100,2026,7000005104,1,20260103,20260103,KR,,SYNTHETIC DEMO DOCUMENT
100,1100,2025,7000005105,5,20250513,20250513,KR,,SYNTHETIC DEMO DOCUMENT
100,1200,2025,7000005106,4,20250402,20250402,KR,,SYNTHETIC DEMO DOCUMENT
100,1100,2025,7000005107,9,20250908,20250908,AB,,SYNTHETIC DEMO DOCUMENT
100,1200,2025,7000005108,4,20250429,20250429,SA,,SYNTHETIC DEMO DOCUMENT
100,1300,2025,7000005109,11,20251125,20251125,KR,,SYNTHETIC DEMO DOCUMENT
100,1100,2026,7000005110,5,20260510,20260510,KR,,SYNTHETIC DEMO DOCUMENT
100,1100,2025,7000005111,10,20251006,20251006,KR,,SYNTHETIC DEMO DOCUMENT
100,1000,2025,7000005112,12,20251218,20251218,KR,,SYNTHETIC DEMO DOCUMENT
100,1100,2026,7000005113,2,20260222,20260222,AB,,SYNTHETIC DEMO DOCUMENT
100,1000,2026,7000005114,6,20260626,20260626,DR,,SYNTHETIC DEMO DOCUMENT
100,1100,2026,7000005115,6,20260619,20260619,SA,,SYNTHETIC DEMO DOCUMENT
100,1300,2026,7000005116,3,20260331,20260331,AB,,SYNTHETIC DEMO DOCUMENT
100,1300,2026,7000005117,5,20260527,20260527,KR,,SYNTHETIC DEMO DOCUMENT
100,1200,2025,7000005118,12,20251209,20251209,AB,,SYNTHETIC DEMO DOCUMENT
100,1100,2026,7000005119,2,20260204,20260204,AB,,SYNTHETIC DEMO DOCUMENT
100,1300,2025,7000005120,5,20250517,20250517,KR,,SYNTHETIC DEMO DOCUMENT
100,1000,2026,7000005121,8,20260812,20260812,AB,,SYNTHETIC DEMO DOCUMENT
100,1200,2025,7000005122,6,20250620,20250620,KR,,SYNTHETIC DEMO DOCUMENT
100,1300,2026,7000005123,3,20260303,20260303,DR,,SYNTHETIC DEMO DOCUMENT
100,1300,2026,7000005124,1,20260128,20260128,DR,,SYNTHETIC DEMO DOCUMENT
100,1100,2025,7000005125,12,20251202,20251202,DR,,SYNTHETIC DEMO DOCUMENT
100,1000,2025,7000005126,7,20250723,20250723,AB,,SYNTHETIC DEMO DOCUMENT
100,1100,2025,7000005127,10,20251031,20251031,SA,,SYNTHETIC DEMO DOCUMENT
100,1000,2026,7000005128,6,20260608,20260608,KR,,SYNTHETIC DEMO DOCUMENT
100,1100,2025,7000005129,9,20250911,20250911,AB,,SYNTHETIC DEMO DOCUMENT
100,1100,2026,7000005130,5,20260522,20260522,KR,,SYNTHETIC DEMO DOCUMENT
100,1100,2026,7000005131,3,20260319,20260319,SA,,SYNTHETIC DEMO DOCUMENT
100,1200,2026,7000005132,3,20260312,20260312,SA,,SYNTHETIC DEMO DOCUMENT
100,1100,2026,7000005133,7,20260706,20260706,KR,,SYNTHETIC DEMO DOCUMENT
100,1000,2025,7000005134,5,20250517,20250517,KR,,SYNTHETIC DEMO DOCUMENT
100,1000,2026,7000005135,8,20260819,20260819,KR,,SYNTHETIC DEMO DOCUMENT
100,1000,2026,7000005136,3,20260310,20260310,DR,,SYNTHETIC DEMO DOCUMENT
100,1200,2026,7000005137,4,20260407,20260407,SA,,SYNTHETIC DEMO DOCUMENT
100,1000,2025,7000005138,11,20251117,20251117,KR,,SYNTHETIC DEMO DOCUMENT
100,1100,2026,7000005139,8,20260822,20260822,SA,,SYNTHETIC DEMO DOCUMENT
100,1100,2025,7000005140,9,20250912,20250912,AB,,SYNTHETIC DEMO DOCUMENT
100,1300,2025,7000005141,11,20251101,20251101,KR,,SYNTHETIC DEMO DOCUMENT
100,1200,2026,7000005142,3,20260313,20260313,KR,,SYNTHETIC DEMO DOCUMENT
100,1300,2025,7000005143,12,20251202,20251202,AB,,SYNTHETIC DEMO DOCUMENT
100,1100,2026,7000005144,5,20260502,20260502,SA,,SYNTHETIC DEMO DOCUMENT
100,1000,2025,7000005145,10,20251019,20251019,SA,,SYNTHETIC DEMO DOCUMENT
100,1300,2026,7000005146,7,20260718,20260718,SA,,SYNTHETIC DEMO DOCUMENT
100,1200,2025,7000005147,8,20250802,20250802,KR,,SYNTHETIC DEMO DOCUMENT
100,1000,2025,7000005148,12,20251206,20251206,DR,,SYNTHETIC DEMO DOCUMENT
100,1200,2026,7000005149,9,20260909,20260909,KR,,SYNTHETIC DEMO DOCUMENT
100,1100,2026,7000005150,7,20260710,20260710,AB,,SYNTHETIC DEMO DOCUMENT
100,1100,2025,7000005151,7,20250704,20250704,AB,,SYNTHETIC DEMO DOCUMENT
100,1100,2026,7000005152,8,20260803,20260803,DR,,SYNTHETIC DEMO DOCUMENT
100,1000,2026,7000005153,6,20260630,20260630,KR,,SYNTHETIC DEMO DOCUMENT
100,1300,2026,7000005154,7,20260725,20260725,DR,,SYNTHETIC DEMO DOCUMENT
100,1100,2026,7000005155,4,20260423,20260423,KR,,SYNTHETIC DEMO DOCUMENT
100,1000,2026,7000005156,9,20260927,20260927,KR,,SYNTHETIC DEMO DOCUMENT
100,1100,2025,7000005157,8,20250814,20250814,KR,,SYNTHETIC DEMO DOCUMENT
100,1200,2025,7000005158,4,20250416,20250416,AB,,SYNTHETIC DEMO DOCUMENT
100,1000,2025,7000005159,12,20251202,20251202,AB,,SYNTHETIC DEMO DOCUMENT
100,1100,2026,7000005160,6,20260620,20260620,KR,,SYNTHETIC DEMO DOCUMENT
100,1200,2026,7000005161,3,20260305,20260305,KR,,SYNTHETIC DEMO DOCUMENT
100,1300,2025,7000005162,8,20250829,20250829,DR,,SYNTHETIC DEMO DOCUMENT
100,1200,2026,7000005163,7,20260704,20260704,DR,,SYNTHETIC DEMO DOCUMENT
100,1000,2025,7000005164,7,20250719,20250719,KR,,SYNTHETIC DEMO DOCUMENT
100,1000,2025,7000005165,11,20251129,20251129,AB,,SYNTHETIC DEMO DOCUMENT
100,1100,2026,7000005166,6,20260618,20260618,KR,,SYNTHETIC DEMO DOCUMENT
100,1300,2025,7000005167,12,20251205,20251205,DR,,SYNTHETIC DEMO DOCUMENT
100,1100,2025,7000005168,12,20251212,20251212,KR,,SYNTHETIC DEMO DOCUMENT
100,1100,2026,7000005169,7,20260729,20260729,DR,,SYNTHETIC DEMO DOCUMENT
100,1200,2025,7000005170,12,20251223,20251223,SA,,SYNTHETIC DEMO DOCUMENT
100,1300,2026,7000005171,8,20260816,20260816,SA,,SYNTHETIC DEMO DOCUMENT
100,1300,2025,7000005172,11,20251105,20251105,SA,,SYNTHETIC DEMO DOCUMENT
100,1000,2026,7000005173,6,20260622,20260622,DR,,SYNTHETIC DEMO DOCUMENT
100,1300,2026,7000005174,8,20260813,20260813,AB,,SYNTHETIC DEMO DOCUMENT
100,1300,2026,7000005175,8,20260810,20260810,DR,,SYNTHETIC DEMO DOCUMENT
100,1100,2026,7000005176,5,20260507,20260507,DR,,SYNTHETIC DEMO DOCUMENT
100,1000,2025,7000005177,10,20251006,20251006,KR,,SYNTHETIC DEMO DOCUMENT
100,1300,2025,7000005178,8,20250825,20250825,KR,,SYNTHETIC DEMO DOCUMENT
100,1200,2026,7000005179,5,20260521,20260521,KR,,SYNTHETIC DEMO DOCUMENT
100,1300,2025,7000005180,12,20251228,20251228,KR,,SYNTHETIC DEMO DOCUMENT
100,1000,2026,7000005181,4,20260421,20260421,SA,,SYNTHETIC DEMO DOCUMENT
100,1100,2025,7000005182,4,20250417,20250417,DR,,SYNTHETIC DEMO DOCUMENT
100,1300,2026,7000005183,4,20260422,20260422,KR,,SYNTHETIC DEMO DOCUMENT
100,1100,2026,7000005184,9,20260924,20260924,SA,,SYNTHETIC DEMO DOCUMENT
100,1100,2025,7000005185,4,20250404,20250404,KR,,SYNTHETIC DEMO DOCUMENT
100,1100,2026,7000005186,1,20260117,20260117,KR,,SYNTHETIC DEMO DOCUMENT
100,1200,2026,7000005187,5,20260504,20260504,KR,,SYNTHETIC DEMO DOCUMENT
100,1000,2025,7000005188,4,20250408,20250408,AB,,SYNTHETIC DEMO DOCUMENT
100,1000,2025,7000005189,9,20250910,20250910,AB,,SYNTHETIC DEMO DOCUMENT
100,1100,2025,7000005190,7,20250707,20250707,AB,,SYNTHETIC DEMO DOCUMENT
100,1000,2025,7000005191,10,20251025,20251025,KR,,SYNTHETIC DEMO DOCUMENT
100,1200,2025,7000005192,7,20250720,20250720,KR,,SYNTHETIC DEMO DOCUMENT
100,1200,2025,7000005193,5,20250501,20250501,SA,,SYNTHETIC DEMO DOCUMENT
100,1200,2026,7000005194,9,20260927,20260927,AB,,SYNTHETIC DEMO DOCUMENT
100,1200,2025,7000005195,11,20251111,20251111,AB,,SYNTHETIC DEMO DOCUMENT
100,1000,2025,7000005196,11,20251102,20251102,DR,,SYNTHETIC DEMO DOCUMENT
100,1200,2025,7000005197,5,20250503,20250503,DR,,SYNTHETIC DEMO DOCUMENT
100,1200,2026,7000005198,1,20260125,20260125,SA,,SYNTHETIC DEMO DOCUMENT
100,1000,2026,7000005199,8,20260814,20260814,DR,,SYNTHETIC DEMO DOCUMENT
100,1200,2026,7000005200,3,20260318,20260318,AB,,SYNTHETIC DEMO DOCUMENT
100,1200,2026,7000005201,8,20260831,20260831,KR,,SYNTHETIC DEMO DOCUMENT
100,1100,2026,7000005202,4,20260427,20260427,DR,,SYNTHETIC DEMO DOCUMENT
100,1100,2026,7000005203,8,20260810,20260810,SA,,SYNTHETIC DEMO DOCUMENT
100,1200,2025,7000005204,11,20251123,20251123,DR,,SYNTHETIC DEMO DOCUMENT
100,1000,2025,7000005205,6,20250618,20250618,AB,,SYNTHETIC DEMO DOCUMENT
100,1300,2025,7000005206,12,20251215,20251215,KR,,SYNTHETIC DEMO DOCUMENT
100,1300,2025,7000005207,8,20250816,20250816,KR,,SYNTHETIC DEMO DOCUMENT
100,1100,2026,7000005208,7,20260703,20260703,SA,,SYNTHETIC DEMO DOCUMENT
100,1200,2026,7000005209,8,20260816,20260816,KR,,SYNTHETIC DEMO DOCUMENT
100,1200,2026,7000005210,2,20260218,20260218,SA,,SYNTHETIC DEMO DOCUMENT
100,1100,2026,7000005211,4,20260413,20260413,KR,,SYNTHETIC DEMO DOCUMENT
100,1100,2026,7000005212,5,20260519,20260519,SA,,SYNTHETIC DEMO DOCUMENT
100,1000,2026,7000005213,9,20260919,20260919,SA,,SYNTHETIC DEMO DOCUMENT
100,1100,2025,7000005214,8,20250829,20250829,SA,,SYNTHETIC DEMO DOCUMENT
100,1100,2026,7000005215,9,20260915,20260915,SA,,SYNTHETIC DEMO DOCUMENT
100,1100,2026,7000005216,7,20260730,20260730,DR,,SYNTHETIC DEMO DOCUMENT
100,1100,2025,7000005217,7,20250730,20250730,SA,,SYNTHETIC DEMO DOCUMENT
100,1000,2025,7000005218,10,20251012,20251012,SA,,SYNTHETIC DEMO DOCUMENT
100,1000,2026,7000005219,8,20260831,20260831,KR,,SYNTHETIC DEMO DOCUMENT
100,1100,2025,7000005220,6,20250604,20250604,KR,,SYNTHETIC DEMO DOCUMENT
100,1100,2026,7000005221,7,20260726,20260726,KR,,SYNTHETIC DEMO DOCUMENT
100,1000,2025,7000005222,8,20250827,20250827,AB,,SYNTHETIC DEMO DOCUMENT
100,1300,2026,7000005223,8,20260804,20260804,DR,,SYNTHETIC DEMO DOCUMENT
100,1100,2025,7000005224,5,20250526,20250526,KR,,SYNTHETIC DEMO DOCUMENT
100,1000,2026,7000005225,9,20260907,20260907,KR,,SYNTHETIC DEMO DOCUMENT
100,1000,2026,7000005226,2,20260214,20260214,DR,,SYNTHETIC DEMO DOCUMENT
100,1000,2026,7000005227,4,20260427,20260427,SA,,SYNTHETIC DEMO DOCUMENT
100,1200,2026,7000005228,6,20260621,20260621,DR,,SYNTHETIC DEMO DOCUMENT
100,1100,2025,7000005229,10,20251026,20251026,KR,,SYNTHETIC DEMO DOCUMENT
100,1000,2025,7000005230,7,20250728,20250728,SA,,SYNTHETIC DEMO DOCUMENT
100,1100,2025,7000005231,12,20251210,20251210,DR,,SYNTHETIC DEMO DOCUMENT
100,1000,2025,7000005232,12,20251217,20251217,KR,,SYNTHETIC DEMO DOCUMENT
100,1100,2025,7000005233,4,20250401,20250401,AB,,SYNTHETIC DEMO DOCUMENT
100,1100,2026,7000005234,6,20260626,20260626,AB,,SYNTHETIC DEMO DOCUMENT
100,1000,2025,7000005235,10,20251021,20251021,DR,,SYNTHETIC DEMO DOCUMENT
100,1200,2026,7000005236,2,20260226,20260226,SA,,SYNTHETIC DEMO DOCUMENT
100,1300,2025,7000005237,12,20251231,20251231,SA,,SYNTHETIC DEMO DOCUMENT
100,1100,2025,7000005238,9,20250906,20250906,KR,,SYNTHETIC DEMO DOCUMENT
100,1300,2026,7000005239,6,20260620,20260620,AB,,SYNTHETIC DEMO DOCUMENT
100,1100,2025,7000005240,12,20251205,20251205,DR,,SYNTHETIC DEMO DOCUMENT
100,1000,2026,7000005241,6,20260603,20260603,KR,,SYNTHETIC DEMO DOCUMENT
100,1000,2026,7000005242,5,20260507,20260507,KR,,SYNTHETIC DEMO DOCUMENT
100,1300,2025,7000005243,12,20251203,20251203,DR,,SYNTHETIC DEMO DOCUMENT
100,1300,2026,7000005244,1,20260130,20260130,KR,,SYNTHETIC DEMO DOCUMENT
100,1300,2025,7000005245,9,20250910,20250910,KR,,SYNTHETIC DEMO DOCUMENT
100,1000,2026,7000005246,2,20260218,20260218,KR,,SYNTHETIC DEMO DOCUMENT
100,1300,2025,7000005247,10,20251012,20251012,AB,,SYNTHETIC DEMO DOCUMENT
100,1100,2026,7000005248,6,20260627,20260627,KR,,SYNTHETIC DEMO DOCUMENT
100,1200,2025,7000005249,6,20250610,20250610,KR,,SYNTHETIC DEMO DOCUMENT
100,1100,2025,7000005250,12,20251221,20251221,SA,,SYNTHETIC DEMO DOCUMENT
100,1300,2025,7000005251,12,20251204,20251204,SA,,SYNTHETIC DEMO DOCUMENT
100,1100,2026,7000005252,9,20260918,20260918,SA,,SYNTHETIC DEMO DOCUMENT
100,1200,2025,7000005253,12,20251208,20251208,KR,,SYNTHETIC DEMO DOCUMENT
100,1200,2025,7000005254,10,20251031,20251031,KR,,SYNTHETIC DEMO DOCUMENT
100,1000,2025,7000005255,6,20250607,20250607,KR,,SYNTHETIC DEMO DOCUMENT
100,1300,2025,7000005256,12,20251207,20251207,AB,,SYNTHETIC DEMO DOCUMENT
100,1300,2026,7000005257,1,20260112,20260112,SA,,SYNTHETIC DEMO DOCUMENT
100,1300,2025,7000005258,10,20251002,20251002,KR,,SYNTHETIC DEMO DOCUMENT
100,1100,2025,7000005259,11,20251105,20251105,SA,,SYNTHETIC DEMO DOCUMENT
100,1100,2026,7000005260,9,20260925,20260925,KR,,SYNTHETIC DEMO DOCUMENT
100,1000,2026,7000005261,6,20260621,20260621,KR,,SYNTHETIC DEMO DOCUMENT
100,1000,2025,7000005262,10,20251030,20251030,KR,,SYNTHETIC DEMO DOCUMENT
100,1100,2026,7000005263,8,20260824,20260824,SA,,SYNTHETIC DEMO DOCUMENT
100,1000,2026,7000005264,5,20260530,20260530,DR,,SYNTHETIC DEMO DOCUMENT
100,1100,2026,7000005265,2,20260214,20260214,KR,,SYNTHETIC DEMO DOCUMENT
100,1300,2025,7000005266,6,20250629,20250629,SA,,SYNTHETIC DEMO DOCUMENT
100,1000,2025,7000005267,6,20250619,20250619,KR,,SYNTHETIC DEMO DOCUMENT
100,1100,2025,7000005268,12,20251213,20251213,SA,,SYNTHETIC DEMO DOCUMENT
100,1200,2026,7000005269,1,20260118,20260118,DR,,SYNTHETIC DEMO DOCUMENT
100,1100,2025,7000005270,6,20250625,20250625,KR,,SYNTHETIC DEMO DOCUMENT
100,1000,2025,7000005271,11,20251107,20251107,SA,,SYNTHETIC DEMO DOCUMENT
100,1200,2026,7000005272,2,20260205,20260205,KR,,SYNTHETIC DEMO DOCUMENT
100,1300,2025,7000005273,9,20250924,20250924,AB,,SYNTHETIC DEMO DOCUMENT
100,1100,2025,7000005274,6,20250602,20250602,AB,,SYNTHETIC DEMO DOCUMENT
100,1100,2026,7000005275,9,20260909,20260909,DR,,SYNTHETIC DEMO DOCUMENT
100,1300,2025,7000005276,7,20250701,20250701,DR,,SYNTHETIC DEMO DOCUMENT
100,1200,2025,7000005277,8,20250821,20250821,DR,,SYNTHETIC DEMO DOCUMENT
100,1200,2025,7000005278,9,20250918,20250918,DR,,SYNTHETIC DEMO DOCUMENT
100,1300,2026,7000005279,5,20260531,20260531,KR,,SYNTHETIC DEMO DOCUMENT
100,1100,2025,7000005280,6,20250615,20250615,DR,,SYNTHETIC DEMO DOCUMENT
100,1200,2025,7000005281,11,20251122,20251122,KR,,SYNTHETIC DEMO DOCUMENT
100,1200,2026,7000005282,1,20260125,20260125,SA,,SYNTHETIC DEMO DOCUMENT
100,1300,2026,7000005283,2,20260228,20260228,KR,,SYNTHETIC DEMO DOCUMENT
100,1100,2026,7000005284,7,20260717,20260717,SA,,SYNTHETIC DEMO DOCUMENT
100,1000,2026,7000005285,3,20260325,20260325,DR,,SYNTHETIC DEMO DOCUMENT
100,1300,2025,7000005286,11,20251101,20251101,KR,,SYNTHETIC DEMO DOCUMENT
100,1100,2026,7000005287,9,20260904,20260904,DR,,SYNTHETIC DEMO DOCUMENT
100,1100,2025,7000005288,5,20250502,20250502,DR,,SYNTHETIC DEMO DOCUMENT
100,1000,2026,7000005289,9,20260909,20260909,SA,,SYNTHETIC DEMO DOCUMENT
100,1100,2025,7000005290,9,20250923,20250923,DR,,SYNTHETIC DEMO DOCUMENT
100,1100,2026,7000005291,2,20260215,20260215,KR,,SYNTHETIC DEMO DOCUMENT
100,1000,2026,7000005292,2,20260225,20260225,KR,,SYNTHETIC DEMO DOCUMENT
100,1000,2025,7000005293,10,20251015,20251015,DR,,SYNTHETIC DEMO DOCUMENT
100,1000,2026,7000005294,5,20260512,20260512,KR,,SYNTHETIC DEMO DOCUMENT
100,1100,2025,7000005295,10,20251015,20251015,AB,,SYNTHETIC DEMO DOCUMENT
100,1300,2025,7000005296,11,20251108,20251108,KR,,SYNTHETIC DEMO DOCUMENT
100,1100,2025,7000005297,7,20250724,20250724,KR,,SYNTHETIC DEMO DOCUMENT
100,1000,2026,7000005298,9,20260920,20260920,KR,,SYNTHETIC DEMO DOCUMENT
100,1100,2025,7000005299,5,20250524,20250524,DR,,SYNTHETIC DEMO DOCUMENT
100,1100,2026,7000005300,1,20260108,20260108,AB,,SYNTHETIC DEMO DOCUMENT
100,1200,2025,7000005301,7,20250720,20250720,KR,,SYNTHETIC DEMO DOCUMENT
100,1200,2025,7000005302,12,20251215,20251215,KR,,SYNTHETIC DEMO DOCUMENT
100,1200,2026,7000005303,1,20260128,20260128,SA,,SYNTHETIC DEMO DOCUMENT
100,1100,2026,7000005304,7,20260723,20260723,KR,,SYNTHETIC DEMO DOCUMENT
100,1000,2025,7000005305,4,20250422,20250422,AB,,SYNTHETIC DEMO DOCUMENT
100,1100,2026,7000005306,5,20260527,20260527,KR,,SYNTHETIC DEMO DOCUMENT
100,1100,2026,7000005307,5,20260511,20260511,DR,,SYNTHETIC DEMO DOCUMENT
100,1000,2026,7000005308,8,20260801,20260801,DR,,SYNTHETIC DEMO DOCUMENT
100,1300,2025,7000005309,10,20251027,20251027,SA,,SYNTHETIC DEMO DOCUMENT
100,1300,2026,7000005310,6,20260610,20260610,DR,,SYNTHETIC DEMO DOCUMENT
100,1200,2025,7000005311,10,20251003,20251003,AB,,SYNTHETIC DEMO DOCUMENT
100,1200,2026,7000005312,7,20260724,20260724,KR,,SYNTHETIC DEMO DOCUMENT
100,1300,2026,7000005313,2,20260202,20260202,SA,,SYNTHETIC DEMO DOCUMENT
100,1100,2026,7000005314,5,20260506,20260506,DR,,SYNTHETIC DEMO DOCUMENT
100,1100,2025,7000005315,4,20250414,20250414,KR,,SYNTHETIC DEMO DOCUMENT
100,1100,2025,7000005316,8,20250802,20250802,SA,,SYNTHETIC DEMO DOCUMENT
100,1000,2026,7000005317,5,20260507,20260507,KR,,SYNTHETIC DEMO DOCUMENT
100,1300,2026,7000005318,3,20260318,20260318,KR,,SYNTHETIC DEMO DOCUMENT
100,1000,2025,7000005319,7,20250717,20250717,AB,,SYNTHETIC DEMO DOCUMENT
100,1100,2025,7000005320,11,20251122,20251122,KR,,SYNTHETIC DEMO DOCUMENT
100,1200,2026,7000005321,8,20260821,20260821,AB,,SYNTHETIC DEMO DOCUMENT
100,1100,2026,7000005322,3,20260313,20260313,AB,,SYNTHETIC DEMO DOCUMENT
100,1100,2025,7000005323,10,20251027,20251027,KR,,SYNTHETIC DEMO DOCUMENT
100,1200,2026,7000005324,9,20260924,20260924,KR,,SYNTHETIC DEMO DOCUMENT
100,1000,2026,7000005325,6,20260622,20260622,DR,7000005324,SYNTHETIC DEMO DOCUMENT
100,1100,2025,7000005326,6,20250608,20250608,AB,,SYNTHETIC DEMO DOCUMENT
100,1100,2025,7000005327,8,20250803,20250803,SA,,SYNTHETIC DEMO DOCUMENT
100,1000,2025,7000005328,5,20250525,20250525,SA,,SYNTHETIC DEMO DOCUMENT
100,1000,2026,7000005329,8,20260808,20260808,DR,,SYNTHETIC DEMO DOCUMENT
100,1300,2026,7000005330,5,20260529,20260529,DR,,SYNTHETIC DEMO DOCUMENT
100,1200,2026,7000005331,9,20260905,20260905,DR,,SYNTHETIC DEMO DOCUMENT
100,1100,2026,7000005332,1,20260124,20260124,KR,,SYNTHETIC DEMO DOCUMENT
100,1000,2025,7000005333,11,20251117,20251117,KR,,SYNTHETIC DEMO DOCUMENT
100,1200,2026,7000005334,1,20260108,20260108,DR,,SYNTHETIC DEMO DOCUMENT
100,1100,2025,7000005335,4,20250415,20250415,AB,,SYNTHETIC DEMO DOCUMENT
100,1100,2026,7000005336,5,20260513,20260513,AB,,SYNTHETIC DEMO DOCUMENT
100,1300,2026,7000005337,4,20260418,20260418,DR,,SYNTHETIC DEMO DOCUMENT
100,1300,2025,7000005338,9,20250912,20250912,KR,,SYNTHETIC DEMO DOCUMENT
100,1100,2026,7000005339,4,20260401,20260401,KR,,SYNTHETIC DEMO DOCUMENT
100,1200,2025,7000005340,11,20251119,20251119,KR,,SYNTHETIC DEMO DOCUMENT
100,1000,2026,7000005341,7,20260731,20260731,DR,,SYNTHETIC DEMO DOCUMENT
100,1200,2026,7000005342,3,20260310,20260310,AB,,SYNTHETIC DEMO DOCUMENT
100,1200,2025,7000005343,9,20250907,20250907,DR,,SYNTHETIC DEMO DOCUMENT
100,1300,2026,7000005344,3,20260330,20260330,DR,,SYNTHETIC DEMO DOCUMENT
100,1300,2026,7000005345,6,20260624,20260624,AB,,SYNTHETIC DEMO DOCUMENT
100,1300,2025,7000005346,5,20250526,20250526,KR,,SYNTHETIC DEMO DOCUMENT
100,1300,2025,7000005347,12,20251203,20251203,KR,,SYNTHETIC DEMO DOCUMENT
100,1100,2026,7000005348,6,20260621,20260621,AB,,SYNTHETIC DEMO DOCUMENT
100,1100,2025,7000005349,12,20251206,20251206,DR,,SYNTHETIC DEMO DOCUMENT
100,1300,2026,7000005350,1,20260107,20260107,KR,,SYNTHETIC DEMO DOCUMENT
100,1100,2026,7000005351,6,20260601,20260601,SA,,SYNTHETIC DEMO DOCUMENT
100,1200,2025,7000005352,11,20251104,20251104,KR,,SYNTHETIC DEMO DOCUMENT
100,1200,2025,7000005353,7,20250714,20250714,AB,,SYNTHETIC DEMO DOCUMENT
100,1300,2026,7000005354,9,20260920,20260920,SA,,SYNTHETIC DEMO DOCUMENT
100,1100,2025,7000005355,11,20251116,20251116,AB,,SYNTHETIC DEMO DOCUMENT
100,1300,2026,7000005356,1,20260112,20260112,DR,,SYNTHETIC DEMO DOCUMENT
100,1000,2026,7000005357,8,20260809,20260809,KR,,SYNTHETIC DEMO DOCUMENT
100,1100,2026,7000005358,8,20260828,20260828,KR,,SYNTHETIC DEMO DOCUMENT
100,1300,2026,7000005359,8,20260806,20260806,DR,,SYNTHETIC DEMO DOCUMENT
100,1300,2026,7000005360,6,20260622,20260622,KR,,SYNTHETIC DEMO DOCUMENT
100,1100,2025,7000005361,6,20250605,20250605,KR,7000005360,SYNTHETIC DEMO DOCUMENT
100,1300,2025,7000005362,8,20250812,20250812,DR,7000005361,SYNTHETIC DEMO DOCUMENT
100,1300,2025,7000005363,4,20250409,20250409,DR,,SYNTHETIC DEMO DOCUMENT
100,1100,2025,7000005364,8,20250809,20250809,KR,,SYNTHETIC DEMO DOCUMENT
100,1100,2026,7000005365,6,20260602,20260602,KR,,SYNTHETIC DEMO DOCUMENT
100,1300,2025,7000005366,6,20250609,20250609,DR,,SYNTHETIC DEMO DOCUMENT
100,1000,2025,7000005367,10,20251006,20251006,SA,,SYNTHETIC DEMO DOCUMENT
100,1300,2025,7000005368,6,20250618,20250618,DR,,SYNTHETIC DEMO DOCUMENT
100,1000,2025,7000005369,12,20251219,20251219,KR,,SYNTHETIC DEMO DOCUMENT
100,1200,2025,7000005370,4,20250408,20250408,KR,,SYNTHETIC DEMO DOCUMENT
100,1300,2025,7000005371,8,20250817,20250817,SA,,SYNTHETIC DEMO DOCUMENT
100,1300,2025,7000005372,6,20250609,20250609,DR,,SYNTHETIC DEMO DOCUMENT
100,1100,2026,7000005373,1,20260117,20260117,KR,,SYNTHETIC DEMO DOCUMENT
100,1100,2025,7000005374,11,20251117,20251117,KR,,SYNTHETIC DEMO DOCUMENT
100,1100,2026,7000005375,3,20260331,20260331,DR,,SYNTHETIC DEMO DOCUMENT
100,1000,2026,7000005376,2,20260225,20260225,KR,,SYNTHETIC DEMO DOCUMENT
100,1000,2025,7000005377,12,20251201,20251201,SA,,SYNTHETIC DEMO DOCUMENT
100,1100,2025,7000005378,8,20250817,20250817,AB,,SYNTHETIC DEMO DOCUMENT
100,1200,2025,7000005379,10,20251021,20251021,KR,,SYNTHETIC DEMO DOCUMENT
100,1000,2025,7000005380,9,20250908,20250908,DR,,SYNTHETIC DEMO DOCUMENT
100,1100,2026,7000005381,8,20260828,20260828,AB,,SYNTHETIC DEMO DOCUMENT
100,1000,2025,7000005382,11,20251119,20251119,KR,,SYNTHETIC DEMO DOCUMENT
100,1100,2025,7000005383,6,20250616,20250616,KR,,SYNTHETIC DEMO DOCUMENT
100,1100,2025,7000005384,4,20250416,20250416,KR,,SYNTHETIC DEMO DOCUMENT
100,1100,2026,7000005385,8,20260823,20260823,DR,,SYNTHETIC DEMO DOCUMENT
100,1300,2026,7000005386,7,20260716,20260716,KR,,SYNTHETIC DEMO DOCUMENT
100,1200,2025,7000005387,6,20250613,20250613,KR,,SYNTHETIC DEMO DOCUMENT
100,1300,2025,7000005388,8,20250809,20250809,SA,,SYNTHETIC DEMO DOCUMENT
100,1100,2026,7000005389,7,20260726,20260726,KR,,SYNTHETIC DEMO DOCUMENT
100,1100,2025,7000005390,12,20251227,20251227,AB,,SYNTHETIC DEMO DOCUMENT
100,1000,2026,7000005391,8,20260801,20260801,KR,,SYNTHETIC DEMO DOCUMENT
100,1100,2025,7000005392,4,20250430,20250430,SA,,SYNTHETIC DEMO DOCUMENT
100,1300,2025,7000005393,11,20251128,20251128,KR,,SYNTHETIC DEMO DOCUMENT
100,1200,2025,7000005394,10,20251025,20251025,KR,,SYNTHETIC DEMO DOCUMENT
100,1300,2026,7000005395,9,20260924,20260924,SA,,SYNTHETIC DEMO DOCUMENT
100,1100,2025,7000005396,8,20250817,20250817,KR,,SYNTHETIC DEMO DOCUMENT
100,1100,2026,7000005397,3,20260324,20260324,SA,,SYNTHETIC DEMO DOCUMENT
100,1100,2025,7000005398,9,20250914,20250914,AB,,SYNTHETIC DEMO DOCUMENT
100,1300,2025,7000005399,11,20251111,20251111,DR,,SYNTHETIC DEMO DOCUMENT
100,1300,2026,7000005400,3,20260304,20260304,KR,,SYNTHETIC DEMO DOCUMENT
100,1000,2026,7000005401,4,20260423,20260423,AB,,SYNTHETIC DEMO DOCUMENT
100,1000,2025,7000005402,8,20250824,20250824,AB,,SYNTHETIC DEMO DOCUMENT
100,1100,2025,7000005403,6,20250618,20250618,KR,,SYNTHETIC DEMO DOCUMENT
100,1100,2026,7000005404,2,20260220,20260220,DR,,SYNTHETIC DEMO DOCUMENT
100,1200,2025,7000005405,10,20251024,20251024,SA,,SYNTHETIC DEMO DOCUMENT
100,1100,2025,7000005406,5,20250503,20250503,DR,,SYNTHETIC DEMO DOCUMENT
100,1200,2026,7000005407,7,20260730,20260730,KR,,SYNTHETIC DEMO DOCUMENT
100,1200,2026,7000005408,3,20260330,20260330,KR,,SYNTHETIC DEMO DOCUMENT
100,1000,2026,7000005409,8,20260801,20260801,DR,,SYNTHETIC DEMO DOCUMENT
100,1200,2025,7000005410,5,20250529,20250529,KR,,SYNTHETIC DEMO DOCUMENT
100,1000,2026,7000005411,8,20260818,20260818,KR,,SYNTHETIC DEMO DOCUMENT
100,1200,2026,7000005412,6,20260630,20260630,KR,,SYNTHETIC DEMO DOCUMENT
100,1200,2025,7000005413,10,20251017,20251017,KR,,SYNTHETIC DEMO DOCUMENT
100,1100,2026,7000005414,6,20260623,20260623,DR,,SYNTHETIC DEMO DOCUMENT
100,1300,2025,7000005415,10,20251008,20251008,DR,,SYNTHETIC DEMO DOCUMENT
100,1000,2025,7000005416,5,20250528,20250528,KR,,SYNTHETIC DEMO DOCUMENT
100,1100,2026,7000005417,2,20260214,20260214,KR,,SYNTHETIC DEMO DOCUMENT
100,1100,2026,7000005418,4,20260406,20260406,KR,7000005417,SYNTHETIC DEMO DOCUMENT
100,1100,2025,7000005419,10,20251003,20251003,KR,,SYNTHETIC DEMO DOCUMENT
100,1000,2026,7000005420,1,20260110,20260110,KR,,SYNTHETIC DEMO DOCUMENT
100,1100,2025,7000005421,11,20251102,20251102,DR,,SYNTHETIC DEMO DOCUMENT
100,1100,2026,7000005422,6,20260605,20260605,KR,,SYNTHETIC DEMO DOCUMENT
100,1000,2025,7000005423,6,20250608,20250608,SA,,SYNTHETIC DEMO DOCUMENT
100,1200,2026,7000005424,5,20260521,20260521,SA,,SYNTHETIC DEMO DOCUMENT
100,1100,2025,7000005425,6,20250603,20250603,KR,,SYNTHETIC DEMO DOCUMENT
100,1100,2025,7000005426,6,20250624,20250624,KR,,SYNTHETIC DEMO DOCUMENT
100,1200,2025,7000005427,11,20251130,20251130,DR,,SYNTHETIC DEMO DOCUMENT
100,1100,2025,7000005428,10,20251013,20251013,DR,,SYNTHETIC DEMO DOCUMENT
100,1100,2026,7000005429,1,20260125,20260125,KR,,SYNTHETIC DEMO DOCUMENT
100,1100,2025,7000005430,5,20250517,20250517,SA,,SYNTHETIC DEMO DOCUMENT
100,1300,2025,7000005431,4,20250427,20250427,AB,,SYNTHETIC DEMO DOCUMENT
100,1000,2026,7000005432,4,20260408,20260408,KR,,SYNTHETIC DEMO DOCUMENT
100,1100,2026,7000005433,3,20260324,20260324,KR,,SYNTHETIC DEMO DOCUMENT
100,1200,2026,7000005434,7,20260729,20260729,KR,,SYNTHETIC DEMO DOCUMENT
100,1300,2026,7000005435,2,20260222,20260222,AB,,SYNTHETIC DEMO DOCUMENT
100,1000,2025,7000005436,8,20250808,20250808,DR,,SYNTHETIC DEMO DOCUMENT
100,1000,2025,7000005437,4,20250418,20250418,SA,,SYNTHETIC DEMO DOCUMENT
100,1100,2025,7000005438,12,20251203,20251203,AB,,SYNTHETIC DEMO DOCUMENT
100,1300,2025,7000005439,5,20250506,20250506,DR,,SYNTHETIC DEMO DOCUMENT
100,1100,2026,7000005440,2,20260202,20260202,AB,7000005439,SYNTHETIC DEMO DOCUMENT
100,1100,2025,7000005441,10,20251004,20251004,AB,,SYNTHETIC DEMO DOCUMENT
100,1100,2026,7000005442,1,20260124,20260124,DR,,SYNTHETIC DEMO DOCUMENT
100,1200,2026,7000005443,6,20260629,20260629,DR,,SYNTHETIC DEMO DOCUMENT
100,1100,2025,7000005444,12,20251226,20251226,AB,,SYNTHETIC DEMO DOCUMENT
100,1000,2025,7000005445,12,20251220,20251220,KR,,SYNTHETIC DEMO DOCUMENT
100,1200,2025,7000005446,6,20250625,20250625,KR,,SYNTHETIC DEMO DOCUMENT
100,1100,2026,7000005447,9,20260913,20260913,KR,,SYNTHETIC DEMO DOCUMENT
100,1000,2025,7000005448,10,20251003,20251003,DR,,SYNTHETIC DEMO DOCUMENT
100,1200,2025,7000005449,9,20250917,20250917,KR,,SYNTHETIC DEMO DOCUMENT
100,1300,2025,7000005450,6,20250630,20250630,KR,,SYNTHETIC DEMO DOCUMENT
100,1300,2025,7000005451,6,20250621,20250621,DR,,SYNTHETIC DEMO DOCUMENT
100,1300,2025,7000005452,4,20250403,20250403,KR,,SYNTHETIC DEMO DOCUMENT
100,1300,2025,7000005453,5,20250530,20250530,DR,,SYNTHETIC DEMO DOCUMENT
100,1200,2025,7000005454,4,20250409,20250409,DR,,SYNTHETIC DEMO DOCUMENT
100,1000,2025,7000005455,9,20250919,20250919,KR,,SYNTHETIC DEMO DOCUMENT
100,1000,2026,7000005456,5,20260504,20260504,SA,,SYNTHETIC DEMO DOCUMENT
100,1100,2026,7000005457,6,20260625,20260625,DR,,SYNTHETIC DEMO DOCUMENT
100,1100,2025,7000005458,11,20251122,20251122,DR,,SYNTHETIC DEMO DOCUMENT
100,1100,2026,7000005459,2,20260219,20260219,KR,,SYNTHETIC DEMO DOCUMENT
100,1100,2025,7000005460,9,20250923,20250923,KR,,SYNTHETIC DEMO DOCUMENT
100,1300,2025,7000005461,9,20250922,20250922,KR,,SYNTHETIC DEMO DOCUMENT
100,1100,2026,7000005462,7,20260726,20260726,KR,,SYNTHETIC DEMO DOCUMENT
100,1100,2026,7000005463,5,20260501,20260501,KR,,SYNTHETIC DEMO DOCUMENT
100,1100,2026,7000005464,5,20260506,20260506,KR,,SYNTHETIC DEMO DOCUMENT
100,1100,2025,7000005465,8,20250822,20250822,KR,,SYNTHETIC DEMO DOCUMENT
100,1200,2026,7000005466,7,20260723,20260723,DR,,SYNTHETIC DEMO DOCUMENT
100,1100,2025,7000005467,8,20250828,20250828,AB,7000005466,SYNTHETIC DEMO DOCUMENT
100,1100,2026,7000005468,6,20260609,20260609,SA,,SYNTHETIC DEMO DOCUMENT
100,1300,2025,7000005469,6,20250621,20250621,KR,,SYNTHETIC DEMO DOCUMENT
100,1300,2026,7000005470,5,20260505,20260505,DR,,SYNTHETIC DEMO DOCUMENT
100,1200,2026,7000005471,7,20260705,20260705,DR,,SYNTHETIC DEMO DOCUMENT
100,1300,2026,7000005472,6,20260604,20260604,AB,,SYNTHETIC DEMO DOCUMENT
100,1100,2025,7000005473,5,20250514,20250514,DR,,SYNTHETIC DEMO DOCUMENT
100,1100,2025,7000005474,7,20250715,20250715,AB,,SYNTHETIC DEMO DOCUMENT
100,1300,2026,7000005475,6,20260604,20260604,KR,,SYNTHETIC DEMO DOCUMENT
100,1100,2026,7000005476,3,20260321,20260321,KR,,SYNTHETIC DEMO DOCUMENT
100,1000,2026,7000005477,7,20260710,20260710,KR,,SYNTHETIC DEMO DOCUMENT
100,1100,2025,7000005478,7,20250704,20250704,SA,,SYNTHETIC DEMO DOCUMENT
100,1100,2026,7000005479,5,20260507,20260507,KR,,SYNTHETIC DEMO DOCUMENT
100,1200,2026,7000005480,6,20260621,20260621,KR,,SYNTHETIC DEMO DOCUMENT
100,1200,2026,7000005481,5,20260529,20260529,AB,,SYNTHETIC DEMO DOCUMENT
100,1100,2025,7000005482,9,20250918,20250918,SA,,SYNTHETIC DEMO DOCUMENT
100,1100,2026,7000005483,6,20260622,20260622,DR,,SYNTHETIC DEMO DOCUMENT
100,1200,2026,7000005484,8,20260806,20260806,DR,,SYNTHETIC DEMO DOCUMENT
100,1000,2025,7000005485,8,20250804,20250804,KR,7000005484,SYNTHETIC DEMO DOCUMENT
100,1000,2026,7000005486,1,20260123,20260123,KR,,SYNTHETIC DEMO DOCUMENT
100,1000,2025,7000005487,5,20250515,20250515,AB,,SYNTHETIC DEMO DOCUMENT
100,1300,2025,7000005488,7,20250702,20250702,KR,,SYNTHETIC DEMO DOCUMENT
100,1100,2026,7000005489,6,20260623,20260623,KR,,SYNTHETIC DEMO DOCUMENT
100,1100,2026,7000005490,7,20260723,20260723,SA,,SYNTHETIC DEMO DOCUMENT
100,1100,2026,7000005491,7,20260729,20260729,DR,,SYNTHETIC DEMO DOCUMENT
100,1000,2026,7000005492,9,20260918,20260918,KR,,SYNTHETIC DEMO DOCUMENT
100,1100,2026,7000005493,3,20260314,20260314,DR,,SYNTHETIC DEMO DOCUMENT
100,1000,2026,7000005494,2,20260218,20260218,KR,,SYNTHETIC DEMO DOCUMENT
100,1100,2025,7000005495,12,20251205,20251205,KR,,SYNTHETIC DEMO DOCUMENT
100,1000,2025,7000005496,11,20251129,20251129,DR,,SYNTHETIC DEMO DOCUMENT
100,1300,2026,7000005497,7,20260705,20260705,KR,,SYNTHETIC DEMO DOCUMENT
100,1000,2025,7000005498,4,20250425,20250425,AB,,SYNTHETIC DEMO DOCUMENT
100,1100,2026,7000005499,7,20260709,20260709,KR,,SYNTHETIC DEMO DOCUMENT
100,1200,2025,7000005500,7,20250707,20250707,DR,,SYNTHETIC DEMO DOCUMENT
100,1100,2026,7000005501,4,20260403,20260403,KR,,SYNTHETIC DEMO DOCUMENT
100,1000,2025,7000005502,6,20250616,20250616,AB,,SYNTHETIC DEMO DOCUMENT
100,1100,2026,7000005503,5,20260508,20260508,DR,,SYNTHETIC DEMO DOCUMENT
100,1100,2025,7000005504,4,20250406,20250406,KR,,SYNTHETIC DEMO DOCUMENT
100,1100,2026,7000005505,1,20260125,20260125,DR,,SYNTHETIC DEMO DOCUMENT
100,1000,2026,7000005506,8,20260817,20260817,KR,,SYNTHETIC DEMO DOCUMENT
100,1100,2026,7000005507,7,20260717,20260717,KR,,SYNTHETIC DEMO DOCUMENT
100,1000,2026,7000005508,7,20260714,20260714,DR,,SYNTHETIC DEMO DOCUMENT
100,1200,2025,7000005509,12,20251222,20251222,DR,,SYNTHETIC DEMO DOCUMENT
100,1000,2025,7000005510,12,20251209,20251209,KR,,SYNTHETIC DEMO DOCUMENT
100,1100,2026,7000005511,3,20260309,20260309,DR,,SYNTHETIC DEMO DOCUMENT
100,1300,2025,7000005512,4,20250405,20250405,SA,,SYNTHETIC DEMO DOCUMENT
100,1000,2026,7000005513,3,20260320,20260320,DR,,SYNTHETIC DEMO DOCUMENT
100,1200,2025,7000005514,11,20251105,20251105,KR,,SYNTHETIC DEMO DOCUMENT
100,1200,2025,7000005515,9,20250913,20250913,KR,,SYNTHETIC DEMO DOCUMENT
100,1300,2025,7000005516,7,20250708,20250708,SA,,SYNTHETIC DEMO DOCUMENT
100,1100,2026,7000005517,3,20260328,20260328,KR,7000005516,SYNTHETIC DEMO DOCUMENT
100,1000,2026,7000005518,6,20260619,20260619,SA,,SYNTHETIC DEMO DOCUMENT
100,1100,2026,7000005519,8,20260812,20260812,SA,,SYNTHETIC DEMO DOCUMENT
100,1000,2025,7000005520,4,20250403,20250403,DR,,SYNTHETIC DEMO DOCUMENT
100,1000,2025,7000005521,5,20250503,20250503,KR,,SYNTHETIC DEMO DOCUMENT
100,1100,2025,7000005522,8,20250827,20250827,KR,,SYNTHETIC DEMO DOCUMENT
100,1000,2025,7000005523,8,20250802,20250802,KR,,SYNTHETIC DEMO DOCUMENT
100,1000,2026,7000005524,6,20260622,20260622,KR,,SYNTHETIC DEMO DOCUMENT
100,1300,2026,7000005525,7,20260718,20260718,KR,,SYNTHETIC DEMO DOCUMENT
100,1000,2025,7000005526,10,20251009,20251009,KR,,SYNTHETIC DEMO DOCUMENT
100,1200,2025,7000005527,7,20250729,20250729,KR,,SYNTHETIC DEMO DOCUMENT
100,1100,2025,7000005528,5,20250508,20250508,DR,,SYNTHETIC DEMO DOCUMENT
100,1300,2025,7000005529,7,20250726,20250726,AB,,SYNTHETIC DEMO DOCUMENT
100,1200,2026,7000005530,6,20260622,20260622,DR,,SYNTHETIC DEMO DOCUMENT
100,1100,2026,7000005531,9,20260915,20260915,SA,,SYNTHETIC DEMO DOCUMENT
100,1300,2025,7000005532,7,20250708,20250708,KR,,SYNTHETIC DEMO DOCUMENT
100,1100,2026,7000005533,1,20260111,20260111,DR,,SYNTHETIC DEMO DOCUMENT
100,1000,2025,7000005534,12,20251219,20251219,AB,,SYNTHETIC DEMO DOCUMENT
100,1000,2026,7000005535,7,20260726,20260726,KR,,SYNTHETIC DEMO DOCUMENT
100,1100,2025,7000005536,6,20250602,20250602,KR,,SYNTHETIC DEMO DOCUMENT
100,1300,2026,7000005537,3,20260310,20260310,AB,,SYNTHETIC DEMO DOCUMENT
100,1100,2026,7000005538,3,20260316,20260316,DR,,SYNTHETIC DEMO DOCUMENT
100,1000,2026,7000005539,8,20260824,20260824,KR,,SYNTHETIC DEMO DOCUMENT
100,1300,2025,7000005540,7,20250714,20250714,KR,,SYNTHETIC DEMO DOCUMENT
100,1300,2026,7000005541,9,20260925,20260925,AB,,SYNTHETIC DEMO DOCUMENT
100,1100,2026,7000005542,2,20260227,20260227,AB,,SYNTHETIC DEMO DOCUMENT
100,1300,2026,7000005543,1,20260123,20260123,DR,,SYNTHETIC DEMO DOCUMENT
100,1300,2026,7000005544,1,20260131,20260131,KR,,SYNTHETIC DEMO DOCUMENT
100,1000,2026,7000005545,5,20260519,20260519,KR,,SYNTHETIC DEMO DOCUMENT
100,1300,2026,7000005546,6,20260614,20260614,DR,,SYNTHETIC DEMO DOCUMENT
100,1200,2026,7000005547,6,20260603,20260603,DR,,SYNTHETIC DEMO DOCUMENT
100,1100,2025,7000005548,9,20250908,20250908,AB,,SYNTHETIC DEMO DOCUMENT
100,1000,2025,7000005549,8,20250808,20250808,DR,,SYNTHETIC DEMO DOCUMENT
100,1100,2026,7000005550,2,20260203,20260203,DR,,SYNTHETIC DEMO DOCUMENT
100,1300,2026,7000005551,9,20260921,20260921,DR,,SYNTHETIC DEMO DOCUMENT
100,1100,2025,7000005552,7,20250707,20250707,DR,,SYNTHETIC DEMO DOCUMENT
100,1300,2025,7000005553,11,20251127,20251127,KR,,SYNTHETIC DEMO DOCUMENT
100,1300,2026,7000005554,3,20260325,20260325,DR,,SYNTHETIC DEMO DOCUMENT
100,1000,2026,7000005555,6,20260607,20260607,AB,,SYNTHETIC DEMO DOCUMENT
100,1000,2025,7000005556,5,20250530,20250530,KR,,SYNTHETIC DEMO DOCUMENT
100,1300,2025,7000005557,6,20250607,20250607,DR,,SYNTHETIC DEMO DOCUMENT
100,1000,2025,7000005558,5,20250522,20250522,AB,,SYNTHETIC DEMO DOCUMENT
100,1100,2025,7000005559,9,20250923,20250923,KR,,SYNTHETIC DEMO DOCUMENT
100,1200,2026,7000005560,5,20260521,20260521,KR,,SYNTHETIC DEMO DOCUMENT
100,1100,2026,7000005561,7,20260714,20260714,AB,,SYNTHETIC DEMO DOCUMENT
100,1100,2025,7000005562,10,20251014,20251014,SA,,SYNTHETIC DEMO DOCUMENT
100,1100,2026,7000005563,8,20260822,20260822,SA,,SYNTHETIC DEMO DOCUMENT
100,1200,2025,7000005564,7,20250707,20250707,KR,,SYNTHETIC DEMO DOCUMENT
100,1200,2026,7000005565,1,20260124,20260124,SA,,SYNTHETIC DEMO DOCUMENT
100,1300,2025,7000005566,7,20250704,20250704,KR,,SYNTHETIC DEMO DOCUMENT
100,1100,2026,7000005567,3,20260324,20260324,SA,,SYNTHETIC DEMO DOCUMENT
100,1100,2026,7000005568,2,20260202,20260202,DR,7000005567,SYNTHETIC DEMO DOCUMENT
100,1100,2026,7000005569,8,20260813,20260813,SA,,SYNTHETIC DEMO DOCUMENT
100,1200,2026,7000005570,7,20260717,20260717,KR,,SYNTHETIC DEMO DOCUMENT
100,1000,2026,7000005571,2,20260214,20260214,SA,,SYNTHETIC DEMO DOCUMENT
100,1100,2025,7000005572,5,20250511,20250511,SA,,SYNTHETIC DEMO DOCUMENT
100,1100,2026,7000005573,8,20260810,20260810,KR,,SYNTHETIC DEMO DOCUMENT
100,1000,2025,7000005574,9,20250904,20250904,AB,,SYNTHETIC DEMO DOCUMENT
100,1100,2026,7000005575,3,20260317,20260317,KR,,SYNTHETIC DEMO DOCUMENT
100,1100,2025,7000005576,12,20251209,20251209,SA,,SYNTHETIC DEMO DOCUMENT
100,1100,2025,7000005577,4,20250413,20250413,DR,,SYNTHETIC DEMO DOCUMENT
100,1100,2026,7000005578,8,20260827,20260827,KR,,SYNTHETIC DEMO DOCUMENT
100,1200,2026,7000005579,8,20260802,20260802,KR,,SYNTHETIC DEMO DOCUMENT
100,1200,2025,7000005580,11,20251103,20251103,DR,,SYNTHETIC DEMO DOCUMENT
100,1000,2025,7000005581,6,20250618,20250618,SA,,SYNTHETIC DEMO DOCUMENT
100,1300,2025,7000005582,6,20250630,20250630,KR,,SYNTHETIC DEMO DOCUMENT
100,1100,2026,7000005583,9,20260903,20260903,KR,,SYNTHETIC DEMO DOCUMENT
100,1100,2026,7000005584,9,20260909,20260909,KR,,SYNTHETIC DEMO DOCUMENT
100,1100,2025,7000005585,10,20251017,20251017,AB,,SYNTHETIC DEMO DOCUMENT
100,1300,2026,7000005586,2,20260212,20260212,AB,,SYNTHETIC DEMO DOCUMENT
100,1100,2026,7000005587,2,20260214,20260214,AB,,SYNTHETIC DEMO DOCUMENT
100,1000,2026,7000005588,8,20260826,20260826,KR,,SYNTHETIC DEMO DOCUMENT
100,1300,2025,7000005589,5,20250526,20250526,AB,,SYNTHETIC DEMO DOCUMENT
100,1000,2026,7000005590,7,20260705,20260705,DR,,SYNTHETIC DEMO DOCUMENT
100,1000,2025,7000005591,12,20251217,20251217,KR,,SYNTHETIC DEMO DOCUMENT
100,1000,2025,7000005592,9,20250920,20250920,KR,,SYNTHETIC DEMO DOCUMENT
100,1100,2026,7000005593,4,20260427,20260427,SA,,SYNTHETIC DEMO DOCUMENT
100,1100,2026,7000005594,1,20260103,20260103,KR,,SYNTHETIC DEMO DOCUMENT
100,1200,2026,7000005595,2,20260206,20260206,AB,,SYNTHETIC DEMO DOCUMENT
100,1300,2026,7000005596,6,20260622,20260622,DR,,SYNTHETIC DEMO DOCUMENT
100,1000,2026,7000005597,7,20260720,20260720,KR,,SYNTHETIC DEMO DOCUMENT
100,1300,2026,7000005598,2,20260209,20260209,SA,,SYNTHETIC DEMO DOCUMENT
100,1100,2026,7000005599,3,20260325,20260325,KR,,SYNTHETIC DEMO DOCUMENT
100,1200,2025,7000005600,9,20250914,20250914,KR,,SYNTHETIC DEMO DOCUMENT
100,1200,2026,7000005601,8,20260810,20260810,DR,,SYNTHETIC DEMO DOCUMENT
100,1200,2025,7000005602,10,20251029,20251029,DR,,SYNTHETIC DEMO DOCUMENT
100,1100,2026,7000005603,5,20260512,20260512,DR,,SYNTHETIC DEMO DOCUMENT
100,1100,2025,7000005604,6,20250630,20250630,KR,,SYNTHETIC DEMO DOCUMENT
100,1000,2025,7000005605,5,20250525,20250525,DR,,SYNTHETIC DEMO DOCUMENT
100,1100,2025,7000005606,9,20250914,20250914,KR,,SYNTHETIC DEMO DOCUMENT
100,1000,2026,7000005607,7,20260726,20260726,KR,,SYNTHETIC DEMO DOCUMENT
100,1200,2025,7000005608,4,20250401,20250401,SA,,SYNTHETIC DEMO DOCUMENT
100,1100,2026,7000005609,1,20260124,20260124,KR,,SYNTHETIC DEMO DOCUMENT
100,1000,2026,7000005610,7,20260730,20260730,KR,,SYNTHETIC DEMO DOCUMENT
100,1100,2025,7000005611,9,20250912,20250912,KR,,SYNTHETIC DEMO DOCUMENT
100,1100,2025,7000005612,12,20251211,20251211,AB,,SYNTHETIC DEMO DOCUMENT
100,1200,2025,7000005613,5,20250504,20250504,KR,,SYNTHETIC DEMO DOCUMENT
100,1200,2025,7000005614,7,20250720,20250720,KR,,SYNTHETIC DEMO DOCUMENT
100,1100,2025,7000005615,6,20250629,20250629,DR,,SYNTHETIC DEMO DOCUMENT
100,1100,2025,7000005616,11,20251119,20251119,AB,,SYNTHETIC DEMO DOCUMENT
100,1200,2026,7000005617,1,20260112,20260112,KR,,SYNTHETIC DEMO DOCUMENT
100,1000,2026,7000005618,6,20260614,20260614,SA,,SYNTHETIC DEMO DOCUMENT
100,1000,2026,7000005619,4,20260407,20260407,AB,,SYNTHETIC DEMO DOCUMENT
100,1100,2026,7000005620,3,20260310,20260310,KR,,SYNTHETIC DEMO DOCUMENT
100,1000,2026,7000005621,5,20260517,20260517,KR,,SYNTHETIC DEMO DOCUMENT
100,1100,2026,7000005622,9,20260901,20260901,KR,,SYNTHETIC DEMO DOCUMENT
100,1100,2025,7000005623,12,20251226,20251226,DR,,SYNTHETIC DEMO DOCUMENT
100,1000,2026,7000005624,4,20260412,20260412,KR,,SYNTHETIC DEMO DOCUMENT
100,1100,2026,7000005625,1,20260111,20260111,DR,,SYNTHETIC DEMO DOCUMENT
100,1100,2025,7000005626,12,20251220,20251220,AB,,SYNTHETIC DEMO DOCUMENT
100,1300,2026,7000005627,4,20260403,20260403,KR,,SYNTHETIC DEMO DOCUMENT
100,1000,2025,7000005628,5,20250518,20250518,DR,,SYNTHETIC DEMO DOCUMENT
100,1000,2026,7000005629,3,20260320,20260320,DR,,SYNTHETIC DEMO DOCUMENT
100,1000,2026,7000005630,1,20260101,20260101,KR,,SYNTHETIC DEMO DOCUMENT
100,1300,2025,7000005631,10,20251015,20251015,KR,,SYNTHETIC DEMO DOCUMENT
100,1200,2026,7000005632,8,20260808,20260808,DR,,SYNTHETIC DEMO DOCUMENT
100,1100,2026,7000005633,2,20260218,20260218,SA,,SYNTHETIC DEMO DOCUMENT
100,1300,2025,7000005634,8,20250808,20250808,DR,,SYNTHETIC DEMO DOCUMENT
100,1000,2025,7000005635,7,20250703,20250703,KR,,SYNTHETIC DEMO DOCUMENT
100,1300,2025,7000005636,10,20251011,20251011,KR,,SYNTHETIC DEMO DOCUMENT
100,1000,2025,7000005637,12,20251206,20251206,AB,,SYNTHETIC DEMO DOCUMENT
100,1100,2026,7000005638,7,20260720,20260720,AB,,SYNTHETIC DEMO DOCUMENT
100,1000,2026,7000005639,4,20260406,20260406,SA,,SYNTHETIC DEMO DOCUMENT
100,1000,2026,7000005640,8,20260831,20260831,DR,,SYNTHETIC DEMO DOCUMENT
100,1300,2025,7000005641,11,20251117,20251117,KR,,SYNTHETIC DEMO DOCUMENT
100,1000,2025,7000005642,10,20251031,20251031,AB,,SYNTHETIC DEMO DOCUMENT
100,1200,2025,7000005643,7,20250719,20250719,SA,,SYNTHETIC DEMO DOCUMENT
100,1100,2026,7000005644,7,20260719,20260719,DR,,SYNTHETIC DEMO DOCUMENT
100,1100,2026,7000005645,9,20260914,20260914,KR,,SYNTHETIC DEMO DOCUMENT
100,1100,2026,7000005646,8,20260826,20260826,DR,,SYNTHETIC DEMO DOCUMENT
100,1100,2025,7000005647,12,20251224,20251224,KR,,SYNTHETIC DEMO DOCUMENT
100,1200,2025,7000005648,8,20250809,20250809,AB,,SYNTHETIC DEMO DOCUMENT
100,1100,2026,7000005649,5,20260514,20260514,SA,,SYNTHETIC DEMO DOCUMENT
100,1300,2025,7000005650,10,20251024,20251024,DR,,SYNTHETIC DEMO DOCUMENT
100,1000,2026,7000005651,5,20260511,20260511,DR,,SYNTHETIC DEMO DOCUMENT
100,1200,2025,7000005652,12,20251218,20251218,SA,,SYNTHETIC DEMO DOCUMENT
100,1100,2025,7000005653,4,20250411,20250411,KR,,SYNTHETIC DEMO DOCUMENT
100,1300,2026,7000005654,8,20260818,20260818,DR,,SYNTHETIC DEMO DOCUMENT
100,1000,2025,7000005655,7,20250707,20250707,KR,,SYNTHETIC DEMO DOCUMENT
100,1000,2025,7000005656,6,20250606,20250606,AB,,SYNTHETIC DEMO DOCUMENT
100,1100,2025,7000005657,10,20251003,20251003,SA,,SYNTHETIC DEMO DOCUMENT
100,1100,2025,7000005658,10,20251005,20251005,DR,,SYNTHETIC DEMO DOCUMENT
100,1100,2026,7000005659,4,20260402,20260402,AB,,SYNTHETIC DEMO DOCUMENT
100,1300,2026,7000005660,2,20260218,20260218,SA,,SYNTHETIC DEMO DOCUMENT
100,1300,2026,7000005661,2,20260220,20260220,DR,,SYNTHETIC DEMO DOCUMENT
100,1300,2026,7000005662,7,20260703,20260703,DR,,SYNTHETIC DEMO DOCUMENT
100,1000,2025,7000005663,10,20251008,20251008,SA,,SYNTHETIC DEMO DOCUMENT
100,1100,2025,7000005664,8,20250805,20250805,DR,,SYNTHETIC DEMO DOCUMENT
100,1300,2025,7000005665,10,20251029,20251029,KR,,SYNTHETIC DEMO DOCUMENT
100,1300,2026,7000005666,1,20260130,20260130,DR,,SYNTHETIC DEMO DOCUMENT
100,1200,2026,7000005667,8,20260822,20260822,DR,,SYNTHETIC DEMO DOCUMENT
100,1200,2025,7000005668,5,20250505,20250505,KR,,SYNTHETIC DEMO DOCUMENT
100,1300,2025,7000005669,7,20250706,20250706,AB,,SYNTHETIC DEMO DOCUMENT
100,1000,2025,7000005670,7,20250703,20250703,KR,,SYNTHETIC DEMO DOCUMENT
100,1100,2025,7000005671,5,20250513,20250513,KR,,SYNTHETIC DEMO DOCUMENT
100,1100,2026,7000005672,7,20260705,20260705,DR,,SYNTHETIC DEMO DOCUMENT
100,1300,2026,7000005673,2,20260202,20260202,KR,,SYNTHETIC DEMO DOCUMENT
100,1000,2026,7000005674,8,20260802,20260802,SA,,SYNTHETIC DEMO DOCUMENT
100,1300,2025,7000005675,11,20251111,20251111,KR,,SYNTHETIC DEMO DOCUMENT
100,1000,2026,7000005676,8,20260821,20260821,AB,,SYNTHETIC DEMO DOCUMENT
100,1000,2026,7000005677,6,20260629,20260629,DR,,SYNTHETIC DEMO DOCUMENT
100,1100,2025,7000005678,6,20250630,20250630,SA,,SYNTHETIC DEMO DOCUMENT
100,1100,2026,7000005679,5,20260501,20260501,DR,,SYNTHETIC DEMO DOCUMENT
100,1300,2026,7000005680,5,20260508,20260508,DR,,SYNTHETIC DEMO DOCUMENT
100,1100,2026,7000005681,4,20260427,20260427,SA,,SYNTHETIC DEMO DOCUMENT
100,1100,2026,7000005682,3,20260323,20260323,AB,,SYNTHETIC DEMO DOCUMENT
100,1000,2026,7000005683,2,20260220,20260220,KR,,SYNTHETIC DEMO DOCUMENT
100,1300,2026,7000005684,6,20260615,20260615,KR,,SYNTHETIC DEMO DOCUMENT
100,1300,2026,7000005685,9,20260905,20260905,KR,,SYNTHETIC DEMO DOCUMENT
100,1000,2026,7000005686,2,20260226,20260226,DR,,SYNTHETIC DEMO DOCUMENT
100,1200,2025,7000005687,8,20250810,20250810,AB,,SYNTHETIC DEMO DOCUMENT
100,1100,2025,7000005688,5,20250507,20250507,DR,,SYNTHETIC DEMO DOCUMENT
100,1300,2026,7000005689,8,20260817,20260817,KR,,SYNTHETIC DEMO DOCUMENT
100,1100,2026,7000005690,6,20260609,20260609,KR,,SYNTHETIC DEMO DOCUMENT
100,1000,2025,7000005691,9,20250917,20250917,SA,,SYNTHETIC DEMO DOCUMENT
100,1200,2026,7000005692,7,20260702,20260702,KR,,SYNTHETIC DEMO DOCUMENT
100,1000,2026,7000005693,2,20260227,20260227,AB,,SYNTHETIC DEMO DOCUMENT
100,1300,2025,7000005694,12,20251210,20251210,KR,,SYNTHETIC DEMO DOCUMENT
100,1200,2025,7000005695,12,20251212,20251212,DR,7000005694,SYNTHETIC DEMO DOCUMENT
100,1200,2025,7000005696,5,20250531,20250531,AB,,SYNTHETIC DEMO DOCUMENT
100,1200,2026,7000005697,6,20260608,20260608,SA,,SYNTHETIC DEMO DOCUMENT
100,1300,2026,7000005698,6,20260604,20260604,KR,,SYNTHETIC DEMO DOCUMENT
100,1100,2026,7000005699,4,20260411,20260411,KR,,SYNTHETIC DEMO DOCUMENT
100,1100,2026,7000005700,3,20260310,20260310,AB,,SYNTHETIC DEMO DOCUMENT
100,1300,2026,7000005701,7,20260707,20260707,KR,,SYNTHETIC DEMO DOCUMENT
100,1000,2025,7000005702,8,20250809,20250809,DR,,SYNTHETIC DEMO DOCUMENT
100,1100,2025,7000005703,4,20250426,20250426,DR,,SYNTHETIC DEMO DOCUMENT
100,1000,2026,7000005704,7,20260719,20260719,KR,,SYNTHETIC DEMO DOCUMENT
100,1100,2026,7000005705,4,20260423,20260423,AB,,SYNTHETIC DEMO DOCUMENT
100,1300,2026,7000005706,5,20260510,20260510,KR,,SYNTHETIC DEMO DOCUMENT
100,1000,2026,7000005707,2,20260219,20260219,SA,,SYNTHETIC DEMO DOCUMENT
100,1100,2026,7000005708,7,20260709,20260709,AB,,SYNTHETIC DEMO DOCUMENT
100,1000,2025,7000005709,5,20250517,20250517,DR,,SYNTHETIC DEMO DOCUMENT
100,1000,2026,7000005710,8,20260802,20260802,KR,,SYNTHETIC DEMO DOCUMENT
100,1100,2026,7000005711,6,20260620,20260620,KR,,SYNTHETIC DEMO DOCUMENT
100,1000,2025,7000005712,12,20251226,20251226,AB,,SYNTHETIC DEMO DOCUMENT
100,1000,2026,7000005713,8,20260824,20260824,DR,,SYNTHETIC DEMO DOCUMENT
100,1300,2026,7000005714,4,20260420,20260420,DR,,SYNTHETIC DEMO DOCUMENT
100,1100,2026,7000005715,1,20260102,20260102,SA,,SYNTHETIC DEMO DOCUMENT
100,1200,2025,7000005716,10,20251012,20251012,SA,,SYNTHETIC DEMO DOCUMENT
100,1000,2025,7000005717,10,20251030,20251030,KR,,SYNTHETIC DEMO DOCUMENT
100,1000,2026,7000005718,4,20260426,20260426,KR,,SYNTHETIC DEMO DOCUMENT
100,1200,2026,7000005719,4,20260401,20260401,DR,,SYNTHETIC DEMO DOCUMENT
100,1200,2026,7000005720,5,20260509,20260509,KR,,SYNTHETIC DEMO DOCUMENT
100,1100,2025,7000005721,5,20250508,20250508,AB,,SYNTHETIC DEMO DOCUMENT
100,1300,2025,7000005722,6,20250613,20250613,DR,,SYNTHETIC DEMO DOCUMENT
100,1200,2025,7000005723,11,20251111,20251111,AB,,SYNTHETIC DEMO DOCUMENT
100,1200,2025,7000005724,6,20250613,20250613,KR,,SYNTHETIC DEMO DOCUMENT
100,1000,2026,7000005725,5,20260526,20260526,DR,,SYNTHETIC DEMO DOCUMENT
100,1000,2026,7000005726,1,20260105,20260105,DR,,SYNTHETIC DEMO DOCUMENT
100,1300,2026,7000005727,2,20260221,20260221,DR,,SYNTHETIC DEMO DOCUMENT
100,1100,2025,7000005728,11,20251126,20251126,DR,,SYNTHETIC DEMO DOCUMENT
100,1100,2026,7000005729,7,20260719,20260719,KR,,SYNTHETIC DEMO DOCUMENT
100,1100,2025,7000005730,8,20250827,20250827,KR,,SYNTHETIC DEMO DOCUMENT
100,1200,2026,7000005731,3,20260319,20260319,AB,,SYNTHETIC DEMO DOCUMENT
100,1000,2025,7000005732,12,20251212,20251212,KR,,SYNTHETIC DEMO DOCUMENT
100,1300,2025,7000005733,9,20250925,20250925,KR,,SYNTHETIC DEMO DOCUMENT
100,1100,2026,7000005734,5,20260519,20260519,KR,,SYNTHETIC DEMO DOCUMENT
100,1200,2026,7000005735,1,20260113,20260113,SA,,SYNTHETIC DEMO DOCUMENT
100,1300,2026,7000005736,4,20260409,20260409,DR,,SYNTHETIC DEMO DOCUMENT
100,1300,2025,7000005737,8,20250808,20250808,KR,,SYNTHETIC DEMO DOCUMENT
100,1300,2026,7000005738,4,20260412,20260412,SA,,SYNTHETIC DEMO DOCUMENT
100,1100,2025,7000005739,5,20250530,20250530,KR,,SYNTHETIC DEMO DOCUMENT
100,1300,2026,7000005740,7,20260720,20260720,SA,,SYNTHETIC DEMO DOCUMENT
100,1100,2025,7000005741,4,20250415,20250415,DR,,SYNTHETIC DEMO DOCUMENT
100,1200,2025,7000005742,9,20250920,20250920,DR,,SYNTHETIC DEMO DOCUMENT
100,1000,2025,7000005743,9,20250919,20250919,DR,,SYNTHETIC DEMO DOCUMENT
100,1100,2026,7000005744,8,20260826,20260826,SA,,SYNTHETIC DEMO DOCUMENT
100,1100,2026,7000005745,8,20260821,20260821,SA,,SYNTHETIC DEMO DOCUMENT
100,1200,2026,7000005746,7,20260723,20260723,DR,,SYNTHETIC DEMO DOCUMENT
100,1000,2026,7000005747,1,20260122,20260122,DR,,SYNTHETIC DEMO DOCUMENT
100,1200,2025,7000005748,8,20250815,20250815,KR,,SYNTHETIC DEMO DOCUMENT
100,1100,2025,7000005749,11,20251125,20251125,KR,,SYNTHETIC DEMO DOCUMENT
100,1300,2025,7000005750,8,20250814,20250814,DR,,SYNTHETIC DEMO DOCUMENT
100,1100,2026,7000005751,6,20260630,20260630,KR,,SYNTHETIC DEMO DOCUMENT
100,1300,2026,7000005752,6,20260624,20260624,SA,,SYNTHETIC DEMO DOCUMENT
100,1200,2026,7000005753,9,20260902,20260902,KR,,SYNTHETIC DEMO DOCUMENT
100,1000,2026,7000005754,4,20260411,20260411,AB,,SYNTHETIC DEMO DOCUMENT
100,1200,2025,7000005755,5,20250501,20250501,AB,,SYNTHETIC DEMO DOCUMENT
100,1100,2025,7000005756,12,20251226,20251226,KR,,SYNTHETIC DEMO DOCUMENT
100,1200,2025,7000005757,6,20250603,20250603,KR,,SYNTHETIC DEMO DOCUMENT
100,1100,2026,7000005758,2,20260209,20260209,AB,,SYNTHETIC DEMO DOCUMENT
100,1100,2026,7000005759,1,20260114,20260114,KR,,SYNTHETIC DEMO DOCUMENT
100,1300,2026,7000005760,2,20260207,20260207,DR,,SYNTHETIC DEMO DOCUMENT
100,1100,2026,7000005761,8,20260818,20260818,AB,,SYNTHETIC DEMO DOCUMENT
100,1100,2025,7000005762,9,20250914,20250914,KR,,SYNTHETIC DEMO DOCUMENT
100,1300,2026,7000005763,1,20260110,20260110,SA,,SYNTHETIC DEMO DOCUMENT
100,1200,2025,7000005764,10,20251004,20251004,SA,,SYNTHETIC DEMO DOCUMENT
100,1000,2026,7000005765,2,20260228,20260228,SA,,SYNTHETIC DEMO DOCUMENT
100,1100,2026,7000005766,6,20260616,20260616,AB,,SYNTHETIC DEMO DOCUMENT
100,1100,2026,7000005767,4,20260411,20260411,KR,,SYNTHETIC DEMO DOCUMENT
100,1000,2026,7000005768,2,20260223,20260223,SA,,SYNTHETIC DEMO DOCUMENT
100,1300,2026,7000005769,4,20260430,20260430,DR,,SYNTHETIC DEMO DOCUMENT
100,1300,2025,7000005770,12,20251214,20251214,KR,,SYNTHETIC DEMO DOCUMENT
100,1100,2026,7000005771,1,20260125,20260125,KR,,SYNTHETIC DEMO DOCUMENT
100,1300,2025,7000005772,8,20250819,20250819,KR,,SYNTHETIC DEMO DOCUMENT
100,1000,2026,7000005773,8,20260812,20260812,SA,,SYNTHETIC DEMO DOCUMENT
100,1000,2026,7000005774,4,20260403,20260403,SA,,SYNTHETIC DEMO DOCUMENT
100,1100,2026,7000005775,5,20260526,20260526,SA,,SYNTHETIC DEMO DOCUMENT
100,1300,2025,7000005776,9,20250923,20250923,KR,,SYNTHETIC DEMO DOCUMENT
100,1300,2026,7000005777,1,20260111,20260111,SA,,SYNTHETIC DEMO DOCUMENT
100,1200,2025,7000005778,10,20251006,20251006,KR,,SYNTHETIC DEMO DOCUMENT
100,1200,2026,7000005779,7,20260722,20260722,KR,,SYNTHETIC DEMO DOCUMENT
100,1300,2025,7000005780,9,20250906,20250906,SA,,SYNTHETIC DEMO DOCUMENT
100,1300,2025,7000005781,4,20250428,20250428,KR,,SYNTHETIC DEMO DOCUMENT
100,1300,2026,7000005782,7,20260715,20260715,DR,,SYNTHETIC DEMO DOCUMENT
100,1000,2026,7000005783,3,20260326,20260326,KR,,SYNTHETIC DEMO DOCUMENT
100,1100,2026,7000005784,3,20260316,20260316,AB,,SYNTHETIC DEMO DOCUMENT
100,1100,2026,7000005785,5,20260527,20260527,KR,,SYNTHETIC DEMO DOCUMENT
100,1100,2026,7000005786,8,20260804,20260804,KR,,SYNTHETIC DEMO DOCUMENT
100,1300,2025,7000005787,8,20250827,20250827,DR,,SYNTHETIC DEMO DOCUMENT
100,1000,2026,7000005788,7,20260731,20260731,SA,,SYNTHETIC DEMO DOCUMENT
100,1100,2025,7000005789,11,20251123,20251123,KR,,SYNTHETIC DEMO DOCUMENT
100,1200,2025,7000005790,4,20250411,20250411,AB,,SYNTHETIC DEMO DOCUMENT
100,1300,2026,7000005791,3,20260327,20260327,SA,,SYNTHETIC DEMO DOCUMENT
100,1100,2025,7000005792,11,20251116,20251116,KR,,SYNTHETIC DEMO DOCUMENT
100,1100,2026,7000005793,4,20260401,20260401,SA,,SYNTHETIC DEMO DOCUMENT
100,1100,2026,7000005794,7,20260711,20260711,DR,,SYNTHETIC DEMO DOCUMENT
100,1100,2026,7000005795,3,20260310,20260310,DR,,SYNTHETIC DEMO DOCUMENT
100,1200,2026,7000005796,9,20260917,20260917,DR,,SYNTHETIC DEMO DOCUMENT
100,1000,2026,7000005797,9,20260914,20260914,DR,,SYNTHETIC DEMO DOCUMENT
100,1000,2026,7000005798,6,20260628,20260628,DR,,SYNTHETIC DEMO DOCUMENT
100,1200,2025,7000005799,7,20250711,20250711,KR,,SYNTHETIC DEMO DOCUMENT
100,1100,2026,7000005800,3,20260315,20260315,KR,,SYNTHETIC DEMO DOCUMENT
100,1300,2025,7000005801,5,20250530,20250530,KR,,SYNTHETIC DEMO DOCUMENT
100,1000,2025,7000005802,10,20251018,20251018,SA,,SYNTHETIC DEMO DOCUMENT
100,1000,2025,7000005803,5,20250515,20250515,KR,,SYNTHETIC DEMO DOCUMENT
100,1300,2025,7000005804,6,20250611,20250611,KR,,SYNTHETIC DEMO DOCUMENT
100,1100,2025,7000005805,5,20250517,20250517,AB,,SYNTHETIC DEMO DOCUMENT
100,1000,2026,7000005806,4,20260423,20260423,KR,,SYNTHETIC DEMO DOCUMENT
100,1000,2026,7000005807,6,20260623,20260623,DR,,SYNTHETIC DEMO DOCUMENT
100,1000,2025,7000005808,8,20250807,20250807,SA,,SYNTHETIC DEMO DOCUMENT
100,1200,2026,7000005809,7,20260715,20260715,KR,,SYNTHETIC DEMO DOCUMENT
100,1100,2026,7000005810,5,20260501,20260501,AB,,SYNTHETIC DEMO DOCUMENT
100,1200,2026,7000005811,5,20260507,20260507,KR,,SYNTHETIC DEMO DOCUMENT
100,1100,2026,7000005812,2,20260228,20260228,KR,,SYNTHETIC DEMO DOCUMENT
100,1000,2025,7000005813,11,20251118,20251118,KR,,SYNTHETIC DEMO DOCUMENT
100,1300,2026,7000005814,8,20260816,20260816,KR,,SYNTHETIC DEMO DOCUMENT
100,1200,2025,7000005815,9,20250905,20250905,SA,,SYNTHETIC DEMO DOCUMENT
100,1200,2025,7000005816,10,20251012,20251012,SA,,SYNTHETIC DEMO DOCUMENT
100,1200,2025,7000005817,11,20251125,20251125,KR,,SYNTHETIC DEMO DOCUMENT
100,1200,2026,7000005818,8,20260823,20260823,KR,,SYNTHETIC DEMO DOCUMENT
100,1000,2025,7000005819,10,20251003,20251003,AB,,SYNTHETIC DEMO DOCUMENT
100,1200,2026,7000005820,3,20260323,20260323,SA,,SYNTHETIC DEMO DOCUMENT
100,1300,2026,7000005821,1,20260113,20260113,AB,,SYNTHETIC DEMO DOCUMENT
100,1200,2026,7000005822,4,20260425,20260425,DR,,SYNTHETIC DEMO DOCUMENT
100,1100,2025,7000005823,8,20250831,20250831,KR,,SYNTHETIC DEMO DOCUMENT
100,1300,2025,7000005824,11,20251102,20251102,KR,7000005823,SYNTHETIC DEMO DOCUMENT
100,1000,2026,7000005825,6,20260620,20260620,DR,,SYNTHETIC DEMO DOCUMENT
100,1100,2026,7000005826,4,20260412,20260412,SA,,SYNTHETIC DEMO DOCUMENT
100,1000,2026,7000005827,6,20260615,20260615,AB,,SYNTHETIC DEMO DOCUMENT
100,1100,2025,7000005828,11,20251117,20251117,DR,,SYNTHETIC DEMO DOCUMENT
100,1300,2025,7000005829,4,20250410,20250410,KR,,SYNTHETIC DEMO DOCUMENT
100,1200,2025,7000005830,12,20251207,20251207,KR,,SYNTHETIC DEMO DOCUMENT
100,1300,2026,7000005831,9,20260902,20260902,AB,,SYNTHETIC DEMO DOCUMENT
100,1100,2025,7000005832,5,20250527,20250527,KR,,SYNTHETIC DEMO DOCUMENT
100,1100,2025,7000005833,12,20251220,20251220,SA,,SYNTHETIC DEMO DOCUMENT
100,1000,2026,7000005834,6,20260626,20260626,DR,,SYNTHETIC DEMO DOCUMENT
100,1300,2026,7000005835,2,20260203,20260203,DR,,SYNTHETIC DEMO DOCUMENT
100,1100,2026,7000005836,9,20260908,20260908,KR,,SYNTHETIC DEMO DOCUMENT
100,1200,2025,7000005837,4,20250426,20250426,DR,,SYNTHETIC DEMO DOCUMENT
100,1300,2025,7000005838,12,20251229,20251229,SA,,SYNTHETIC DEMO DOCUMENT
100,1300,2025,7000005839,9,20250917,20250917,DR,,SYNTHETIC DEMO DOCUMENT
100,1000,2025,7000005840,10,20251014,20251014,KR,,SYNTHETIC DEMO DOCUMENT
100,1200,2026,7000005841,8,20260821,20260821,KR,,SYNTHETIC DEMO DOCUMENT
100,1100,2026,7000005842,3,20260314,20260314,KR,,SYNTHETIC DEMO DOCUMENT
100,1000,2025,7000005843,6,20250602,20250602,DR,,SYNTHETIC DEMO DOCUMENT
100,1300,2025,7000005844,9,20250902,20250902,DR,,SYNTHETIC DEMO DOCUMENT
100,1300,2026,7000005845,5,20260526,20260526,KR,,SYNTHETIC DEMO DOCUMENT
100,1100,2025,7000005846,5,20250502,20250502,SA,,SYNTHETIC DEMO DOCUMENT
100,1300,2026,7000005847,9,20260911,20260911,SA,,SYNTHETIC DEMO DOCUMENT
100,1100,2025,7000005848,8,20250806,20250806,AB,,SYNTHETIC DEMO DOCUMENT
100,1000,2025,7000005849,5,20250527,20250527,KR,,SYNTHETIC DEMO DOCUMENT
100,1200,2026,7000005850,9,20260914,20260914,SA,,SYNTHETIC DEMO DOCUMENT
100,1100,2026,7000005851,6,20260605,20260605,DR,,SYNTHETIC DEMO DOCUMENT
100,1100,2025,7000005852,7,20250724,20250724,DR,,SYNTHETIC DEMO DOCUMENT
100,1300,2025,7000005853,11,20251120,20251120,KR,,SYNTHETIC DEMO DOCUMENT
100,1100,2026,7000005854,5,20260524,20260524,KR,,SYNTHETIC DEMO DOCUMENT
100,1200,2026,7000005855,6,20260616,20260616,DR,,SYNTHETIC DEMO DOCUMENT
100,1300,2025,7000005856,12,20251220,20251220,KR,,SYNTHETIC DEMO DOCUMENT
100,1300,2025,7000005857,7,20250726,20250726,KR,,SYNTHETIC DEMO DOCUMENT
100,1000,2026,7000005858,4,20260418,20260418,AB,,SYNTHETIC DEMO DOCUMENT
100,1100,2025,7000005859,12,20251210,20251210,KR,,SYNTHETIC DEMO DOCUMENT
100,1100,2026,7000005860,3,20260321,20260321,DR,,SYNTHETIC DEMO DOCUMENT
100,1100,2026,7000005861,9,20260908,20260908,SA,,SYNTHETIC DEMO DOCUMENT
100,1100,2025,7000005862,10,20251027,20251027,SA,,SYNTHETIC DEMO DOCUMENT
100,1300,2026,7000005863,7,20260718,20260718,KR,,SYNTHETIC DEMO DOCUMENT
100,1000,2025,7000005864,7,20250710,20250710,KR,,SYNTHETIC DEMO DOCUMENT
100,1200,2025,7000005865,9,20250903,20250903,KR,,SYNTHETIC DEMO DOCUMENT
100,1000,2025,7000005866,11,20251129,20251129,AB,,SYNTHETIC DEMO DOCUMENT
100,1300,2026,7000005867,6,20260630,20260630,AB,,SYNTHETIC DEMO DOCUMENT
100,1300,2026,7000005868,5,20260508,20260508,KR,,SYNTHETIC DEMO DOCUMENT
100,1100,2025,7000005869,9,20250914,20250914,SA,,SYNTHETIC DEMO DOCUMENT
100,1100,2025,7000005870,11,20251108,20251108,AB,,SYNTHETIC DEMO DOCUMENT
100,1100,2025,7000005871,10,20251031,20251031,DR,,SYNTHETIC DEMO DOCUMENT
100,1100,2025,7000005872,7,20250703,20250703,KR,,SYNTHETIC DEMO DOCUMENT
100,1000,2026,7000005873,9,20260917,20260917,KR,,SYNTHETIC DEMO DOCUMENT
100,1000,2026,7000005874,8,20260826,20260826,KR,,SYNTHETIC DEMO DOCUMENT
100,1000,2025,7000005875,5,20250525,20250525,DR,,SYNTHETIC DEMO DOCUMENT
100,1200,2026,7000005876,9,20260901,20260901,KR,,SYNTHETIC DEMO DOCUMENT
100,1100,2025,7000005877,11,20251113,20251113,AB,,SYNTHETIC DEMO DOCUMENT
100,1300,2025,7000005878,7,20250719,20250719,SA,,SYNTHETIC DEMO DOCUMENT
100,1300,2025,7000005879,7,20250721,20250721,KR,,SYNTHETIC DEMO DOCUMENT
100,1100,2026,7000005880,7,20260728,20260728,SA,,SYNTHETIC DEMO DOCUMENT
100,1200,2025,7000005881,11,20251116,20251116,KR,,SYNTHETIC DEMO DOCUMENT
100,1200,2026,7000005882,3,20260318,20260318,SA,,SYNTHETIC DEMO DOCUMENT
100,1000,2025,7000005883,4,20250416,20250416,KR,,SYNTHETIC DEMO DOCUMENT
100,1100,2025,7000005884,11,20251129,20251129,DR,,SYNTHETIC DEMO DOCUMENT
100,1000,2025,7000005885,8,20250829,20250829,AB,,SYNTHETIC DEMO DOCUMENT
100,1000,2026,7000005886,8,20260808,20260808,DR,,SYNTHETIC DEMO DOCUMENT
100,1200,2026,7000005887,1,20260122,20260122,DR,,SYNTHETIC DEMO DOCUMENT
100,1000,2026,7000005888,6,20260611,20260611,KR,,SYNTHETIC DEMO DOCUMENT
100,1000,2026,7000005889,4,20260429,20260429,KR,,SYNTHETIC DEMO DOCUMENT
100,1300,2026,7000005890,5,20260506,20260506,KR,,SYNTHETIC DEMO DOCUMENT
100,1300,2026,7000005891,5,20260508,20260508,SA,,SYNTHETIC DEMO DOCUMENT
100,1000,2026,7000005892,1,20260107,20260107,DR,,SYNTHETIC DEMO DOCUMENT
100,1000,2025,7000005893,5,20250515,20250515,KR,,SYNTHETIC DEMO DOCUMENT
100,1200,2025,7000005894,5,20250525,20250525,KR,,SYNTHETIC DEMO DOCUMENT
100,1100,2026,7000005895,8,20260802,20260802,KR,,SYNTHETIC DEMO DOCUMENT
100,1100,2026,7000005896,5,20260525,20260525,AB,,SYNTHETIC DEMO DOCUMENT
100,1000,2026,7000005897,7,20260713,20260713,DR,,SYNTHETIC DEMO DOCUMENT
100,1300,2025,7000005898,9,20250917,20250917,KR,,SYNTHETIC DEMO DOCUMENT
100,1100,2026,7000005899,9,20260912,20260912,KR,,SYNTHETIC DEMO DOCUMENT
100,1100,2025,7000005900,6,20250616,20250616,DR,,SYNTHETIC DEMO DOCUMENT
100,1100,2026,7000005901,6,20260606,20260606,KR,,SYNTHETIC DEMO DOCUMENT
100,1100,2026,7000005902,8,20260818,20260818,SA,,SYNTHETIC DEMO DOCUMENT
100,1300,2025,7000005903,10,20251016,20251016,SA,,SYNTHETIC DEMO DOCUMENT
100,1100,2025,7000005904,4,20250411,20250411,AB,,SYNTHETIC DEMO DOCUMENT
100,1000,2026,7000005905,8,20260812,20260812,SA,,SYNTHETIC DEMO DOCUMENT
100,1000,2025,7000005906,9,20250914,20250914,AB,,SYNTHETIC DEMO DOCUMENT
100,1300,2026,7000005907,3,20260317,20260317,KR,,SYNTHETIC DEMO DOCUMENT
100,1200,2026,7000005908,4,20260419,20260419,KR,,SYNTHETIC DEMO DOCUMENT
100,1200,2026,7000005909,3,20260322,20260322,KR,,SYNTHETIC DEMO DOCUMENT
100,1000,2026,7000005910,1,20260119,20260119,DR,,SYNTHETIC DEMO DOCUMENT
100,1200,2025,7000005911,6,20250615,20250615,KR,,SYNTHETIC DEMO DOCUMENT
100,1200,2026,7000005912,6,20260603,20260603,AB,,SYNTHETIC DEMO DOCUMENT
100,1100,2025,7000005913,8,20250820,20250820,KR,,SYNTHETIC DEMO DOCUMENT
100,1000,2026,7000005914,5,20260519,20260519,KR,,SYNTHETIC DEMO DOCUMENT
100,1100,2025,7000005915,10,20251007,20251007,DR,,SYNTHETIC DEMO DOCUMENT
100,1100,2026,7000005916,8,20260804,20260804,DR,,SYNTHETIC DEMO DOCUMENT
100,1300,2026,7000005917,9,20260907,20260907,KR,,SYNTHETIC DEMO DOCUMENT
100,1100,2025,7000005918,7,20250722,20250722,DR,,SYNTHETIC DEMO DOCUMENT
100,1000,2025,7000005919,5,20250530,20250530,KR,,SYNTHETIC DEMO DOCUMENT
100,1300,2026,7000005920,4,20260416,20260416,SA,,SYNTHETIC DEMO DOCUMENT
100,1100,2026,7000005921,8,20260826,20260826,SA,,SYNTHETIC DEMO DOCUMENT
100,1000,2026,7000005922,9,20260918,20260918,DR,,SYNTHETIC DEMO DOCUMENT
100,1300,2026,7000005923,4,20260407,20260407,DR,,SYNTHETIC DEMO DOCUMENT
100,1100,2025,7000005924,8,20250819,20250819,KR,,SYNTHETIC DEMO DOCUMENT
100,1300,2026,7000005925,5,20260528,20260528,AB,,SYNTHETIC DEMO DOCUMENT
100,1100,2025,7000005926,6,20250626,20250626,DR,,SYNTHETIC DEMO DOCUMENT
100,1200,2025,7000005927,7,20250726,20250726,SA,,SYNTHETIC DEMO DOCUMENT
100,1100,2026,7000005928,3,20260303,20260303,KR,,SYNTHETIC DEMO DOCUMENT
100,1000,2025,7000005929,6,20250609,20250609,DR,,SYNTHETIC DEMO DOCUMENT
100,1100,2026,7000005930,5,20260505,20260505,DR,,SYNTHETIC DEMO DOCUMENT
100,1200,2025,7000005931,9,20250929,20250929,SA,,SYNTHETIC DEMO DOCUMENT
100,1000,2026,7000005932,6,20260620,20260620,KR,,SYNTHETIC DEMO DOCUMENT
100,1200,2026,7000005933,8,20260806,20260806,KR,,SYNTHETIC DEMO DOCUMENT
100,1100,2025,7000005934,7,20250726,20250726,KR,,SYNTHETIC DEMO DOCUMENT
100,1000,2026,7000005935,9,20260923,20260923,KR,,SYNTHETIC DEMO DOCUMENT
100,1200,2025,7000005936,9,20250912,20250912,DR,,SYNTHETIC DEMO DOCUMENT
100,1300,2026,7000005937,1,20260112,20260112,KR,7000005936,SYNTHETIC DEMO DOCUMENT
100,1300,2026,7000005938,6,20260608,20260608,KR,,SYNTHETIC DEMO DOCUMENT
100,1200,2025,7000005939,7,20250709,20250709,DR,,SYNTHETIC DEMO DOCUMENT
100,1100,2025,7000005940,4,20250415,20250415,KR,,SYNTHETIC DEMO DOCUMENT
100,1000,2025,7000005941,10,20251019,20251019,DR,,SYNTHETIC DEMO DOCUMENT
100,1000,2026,7000005942,9,20260916,20260916,KR,,SYNTHETIC DEMO DOCUMENT
100,1100,2025,7000005943,9,20250929,20250929,DR,,SYNTHETIC DEMO DOCUMENT
100,1000,2025,7000005944,12,20251207,20251207,KR,,SYNTHETIC DEMO DOCUMENT
100,1300,2026,7000005945,1,20260116,20260116,AB,,SYNTHETIC DEMO DOCUMENT
100,1000,2026,7000005946,7,20260719,20260719,DR,,SYNTHETIC DEMO DOCUMENT
100,1000,2026,7000005947,5,20260508,20260508,KR,,SYNTHETIC DEMO DOCUMENT
100,1000,2025,7000005948,4,20250405,20250405,KR,,SYNTHETIC DEMO DOCUMENT
100,1000,2025,7000005949,11,20251112,20251112,AB,,SYNTHETIC DEMO DOCUMENT
100,1000,2026,7000005950,1,20260123,20260123,KR,,SYNTHETIC DEMO DOCUMENT
100,1100,2025,7000005951,5,20250526,20250526,KR,,SYNTHETIC DEMO DOCUMENT
100,1100,2026,7000005952,2,20260211,20260211,DR,,SYNTHETIC DEMO DOCUMENT
100,1300,2025,7000005953,8,20250811,20250811,KR,,SYNTHETIC DEMO DOCUMENT
100,1300,2026,7000005954,9,20260905,20260905,SA,,SYNTHETIC DEMO DOCUMENT
100,1200,2025,7000005955,10,20251025,20251025,AB,,SYNTHETIC DEMO DOCUMENT
100,1000,2026,7000005956,5,20260515,20260515,DR,,SYNTHETIC DEMO DOCUMENT
100,1100,2026,7000005957,5,20260525,20260525,KR,,SYNTHETIC DEMO DOCUMENT
100,1100,2025,7000005958,4,20250423,20250423,SA,,SYNTHETIC DEMO DOCUMENT
100,1100,2025,7000005959,7,20250714,20250714,SA,,SYNTHETIC DEMO DOCUMENT
100,1300,2026,7000005960,4,20260422,20260422,KR,,SYNTHETIC DEMO DOCUMENT
100,1100,2026,7000005961,2,20260215,20260215,DR,,SYNTHETIC DEMO DOCUMENT
100,1100,2025,7000005962,7,20250719,20250719,DR,,SYNTHETIC DEMO DOCUMENT
100,1300,2026,7000005963,1,20260117,20260117,AB,,SYNTHETIC DEMO DOCUMENT
100,1300,2025,7000005964,6,20250624,20250624,AB,,SYNTHETIC DEMO DOCUMENT
100,1000,2026,7000005965,2,20260224,20260224,KR,,SYNTHETIC DEMO DOCUMENT
100,1100,2026,7000005966,2,20260208,20260208,SA,,SYNTHETIC DEMO DOCUMENT
100,1000,2025,7000005967,9,20250919,20250919,AB,,SYNTHETIC DEMO DOCUMENT
100,1100,2025,7000005968,6,20250603,20250603,KR,,SYNTHETIC DEMO DOCUMENT
100,1200,2026,7000005969,1,20260118,20260118,KR,,SYNTHETIC DEMO DOCUMENT
100,1200,2026,7000005970,1,20260119,20260119,KR,,SYNTHETIC DEMO DOCUMENT
100,1300,2026,7000005971,1,20260101,20260101,AB,,SYNTHETIC DEMO DOCUMENT
100,1000,2026,7000005972,6,20260601,20260601,AB,,SYNTHETIC DEMO DOCUMENT
100,1000,2026,7000005973,7,20260728,20260728,AB,,SYNTHETIC DEMO DOCUMENT
100,1000,2026,7000005974,4,20260423,20260423,KR,,SYNTHETIC DEMO DOCUMENT
100,1100,2026,7000005975,9,20260922,20260922,SA,,SYNTHETIC DEMO DOCUMENT
100,1200,2026,7000005976,2,20260211,20260211,KR,,SYNTHETIC DEMO DOCUMENT
100,1000,2026,7000005977,8,20260829,20260829,DR,,SYNTHETIC DEMO DOCUMENT
100,1200,2026,7000005978,8,20260802,20260802,KR,,SYNTHETIC DEMO DOCUMENT
100,1100,2025,7000005979,10,20251028,20251028,KR,,SYNTHETIC DEMO DOCUMENT
100,1300,2025,7000005980,8,20250817,20250817,DR,,SYNTHETIC DEMO DOCUMENT
100,1200,2025,7000005981,10,20251020,20251020,KR,,SYNTHETIC DEMO DOCUMENT
100,1300,2025,7000005982,10,20251001,20251001,DR,,SYNTHETIC DEMO DOCUMENT
100,1300,2025,7000005983,10,20251012,20251012,KR,,SYNTHETIC DEMO DOCUMENT
100,1200,2025,7000005984,8,20250831,20250831,KR,,SYNTHETIC DEMO DOCUMENT
100,1300,2025,7000005985,4,20250425,20250425,AB,,SYNTHETIC DEMO DOCUMENT
100,1300,2025,7000005986,12,20251215,20251215,KR,,SYNTHETIC DEMO DOCUMENT
100,1100,2025,7000005987,7,20250725,20250725,KR,,SYNTHETIC DEMO DOCUMENT
100,1100,2026,7000005988,4,20260402,20260402,AB,,SYNTHETIC DEMO DOCUMENT
100,1300,2026,7000005989,1,20260102,20260102,AB,,SYNTHETIC DEMO DOCUMENT
100,1300,2026,7000005990,7,20260712,20260712,KR,,SYNTHETIC DEMO DOCUMENT
100,1300,2025,7000005991,4,20250403,20250403,SA,,SYNTHETIC DEMO DOCUMENT
100,1100,2025,7000005992,4,20250406,20250406,KR,,SYNTHETIC DEMO DOCUMENT
100,1300,2026,7000005993,5,20260529,20260529,KR,,SYNTHETIC DEMO DOCUMENT
100,1200,2026,7000005994,7,20260707,20260707,AB,7000005993,SYNTHETIC DEMO DOCUMENT
100,1000,2026,7000005995,3,20260304,20260304,SA,,SYNTHETIC DEMO DOCUMENT
100,1300,2026,7000005996,2,20260220,20260220,SA,,SYNTHETIC DEMO DOCUMENT
100,1100,2026,7000005997,1,20260128,20260128,DR,,SYNTHETIC DEMO DOCUMENT
100,1200,2026,7000005998,7,20260723,20260723,DR,,SYNTHETIC DEMO DOCUMENT
100,1000,2025,7000005999,6,20250619,20250619,KR,,SYNTHETIC DEMO DOCUMENT
100,1300,2025,7000006000,6,20250615,20250615,SA,,SYNTHETIC DEMO DOCUMENT
