COMPANY_CODE,GL_ACCOUNT,COST_CENTER,PROFIT_CENTER,FISCAL_YEAR,FISCAL_PERIOD,BUDGET_AMOUNT_LOCAL,FORECAST_AMOUNT_LOCAL,PLAN_VERSION,DATA_CLASSIFICATION
1000,500100,CERI00201,ERI001,2025,1,9340306.03,9159739.27,F5,SYNTHETIC_DEMO
1000,500100,CERI00201,ERI001,2025,2,10577771.13,10283071.72,F5,SYNTHETIC_DEMO
1000,500100,CERI00201,ERI001,2025,3,10274510.32,10662976.41,F5,SYNTHETIC_DEMO
1000,500100,CERI00201,ERI001,2025,4,11739727.42,11545609.64,F5,SYNTHETIC_DEMO
1000,500100,CERI00201,ERI001,2025,5,12357311.66,12361067.88,F5,SYNTHETIC_DEMO
1000,500100,CERI00201,ERI001,2025,6,9527896.08,9301157.4,F5,SYNTHETIC_DEMO
1000,500100,CERI00201,ERI001,2025,7,9311533.12,9670043.83,F5,SYNTHETIC_DEMO
1000,500100,CERI00201,ERI001,2025,8,10448320.59,10552818.43,F5,SYNTHETIC_DEMO
1000,500100,CERI00201,ERI001,2025,9,10442568.47,10191593.96,F5,SYNTHETIC_DEMO
1000,500100,CERI00201,ERI001,2025,10,9695500.53,9464053.25,F5,SYNTHETIC_DEMO
1000,500100,CERI00201,ERI001,2025,11,10383151.39,10433195.45,F5,SYNTHETIC_DEMO
1000,500100,CERI00201,ERI001,2025,12,10017643.69,10200508.52,F5,SYNTHETIC_DEMO
1000,500200,CERI00301,ERI001,2025,1,2765614.98,2706808.1,F5,SYNTHETIC_DEMO
1000,500200,CERI00301,ERI001,2025,2,2940008.45,2866384.07,F5,SYNTHETIC_DEMO
1000,500200,CERI00301,ERI001,2025,3,3045492.35,3124146.13,F5,SYNTHETIC_DEMO
1000,500200,CERI00301,ERI001,2025,4,3442038.93,3497507.4,F5,SYNTHETIC_DEMO
1000,500200,CERI00301,ERI001,2025,5,3710712.09,3643165.71,F5,SYNTHETIC_DEMO
1000,500200,CERI00301,ERI001,2025,6,3016639.25,3084170.94,F5,SYNTHETIC_DEMO
1000,500200,CERI00301,ERI001,2025,7,2767550.68,2727044.62,F5,SYNTHETIC_DEMO
1000,500200,CERI00301,ERI001,2025,8,2650421.37,2587648.21,F5,SYNTHETIC_DEMO
1000,500200,CERI00301,ERI001,2025,9,3046885.32,3076830.26,F5,SYNTHETIC_DEMO
1000,500200,CERI00301,ERI001,2025,10,2782534.72,2870204.54,F5,SYNTHETIC_DEMO
1000,500200,CERI00301,ERI001,2025,11,2987818.37,3072077.67,F5,SYNTHETIC_DEMO
1000,500200,CERI00301,ERI001,2025,12,2611135.85,2648628.5,F5,SYNTHETIC_DEMO
1000,500300,CERI00201,ERI001,2025,1,6767649.7,6863136.36,F5,SYNTHETIC_DEMO
1000,500300,CERI00201,ERI001,2025,2,6121336.79,6065093.59,F5,SYNTHETIC_DEMO
1000,500300,CERI00201,ERI001,2025,3,6423415.41,6722186.6,F5,SYNTHETIC_DEMO
1000,500300,CERI00201,ERI001,2025,4,8333410.59,8490215.68,F5,SYNTHETIC_DEMO
1000,500300,CERI00201,ERI001,2025,5,7503724.27,7397240.57,F5,SYNTHETIC_DEMO
1000,500300,CERI00201,ERI001,2025,6,6822370.28,7105255.89,F5,SYNTHETIC_DEMO
1000,500300,CERI00201,ERI001,2025,7,6196128.78,6414461.07,F5,SYNTHETIC_DEMO
1000,500300,CERI00201,ERI001,2025,8,6129751.28,6301240.0,F5,SYNTHETIC_DEMO
1000,500300,CERI00201,ERI001,2025,9,6343592.75,6209788.89,F5,SYNTHETIC_DEMO
1000,500300,CERI00201,ERI001,2025,10,6621230.89,6785255.58,F5,SYNTHETIC_DEMO
1000,500300,CERI00201,ERI001,2025,11,6457116.02,6411225.24,F5,SYNTHETIC_DEMO
1000,500300,CERI00201,ERI001,2025,12,6715120.38,7019988.78,F5,SYNTHETIC_DEMO
1000,510100,CERI00301,ERI001,2025,1,2338919.74,2383781.05,F5,SYNTHETIC_DEMO
1000,510100,CERI00301,ERI001,2025,2,2218506.41,2216367.45,F5,SYNTHETIC_DEMO
1000,510100,CERI00301,ERI001,2025,3,2477637.59,2528514.06,F5,SYNTHETIC_DEMO
1000,510100,CERI00301,ERI001,2025,4,2312139.73,2397324.06,F5,SYNTHETIC_DEMO
1000,510100,CERI00301,ERI001,2025,5,2182350.32,2194694.63,F5,SYNTHETIC_DEMO
1000,510100,CERI00301,ERI001,2025,6,2505762.53,2529450.54,F5,SYNTHETIC_DEMO
1000,510100,CERI00301,ERI001,2025,7,2462201.1,2579663.78,F5,SYNTHETIC_DEMO
1000,510100,CERI00301,ERI001,2025,8,2383228.69,2399226.53,F5,SYNTHETIC_DEMO
1000,510100,CERI00301,ERI001,2025,9,2389733.92,2404537.73,F5,SYNTHETIC_DEMO
1000,510100,CERI00301,ERI001,2025,10,2165034.27,2160696.1,F5,SYNTHETIC_DEMO
1000,510100,CERI00301,ERI001,2025,11,2325451.27,2386378.06,F5,SYNTHETIC_DEMO
1000,510100,CERI00301,ERI001,2025,12,2197076.37,2287602.41,F5,SYNTHETIC_DEMO
1000,520100,CERI00301,ERI001,2025,1,14424679.2,14297498.84,F5,SYNTHETIC_DEMO
1000,520100,CERI00301,ERI001,2025,2,14756863.4,15202002.08,F5,SYNTHETIC_DEMO
1000,520100,CERI00301,ERI001,2025,3,13638277.77,13606485.69,F5,SYNTHETIC_DEMO
1000,520100,CERI00301,ERI001,2025,4,14963459.82,14587593.77,F5,SYNTHETIC_DEMO
1000,520100,CERI00301,ERI001,2025,5,13771416.55,14079205.34,F5,SYNTHETIC_DEMO
1000,520100,CERI00301,ERI001,2025,6,15264668.74,15788632.1,F5,SYNTHETIC_DEMO
1000,520100,CERI00301,ERI001,2025,7,13438015.79,13169467.58,F5,SYNTHETIC_DEMO
1000,520100,CERI00301,ERI001,2025,8,13679101.79,13905727.39,F5,SYNTHETIC_DEMO
1000,520100,CERI00301,ERI001,2025,9,14949939.17,15586337.19,F5,SYNTHETIC_DEMO
1000,520100,CERI00301,ERI001,2025,10,14916330.7,15093693.07,F5,SYNTHETIC_DEMO
1000,520100,CERI00301,ERI001,2025,11,13544369.23,13758324.51,F5,SYNTHETIC_DEMO
1000,520100,CERI00301,ERI001,2025,12,13593951.27,13673706.92,F5,SYNTHETIC_DEMO
1000,520200,CERI00101,ERI001,2025,1,2925309.71,2954735.09,F5,SYNTHETIC_DEMO
1000,520200,CERI00101,ERI001,2025,2,2587072.11,2529017.61,F5,SYNTHETIC_DEMO
1000,520200,CERI00101,ERI001,2025,3,2592208.29,2637358.61,F5,SYNTHETIC_DEMO
1000,520200,CERI00101,ERI001,2025,4,2662269.3,2706919.52,F5,SYNTHETIC_DEMO
1000,520200,CERI00101,ERI001,2025,5,2887219.02,2930562.45,F5,SYNTHETIC_DEMO
1000,520200,CERI00101,ERI001,2025,6,2837482.2,2949156.78,F5,SYNTHETIC_DEMO
1000,520200,CERI00101,ERI001,2025,7,2651926.97,2575989.03,F5,SYNTHETIC_DEMO
1000,520200,CERI00101,ERI001,2025,8,2929249.92,2914222.07,F5,SYNTHETIC_DEMO
1000,520200,CERI00101,ERI001,2025,9,2824943.71,2867603.87,F5,SYNTHETIC_DEMO
1000,520200,CERI00101,ERI001,2025,10,2928651.32,2895103.07,F5,SYNTHETIC_DEMO
1000,520200,CERI00101,ERI001,2025,11,2858034.73,2958523.69,F5,SYNTHETIC_DEMO
1000,520200,CERI00101,ERI001,2025,12,2741864.67,2683534.4,F5,SYNTHETIC_DEMO
1000,530100,CERI00201,ERI001,2025,1,12827632.86,12771785.43,F5,SYNTHETIC_DEMO
1000,530100,CERI00201,ERI001,2025,2,13544749.73,13308916.36,F5,SYNTHETIC_DEMO
1000,530100,CERI00201,ERI001,2025,3,13941143.41,13525814.56,F5,SYNTHETIC_DEMO
1000,530100,CERI00201,ERI001,2025,4,12548742.64,12669666.18,F5,SYNTHETIC_DEMO
1000,530100,CERI00201,ERI001,2025,5,13907376.13,13854260.23,F5,SYNTHETIC_DEMO
1000,530100,CERI00201,ERI001,2025,6,12684944.56,12348201.71,F5,SYNTHETIC_DEMO
1000,530100,CERI00201,ERI001,2025,7,13926809.79,13629651.35,F5,SYNTHETIC_DEMO
1000,530100,CERI00201,ERI001,2025,8,12965963.11,13423087.22,F5,SYNTHETIC_DEMO
1000,530100,CERI00201,ERI001,2025,9,13686095.82,13960399.24,F5,SYNTHETIC_DEMO
1000,530100,CERI00201,ERI001,2025,10,13207287.27,13624829.98,F5,SYNTHETIC_DEMO
1000,530100,CERI00201,ERI001,2025,11,13959709.97,14617134.78,F5,SYNTHETIC_DEMO
1000,530100,CERI00201,ERI001,2025,12,12689640.99,13038009.11,F5,SYNTHETIC_DEMO
1000,540100,CERI00101,ERI001,2025,1,5014859.01,5095655.09,F5,SYNTHETIC_DEMO
1000,540100,CERI00101,ERI001,2025,2,4873030.05,4929139.25,F5,SYNTHETIC_DEMO
1000,540100,CERI00101,ERI001,2025,3,4896787.97,4876237.09,F5,SYNTHETIC_DEMO
1000,540100,CERI00101,ERI001,2025,4,4954588.49,5005902.22,F5,SYNTHETIC_DEMO
1000,540100,CERI00101,ERI001,2025,5,4925243.62,4961711.54,F5,SYNTHETIC_DEMO
1000,540100,CERI00101,ERI001,2025,6,4683800.66,4584940.75,F5,SYNTHETIC_DEMO
1000,540100,CERI00101,ERI001,2025,7,5112632.09,5322014.35,F5,SYNTHETIC_DEMO
1000,540100,CERI00101,ERI001,2025,8,5035494.04,5172529.4,F5,SYNTHETIC_DEMO
1000,540100,CERI00101,ERI001,2025,9,4984303.26,5155589.19,F5,SYNTHETIC_DEMO
1000,540100,CERI00101,ERI001,2025,10,4752876.47,4940312.56,F5,SYNTHETIC_DEMO
1000,540100,CERI00101,ERI001,2025,11,4842434.63,4766714.82,F5,SYNTHETIC_DEMO
1000,540100,CERI00101,ERI001,2025,12,4965768.24,4928067.33,F5,SYNTHETIC_DEMO
1000,150100,CERI00201,ERI001,2025,1,7608374.93,7819438.73,F5,SYNTHETIC_DEMO
1000,150100,CERI00201,ERI001,2025,2,7449972.23,7435847.38,F5,SYNTHETIC_DEMO
1000,150100,CERI00201,ERI001,2025,3,7893112.12,7904025.65,F5,SYNTHETIC_DEMO
1000,150100,CERI00201,ERI001,2025,4,7557805.95,7880033.59,F5,SYNTHETIC_DEMO
1000,150100,CERI00201,ERI001,2025,5,7444680.97,7372774.82,F5,SYNTHETIC_DEMO
1000,150100,CERI00201,ERI001,2025,6,7379876.91,7210801.41,F5,SYNTHETIC_DEMO
1000,150100,CERI00201,ERI001,2025,7,7947372.25,7768926.25,F5,SYNTHETIC_DEMO
1000,150100,CERI00201,ERI001,2025,8,7524405.26,7531311.17,F5,SYNTHETIC_DEMO
1000,150100,CERI00201,ERI001,2025,9,8074411.08,8070275.67,F5,SYNTHETIC_DEMO
1000,150100,CERI00201,ERI001,2025,10,8021186.69,8074668.96,F5,SYNTHETIC_DEMO
1000,150100,CERI00201,ERI001,2025,11,7767950.36,7837210.48,F5,SYNTHETIC_DEMO
1000,150100,CERI00201,ERI001,2025,12,7909093.41,7981897.22,F5,SYNTHETIC_DEMO
1000,150200,CERI00301,ERI001,2025,1,18721145.7,18241328.12,F5,SYNTHETIC_DEMO
1000,150200,CERI00301,ERI001,2025,2,18256504.83,18647205.83,F5,SYNTHETIC_DEMO
1000,150200,CERI00301,ERI001,2025,3,18359214.01,17838013.69,F5,SYNTHETIC_DEMO
1000,150200,CERI00301,ERI001,2025,4,16908899.07,17448262.61,F5,SYNTHETIC_DEMO
1000,150200,CERI00301,ERI001,2025,5,17429248.65,17794798.94,F5,SYNTHETIC_DEMO
1000,150200,CERI00301,ERI001,2025,6,16744391.4,17311316.64,F5,SYNTHETIC_DEMO
1000,150200,CERI00301,ERI001,2025,7,18548170.89,18724049.78,F5,SYNTHETIC_DEMO
1000,150200,CERI00301,ERI001,2025,8,16491915.38,16760404.21,F5,SYNTHETIC_DEMO
1000,150200,CERI00301,ERI001,2025,9,18270870.49,18425690.68,F5,SYNTHETIC_DEMO
1000,150200,CERI00301,ERI001,2025,10,18132061.02,18973620.0,F5,SYNTHETIC_DEMO
1000,150200,CERI00301,ERI001,2025,11,18098829.37,17891526.83,F5,SYNTHETIC_DEMO
1000,150200,CERI00301,ERI001,2025,12,16553351.44,17065262.36,F5,SYNTHETIC_DEMO
1000,150300,CERI00301,ERI001,2025,1,9033100.86,9264145.39,F5,SYNTHETIC_DEMO
1000,150300,CERI00301,ERI001,2025,2,9345790.74,9375413.66,F5,SYNTHETIC_DEMO
1000,150300,CERI00301,ERI001,2025,3,9262569.22,9654989.85,F5,SYNTHETIC_DEMO
1000,150300,CERI00301,ERI001,2025,4,9197691.49,9175698.22,F5,SYNTHETIC_DEMO
1000,150300,CERI00301,ERI001,2025,5,8959018.34,8956459.8,F5,SYNTHETIC_DEMO
1000,150300,CERI00301,ERI001,2025,6,9931110.5,10412372.21,F5,SYNTHETIC_DEMO
1000,150300,CERI00301,ERI001,2025,7,9061866.22,9269598.39,F5,SYNTHETIC_DEMO
1000,150300,CERI00301,ERI001,2025,8,8731332.78,8608305.42,F5,SYNTHETIC_DEMO
1000,150300,CERI00301,ERI001,2025,9,9212850.42,9123440.95,F5,SYNTHETIC_DEMO
1000,150300,CERI00301,ERI001,2025,10,9369453.98,9426598.12,F5,SYNTHETIC_DEMO
1000,150300,CERI00301,ERI001,2025,11,8928665.22,8861869.23,F5,SYNTHETIC_DEMO
1000,150300,CERI00301,ERI001,2025,12,8822951.02,8825128.19,F5,SYNTHETIC_DEMO
1000,500100,CERI00202,ERI002,2025,1,6011457.19,6108400.69,F5,SYNTHETIC_DEMO
1000,500100,CERI00202,ERI002,2025,2,5888341.27,5936460.37,F5,SYNTHETIC_DEMO
1000,500100,CERI00202,ERI002,2025,3,5693588.27,5697014.67,F5,SYNTHETIC_DEMO
1000,500100,CERI00202,ERI002,2025,4,7177876.77,7167714.68,F5,SYNTHETIC_DEMO
1000,500100,CERI00202,ERI002,2025,5,6884682.33,7145891.12,F5,SYNTHETIC_DEMO
1000,500100,CERI00202,ERI002,2025,6,6104252.22,6144288.39,F5,SYNTHETIC_DEMO
1000,500100,CERI00202,ERI002,2025,7,6257679.73,6398072.33,F5,SYNTHETIC_DEMO
1000,500100,CERI00202,ERI002,2025,8,5657677.21,5804986.58,F5,SYNTHETIC_DEMO
1000,500100,CERI00202,ERI002,2025,9,6426589.71,6669029.42,F5,SYNTHETIC_DEMO
1000,500100,CERI00202,ERI002,2025,10,6068465.1,5981821.34,F5,SYNTHETIC_DEMO
1000,500100,CERI00202,ERI002,2025,11,5803147.04,6013776.96,F5,SYNTHETIC_DEMO
1000,500100,CERI00202,ERI002,2025,12,5624943.41,5755108.29,F5,SYNTHETIC_DEMO
1000,500200,CERI00302,ERI002,2025,1,5471249.22,5626515.66,F5,SYNTHETIC_DEMO
1000,500200,CERI00302,ERI002,2025,2,6046074.53,5987023.6,F5,SYNTHETIC_DEMO
1000,500200,CERI00302,ERI002,2025,3,5597005.37,5696673.87,F5,SYNTHETIC_DEMO
1000,500200,CERI00302,ERI002,2025,4,6664800.42,6812502.93,F5,SYNTHETIC_DEMO
1000,500200,CERI00302,ERI002,2025,5,6696770.81,6968889.1,F5,SYNTHETIC_DEMO
1000,500200,CERI00302,ERI002,2025,6,6022120.51,6074073.18,F5,SYNTHETIC_DEMO
1000,500200,CERI00302,ERI002,2025,7,5461932.84,5569680.04,F5,SYNTHETIC_DEMO
1000,500200,CERI00302,ERI002,2025,8,5727598.28,5954617.27,F5,SYNTHETIC_DEMO
1000,500200,CERI00302,ERI002,2025,9,5943059.93,5880956.77,F5,SYNTHETIC_DEMO
1000,500200,CERI00302,ERI002,2025,10,5725535.07,6003705.63,F5,SYNTHETIC_DEMO
1000,500200,CERI00302,ERI002,2025,11,5438379.75,5375018.55,F5,SYNTHETIC_DEMO
1000,500200,CERI00302,ERI002,2025,12,5482382.27,5634929.57,F5,SYNTHETIC_DEMO
1000,500300,CERI00202,ERI002,2025,1,18252196.48,18024907.25,F5,SYNTHETIC_DEMO
1000,500300,CERI00202,ERI002,2025,2,18276412.19,19107576.67,F5,SYNTHETIC_DEMO
1000,500300,CERI00202,ERI002,2025,3,19007278.9,19896723.0,F5,SYNTHETIC_DEMO
1000,500300,CERI00202,ERI002,2025,4,23490159.53,23138609.57,F5,SYNTHETIC_DEMO
1000,500300,CERI00202,ERI002,2025,5,23508757.58,23591898.82,F5,SYNTHETIC_DEMO
1000,500300,CERI00202,ERI002,2025,6,17264360.99,17019204.93,F5,SYNTHETIC_DEMO
1000,500300,CERI00202,ERI002,2025,7,17719508.49,17202351.07,F5,SYNTHETIC_DEMO
1000,500300,CERI00202,ERI002,2025,8,16552391.04,17142243.44,F5,SYNTHETIC_DEMO
1000,500300,CERI00202,ERI002,2025,9,18434881.72,18165482.18,F5,SYNTHETIC_DEMO
1000,500300,CERI00202,ERI002,2025,10,17842862.53,17494705.12,F5,SYNTHETIC_DEMO
1000,500300,CERI00202,ERI002,2025,11,18960864.3,18761450.92,F5,SYNTHETIC_DEMO
1000,500300,CERI00202,ERI002,2025,12,17503165.85,18053880.41,F5,SYNTHETIC_DEMO
1000,510100,CERI00201,ERI001,2025,1,3036573.07,3047812.94,F5,SYNTHETIC_DEMO
1000,510100,CERI00201,ERI001,2025,2,2971221.95,3043817.91,F5,SYNTHETIC_DEMO
1000,510100,CERI00201,ERI001,2025,3,2895560.9,3030105.34,F5,SYNTHETIC_DEMO
1000,510100,CERI00201,ERI001,2025,4,2688963.5,2662400.85,F5,SYNTHETIC_DEMO
1000,510100,CERI00201,ERI001,2025,5,2991683.21,3033466.78,F5,SYNTHETIC_DEMO
1000,510100,CERI00201,ERI001,2025,6,2908920.64,2863361.03,F5,SYNTHETIC_DEMO
1000,510100,CERI00201,ERI001,2025,7,3086199.25,3228234.07,F5,SYNTHETIC_DEMO
1000,510100,CERI00201,ERI001,2025,8,2854158.21,2831873.87,F5,SYNTHETIC_DEMO
1000,510100,CERI00201,ERI001,2025,9,3103594.39,3204172.17,F5,SYNTHETIC_DEMO
1000,510100,CERI00201,ERI001,2025,10,3027769.67,3034129.21,F5,SYNTHETIC_DEMO
1000,510100,CERI00201,ERI001,2025,11,2959450.98,2955335.72,F5,SYNTHETIC_DEMO
1000,510100,CERI00201,ERI001,2025,12,2933386.1,3069173.09,F5,SYNTHETIC_DEMO
1000,520100,CERI00201,ERI001,2025,1,16486660.65,17058125.72,F5,SYNTHETIC_DEMO
1000,520100,CERI00201,ERI001,2025,2,17499353.1,17298325.73,F5,SYNTHETIC_DEMO
1000,520100,CERI00201,ERI001,2025,3,15750731.56,15375262.37,F5,SYNTHETIC_DEMO
1000,520100,CERI00201,ERI001,2025,4,16217525.35,16064948.27,F5,SYNTHETIC_DEMO
1000,520100,CERI00201,ERI001,2025,5,17804297.84,17533231.9,F5,SYNTHETIC_DEMO
1000,520100,CERI00201,ERI001,2025,6,17277325.2,17544276.08,F5,SYNTHETIC_DEMO
1000,520100,CERI00201,ERI001,2025,7,18097421.2,18368919.17,F5,SYNTHETIC_DEMO
1000,520100,CERI00201,ERI001,2025,8,17439005.53,17421819.34,F5,SYNTHETIC_DEMO
1000,520100,CERI00201,ERI001,2025,9,17326494.84,17163905.27,F5,SYNTHETIC_DEMO
1000,520100,CERI00201,ERI001,2025,10,16029226.26,16087999.15,F5,SYNTHETIC_DEMO
1000,520100,CERI00201,ERI001,2025,11,16679926.74,16353388.47,F5,SYNTHETIC_DEMO
1000,520100,CERI00201,ERI001,2025,12,15885724.73,16148708.35,F5,SYNTHETIC_DEMO
1000,520200,CERI00301,ERI001,2025,1,5766518.77,5683054.18,F5,SYNTHETIC_DEMO
1000,520200,CERI00301,ERI001,2025,2,5952809.57,5779871.55,F5,SYNTHETIC_DEMO
1000,520200,CERI00301,ERI001,2025,3,5868929.12,5922540.92,F5,SYNTHETIC_DEMO
1000,520200,CERI00301,ERI001,2025,4,6004589.86,6247035.18,F5,SYNTHETIC_DEMO
1000,520200,CERI00301,ERI001,2025,5,6208789.43,6427989.17,F5,SYNTHETIC_DEMO
1000,520200,CERI00301,ERI001,2025,6,6204961.88,6398605.05,F5,SYNTHETIC_DEMO
1000,520200,CERI00301,ERI001,2025,7,6028755.84,5940455.38,F5,SYNTHETIC_DEMO
1000,520200,CERI00301,ERI001,2025,8,6308880.56,6489749.69,F5,SYNTHETIC_DEMO
1000,520200,CERI00301,ERI001,2025,9,6010066.04,6024071.33,F5,SYNTHETIC_DEMO
1000,520200,CERI00301,ERI001,2025,10,6086156.55,5948268.78,F5,SYNTHETIC_DEMO
1000,520200,CERI00301,ERI001,2025,11,6012928.01,5985014.68,F5,SYNTHETIC_DEMO
1000,520200,CERI00301,ERI001,2025,12,6161669.21,6464409.35,F5,SYNTHETIC_DEMO
1000,530100,CERI00202,ERI002,2025,1,9627456.89,9781391.35,F5,SYNTHETIC_DEMO
1000,530100,CERI00202,ERI002,2025,2,9687280.61,9750571.06,F5,SYNTHETIC_DEMO
1000,530100,CERI00202,ERI002,2025,3,9843586.04,10260470.37,F5,SYNTHETIC_DEMO
1000,530100,CERI00202,ERI002,2025,4,9111016.86,9151905.1,F5,SYNTHETIC_DEMO
1000,530100,CERI00202,ERI002,2025,5,9241961.9,9291758.8,F5,SYNTHETIC_DEMO
1000,530100,CERI00202,ERI002,2025,6,8796892.8,8539090.92,F5,SYNTHETIC_DEMO
1000,530100,CERI00202,ERI002,2025,7,9553211.14,9597935.74,F5,SYNTHETIC_DEMO
1000,530100,CERI00202,ERI002,2025,8,8612435.15,8827487.94,F5,SYNTHETIC_DEMO
1000,530100,CERI00202,ERI002,2025,9,8532727.42,8791243.35,F5,SYNTHETIC_DEMO
1000,530100,CERI00202,ERI002,2025,10,9385585.16,9648052.35,F5,SYNTHETIC_DEMO
1000,530100,CERI00202,ERI002,2025,11,9808809.42,10091210.74,F5,SYNTHETIC_DEMO
1000,530100,CERI00202,ERI002,2025,12,9712150.61,9586079.87,F5,SYNTHETIC_DEMO
1000,540100,CERI00102,ERI002,2025,1,7464676.29,7836720.6,F5,SYNTHETIC_DEMO
1000,540100,CERI00102,ERI002,2025,2,8569853.1,8897744.92,F5,SYNTHETIC_DEMO
1000,540100,CERI00102,ERI002,2025,3,7456331.05,7261145.39,F5,SYNTHETIC_DEMO
1000,540100,CERI00102,ERI002,2025,4,8214933.34,8353523.74,F5,SYNTHETIC_DEMO
1000,540100,CERI00102,ERI002,2025,5,8382817.89,8563607.45,F5,SYNTHETIC_DEMO
1000,540100,CERI00102,ERI002,2025,6,8565976.64,8599597.0,F5,SYNTHETIC_DEMO
1000,540100,CERI00102,ERI002,2025,7,8295363.88,8386359.73,F5,SYNTHETIC_DEMO
1000,540100,CERI00102,ERI002,2025,8,8284421.35,8136236.71,F5,SYNTHETIC_DEMO
1000,540100,CERI00102,ERI002,2025,9,7478274.75,7541257.88,F5,SYNTHETIC_DEMO
1000,540100,CERI00102,ERI002,2025,10,8323533.73,8625085.7,F5,SYNTHETIC_DEMO
1000,540100,CERI00102,ERI002,2025,11,8178550.07,8321754.77,F5,SYNTHETIC_DEMO
1000,540100,CERI00102,ERI002,2025,12,7473161.6,7737916.64,F5,SYNTHETIC_DEMO
1000,150100,CERI00202,ERI002,2025,1,7317172.89,7535926.24,F5,SYNTHETIC_DEMO
1000,150100,CERI00202,ERI002,2025,2,7272358.29,7226727.74,F5,SYNTHETIC_DEMO
1000,150100,CERI00202,ERI002,2025,3,7044052.36,7019400.45,F5,SYNTHETIC_DEMO
1000,150100,CERI00202,ERI002,2025,4,7725247.56,7932274.66,F5,SYNTHETIC_DEMO
1000,150100,CERI00202,ERI002,2025,5,7464438.83,7328125.8,F5,SYNTHETIC_DEMO
1000,150100,CERI00202,ERI002,2025,6,7699173.62,8076739.81,F5,SYNTHETIC_DEMO
1000,150100,CERI00202,ERI002,2025,7,7731773.31,7846282.22,F5,SYNTHETIC_DEMO
1000,150100,CERI00202,ERI002,2025,8,7426595.89,7581409.36,F5,SYNTHETIC_DEMO
1000,150100,CERI00202,ERI002,2025,9,7592436.72,7516902.9,F5,SYNTHETIC_DEMO
1000,150100,CERI00202,ERI002,2025,10,7098931.59,6953218.66,F5,SYNTHETIC_DEMO
1000,150100,CERI00202,ERI002,2025,11,7931506.19,8169681.06,F5,SYNTHETIC_DEMO
1000,150100,CERI00202,ERI002,2025,12,7660118.9,7779552.12,F5,SYNTHETIC_DEMO
1000,150200,CERI00201,ERI001,2025,1,2187086.76,2171465.63,F5,SYNTHETIC_DEMO
1000,150200,CERI00201,ERI001,2025,2,2106873.55,2116131.18,F5,SYNTHETIC_DEMO
1000,150200,CERI00201,ERI001,2025,3,2325461.06,2419473.55,F5,SYNTHETIC_DEMO
1000,150200,CERI00201,ERI001,2025,4,2194895.82,2230122.47,F5,SYNTHETIC_DEMO
1000,150200,CERI00201,ERI001,2025,5,2035374.07,2005153.54,F5,SYNTHETIC_DEMO
1000,150200,CERI00201,ERI001,2025,6,2049203.9,2003228.23,F5,SYNTHETIC_DEMO
1000,150200,CERI00201,ERI001,2025,7,2175152.11,2171796.46,F5,SYNTHETIC_DEMO
1000,150200,CERI00201,ERI001,2025,8,2246413.34,2234207.7,F5,SYNTHETIC_DEMO
1000,150200,CERI00201,ERI001,2025,9,2097279.47,2126466.47,F5,SYNTHETIC_DEMO
1000,150200,CERI00201,ERI001,2025,10,2138128.03,2103384.26,F5,SYNTHETIC_DEMO
1000,150200,CERI00201,ERI001,2025,11,2330841.34,2429559.22,F5,SYNTHETIC_DEMO
1000,150200,CERI00201,ERI001,2025,12,2220727.29,2161200.13,F5,SYNTHETIC_DEMO
1000,150300,CERI00201,ERI001,2025,1,2286553.09,2331110.72,F5,SYNTHETIC_DEMO
1000,150300,CERI00201,ERI001,2025,2,2293162.71,2283074.34,F5,SYNTHETIC_DEMO
1000,150300,CERI00201,ERI001,2025,3,2175885.49,2263492.3,F5,SYNTHETIC_DEMO
1000,150300,CERI00201,ERI001,2025,4,2191021.54,2217080.07,F5,SYNTHETIC_DEMO
1000,150300,CERI00201,ERI001,2025,5,2267822.7,2201758.62,F5,SYNTHETIC_DEMO
1000,150300,CERI00201,ERI001,2025,6,2288516.61,2310765.34,F5,SYNTHETIC_DEMO
1000,150300,CERI00201,ERI001,2025,7,2448414.7,2447289.99,F5,SYNTHETIC_DEMO
1000,150300,CERI00201,ERI001,2025,8,2347753.67,2435944.43,F5,SYNTHETIC_DEMO
1000,150300,CERI00201,ERI001,2025,9,2157678.22,2109055.46,F5,SYNTHETIC_DEMO
1000,150300,CERI00201,ERI001,2025,10,2339515.19,2397039.96,F5,SYNTHETIC_DEMO
1000,150300,CERI00201,ERI001,2025,11,2176618.27,2245003.83,F5,SYNTHETIC_DEMO
1000,150300,CERI00201,ERI001,2025,12,2276180.11,2346740.6,F5,SYNTHETIC_DEMO
1000,500100,CERI00203,ERI003,2025,1,16012734.03,15737860.29,F5,SYNTHETIC_DEMO
1000,500100,CERI00203,ERI003,2025,2,16448956.93,16813401.51,F5,SYNTHETIC_DEMO
1000,500100,CERI00203,ERI003,2025,3,15925739.99,16644850.27,F5,SYNTHETIC_DEMO
1000,500100,CERI00203,ERI003,2025,4,20345114.0,19916654.03,F5,SYNTHETIC_DEMO
1000,500100,CERI00203,ERI003,2025,5,20825456.22,20214247.13,F5,SYNTHETIC_DEMO
1000,500100,CERI00203,ERI003,2025,6,16872703.23,17285634.02,F5,SYNTHETIC_DEMO
1000,500100,CERI00203,ERI003,2025,7,17463774.17,18021479.01,F5,SYNTHETIC_DEMO
1000,500100,CERI00203,ERI003,2025,8,17146473.83,17828446.58,F5,SYNTHETIC_DEMO
1000,500100,CERI00203,ERI003,2025,9,16430864.68,16656085.41,F5,SYNTHETIC_DEMO
1000,500100,CERI00203,ERI003,2025,10,18088563.15,18815329.98,F5,SYNTHETIC_DEMO
1000,500100,CERI00203,ERI003,2025,11,15862978.61,16374589.71,F5,SYNTHETIC_DEMO
1000,500100,CERI00203,ERI003,2025,12,16769231.07,17057562.67,F5,SYNTHETIC_DEMO
1000,500200,CERI00303,ERI003,2025,1,15563473.85,15740518.31,F5,SYNTHETIC_DEMO
1000,500200,CERI00303,ERI003,2025,2,15543927.65,16271964.94,F5,SYNTHETIC_DEMO
1000,500200,CERI00303,ERI003,2025,3,15822307.59,15530647.85,F5,SYNTHETIC_DEMO
1000,500200,CERI00303,ERI003,2025,4,20365193.02,21264538.91,F5,SYNTHETIC_DEMO
1000,500200,CERI00303,ERI003,2025,5,21593235.96,22459478.84,F5,SYNTHETIC_DEMO
1000,500200,CERI00303,ERI003,2025,6,17181753.73,16748512.59,F5,SYNTHETIC_DEMO
1000,500200,CERI00303,ERI003,2025,7,15512420.09,15601693.9,F5,SYNTHETIC_DEMO
1000,500200,CERI00303,ERI003,2025,8,16038052.63,16690119.28,F5,SYNTHETIC_DEMO
1000,500200,CERI00303,ERI003,2025,9,16113910.8,15919756.01,F5,SYNTHETIC_DEMO
1000,500200,CERI00303,ERI003,2025,10,15812478.59,16452301.15,F5,SYNTHETIC_DEMO
1000,500200,CERI00303,ERI003,2025,11,16906528.51,17351417.93,F5,SYNTHETIC_DEMO
1000,500200,CERI00303,ERI003,2025,12,16392813.59,17143045.53,F5,SYNTHETIC_DEMO
1000,500300,CERI00101,ERI001,2025,1,6700490.81,6728448.17,F5,SYNTHETIC_DEMO
1000,500300,CERI00101,ERI001,2025,2,6760380.53,6669136.04,F5,SYNTHETIC_DEMO
1000,500300,CERI00101,ERI001,2025,3,6436807.98,6585783.56,F5,SYNTHETIC_DEMO
1000,500300,CERI00101,ERI001,2025,4,8255661.88,8526221.39,F5,SYNTHETIC_DEMO
1000,500300,CERI00101,ERI001,2025,5,7631488.04,7893826.53,F5,SYNTHETIC_DEMO
1000,500300,CERI00101,ERI001,2025,6,5853832.46,6049539.99,F5,SYNTHETIC_DEMO
1000,500300,CERI00101,ERI001,2025,7,6545970.52,6652283.81,F5,SYNTHETIC_DEMO
1000,500300,CERI00101,ERI001,2025,8,6794509.34,6870633.82,F5,SYNTHETIC_DEMO
1000,500300,CERI00101,ERI001,2025,9,6109690.18,6234845.18,F5,SYNTHETIC_DEMO
1000,500300,CERI00101,ERI001,2025,10,5972111.68,5853917.95,F5,SYNTHETIC_DEMO
1000,500300,CERI00101,ERI001,2025,11,6168303.88,5991273.55,F5,SYNTHETIC_DEMO
1000,500300,CERI00101,ERI001,2025,12,6691367.76,6543943.62,F5,SYNTHETIC_DEMO
1000,510100,CERI00202,ERI002,2025,1,2861168.38,2831887.09,F5,SYNTHETIC_DEMO
1000,510100,CERI00202,ERI002,2025,2,3142229.66,3192577.01,F5,SYNTHETIC_DEMO
1000,510100,CERI00202,ERI002,2025,3,3191828.62,3294503.98,F5,SYNTHETIC_DEMO
1000,510100,CERI00202,ERI002,2025,4,3049455.67,2996115.28,F5,SYNTHETIC_DEMO
1000,510100,CERI00202,ERI002,2025,5,2927769.61,3057376.38,F5,SYNTHETIC_DEMO
1000,510100,CERI00202,ERI002,2025,6,2866531.92,2911768.68,F5,SYNTHETIC_DEMO
1000,510100,CERI00202,ERI002,2025,7,3163506.06,3282353.98,F5,SYNTHETIC_DEMO
1000,510100,CERI00202,ERI002,2025,8,2852805.3,2865638.22,F5,SYNTHETIC_DEMO
1000,510100,CERI00202,ERI002,2025,9,2814775.13,2845589.33,F5,SYNTHETIC_DEMO
1000,510100,CERI00202,ERI002,2025,10,3195505.66,3334453.98,F5,SYNTHETIC_DEMO
1000,510100,CERI00202,ERI002,2025,11,2761879.81,2692417.7,F5,SYNTHETIC_DEMO
1000,510100,CERI00202,ERI002,2025,12,2732995.8,2782309.02,F5,SYNTHETIC_DEMO
1000,520100,CERI00302,ERI002,2025,1,18723706.07,18479601.96,F5,SYNTHETIC_DEMO
1000,520100,CERI00302,ERI002,2025,2,18354883.11,19044427.6,F5,SYNTHETIC_DEMO
1000,520100,CERI00302,ERI002,2025,3,18265280.03,18069589.74,F5,SYNTHETIC_DEMO
1000,520100,CERI00302,ERI002,2025,4,17363059.42,17751121.55,F5,SYNTHETIC_DEMO
1000,520100,CERI00302,ERI002,2025,5,17624156.04,17516077.01,F5,SYNTHETIC_DEMO
1000,520100,CERI00302,ERI002,2025,6,16973004.98,17126923.73,F5,SYNTHETIC_DEMO
1000,520100,CERI00302,ERI002,2025,7,17200415.23,17376486.02,F5,SYNTHETIC_DEMO
1000,520100,CERI00302,ERI002,2025,8,16851656.56,17688916.08,F5,SYNTHETIC_DEMO
1000,520100,CERI00302,ERI002,2025,9,18438989.66,18149251.38,F5,SYNTHETIC_DEMO
1000,520100,CERI00302,ERI002,2025,10,18608409.08,18144929.54,F5,SYNTHETIC_DEMO
1000,520100,CERI00302,ERI002,2025,11,16584884.12,16556508.51,F5,SYNTHETIC_DEMO
1000,520100,CERI00302,ERI002,2025,12,16317715.37,16428668.45,F5,SYNTHETIC_DEMO
1000,520200,CERI00302,ERI002,2025,1,17638638.23,17566020.1,F5,SYNTHETIC_DEMO
1000,520200,CERI00302,ERI002,2025,2,18855828.09,18661089.84,F5,SYNTHETIC_DEMO
1000,520200,CERI00302,ERI002,2025,3,18435569.54,18412450.3,F5,SYNTHETIC_DEMO
1000,520200,CERI00302,ERI002,2025,4,18506256.84,18575699.0,F5,SYNTHETIC_DEMO
1000,520200,CERI00302,ERI002,2025,5,18516508.48,18894194.47,F5,SYNTHETIC_DEMO
1000,520200,CERI00302,ERI002,2025,6,17826285.61,18446534.78,F5,SYNTHETIC_DEMO
1000,520200,CERI00302,ERI002,2025,7,20118946.57,19542173.32,F5,SYNTHETIC_DEMO
1000,520200,CERI00302,ERI002,2025,8,20221674.92,20433567.33,F5,SYNTHETIC_DEMO
1000,520200,CERI00302,ERI002,2025,9,19359766.54,19538785.92,F5,SYNTHETIC_DEMO
1000,520200,CERI00302,ERI002,2025,10,18672735.42,19260448.0,F5,SYNTHETIC_DEMO
1000,520200,CERI00302,ERI002,2025,11,17470707.46,17130776.74,F5,SYNTHETIC_DEMO
1000,520200,CERI00302,ERI002,2025,12,18933605.89,19619153.04,F5,SYNTHETIC_DEMO
1000,530100,CERI00203,ERI003,2025,1,15264165.16,16003205.17,F5,SYNTHETIC_DEMO
1000,530100,CERI00203,ERI003,2025,2,13874538.46,13624763.76,F5,SYNTHETIC_DEMO
1000,530100,CERI00203,ERI003,2025,3,15518119.48,15260134.1,F5,SYNTHETIC_DEMO
1000,530100,CERI00203,ERI003,2025,4,14919045.67,15276861.69,F5,SYNTHETIC_DEMO
1000,530100,CERI00203,ERI003,2025,5,14627139.86,14385854.4,F5,SYNTHETIC_DEMO
1000,530100,CERI00203,ERI003,2025,6,16188839.31,16493692.48,F5,SYNTHETIC_DEMO
1000,530100,CERI00203,ERI003,2025,7,13889971.72,14307553.01,F5,SYNTHETIC_DEMO
1000,530100,CERI00203,ERI003,2025,8,14812608.78,15433891.66,F5,SYNTHETIC_DEMO
1000,530100,CERI00203,ERI003,2025,9,14134111.92,14368491.46,F5,SYNTHETIC_DEMO
1000,530100,CERI00203,ERI003,2025,10,15849702.79,15615533.07,F5,SYNTHETIC_DEMO
1000,530100,CERI00203,ERI003,2025,11,14489291.65,14349673.32,F5,SYNTHETIC_DEMO
1000,530100,CERI00203,ERI003,2025,12,15160449.58,14868877.54,F5,SYNTHETIC_DEMO
1000,540100,CERI00103,ERI003,2025,1,4802763.74,4782687.35,F5,SYNTHETIC_DEMO
1000,540100,CERI00103,ERI003,2025,2,5439921.54,5640308.98,F5,SYNTHETIC_DEMO
1000,540100,CERI00103,ERI003,2025,3,5008807.63,5041517.56,F5,SYNTHETIC_DEMO
1000,540100,CERI00103,ERI003,2025,4,5311460.49,5191182.38,F5,SYNTHETIC_DEMO
1000,540100,CERI00103,ERI003,2025,5,5131731.56,5110033.08,F5,SYNTHETIC_DEMO
1000,540100,CERI00103,ERI003,2025,6,4845724.9,4842164.54,F5,SYNTHETIC_DEMO
1000,540100,CERI00103,ERI003,2025,7,5471317.4,5714129.14,F5,SYNTHETIC_DEMO
1000,540100,CERI00103,ERI003,2025,8,4802302.06,4878643.87,F5,SYNTHETIC_DEMO
1000,540100,CERI00103,ERI003,2025,9,5017558.52,4917623.06,F5,SYNTHETIC_DEMO
1000,540100,CERI00103,ERI003,2025,10,5283496.82,5433874.52,F5,SYNTHETIC_DEMO
1000,540100,CERI00103,ERI003,2025,11,5162277.27,5346071.99,F5,SYNTHETIC_DEMO
1000,540100,CERI00103,ERI003,2025,12,4992058.28,5073939.81,F5,SYNTHETIC_DEMO
1000,150100,CERI00203,ERI003,2025,1,3667111.88,3709529.04,F5,SYNTHETIC_DEMO
1000,150100,CERI00203,ERI003,2025,2,4165818.12,4113812.89,F5,SYNTHETIC_DEMO
1000,150100,CERI00203,ERI003,2025,3,3722154.29,3692578.46,F5,SYNTHETIC_DEMO
1000,150100,CERI00203,ERI003,2025,4,4257963.43,4303378.3,F5,SYNTHETIC_DEMO
1000,150100,CERI00203,ERI003,2025,5,3777491.51,3679276.07,F5,SYNTHETIC_DEMO
1000,150100,CERI00203,ERI003,2025,6,3919692.64,4017122.7,F5,SYNTHETIC_DEMO
1000,150100,CERI00203,ERI003,2025,7,4094360.38,4209176.96,F5,SYNTHETIC_DEMO
1000,150100,CERI00203,ERI003,2025,8,4085392.07,4035593.97,F5,SYNTHETIC_DEMO
1000,150100,CERI00203,ERI003,2025,9,4293465.35,4403551.59,F5,SYNTHETIC_DEMO
1000,150100,CERI00203,ERI003,2025,10,3892818.16,4056274.45,F5,SYNTHETIC_DEMO
1000,150100,CERI00203,ERI003,2025,11,4247078.53,4259015.97,F5,SYNTHETIC_DEMO
1000,150100,CERI00203,ERI003,2025,12,4097676.26,4128070.85,F5,SYNTHETIC_DEMO
1000,150200,CERI00202,ERI002,2025,1,14407269.89,14598800.52,F5,SYNTHETIC_DEMO
1000,150200,CERI00202,ERI002,2025,2,14791987.56,14804712.52,F5,SYNTHETIC_DEMO
1000,150200,CERI00202,ERI002,2025,3,14958185.15,14986297.78,F5,SYNTHETIC_DEMO
1000,150200,CERI00202,ERI002,2025,4,13206313.98,12846212.68,F5,SYNTHETIC_DEMO
1000,150200,CERI00202,ERI002,2025,5,14284544.75,14780581.6,F5,SYNTHETIC_DEMO
1000,150200,CERI00202,ERI002,2025,6,15039526.78,14972400.01,F5,SYNTHETIC_DEMO
1000,150200,CERI00202,ERI002,2025,7,13536650.99,13213377.67,F5,SYNTHETIC_DEMO
1000,150200,CERI00202,ERI002,2025,8,14090560.46,14430469.77,F5,SYNTHETIC_DEMO
1000,150200,CERI00202,ERI002,2025,9,14002488.08,13988225.11,F5,SYNTHETIC_DEMO
1000,150200,CERI00202,ERI002,2025,10,14054554.11,13785445.07,F5,SYNTHETIC_DEMO
1000,150200,CERI00202,ERI002,2025,11,15060642.69,15490823.32,F5,SYNTHETIC_DEMO
1000,150200,CERI00202,ERI002,2025,12,14731665.83,14916282.11,F5,SYNTHETIC_DEMO
1000,150300,CERI00101,ERI001,2025,1,5914810.74,5743094.36,F5,SYNTHETIC_DEMO
1000,150300,CERI00101,ERI001,2025,2,5721606.77,5927986.36,F5,SYNTHETIC_DEMO
1000,150300,CERI00101,ERI001,2025,3,5780690.25,5963900.58,F5,SYNTHETIC_DEMO
1000,150300,CERI00101,ERI001,2025,4,5259607.82,5481007.75,F5,SYNTHETIC_DEMO
1000,150300,CERI00101,ERI001,2025,5,5574193.07,5592188.98,F5,SYNTHETIC_DEMO
1000,150300,CERI00101,ERI001,2025,6,6129648.96,6029806.39,F5,SYNTHETIC_DEMO
1000,150300,CERI00101,ERI001,2025,7,5728497.56,5607183.68,F5,SYNTHETIC_DEMO
1000,150300,CERI00101,ERI001,2025,8,5606510.22,5555146.11,F5,SYNTHETIC_DEMO
1000,150300,CERI00101,ERI001,2025,9,5857265.87,6056270.56,F5,SYNTHETIC_DEMO
1000,150300,CERI00101,ERI001,2025,10,5589306.15,5729719.58,F5,SYNTHETIC_DEMO
1000,150300,CERI00101,ERI001,2025,11,6161685.33,6391968.32,F5,SYNTHETIC_DEMO
1000,150300,CERI00101,ERI001,2025,12,5712123.33,5760400.18,F5,SYNTHETIC_DEMO
1000,500100,CERI00204,ERI004,2025,1,4936660.55,5074436.22,F5,SYNTHETIC_DEMO
1000,500100,CERI00204,ERI004,2025,2,4940872.5,4818376.38,F5,SYNTHETIC_DEMO
1000,500100,CERI00204,ERI004,2025,3,4900965.48,5109309.67,F5,SYNTHETIC_DEMO
1000,500100,CERI00204,ERI004,2025,4,6204974.36,6342260.98,F5,SYNTHETIC_DEMO
1000,500100,CERI00204,ERI004,2025,5,6769309.58,6886896.02,F5,SYNTHETIC_DEMO
1000,500100,CERI00204,ERI004,2025,6,5246280.63,5467075.29,F5,SYNTHETIC_DEMO
1000,500100,CERI00204,ERI004,2025,7,5181979.04,5063258.54,F5,SYNTHETIC_DEMO
1000,500100,CERI00204,ERI004,2025,8,5148545.01,5225661.27,F5,SYNTHETIC_DEMO
1000,500100,CERI00204,ERI004,2025,9,4770615.9,4820748.83,F5,SYNTHETIC_DEMO
1000,500100,CERI00204,ERI004,2025,10,5098311.53,5256868.21,F5,SYNTHETIC_DEMO
1000,500100,CERI00204,ERI004,2025,11,4840310.81,4789511.07,F5,SYNTHETIC_DEMO
1000,500100,CERI00204,ERI004,2025,12,5308061.63,5442465.18,F5,SYNTHETIC_DEMO
1000,500200,CERI00101,ERI001,2025,1,17993345.32,17553807.02,F5,SYNTHETIC_DEMO
1000,500200,CERI00101,ERI001,2025,2,16318058.51,16565802.69,F5,SYNTHETIC_DEMO
1000,500200,CERI00101,ERI001,2025,3,15908022.59,16700835.17,F5,SYNTHETIC_DEMO
1000,500200,CERI00101,ERI001,2025,4,19546012.47,19030892.79,F5,SYNTHETIC_DEMO
1000,500200,CERI00101,ERI001,2025,5,20467879.22,21244622.4,F5,SYNTHETIC_DEMO
1000,500200,CERI00101,ERI001,2025,6,16505542.18,16062081.56,F5,SYNTHETIC_DEMO
1000,500200,CERI00101,ERI001,2025,7,16492106.05,16369744.0,F5,SYNTHETIC_DEMO
1000,500200,CERI00101,ERI001,2025,8,17854527.67,17882876.09,F5,SYNTHETIC_DEMO
1000,500200,CERI00101,ERI001,2025,9,16145687.26,16817034.28,F5,SYNTHETIC_DEMO
1000,500200,CERI00101,ERI001,2025,10,17924146.83,17620558.31,F5,SYNTHETIC_DEMO
1000,500200,CERI00101,ERI001,2025,11,17119344.82,16760371.26,F5,SYNTHETIC_DEMO
1000,500200,CERI00101,ERI001,2025,12,16374186.58,16183067.28,F5,SYNTHETIC_DEMO
1000,500300,CERI00102,ERI002,2025,1,16172358.25,16447472.19,F5,SYNTHETIC_DEMO
1000,500300,CERI00102,ERI002,2025,2,18543182.04,18993251.16,F5,SYNTHETIC_DEMO
1000,500300,CERI00102,ERI002,2025,3,17407520.41,17239146.14,F5,SYNTHETIC_DEMO
1000,500300,CERI00102,ERI002,2025,4,22748779.94,23030619.07,F5,SYNTHETIC_DEMO
1000,500300,CERI00102,ERI002,2025,5,22653775.88,22813255.64,F5,SYNTHETIC_DEMO
1000,500300,CERI00102,ERI002,2025,6,17151262.24,17847676.45,F5,SYNTHETIC_DEMO
1000,500300,CERI00102,ERI002,2025,7,16633215.92,16228407.15,F5,SYNTHETIC_DEMO
1000,500300,CERI00102,ERI002,2025,8,17451919.93,17643053.88,F5,SYNTHETIC_DEMO
1000,500300,CERI00102,ERI002,2025,9,17918416.3,18342211.9,F5,SYNTHETIC_DEMO
1000,500300,CERI00102,ERI002,2025,10,16423893.37,16489682.25,F5,SYNTHETIC_DEMO
1000,500300,CERI00102,ERI002,2025,11,18364431.79,17833771.56,F5,SYNTHETIC_DEMO
1000,500300,CERI00102,ERI002,2025,12,17698581.04,18477252.8,F5,SYNTHETIC_DEMO
1000,510100,CERI00203,ERI003,2025,1,2293793.91,2295463.13,F5,SYNTHETIC_DEMO
1000,510100,CERI00203,ERI003,2025,2,2196623.77,2225562.6,F5,SYNTHETIC_DEMO
1000,510100,CERI00203,ERI003,2025,3,2511166.31,2524406.66,F5,SYNTHETIC_DEMO
1000,510100,CERI00203,ERI003,2025,4,2210429.09,2277764.31,F5,SYNTHETIC_DEMO
1000,510100,CERI00203,ERI003,2025,5,2489012.88,2462426.42,F5,SYNTHETIC_DEMO
1000,510100,CERI00203,ERI003,2025,6,2390724.3,2502761.4,F5,SYNTHETIC_DEMO
1000,510100,CERI00203,ERI003,2025,7,2275458.48,2313151.12,F5,SYNTHETIC_DEMO
1000,510100,CERI00203,ERI003,2025,8,2291124.2,2384320.77,F5,SYNTHETIC_DEMO
1000,510100,CERI00203,ERI003,2025,9,2319031.91,2307050.08,F5,SYNTHETIC_DEMO
1000,510100,CERI00203,ERI003,2025,10,2297149.9,2257291.96,F5,SYNTHETIC_DEMO
1000,510100,CERI00203,ERI003,2025,11,2282795.61,2310498.61,F5,SYNTHETIC_DEMO
1000,510100,CERI00203,ERI003,2025,12,2361243.91,2412316.49,F5,SYNTHETIC_DEMO
1000,520100,CERI00303,ERI003,2025,1,8450200.8,8798237.39,F5,SYNTHETIC_DEMO
1000,520100,CERI00303,ERI003,2025,2,8248547.37,8489009.14,F5,SYNTHETIC_DEMO
1000,520100,CERI00303,ERI003,2025,3,8937664.06,9012750.09,F5,SYNTHETIC_DEMO
1000,520100,CERI00303,ERI003,2025,4,8983480.01,9185145.05,F5,SYNTHETIC_DEMO
1000,520100,CERI00303,ERI003,2025,5,8758328.06,8624034.14,F5,SYNTHETIC_DEMO
1000,520100,CERI00303,ERI003,2025,6,7813186.06,8131929.54,F5,SYNTHETIC_DEMO
1000,520100,CERI00303,ERI003,2025,7,8998808.45,9016310.72,F5,SYNTHETIC_DEMO
1000,520100,CERI00303,ERI003,2025,8,8538085.4,8641375.52,F5,SYNTHETIC_DEMO
1000,520100,CERI00303,ERI003,2025,9,7861330.4,7859082.93,F5,SYNTHETIC_DEMO
1000,520100,CERI00303,ERI003,2025,10,8176657.14,8011418.6,F5,SYNTHETIC_DEMO
1000,520100,CERI00303,ERI003,2025,11,8439305.3,8691297.35,F5,SYNTHETIC_DEMO
1000,520100,CERI00303,ERI003,2025,12,9071553.13,8876152.49,F5,SYNTHETIC_DEMO
1000,520200,CERI00303,ERI003,2025,1,6868177.76,7082617.77,F5,SYNTHETIC_DEMO
1000,520200,CERI00303,ERI003,2025,2,7602004.34,7536014.34,F5,SYNTHETIC_DEMO
1000,520200,CERI00303,ERI003,2025,3,7077312.6,7044630.84,F5,SYNTHETIC_DEMO
1000,520200,CERI00303,ERI003,2025,4,6971585.3,6780709.86,F5,SYNTHETIC_DEMO
1000,520200,CERI00303,ERI003,2025,5,6588768.61,6489482.27,F5,SYNTHETIC_DEMO
1000,520200,CERI00303,ERI003,2025,6,7288471.47,7483982.09,F5,SYNTHETIC_DEMO
1000,520200,CERI00303,ERI003,2025,7,6920781.79,7075545.56,F5,SYNTHETIC_DEMO
1000,520200,CERI00303,ERI003,2025,8,7015329.89,6983166.73,F5,SYNTHETIC_DEMO
1000,520200,CERI00303,ERI003,2025,9,7289808.74,7508468.28,F5,SYNTHETIC_DEMO
1000,520200,CERI00303,ERI003,2025,10,7479484.79,7436227.38,F5,SYNTHETIC_DEMO
1000,520200,CERI00303,ERI003,2025,11,6934189.46,7157486.11,F5,SYNTHETIC_DEMO
1000,520200,CERI00303,ERI003,2025,12,7473012.72,7810555.07,F5,SYNTHETIC_DEMO
1000,530100,CERI00204,ERI004,2025,1,6352897.96,6184229.26,F5,SYNTHETIC_DEMO
1000,530100,CERI00204,ERI004,2025,2,5835746.11,5937818.3,F5,SYNTHETIC_DEMO
1000,530100,CERI00204,ERI004,2025,3,5912312.9,5818557.5,F5,SYNTHETIC_DEMO
1000,530100,CERI00204,ERI004,2025,4,5530265.06,5468476.86,F5,SYNTHETIC_DEMO
1000,530100,CERI00204,ERI004,2025,5,6139349.17,6302363.13,F5,SYNTHETIC_DEMO
1000,530100,CERI00204,ERI004,2025,6,5619847.29,5491798.88,F5,SYNTHETIC_DEMO
1000,530100,CERI00204,ERI004,2025,7,5555764.28,5615687.61,F5,SYNTHETIC_DEMO
1000,530100,CERI00204,ERI004,2025,8,5936304.34,5940884.4,F5,SYNTHETIC_DEMO
1000,530100,CERI00204,ERI004,2025,9,6260134.4,6135504.76,F5,SYNTHETIC_DEMO
1000,530100,CERI00204,ERI004,2025,10,6057607.1,6110446.07,F5,SYNTHETIC_DEMO
1000,530100,CERI00204,ERI004,2025,11,5873592.49,5874102.63,F5,SYNTHETIC_DEMO
1000,530100,CERI00204,ERI004,2025,12,5482110.64,5424762.07,F5,SYNTHETIC_DEMO
1000,540100,CERI00301,ERI001,2025,1,16657758.37,17137364.45,F5,SYNTHETIC_DEMO
1000,540100,CERI00301,ERI001,2025,2,17516897.15,17453959.73,F5,SYNTHETIC_DEMO
1000,540100,CERI00301,ERI001,2025,3,18407755.24,19102411.09,F5,SYNTHETIC_DEMO
1000,540100,CERI00301,ERI001,2025,4,18151425.03,18239279.73,F5,SYNTHETIC_DEMO
1000,540100,CERI00301,ERI001,2025,5,16841012.31,17118683.11,F5,SYNTHETIC_DEMO
1000,540100,CERI00301,ERI001,2025,6,17439345.13,17899777.08,F5,SYNTHETIC_DEMO
1000,540100,CERI00301,ERI001,2025,7,16667420.82,17274280.26,F5,SYNTHETIC_DEMO
1000,540100,CERI00301,ERI001,2025,8,16882811.48,17113653.09,F5,SYNTHETIC_DEMO
1000,540100,CERI00301,ERI001,2025,9,17796806.61,17628604.99,F5,SYNTHETIC_DEMO
1000,540100,CERI00301,ERI001,2025,10,18390891.59,19012725.42,F5,SYNTHETIC_DEMO
1000,540100,CERI00301,ERI001,2025,11,17259131.95,17749955.42,F5,SYNTHETIC_DEMO
1000,540100,CERI00301,ERI001,2025,12,16775841.94,17324884.17,F5,SYNTHETIC_DEMO
1000,150100,CERI00301,ERI001,2025,1,16171491.0,16176188.0,F5,SYNTHETIC_DEMO
1000,150100,CERI00301,ERI001,2025,2,14508314.2,14631219.55,F5,SYNTHETIC_DEMO
1000,150100,CERI00301,ERI001,2025,3,15117203.51,15239402.69,F5,SYNTHETIC_DEMO
1000,150100,CERI00301,ERI001,2025,4,16488333.77,16933503.58,F5,SYNTHETIC_DEMO
1000,150100,CERI00301,ERI001,2025,5,15562662.07,15664461.59,F5,SYNTHETIC_DEMO
1000,150100,CERI00301,ERI001,2025,6,14216110.19,14875054.47,F5,SYNTHETIC_DEMO
1000,150100,CERI00301,ERI001,2025,7,14904176.92,14477659.41,F5,SYNTHETIC_DEMO
1000,150100,CERI00301,ERI001,2025,8,15324617.39,15178525.77,F5,SYNTHETIC_DEMO
1000,150100,CERI00301,ERI001,2025,9,14635876.87,15067631.5,F5,SYNTHETIC_DEMO
1000,150100,CERI00301,ERI001,2025,10,15576213.39,16045404.83,F5,SYNTHETIC_DEMO
1000,150100,CERI00301,ERI001,2025,11,15723214.86,16013611.88,F5,SYNTHETIC_DEMO
1000,150100,CERI00301,ERI001,2025,12,14675528.26,15406798.1,F5,SYNTHETIC_DEMO
1000,150200,CERI00302,ERI002,2025,1,9644130.85,9717925.08,F5,SYNTHETIC_DEMO
1000,150200,CERI00302,ERI002,2025,2,10573966.93,10949739.37,F5,SYNTHETIC_DEMO
1000,150200,CERI00302,ERI002,2025,3,9494212.91,9260566.34,F5,SYNTHETIC_DEMO
1000,150200,CERI00302,ERI002,2025,4,10358671.62,10140299.25,F5,SYNTHETIC_DEMO
1000,150200,CERI00302,ERI002,2025,5,10504832.27,10608357.35,F5,SYNTHETIC_DEMO
1000,150200,CERI00302,ERI002,2025,6,10583021.06,10426817.08,F5,SYNTHETIC_DEMO
1000,150200,CERI00302,ERI002,2025,7,10088082.74,10290247.73,F5,SYNTHETIC_DEMO
1000,150200,CERI00302,ERI002,2025,8,9766423.15,10123134.59,F5,SYNTHETIC_DEMO
1000,150200,CERI00302,ERI002,2025,9,9581032.71,9574103.19,F5,SYNTHETIC_DEMO
1000,150200,CERI00302,ERI002,2025,10,9967302.44,10159084.94,F5,SYNTHETIC_DEMO
1000,150200,CERI00302,ERI002,2025,11,10759783.36,10908240.19,F5,SYNTHETIC_DEMO
1000,150200,CERI00302,ERI002,2025,12,9443914.74,9662205.85,F5,SYNTHETIC_DEMO
1000,150300,CERI00202,ERI002,2025,1,3114674.5,3227085.52,F5,SYNTHETIC_DEMO
1000,150300,CERI00202,ERI002,2025,2,3330528.47,3420536.43,F5,SYNTHETIC_DEMO
1000,150300,CERI00202,ERI002,2025,3,3295073.42,3321696.85,F5,SYNTHETIC_DEMO
1000,150300,CERI00202,ERI002,2025,4,2995181.4,2941289.56,F5,SYNTHETIC_DEMO
1000,150300,CERI00202,ERI002,2025,5,3012185.07,3096016.06,F5,SYNTHETIC_DEMO
1000,150300,CERI00202,ERI002,2025,6,3216105.86,3150717.14,F5,SYNTHETIC_DEMO
1000,150300,CERI00202,ERI002,2025,7,2959866.72,2911123.03,F5,SYNTHETIC_DEMO
1000,150300,CERI00202,ERI002,2025,8,2886572.26,2884725.73,F5,SYNTHETIC_DEMO
1000,150300,CERI00202,ERI002,2025,9,2984924.39,3107242.06,F5,SYNTHETIC_DEMO
1000,150300,CERI00202,ERI002,2025,10,2939786.86,3022838.05,F5,SYNTHETIC_DEMO
1000,150300,CERI00202,ERI002,2025,11,3350269.59,3463788.55,F5,SYNTHETIC_DEMO
1000,150300,CERI00202,ERI002,2025,12,3255937.51,3270704.89,F5,SYNTHETIC_DEMO
1000,500100,CCX000101,CX001,2025,1,16963616.58,17214178.77,F5,SYNTHETIC_DEMO
1000,500100,CCX000101,CX001,2025,2,17479574.6,17265706.98,F5,SYNTHETIC_DEMO
1000,500100,CCX000101,CX001,2025,3,19215405.49,19126430.21,F5,SYNTHETIC_DEMO
1000,500100,CCX000101,CX001,2025,4,21762161.13,22051759.18,F5,SYNTHETIC_DEMO
1000,500100,CCX000101,CX001,2025,5,20967235.94,21707553.91,F5,SYNTHETIC_DEMO
1000,500100,CCX000101,CX001,2025,6,19575195.45,19071832.35,F5,SYNTHETIC_DEMO
1000,500100,CCX000101,CX001,2025,7,19747353.05,19683483.53,F5,SYNTHETIC_DEMO
1000,500100,CCX000101,CX001,2025,8,18538829.88,18220189.35,F5,SYNTHETIC_DEMO
1000,500100,CCX000101,CX001,2025,9,17296854.51,18146103.38,F5,SYNTHETIC_DEMO
1000,500100,CCX000101,CX001,2025,10,18793493.32,19421826.68,F5,SYNTHETIC_DEMO
1000,500100,CCX000101,CX001,2025,11,19253077.39,19259204.0,F5,SYNTHETIC_DEMO
1000,500100,CCX000101,CX001,2025,12,17624602.18,17978966.94,F5,SYNTHETIC_DEMO
1000,500200,CCX000201,CX001,2025,1,5433490.27,5327372.51,F5,SYNTHETIC_DEMO
1000,500200,CCX000201,CX001,2025,2,5514931.6,5502051.09,F5,SYNTHETIC_DEMO
1000,500200,CCX000201,CX001,2025,3,5927204.77,6079220.82,F5,SYNTHETIC_DEMO
1000,500200,CCX000201,CX001,2025,4,6828710.1,6765818.66,F5,SYNTHETIC_DEMO
1000,500200,CCX000201,CX001,2025,5,7147625.53,7442990.3,F5,SYNTHETIC_DEMO
1000,500200,CCX000201,CX001,2025,6,5987741.98,6039946.93,F5,SYNTHETIC_DEMO
1000,500200,CCX000201,CX001,2025,7,5453243.75,5316224.35,F5,SYNTHETIC_DEMO
1000,500200,CCX000201,CX001,2025,8,5831885.33,5817947.81,F5,SYNTHETIC_DEMO
1000,500200,CCX000201,CX001,2025,9,5493513.39,5713976.09,F5,SYNTHETIC_DEMO
1000,500200,CCX000201,CX001,2025,10,5907758.34,5936866.0,F5,SYNTHETIC_DEMO
1000,500200,CCX000201,CX001,2025,11,5930665.04,5856449.95,F5,SYNTHETIC_DEMO
1000,500200,CCX000201,CX001,2025,12,5635312.91,5558114.28,F5,SYNTHETIC_DEMO
1000,500300,CCX000201,CX001,2025,1,2534678.79,2650757.67,F5,SYNTHETIC_DEMO
1000,500300,CCX000201,CX001,2025,2,2514828.98,2448144.74,F5,SYNTHETIC_DEMO
1000,500300,CCX000201,CX001,2025,3,2413212.23,2457433.09,F5,SYNTHETIC_DEMO
1000,500300,CCX000201,CX001,2025,4,2991170.06,3109487.6,F5,SYNTHETIC_DEMO
1000,500300,CCX000201,CX001,2025,5,3067629.13,3071619.64,F5,SYNTHETIC_DEMO
1000,500300,CCX000201,CX001,2025,6,2556322.63,2536537.39,F5,SYNTHETIC_DEMO
1000,500300,CCX000201,CX001,2025,7,2560231.02,2622967.2,F5,SYNTHETIC_DEMO
1000,500300,CCX000201,CX001,2025,8,2333837.84,2323763.42,F5,SYNTHETIC_DEMO
1000,500300,CCX000201,CX001,2025,9,2497581.82,2522799.25,F5,SYNTHETIC_DEMO
1000,500300,CCX000201,CX001,2025,10,2488328.21,2439477.21,F5,SYNTHETIC_DEMO
1000,500300,CCX000201,CX001,2025,11,2335555.33,2352561.14,F5,SYNTHETIC_DEMO
1000,500300,CCX000201,CX001,2025,12,2395188.26,2456950.17,F5,SYNTHETIC_DEMO
1000,510100,CCX000301,CX001,2025,1,16884453.75,16444615.62,F5,SYNTHETIC_DEMO
1000,510100,CCX000301,CX001,2025,2,18026521.58,18538827.69,F5,SYNTHETIC_DEMO
1000,510100,CCX000301,CX001,2025,3,17152474.62,17140776.24,F5,SYNTHETIC_DEMO
1000,510100,CCX000301,CX001,2025,4,15822045.0,15665143.08,F5,SYNTHETIC_DEMO
1000,510100,CCX000301,CX001,2025,5,15861507.02,15469014.37,F5,SYNTHETIC_DEMO
1000,510100,CCX000301,CX001,2025,6,17431660.66,18023622.72,F5,SYNTHETIC_DEMO
1000,510100,CCX000301,CX001,2025,7,17171639.32,17236140.01,F5,SYNTHETIC_DEMO
1000,510100,CCX000301,CX001,2025,8,17808282.81,17757838.98,F5,SYNTHETIC_DEMO
1000,510100,CCX000301,CX001,2025,9,16397607.0,17001102.94,F5,SYNTHETIC_DEMO
1000,510100,CCX000301,CX001,2025,10,17027919.94,17712740.96,F5,SYNTHETIC_DEMO
1000,510100,CCX000301,CX001,2025,11,16670115.29,17267218.65,F5,SYNTHETIC_DEMO
1000,510100,CCX000301,CX001,2025,12,17324177.22,17458390.47,F5,SYNTHETIC_DEMO
1000,520100,CCX000301,CX001,2025,1,10355849.04,10738262.65,F5,SYNTHETIC_DEMO
1000,520100,CCX000301,CX001,2025,2,11005010.66,10987399.71,F5,SYNTHETIC_DEMO
1000,520100,CCX000301,CX001,2025,3,10128414.47,10505005.34,F5,SYNTHETIC_DEMO
1000,520100,CCX000301,CX001,2025,4,11389424.41,11289328.0,F5,SYNTHETIC_DEMO
1000,520100,CCX000301,CX001,2025,5,9944500.47,10186032.59,F5,SYNTHETIC_DEMO
1000,520100,CCX000301,CX001,2025,6,9967590.12,10217730.47,F5,SYNTHETIC_DEMO
1000,520100,CCX000301,CX001,2025,7,9900660.15,10026193.91,F5,SYNTHETIC_DEMO
1000,520100,CCX000301,CX001,2025,8,10536688.83,10768167.41,F5,SYNTHETIC_DEMO
1000,520100,CCX000301,CX001,2025,9,10244761.82,10503199.22,F5,SYNTHETIC_DEMO
1000,520100,CCX000301,CX001,2025,10,11520160.27,11397906.06,F5,SYNTHETIC_DEMO
1000,520100,CCX000301,CX001,2025,11,11233134.02,11481800.66,F5,SYNTHETIC_DEMO
1000,520100,CCX000301,CX001,2025,12,10730123.89,10550521.36,F5,SYNTHETIC_DEMO
1000,520200,CCX000301,CX001,2025,1,2630163.86,2746690.75,F5,SYNTHETIC_DEMO
1000,520200,CCX000301,CX001,2025,2,2651593.34,2713371.41,F5,SYNTHETIC_DEMO
1000,520200,CCX000301,CX001,2025,3,2622208.33,2620628.95,F5,SYNTHETIC_DEMO
1000,520200,CCX000301,CX001,2025,4,2641382.77,2689617.33,F5,SYNTHETIC_DEMO
1000,520200,CCX000301,CX001,2025,5,2920055.17,2955957.43,F5,SYNTHETIC_DEMO
1000,520200,CCX000301,CX001,2025,6,3017766.86,3002989.95,F5,SYNTHETIC_DEMO
1000,520200,CCX000301,CX001,2025,7,2697083.03,2694255.93,F5,SYNTHETIC_DEMO
1000,520200,CCX000301,CX001,2025,8,2638704.52,2737026.56,F5,SYNTHETIC_DEMO
1000,520200,CCX000301,CX001,2025,9,2784050.88,2859779.95,F5,SYNTHETIC_DEMO
1000,520200,CCX000301,CX001,2025,10,2657832.35,2769176.1,F5,SYNTHETIC_DEMO
1000,520200,CCX000301,CX001,2025,11,2997209.6,3031493.78,F5,SYNTHETIC_DEMO
1000,520200,CCX000301,CX001,2025,12,2749628.68,2842774.58,F5,SYNTHETIC_DEMO
1000,530100,CCX000201,CX001,2025,1,11399651.3,11896406.83,F5,SYNTHETIC_DEMO
1000,530100,CCX000201,CX001,2025,2,11426191.7,11084523.75,F5,SYNTHETIC_DEMO
1000,530100,CCX000201,CX001,2025,3,10244102.88,10726603.02,F5,SYNTHETIC_DEMO
1000,530100,CCX000201,CX001,2025,4,11361134.01,11311868.97,F5,SYNTHETIC_DEMO
1000,530100,CCX000201,CX001,2025,5,10588482.95,11079150.04,F5,SYNTHETIC_DEMO
1000,530100,CCX000201,CX001,2025,6,11042094.17,11147929.66,F5,SYNTHETIC_DEMO
1000,530100,CCX000201,CX001,2025,7,10492581.91,10312016.83,F5,SYNTHETIC_DEMO
1000,530100,CCX000201,CX001,2025,8,11208132.48,11672085.59,F5,SYNTHETIC_DEMO
1000,530100,CCX000201,CX001,2025,9,11034093.23,11421304.67,F5,SYNTHETIC_DEMO
1000,530100,CCX000201,CX001,2025,10,11477534.7,11762672.59,F5,SYNTHETIC_DEMO
1000,530100,CCX000201,CX001,2025,11,10717174.82,10581917.16,F5,SYNTHETIC_DEMO
1000,530100,CCX000201,CX001,2025,12,10723331.05,11094553.8,F5,SYNTHETIC_DEMO
1000,540100,CCX000301,CX001,2025,1,10333994.06,10050630.26,F5,SYNTHETIC_DEMO
1000,540100,CCX000301,CX001,2025,2,10743292.45,10539600.56,F5,SYNTHETIC_DEMO
1000,540100,CCX000301,CX001,2025,3,9534516.62,9648740.49,F5,SYNTHETIC_DEMO
1000,540100,CCX000301,CX001,2025,4,9732569.48,9774852.03,F5,SYNTHETIC_DEMO
1000,540100,CCX000301,CX001,2025,5,10280344.85,9994634.47,F5,SYNTHETIC_DEMO
1000,540100,CCX000301,CX001,2025,6,9444291.0,9550446.43,F5,SYNTHETIC_DEMO
1000,540100,CCX000301,CX001,2025,7,9485906.89,9538441.93,F5,SYNTHETIC_DEMO
1000,540100,CCX000301,CX001,2025,8,10503611.69,10868439.04,F5,SYNTHETIC_DEMO
1000,540100,CCX000301,CX001,2025,9,9307684.5,9467210.03,F5,SYNTHETIC_DEMO
1000,540100,CCX000301,CX001,2025,10,9590637.45,9869314.87,F5,SYNTHETIC_DEMO
1000,540100,CCX000301,CX001,2025,11,9751186.63,9815000.06,F5,SYNTHETIC_DEMO
1000,540100,CCX000301,CX001,2025,12,10609550.29,10568797.5,F5,SYNTHETIC_DEMO
1000,150100,CCX000301,CX001,2025,1,13720746.53,13570483.71,F5,SYNTHETIC_DEMO
1000,150100,CCX000301,CX001,2025,2,14038207.77,14717796.16,F5,SYNTHETIC_DEMO
1000,150100,CCX000301,CX001,2025,3,13515175.74,14150135.37,F5,SYNTHETIC_DEMO
1000,150100,CCX000301,CX001,2025,4,14250583.27,14062249.35,F5,SYNTHETIC_DEMO
1000,150100,CCX000301,CX001,2025,5,14310210.28,14284842.61,F5,SYNTHETIC_DEMO
1000,150100,CCX000301,CX001,2025,6,15750713.11,16532480.8,F5,SYNTHETIC_DEMO
1000,150100,CCX000301,CX001,2025,7,14835905.9,15516493.23,F5,SYNTHETIC_DEMO
1000,150100,CCX000301,CX001,2025,8,15305426.06,15215088.03,F5,SYNTHETIC_DEMO
1000,150100,CCX000301,CX001,2025,9,13627023.52,13770989.48,F5,SYNTHETIC_DEMO
1000,150100,CCX000301,CX001,2025,10,14146862.42,14388927.25,F5,SYNTHETIC_DEMO
1000,150100,CCX000301,CX001,2025,11,14037316.68,14633488.46,F5,SYNTHETIC_DEMO
1000,150100,CCX000301,CX001,2025,12,13971323.01,13928879.59,F5,SYNTHETIC_DEMO
1000,150200,CCX000301,CX001,2025,1,9790901.89,10121298.35,F5,SYNTHETIC_DEMO
1000,150200,CCX000301,CX001,2025,2,10207374.89,9991509.48,F5,SYNTHETIC_DEMO
1000,150200,CCX000301,CX001,2025,3,10224462.78,10407061.89,F5,SYNTHETIC_DEMO
1000,150200,CCX000301,CX001,2025,4,10559666.48,10329157.97,F5,SYNTHETIC_DEMO
1000,150200,CCX000301,CX001,2025,5,10451841.74,10458138.96,F5,SYNTHETIC_DEMO
1000,150200,CCX000301,CX001,2025,6,10844496.46,10810335.75,F5,SYNTHETIC_DEMO
1000,150200,CCX000301,CX001,2025,7,10801651.96,11137914.47,F5,SYNTHETIC_DEMO
1000,150200,CCX000301,CX001,2025,8,9876883.13,9844274.25,F5,SYNTHETIC_DEMO
1000,150200,CCX000301,CX001,2025,9,10830703.57,10753072.44,F5,SYNTHETIC_DEMO
1000,150200,CCX000301,CX001,2025,10,10303591.91,10379405.36,F5,SYNTHETIC_DEMO
1000,150200,CCX000301,CX001,2025,11,10160545.54,10246726.9,F5,SYNTHETIC_DEMO
1000,150200,CCX000301,CX001,2025,12,10401794.4,10766211.51,F5,SYNTHETIC_DEMO
1000,150300,CCX000201,CX001,2025,1,16245702.91,16413666.24,F5,SYNTHETIC_DEMO
1000,150300,CCX000201,CX001,2025,2,16370841.53,16867665.9,F5,SYNTHETIC_DEMO
1000,150300,CCX000201,CX001,2025,3,16287004.91,17058062.23,F5,SYNTHETIC_DEMO
1000,150300,CCX000201,CX001,2025,4,18466594.56,18212685.59,F5,SYNTHETIC_DEMO
1000,150300,CCX000201,CX001,2025,5,17627083.72,17203087.73,F5,SYNTHETIC_DEMO
1000,150300,CCX000201,CX001,2025,6,16990829.16,16652693.61,F5,SYNTHETIC_DEMO
1000,150300,CCX000201,CX001,2025,7,17870193.34,18437026.69,F5,SYNTHETIC_DEMO
1000,150300,CCX000201,CX001,2025,8,18098987.35,17773841.75,F5,SYNTHETIC_DEMO
1000,150300,CCX000201,CX001,2025,9,15956493.62,15521376.34,F5,SYNTHETIC_DEMO
1000,150300,CCX000201,CX001,2025,10,17915553.24,17975560.0,F5,SYNTHETIC_DEMO
1000,150300,CCX000201,CX001,2025,11,18567237.88,19161787.78,F5,SYNTHETIC_DEMO
1000,150300,CCX000201,CX001,2025,12,18389718.28,18785971.36,F5,SYNTHETIC_DEMO
1000,500100,CCX000201,CX001,2025,1,11539185.19,11716034.66,F5,SYNTHETIC_DEMO
1000,500100,CCX000201,CX001,2025,2,10529081.63,10253171.22,F5,SYNTHETIC_DEMO
1000,500100,CCX000201,CX001,2025,3,11279457.97,11454425.47,F5,SYNTHETIC_DEMO
1000,500100,CCX000201,CX001,2025,4,13438486.65,13556086.6,F5,SYNTHETIC_DEMO
1000,500100,CCX000201,CX001,2025,5,14092673.7,14206689.49,F5,SYNTHETIC_DEMO
1000,500100,CCX000201,CX001,2025,6,11126119.19,10859523.28,F5,SYNTHETIC_DEMO
1000,500100,CCX000201,CX001,2025,7,12211165.22,12074311.09,F5,SYNTHETIC_DEMO
1000,500100,CCX000201,CX001,2025,8,10963016.93,11492118.29,F5,SYNTHETIC_DEMO
1000,500100,CCX000201,CX001,2025,9,10436522.2,10153130.88,F5,SYNTHETIC_DEMO
1000,500100,CCX000201,CX001,2025,10,11538745.68,11468784.2,F5,SYNTHETIC_DEMO
1000,500100,CCX000201,CX001,2025,11,10457125.96,10782561.09,F5,SYNTHETIC_DEMO
1000,500100,CCX000201,CX001,2025,12,10963405.23,10805495.0,F5,SYNTHETIC_DEMO
1000,500200,CCX000301,CX001,2025,1,3313180.72,3228084.99,F5,SYNTHETIC_DEMO
1000,500200,CCX000301,CX001,2025,2,2991942.64,2932209.29,F5,SYNTHETIC_DEMO
1000,500200,CCX000301,CX001,2025,3,3108166.39,3200424.12,F5,SYNTHETIC_DEMO
1000,500200,CCX000301,CX001,2025,4,4012423.69,4066826.69,F5,SYNTHETIC_DEMO
1000,500200,CCX000301,CX001,2025,5,3704929.26,3841765.08,F5,SYNTHETIC_DEMO
1000,500200,CCX000301,CX001,2025,6,3279112.73,3332155.55,F5,SYNTHETIC_DEMO
1000,500200,CCX000301,CX001,2025,7,3314680.55,3362547.76,F5,SYNTHETIC_DEMO
1000,500200,CCX000301,CX001,2025,8,3219606.19,3316605.01,F5,SYNTHETIC_DEMO
1000,500200,CCX000301,CX001,2025,9,3239747.6,3364241.77,F5,SYNTHETIC_DEMO
1000,500200,CCX000301,CX001,2025,10,3271434.38,3203417.68,F5,SYNTHETIC_DEMO
1000,500200,CCX000301,CX001,2025,11,3418293.73,3324799.68,F5,SYNTHETIC_DEMO
1000,500200,CCX000301,CX001,2025,12,3349960.85,3433603.69,F5,SYNTHETIC_DEMO
1000,500300,CCX000301,CX001,2025,1,14215683.67,13842308.9,F5,SYNTHETIC_DEMO
1000,500300,CCX000301,CX001,2025,2,14609962.33,14850393.43,F5,SYNTHETIC_DEMO
1000,500300,CCX000301,CX001,2025,3,13580252.48,13888137.81,F5,SYNTHETIC_DEMO
1000,500300,CCX000301,CX001,2025,4,17460106.25,17281222.63,F5,SYNTHETIC_DEMO
1000,500300,CCX000301,CX001,2025,5,17530556.12,17996349.72,F5,SYNTHETIC_DEMO
1000,500300,CCX000301,CX001,2025,6,14270525.59,14566732.68,F5,SYNTHETIC_DEMO
1000,500300,CCX000301,CX001,2025,7,13777728.82,13829275.77,F5,SYNTHETIC_DEMO
1000,500300,CCX000301,CX001,2025,8,13255532.08,13184559.49,F5,SYNTHETIC_DEMO
1000,500300,CCX000301,CX001,2025,9,14783005.35,15407963.57,F5,SYNTHETIC_DEMO
1000,500300,CCX000301,CX001,2025,10,14860693.65,15316109.64,F5,SYNTHETIC_DEMO
1000,500300,CCX000301,CX001,2025,11,14625397.29,14972564.44,F5,SYNTHETIC_DEMO
1000,500300,CCX000301,CX001,2025,12,14978322.09,15229493.09,F5,SYNTHETIC_DEMO
1000,510100,CCX000101,CX001,2025,1,3514835.78,3611951.06,F5,SYNTHETIC_DEMO
1000,510100,CCX000101,CX001,2025,2,3708108.66,3836314.57,F5,SYNTHETIC_DEMO
1000,510100,CCX000101,CX001,2025,3,3836442.51,3829443.21,F5,SYNTHETIC_DEMO
1000,510100,CCX000101,CX001,2025,4,3649937.06,3616553.36,F5,SYNTHETIC_DEMO
1000,510100,CCX000101,CX001,2025,5,3815192.97,3902317.45,F5,SYNTHETIC_DEMO
1000,510100,CCX000101,CX001,2025,6,3398251.58,3370671.57,F5,SYNTHETIC_DEMO
1000,510100,CCX000101,CX001,2025,7,3488278.82,3585109.9,F5,SYNTHETIC_DEMO
1000,510100,CCX000101,CX001,2025,8,3906372.95,4086422.79,F5,SYNTHETIC_DEMO
1000,510100,CCX000101,CX001,2025,9,3698907.84,3701597.06,F5,SYNTHETIC_DEMO
1000,510100,CCX000101,CX001,2025,10,3950054.6,3957677.45,F5,SYNTHETIC_DEMO
1000,510100,CCX000101,CX001,2025,11,3658701.66,3593691.33,F5,SYNTHETIC_DEMO
1000,510100,CCX000101,CX001,2025,12,3471093.94,3574673.65,F5,SYNTHETIC_DEMO
1000,520100,CCX000101,CX001,2025,1,11274174.31,11559923.09,F5,SYNTHETIC_DEMO
1000,520100,CCX000101,CX001,2025,2,12766914.52,12502244.59,F5,SYNTHETIC_DEMO
1000,520100,CCX000101,CX001,2025,3,12649032.51,13026237.55,F5,SYNTHETIC_DEMO
1000,520100,CCX000101,CX001,2025,4,12925417.15,13552256.83,F5,SYNTHETIC_DEMO
1000,520100,CCX000101,CX001,2025,5,12383017.48,12204975.82,F5,SYNTHETIC_DEMO
1000,520100,CCX000101,CX001,2025,6,12152984.94,12330767.75,F5,SYNTHETIC_DEMO
1000,520100,CCX000101,CX001,2025,7,11846222.91,11972427.25,F5,SYNTHETIC_DEMO
1000,520100,CCX000101,CX001,2025,8,12434617.48,12159424.06,F5,SYNTHETIC_DEMO
1000,520100,CCX000101,CX001,2025,9,11547270.35,11671272.29,F5,SYNTHETIC_DEMO
1000,520100,CCX000101,CX001,2025,10,11351705.06,11470439.75,F5,SYNTHETIC_DEMO
1000,520100,CCX000101,CX001,2025,11,12215812.96,12205521.8,F5,SYNTHETIC_DEMO
1000,520100,CCX000101,CX001,2025,12,11268317.47,11031753.45,F5,SYNTHETIC_DEMO
1000,520200,CCX000302,CX002,2025,1,17974122.24,18097678.18,F5,SYNTHETIC_DEMO
1000,520200,CCX000302,CX002,2025,2,18157844.5,18076020.75,F5,SYNTHETIC_DEMO
1000,520200,CCX000302,CX002,2025,3,17702176.38,17685084.09,F5,SYNTHETIC_DEMO
1000,520200,CCX000302,CX002,2025,4,19175359.79,19974491.23,F5,SYNTHETIC_DEMO
1000,520200,CCX000302,CX002,2025,5,19312213.24,19929061.35,F5,SYNTHETIC_DEMO
1000,520200,CCX000302,CX002,2025,6,17422477.94,18054226.66,F5,SYNTHETIC_DEMO
1000,520200,CCX000302,CX002,2025,7,19878652.29,19876673.59,F5,SYNTHETIC_DEMO
1000,520200,CCX000302,CX002,2025,8,18983380.05,18633903.35,F5,SYNTHETIC_DEMO
1000,520200,CCX000302,CX002,2025,9,18988388.34,18564698.35,F5,SYNTHETIC_DEMO
1000,520200,CCX000302,CX002,2025,10,17153088.76,17963051.78,F5,SYNTHETIC_DEMO
1000,520200,CCX000302,CX002,2025,11,17949061.99,17498349.7,F5,SYNTHETIC_DEMO
1000,520200,CCX000302,CX002,2025,12,19281824.86,19243074.64,F5,SYNTHETIC_DEMO
1000,530100,CCX000301,CX001,2025,1,19471548.01,19271495.83,F5,SYNTHETIC_DEMO
1000,530100,CCX000301,CX001,2025,2,17333132.68,17421709.72,F5,SYNTHETIC_DEMO
1000,530100,CCX000301,CX001,2025,3,17897305.65,18244038.51,F5,SYNTHETIC_DEMO
1000,530100,CCX000301,CX001,2025,4,17670013.11,18462859.07,F5,SYNTHETIC_DEMO
1000,530100,CCX000301,CX001,2025,5,18971830.21,19238081.7,F5,SYNTHETIC_DEMO
1000,530100,CCX000301,CX001,2025,6,19509882.0,20261367.97,F5,SYNTHETIC_DEMO
1000,530100,CCX000301,CX001,2025,7,16847831.27,17109539.41,F5,SYNTHETIC_DEMO
1000,530100,CCX000301,CX001,2025,8,17538668.87,18356117.61,F5,SYNTHETIC_DEMO
1000,530100,CCX000301,CX001,2025,9,19113430.41,18977669.58,F5,SYNTHETIC_DEMO
1000,530100,CCX000301,CX001,2025,10,18377617.34,19031352.32,F5,SYNTHETIC_DEMO
1000,530100,CCX000301,CX001,2025,11,17488884.27,17292696.93,F5,SYNTHETIC_DEMO
1000,530100,CCX000301,CX001,2025,12,19113054.73,19426240.29,F5,SYNTHETIC_DEMO
1000,540100,CCX000302,CX002,2025,1,19880405.61,20129820.51,F5,SYNTHETIC_DEMO
1000,540100,CCX000302,CX002,2025,2,20335684.7,20654175.75,F5,SYNTHETIC_DEMO
1000,540100,CCX000302,CX002,2025,3,19042792.35,19485570.67,F5,SYNTHETIC_DEMO
1000,540100,CCX000302,CX002,2025,4,17579861.64,17339612.64,F5,SYNTHETIC_DEMO
1000,540100,CCX000302,CX002,2025,5,17593702.53,17944647.92,F5,SYNTHETIC_DEMO
1000,540100,CCX000302,CX002,2025,6,20292375.95,20193685.85,F5,SYNTHETIC_DEMO
1000,540100,CCX000302,CX002,2025,7,18244123.04,17872212.65,F5,SYNTHETIC_DEMO
1000,540100,CCX000302,CX002,2025,8,19236618.24,19400451.93,F5,SYNTHETIC_DEMO
1000,540100,CCX000302,CX002,2025,9,18620093.96,19203618.37,F5,SYNTHETIC_DEMO
1000,540100,CCX000302,CX002,2025,10,18995599.88,19505100.81,F5,SYNTHETIC_DEMO
1000,540100,CCX000302,CX002,2025,11,18426446.4,19070146.18,F5,SYNTHETIC_DEMO
1000,540100,CCX000302,CX002,2025,12,18564889.32,18622537.71,F5,SYNTHETIC_DEMO
1000,150100,CCX000201,CX001,2025,1,13489325.04,14100988.2,F5,SYNTHETIC_DEMO
1000,150100,CCX000201,CX001,2025,2,14654063.82,14982547.1,F5,SYNTHETIC_DEMO
1000,150100,CCX000201,CX001,2025,3,14465537.2,15119461.64,F5,SYNTHETIC_DEMO
1000,150100,CCX000201,CX001,2025,4,15218138.53,15794338.98,F5,SYNTHETIC_DEMO
1000,150100,CCX000201,CX001,2025,5,14364432.78,14606188.7,F5,SYNTHETIC_DEMO
1000,150100,CCX000201,CX001,2025,6,14369824.65,14963741.49,F5,SYNTHETIC_DEMO
1000,150100,CCX000201,CX001,2025,7,13893478.31,13481669.71,F5,SYNTHETIC_DEMO
1000,150100,CCX000201,CX001,2025,8,13861120.89,14157852.79,F5,SYNTHETIC_DEMO
1000,150100,CCX000201,CX001,2025,9,14272681.2,14706299.69,F5,SYNTHETIC_DEMO
1000,150100,CCX000201,CX001,2025,10,14020872.82,14137865.7,F5,SYNTHETIC_DEMO
1000,150100,CCX000201,CX001,2025,11,13725217.21,13931299.41,F5,SYNTHETIC_DEMO
1000,150100,CCX000201,CX001,2025,12,15347753.9,15119705.37,F5,SYNTHETIC_DEMO
1000,150200,CCX000302,CX002,2025,1,11704632.51,11917929.53,F5,SYNTHETIC_DEMO
1000,150200,CCX000302,CX002,2025,2,12160030.79,12552453.38,F5,SYNTHETIC_DEMO
1000,150200,CCX000302,CX002,2025,3,12299485.99,12197251.53,F5,SYNTHETIC_DEMO
1000,150200,CCX000302,CX002,2025,4,12374618.24,12242518.91,F5,SYNTHETIC_DEMO
1000,150200,CCX000302,CX002,2025,5,12273225.65,12626630.64,F5,SYNTHETIC_DEMO
1000,150200,CCX000302,CX002,2025,6,11583604.71,11383120.7,F5,SYNTHETIC_DEMO
1000,150200,CCX000302,CX002,2025,7,11709003.38,11363110.23,F5,SYNTHETIC_DEMO
1000,150200,CCX000302,CX002,2025,8,12278733.24,11938253.13,F5,SYNTHETIC_DEMO
1000,150200,CCX000302,CX002,2025,9,12877218.02,12963941.17,F5,SYNTHETIC_DEMO
1000,150200,CCX000302,CX002,2025,10,11316947.7,11145386.74,F5,SYNTHETIC_DEMO
1000,150200,CCX000302,CX002,2025,11,11848779.34,12181164.4,F5,SYNTHETIC_DEMO
1000,150200,CCX000302,CX002,2025,12,11281019.98,10943839.9,F5,SYNTHETIC_DEMO
1000,150300,CCX000301,CX001,2025,1,3377602.5,3355476.19,F5,SYNTHETIC_DEMO
1000,150300,CCX000301,CX001,2025,2,3330235.31,3392153.65,F5,SYNTHETIC_DEMO
1000,150300,CCX000301,CX001,2025,3,3725074.66,3626987.67,F5,SYNTHETIC_DEMO
1000,150300,CCX000301,CX001,2025,4,3541747.68,3560188.82,F5,SYNTHETIC_DEMO
1000,150300,CCX000301,CX001,2025,5,3725893.69,3881018.87,F5,SYNTHETIC_DEMO
1000,150300,CCX000301,CX001,2025,6,3523432.71,3615184.59,F5,SYNTHETIC_DEMO
1000,150300,CCX000301,CX001,2025,7,3259047.5,3242788.14,F5,SYNTHETIC_DEMO
1000,150300,CCX000301,CX001,2025,8,3191305.64,3341239.09,F5,SYNTHETIC_DEMO
1000,150300,CCX000301,CX001,2025,9,3575525.46,3596873.41,F5,SYNTHETIC_DEMO
1000,150300,CCX000301,CX001,2025,10,3557921.24,3537538.56,F5,SYNTHETIC_DEMO
1000,150300,CCX000301,CX001,2025,11,3222093.64,3131802.09,F5,SYNTHETIC_DEMO
1000,150300,CCX000301,CX001,2025,12,3389532.76,3351193.79,F5,SYNTHETIC_DEMO
1000,500100,CCX000102,CX002,2025,1,13253034.56,13847493.88,F5,SYNTHETIC_DEMO
1000,500100,CCX000102,CX002,2025,2,13152096.33,13217925.67,F5,SYNTHETIC_DEMO
1000,500100,CCX000102,CX002,2025,3,14099460.94,14529821.76,F5,SYNTHETIC_DEMO
1000,500100,CCX000102,CX002,2025,4,15184067.87,15117773.93,F5,SYNTHETIC_DEMO
1000,500100,CCX000102,CX002,2025,5,16659328.57,17343466.37,F5,SYNTHETIC_DEMO
1000,500100,CCX000102,CX002,2025,6,13501661.31,13807699.05,F5,SYNTHETIC_DEMO
1000,500100,CCX000102,CX002,2025,7,13658056.26,14271752.66,F5,SYNTHETIC_DEMO
1000,500100,CCX000102,CX002,2025,8,13406425.33,13341617.36,F5,SYNTHETIC_DEMO
1000,500100,CCX000102,CX002,2025,9,14010687.06,13803152.2,F5,SYNTHETIC_DEMO
1000,500100,CCX000102,CX002,2025,10,12425238.35,12472353.34,F5,SYNTHETIC_DEMO
1000,500100,CCX000102,CX002,2025,11,12772503.94,12451351.79,F5,SYNTHETIC_DEMO
1000,500100,CCX000102,CX002,2025,12,12869563.7,13298898.65,F5,SYNTHETIC_DEMO
1000,500200,CCX000302,CX002,2025,1,19018518.0,18821337.96,F5,SYNTHETIC_DEMO
1000,500200,CCX000302,CX002,2025,2,18354817.7,18376578.84,F5,SYNTHETIC_DEMO
1000,500200,CCX000302,CX002,2025,3,17475223.18,17224809.09,F5,SYNTHETIC_DEMO
1000,500200,CCX000302,CX002,2025,4,23488275.57,23764919.88,F5,SYNTHETIC_DEMO
1000,500200,CCX000302,CX002,2025,5,23035874.02,23437162.9,F5,SYNTHETIC_DEMO
1000,500200,CCX000302,CX002,2025,6,17005463.04,17144398.18,F5,SYNTHETIC_DEMO
1000,500200,CCX000302,CX002,2025,7,17969619.49,17982763.28,F5,SYNTHETIC_DEMO
1000,500200,CCX000302,CX002,2025,8,18414974.21,18673477.74,F5,SYNTHETIC_DEMO
1000,500200,CCX000302,CX002,2025,9,19849832.67,19855974.94,F5,SYNTHETIC_DEMO
1000,500200,CCX000302,CX002,2025,10,17628426.26,17580451.48,F5,SYNTHETIC_DEMO
1000,500200,CCX000302,CX002,2025,11,17301922.11,17358086.26,F5,SYNTHETIC_DEMO
1000,500200,CCX000302,CX002,2025,12,18945489.52,19638100.52,F5,SYNTHETIC_DEMO
1000,500300,CCX000101,CX001,2025,1,2518314.29,2451617.39,F5,SYNTHETIC_DEMO
1000,500300,CCX000101,CX001,2025,2,2701906.41,2733469.12,F5,SYNTHETIC_DEMO
1000,500300,CCX000101,CX001,2025,3,2729492.64,2825916.33,F5,SYNTHETIC_DEMO
1000,500300,CCX000101,CX001,2025,4,3416358.96,3440419.42,F5,SYNTHETIC_DEMO
1000,500300,CCX000101,CX001,2025,5,3160054.74,3217201.08,F5,SYNTHETIC_DEMO
1000,500300,CCX000101,CX001,2025,6,2624772.73,2690038.31,F5,SYNTHETIC_DEMO
1000,500300,CCX000101,CX001,2025,7,2718871.37,2641967.57,F5,SYNTHETIC_DEMO
1000,500300,CCX000101,CX001,2025,8,2570805.58,2574521.91,F5,SYNTHETIC_DEMO
1000,500300,CCX000101,CX001,2025,9,2780880.89,2865840.25,F5,SYNTHETIC_DEMO
1000,500300,CCX000101,CX001,2025,10,2758120.62,2748692.57,F5,SYNTHETIC_DEMO
1000,500300,CCX000101,CX001,2025,11,2534259.21,2496552.16,F5,SYNTHETIC_DEMO
1000,500300,CCX000101,CX001,2025,12,2563408.47,2664013.96,F5,SYNTHETIC_DEMO
1000,510100,CCX000201,CX001,2025,1,16187789.26,15807539.19,F5,SYNTHETIC_DEMO
1000,510100,CCX000201,CX001,2025,2,16414532.91,16045877.75,F5,SYNTHETIC_DEMO
1000,510100,CCX000201,CX001,2025,3,15475401.25,15175108.38,F5,SYNTHETIC_DEMO
1000,510100,CCX000201,CX001,2025,4,15245413.23,15671602.33,F5,SYNTHETIC_DEMO
1000,510100,CCX000201,CX001,2025,5,15396495.45,15736375.07,F5,SYNTHETIC_DEMO
1000,510100,CCX000201,CX001,2025,6,14634258.42,14672031.25,F5,SYNTHETIC_DEMO
1000,510100,CCX000201,CX001,2025,7,15346575.0,15280899.2,F5,SYNTHETIC_DEMO
1000,510100,CCX000201,CX001,2025,8,16694035.43,16722238.75,F5,SYNTHETIC_DEMO
1000,510100,CCX000201,CX001,2025,9,16425708.55,15949252.97,F5,SYNTHETIC_DEMO
1000,510100,CCX000201,CX001,2025,10,15433000.36,15578421.04,F5,SYNTHETIC_DEMO
1000,510100,CCX000201,CX001,2025,11,16337799.72,16663324.16,F5,SYNTHETIC_DEMO
1000,510100,CCX000201,CX001,2025,12,15575671.26,16052692.63,F5,SYNTHETIC_DEMO
1000,520100,CCX000302,CX002,2025,1,15665779.19,15575656.51,F5,SYNTHETIC_DEMO
1000,520100,CCX000302,CX002,2025,2,14858372.4,14809875.93,F5,SYNTHETIC_DEMO
1000,520100,CCX000302,CX002,2025,3,16592425.4,16972211.62,F5,SYNTHETIC_DEMO
1000,520100,CCX000302,CX002,2025,4,14936018.91,14967742.66,F5,SYNTHETIC_DEMO
1000,520100,CCX000302,CX002,2025,5,14952953.85,14896483.8,F5,SYNTHETIC_DEMO
1000,520100,CCX000302,CX002,2025,6,16545303.11,17260309.69,F5,SYNTHETIC_DEMO
1000,520100,CCX000302,CX002,2025,7,14731250.02,14293377.81,F5,SYNTHETIC_DEMO
1000,520100,CCX000302,CX002,2025,8,16101765.02,15776035.74,F5,SYNTHETIC_DEMO
1000,520100,CCX000302,CX002,2025,9,15573130.35,15191213.24,F5,SYNTHETIC_DEMO
1000,520100,CCX000302,CX002,2025,10,15365747.34,15804612.69,F5,SYNTHETIC_DEMO
1000,520100,CCX000302,CX002,2025,11,15407833.54,15963525.21,F5,SYNTHETIC_DEMO
1000,520100,CCX000302,CX002,2025,12,15997074.3,15691464.13,F5,SYNTHETIC_DEMO
1000,520200,CCX000303,CX003,2025,1,18524011.6,18145285.23,F5,SYNTHETIC_DEMO
1000,520200,CCX000303,CX003,2025,2,18573111.11,18705752.08,F5,SYNTHETIC_DEMO
1000,520200,CCX000303,CX003,2025,3,17703910.69,17450266.32,F5,SYNTHETIC_DEMO
1000,520200,CCX000303,CX003,2025,4,19213267.34,19744224.65,F5,SYNTHETIC_DEMO
1000,520200,CCX000303,CX003,2025,5,19504790.56,19407386.79,F5,SYNTHETIC_DEMO
1000,520200,CCX000303,CX003,2025,6,17282556.14,17960404.05,F5,SYNTHETIC_DEMO
1000,520200,CCX000303,CX003,2025,7,18927710.88,19359977.36,F5,SYNTHETIC_DEMO
1000,520200,CCX000303,CX003,2025,8,19992364.49,19599148.03,F5,SYNTHETIC_DEMO
1000,520200,CCX000303,CX003,2025,9,18634925.48,19011394.86,F5,SYNTHETIC_DEMO
1000,520200,CCX000303,CX003,2025,10,19490615.75,19328003.54,F5,SYNTHETIC_DEMO
1000,520200,CCX000303,CX003,2025,11,17924846.99,18236121.03,F5,SYNTHETIC_DEMO
1000,520200,CCX000303,CX003,2025,12,18423314.05,19268959.49,F5,SYNTHETIC_DEMO
1000,530100,CCX000302,CX002,2025,1,9719793.57,10112458.86,F5,SYNTHETIC_DEMO
1000,530100,CCX000302,CX002,2025,2,10835449.22,10748476.04,F5,SYNTHETIC_DEMO
1000,530100,CCX000302,CX002,2025,3,10698577.31,10468926.48,F5,SYNTHETIC_DEMO
1000,530100,CCX000302,CX002,2025,4,10239088.02,10185966.55,F5,SYNTHETIC_DEMO
1000,530100,CCX000302,CX002,2025,5,9829910.19,10049928.87,F5,SYNTHETIC_DEMO
1000,530100,CCX000302,CX002,2025,6,10966941.32,11460642.29,F5,SYNTHETIC_DEMO
1000,530100,CCX000302,CX002,2025,7,10044839.7,9794643.66,F5,SYNTHETIC_DEMO
1000,530100,CCX000302,CX002,2025,8,10077234.02,10172501.94,F5,SYNTHETIC_DEMO
1000,530100,CCX000302,CX002,2025,9,9706601.81,9936475.8,F5,SYNTHETIC_DEMO
1000,530100,CCX000302,CX002,2025,10,10530401.88,10216622.01,F5,SYNTHETIC_DEMO
1000,530100,CCX000302,CX002,2025,11,11045752.12,11591950.17,F5,SYNTHETIC_DEMO
1000,530100,CCX000302,CX002,2025,12,9753664.24,9676370.06,F5,SYNTHETIC_DEMO
1000,540100,CCX000101,CX001,2025,1,3828832.49,3727834.17,F5,SYNTHETIC_DEMO
1000,540100,CCX000101,CX001,2025,2,4090209.14,4148770.52,F5,SYNTHETIC_DEMO
1000,540100,CCX000101,CX001,2025,3,3802197.09,3799931.23,F5,SYNTHETIC_DEMO
1000,540100,CCX000101,CX001,2025,4,4168432.23,4169870.58,F5,SYNTHETIC_DEMO
1000,540100,CCX000101,CX001,2025,5,4055059.32,3987700.76,F5,SYNTHETIC_DEMO
1000,540100,CCX000101,CX001,2025,6,3761869.56,3930952.86,F5,SYNTHETIC_DEMO
1000,540100,CCX000101,CX001,2025,7,4171039.53,4368108.98,F5,SYNTHETIC_DEMO
1000,540100,CCX000101,CX001,2025,8,3916968.86,3965185.63,F5,SYNTHETIC_DEMO
1000,540100,CCX000101,CX001,2025,9,4157630.81,4211065.4,F5,SYNTHETIC_DEMO
1000,540100,CCX000101,CX001,2025,10,4306923.99,4180877.28,F5,SYNTHETIC_DEMO
1000,540100,CCX000101,CX001,2025,11,3990007.83,4124999.81,F5,SYNTHETIC_DEMO
1000,540100,CCX000101,CX001,2025,12,4012069.96,4117670.81,F5,SYNTHETIC_DEMO
1000,150100,CCX000302,CX002,2025,1,11233842.15,11600056.12,F5,SYNTHETIC_DEMO
1000,150100,CCX000302,CX002,2025,2,12937616.26,12749374.42,F5,SYNTHETIC_DEMO
1000,150100,CCX000302,CX002,2025,3,11460011.34,11766195.93,F5,SYNTHETIC_DEMO
1000,150100,CCX000302,CX002,2025,4,12904187.72,13011220.17,F5,SYNTHETIC_DEMO
1000,150100,CCX000302,CX002,2025,5,11971460.27,11665844.09,F5,SYNTHETIC_DEMO
1000,150100,CCX000302,CX002,2025,6,12045309.87,11939837.77,F5,SYNTHETIC_DEMO
1000,150100,CCX000302,CX002,2025,7,12686887.57,13017381.05,F5,SYNTHETIC_DEMO
1000,150100,CCX000302,CX002,2025,8,12549725.31,12342696.44,F5,SYNTHETIC_DEMO
1000,150100,CCX000302,CX002,2025,9,11329693.9,11520810.87,F5,SYNTHETIC_DEMO
1000,150100,CCX000302,CX002,2025,10,12271235.53,12151751.41,F5,SYNTHETIC_DEMO
1000,150100,CCX000302,CX002,2025,11,12759981.33,13382600.69,F5,SYNTHETIC_DEMO
1000,150100,CCX000302,CX002,2025,12,12369423.7,12645920.11,F5,SYNTHETIC_DEMO
1000,150200,CCX000303,CX003,2025,1,3353048.3,3424282.97,F5,SYNTHETIC_DEMO
1000,150200,CCX000303,CX003,2025,2,3522683.58,3583016.44,F5,SYNTHETIC_DEMO
1000,150200,CCX000303,CX003,2025,3,3365952.13,3286235.29,F5,SYNTHETIC_DEMO
1000,150200,CCX000303,CX003,2025,4,3321371.14,3242015.29,F5,SYNTHETIC_DEMO
1000,150200,CCX000303,CX003,2025,5,3234910.56,3265487.21,F5,SYNTHETIC_DEMO
1000,150200,CCX000303,CX003,2025,6,3357199.53,3411741.18,F5,SYNTHETIC_DEMO
1000,150200,CCX000303,CX003,2025,7,3415518.12,3444443.93,F5,SYNTHETIC_DEMO
1000,150200,CCX000303,CX003,2025,8,3466909.22,3366265.67,F5,SYNTHETIC_DEMO
1000,150200,CCX000303,CX003,2025,9,3607806.01,3654473.64,F5,SYNTHETIC_DEMO
1000,150200,CCX000303,CX003,2025,10,3182124.76,3163930.71,F5,SYNTHETIC_DEMO
1000,150200,CCX000303,CX003,2025,11,3143683.4,3298312.99,F5,SYNTHETIC_DEMO
1000,150200,CCX000303,CX003,2025,12,3147518.26,3078208.97,F5,SYNTHETIC_DEMO
1000,150300,CCX000101,CX001,2025,1,14103205.22,14390540.91,F5,SYNTHETIC_DEMO
1000,150300,CCX000101,CX001,2025,2,12574804.16,12852835.34,F5,SYNTHETIC_DEMO
1000,150300,CCX000101,CX001,2025,3,12599336.42,13030869.18,F5,SYNTHETIC_DEMO
1000,150300,CCX000101,CX001,2025,4,13522427.77,13603601.14,F5,SYNTHETIC_DEMO
1000,150300,CCX000101,CX001,2025,5,13750692.28,13961778.67,F5,SYNTHETIC_DEMO
1000,150300,CCX000101,CX001,2025,6,13181453.61,13570492.02,F5,SYNTHETIC_DEMO
1000,150300,CCX000101,CX001,2025,7,13286038.85,13762202.52,F5,SYNTHETIC_DEMO
1000,150300,CCX000101,CX001,2025,8,13265063.7,13609256.97,F5,SYNTHETIC_DEMO
1000,150300,CCX000101,CX001,2025,9,13713568.1,13879873.93,F5,SYNTHETIC_DEMO
1000,150300,CCX000101,CX001,2025,10,13376225.62,13366943.33,F5,SYNTHETIC_DEMO
1000,150300,CCX000101,CX001,2025,11,12264929.18,11932230.14,F5,SYNTHETIC_DEMO
1000,150300,CCX000101,CX001,2025,12,12478203.91,12173441.78,F5,SYNTHETIC_DEMO
1000,500100,CCX000202,CX002,2025,1,9906615.67,9828115.59,F5,SYNTHETIC_DEMO
1000,500100,CCX000202,CX002,2025,2,9951918.52,9946388.87,F5,SYNTHETIC_DEMO
1000,500100,CCX000202,CX002,2025,3,10707801.05,11024355.61,F5,SYNTHETIC_DEMO
1000,500100,CCX000202,CX002,2025,4,11690784.18,11468800.67,F5,SYNTHETIC_DEMO
1000,500100,CCX000202,CX002,2025,5,11818245.45,12000268.28,F5,SYNTHETIC_DEMO
1000,500100,CCX000202,CX002,2025,6,10632281.26,10475030.44,F5,SYNTHETIC_DEMO
1000,500100,CCX000202,CX002,2025,7,10698462.15,10877616.27,F5,SYNTHETIC_DEMO
1000,500100,CCX000202,CX002,2025,8,10650534.47,10647102.76,F5,SYNTHETIC_DEMO
1000,500100,CCX000202,CX002,2025,9,9307909.74,9358829.17,F5,SYNTHETIC_DEMO
1000,500100,CCX000202,CX002,2025,10,10585880.25,10743328.05,F5,SYNTHETIC_DEMO
1000,500100,CCX000202,CX002,2025,11,10136187.45,10156438.31,F5,SYNTHETIC_DEMO
1000,500100,CCX000202,CX002,2025,12,9356383.39,9294850.47,F5,SYNTHETIC_DEMO
1000,500200,CCX000101,CX001,2025,1,16558278.11,17204314.85,F5,SYNTHETIC_DEMO
1000,500200,CCX000101,CX001,2025,2,16445926.77,16997988.93,F5,SYNTHETIC_DEMO
1000,500200,CCX000101,CX001,2025,3,17207639.91,17730846.09,F5,SYNTHETIC_DEMO
1000,500200,CCX000101,CX001,2025,4,19772656.9,20138491.79,F5,SYNTHETIC_DEMO
1000,500200,CCX000101,CX001,2025,5,19748642.85,19505950.3,F5,SYNTHETIC_DEMO
1000,500200,CCX000101,CX001,2025,6,16337040.23,16052605.66,F5,SYNTHETIC_DEMO
1000,500200,CCX000101,CX001,2025,7,16216078.23,16572946.76,F5,SYNTHETIC_DEMO
1000,500200,CCX000101,CX001,2025,8,15589589.58,15761048.57,F5,SYNTHETIC_DEMO
1000,500200,CCX000101,CX001,2025,9,15396864.79,15384548.37,F5,SYNTHETIC_DEMO
1000,500200,CCX000101,CX001,2025,10,15170093.19,14718777.0,F5,SYNTHETIC_DEMO
1000,500200,CCX000101,CX001,2025,11,15481708.51,15788833.01,F5,SYNTHETIC_DEMO
1000,500200,CCX000101,CX001,2025,12,15605114.91,15514274.63,F5,SYNTHETIC_DEMO
1000,500300,CCX000102,CX002,2025,1,13403433.75,13694857.79,F5,SYNTHETIC_DEMO
1000,500300,CCX000102,CX002,2025,2,14654965.28,15253998.93,F5,SYNTHETIC_DEMO
1000,500300,CCX000102,CX002,2025,3,14561808.6,15159029.51,F5,SYNTHETIC_DEMO
1000,500300,CCX000102,CX002,2025,4,15444961.79,16104607.33,F5,SYNTHETIC_DEMO
1000,500300,CCX000102,CX002,2025,5,15921425.05,16434502.38,F5,SYNTHETIC_DEMO
1000,500300,CCX000102,CX002,2025,6,14282287.87,14926524.72,F5,SYNTHETIC_DEMO
1000,500300,CCX000102,CX002,2025,7,12689875.83,12758602.92,F5,SYNTHETIC_DEMO
1000,500300,CCX000102,CX002,2025,8,12972998.79,13053998.11,F5,SYNTHETIC_DEMO
1000,500300,CCX000102,CX002,2025,9,14589489.33,14169681.24,F5,SYNTHETIC_DEMO
1000,500300,CCX000102,CX002,2025,10,13351004.66,13490468.5,F5,SYNTHETIC_DEMO
1000,500300,CCX000102,CX002,2025,11,12870765.25,13459105.41,F5,SYNTHETIC_DEMO
1000,500300,CCX000102,CX002,2025,12,14302765.11,14042528.74,F5,SYNTHETIC_DEMO
1000,510100,CCX000302,CX002,2025,1,12601601.98,12665948.02,F5,SYNTHETIC_DEMO
1000,510100,CCX000302,CX002,2025,2,13410613.98,13447468.51,F5,SYNTHETIC_DEMO
1000,510100,CCX000302,CX002,2025,3,13636195.25,14275549.6,F5,SYNTHETIC_DEMO
1000,510100,CCX000302,CX002,2025,4,12986778.96,12849757.71,F5,SYNTHETIC_DEMO
1000,510100,CCX000302,CX002,2025,5,13189594.07,13846114.23,F5,SYNTHETIC_DEMO
1000,510100,CCX000302,CX002,2025,6,13030708.5,13020576.85,F5,SYNTHETIC_DEMO
1000,510100,CCX000302,CX002,2025,7,11851384.53,11962884.25,F5,SYNTHETIC_DEMO
1000,510100,CCX000302,CX002,2025,8,13544695.3,13521408.61,F5,SYNTHETIC_DEMO
1000,510100,CCX000302,CX002,2025,9,12165035.92,11949976.88,F5,SYNTHETIC_DEMO
1000,510100,CCX000302,CX002,2025,10,12199387.99,12294614.04,F5,SYNTHETIC_DEMO
1000,510100,CCX000302,CX002,2025,11,11814156.41,11857856.08,F5,SYNTHETIC_DEMO
1000,510100,CCX000302,CX002,2025,12,13163922.37,13055677.64,F5,SYNTHETIC_DEMO
1000,520100,CCX000201,CX001,2025,1,10329832.5,10650686.82,F5,SYNTHETIC_DEMO
1000,520100,CCX000201,CX001,2025,2,9151731.3,9331996.95,F5,SYNTHETIC_DEMO
1000,520100,CCX000201,CX001,2025,3,9751165.54,9668429.68,F5,SYNTHETIC_DEMO
1000,520100,CCX000201,CX001,2025,4,9707095.98,9746278.03,F5,SYNTHETIC_DEMO
1000,520100,CCX000201,CX001,2025,5,9199137.18,9199854.59,F5,SYNTHETIC_DEMO
1000,520100,CCX000201,CX001,2025,6,9863002.73,9797997.94,F5,SYNTHETIC_DEMO
1000,520100,CCX000201,CX001,2025,7,10702710.8,10781572.52,F5,SYNTHETIC_DEMO
1000,520100,CCX000201,CX001,2025,8,10081877.42,10410623.5,F5,SYNTHETIC_DEMO
1000,520100,CCX000201,CX001,2025,9,10134606.48,10098894.62,F5,SYNTHETIC_DEMO
1000,520100,CCX000201,CX001,2025,10,10050614.92,9952798.01,F5,SYNTHETIC_DEMO
1000,520100,CCX000201,CX001,2025,11,9544845.97,9415157.28,F5,SYNTHETIC_DEMO
1000,520100,CCX000201,CX001,2025,12,10378866.51,10853819.57,F5,SYNTHETIC_DEMO
1000,520200,CCX000101,CX001,2025,1,11266881.29,11617238.27,F5,SYNTHETIC_DEMO
1000,520200,CCX000101,CX001,2025,2,11146038.05,11165722.99,F5,SYNTHETIC_DEMO
1000,520200,CCX000101,CX001,2025,3,10912354.7,10983891.17,F5,SYNTHETIC_DEMO
1000,520200,CCX000101,CX001,2025,4,10118017.04,9983410.74,F5,SYNTHETIC_DEMO
1000,520200,CCX000101,CX001,2025,5,10359334.97,10052228.76,F5,SYNTHETIC_DEMO
1000,520200,CCX000101,CX001,2025,6,9818355.04,9624906.04,F5,SYNTHETIC_DEMO
1000,520200,CCX000101,CX001,2025,7,11325180.06,11137436.65,F5,SYNTHETIC_DEMO
1000,520200,CCX000101,CX001,2025,8,11070884.49,10894497.17,F5,SYNTHETIC_DEMO
1000,520200,CCX000101,CX001,2025,9,10395567.34,10217518.42,F5,SYNTHETIC_DEMO
1000,520200,CCX000101,CX001,2025,10,11161519.93,11144706.13,F5,SYNTHETIC_DEMO
1000,520200,CCX000101,CX001,2025,11,9826217.89,9910589.44,F5,SYNTHETIC_DEMO
1000,520200,CCX000101,CX001,2025,12,10575758.41,10637125.65,F5,SYNTHETIC_DEMO
1000,530100,CCX000202,CX002,2025,1,3832386.16,3844161.22,F5,SYNTHETIC_DEMO
1000,530100,CCX000202,CX002,2025,2,4300931.97,4353856.03,F5,SYNTHETIC_DEMO
1000,530100,CCX000202,CX002,2025,3,3845857.34,3818124.74,F5,SYNTHETIC_DEMO
1000,530100,CCX000202,CX002,2025,4,3707980.5,3743872.52,F5,SYNTHETIC_DEMO
1000,530100,CCX000202,CX002,2025,5,4045933.25,4164443.47,F5,SYNTHETIC_DEMO
1000,530100,CCX000202,CX002,2025,6,4057845.87,4031452.66,F5,SYNTHETIC_DEMO
1000,530100,CCX000202,CX002,2025,7,4197318.4,4350419.83,F5,SYNTHETIC_DEMO
1000,530100,CCX000202,CX002,2025,8,3868074.77,3995343.56,F5,SYNTHETIC_DEMO
1000,530100,CCX000202,CX002,2025,9,3873978.45,3787682.64,F5,SYNTHETIC_DEMO
1000,530100,CCX000202,CX002,2025,10,4046764.3,3981097.7,F5,SYNTHETIC_DEMO
1000,530100,CCX000202,CX002,2025,11,3919360.31,4100980.51,F5,SYNTHETIC_DEMO
1000,530100,CCX000202,CX002,2025,12,4103933.3,4266035.65,F5,SYNTHETIC_DEMO
1000,540100,CCX000102,CX002,2025,1,15445828.51,15419776.57,F5,SYNTHETIC_DEMO
1000,540100,CCX000102,CX002,2025,2,15842998.19,15776199.56,F5,SYNTHETIC_DEMO
1000,540100,CCX000102,CX002,2025,3,14163927.67,13798130.46,F5,SYNTHETIC_DEMO
1000,540100,CCX000102,CX002,2025,4,13911114.06,14193348.95,F5,SYNTHETIC_DEMO
1000,540100,CCX000102,CX002,2025,5,14547514.33,14244868.05,F5,SYNTHETIC_DEMO
1000,540100,CCX000102,CX002,2025,6,13853094.18,14349331.61,F5,SYNTHETIC_DEMO
1000,540100,CCX000102,CX002,2025,7,16002149.54,16413375.66,F5,SYNTHETIC_DEMO
1000,540100,CCX000102,CX002,2025,8,13959915.77,14139306.8,F5,SYNTHETIC_DEMO
1000,540100,CCX000102,CX002,2025,9,15458698.13,16020890.67,F5,SYNTHETIC_DEMO
1000,540100,CCX000102,CX002,2025,10,15164143.16,15241922.76,F5,SYNTHETIC_DEMO
1000,540100,CCX000102,CX002,2025,11,15762664.92,15629599.18,F5,SYNTHETIC_DEMO
1000,540100,CCX000102,CX002,2025,12,13912028.7,13990537.77,F5,SYNTHETIC_DEMO
1000,150100,CCX000303,CX003,2025,1,10270254.02,10136815.45,F5,SYNTHETIC_DEMO
1000,150100,CCX000303,CX003,2025,2,10087158.91,10104926.01,F5,SYNTHETIC_DEMO
1000,150100,CCX000303,CX003,2025,3,10969831.15,11316968.21,F5,SYNTHETIC_DEMO
1000,150100,CCX000303,CX003,2025,4,10775645.9,10656579.14,F5,SYNTHETIC_DEMO
1000,150100,CCX000303,CX003,2025,5,10222344.13,10079877.61,F5,SYNTHETIC_DEMO
1000,150100,CCX000303,CX003,2025,6,10294511.19,10235279.19,F5,SYNTHETIC_DEMO
1000,150100,CCX000303,CX003,2025,7,10118459.23,10201621.67,F5,SYNTHETIC_DEMO
1000,150100,CCX000303,CX003,2025,8,10188177.82,10363489.15,F5,SYNTHETIC_DEMO
1000,150100,CCX000303,CX003,2025,9,11515301.11,11347796.3,F5,SYNTHETIC_DEMO
1000,150100,CCX000303,CX003,2025,10,9879409.2,10025193.79,F5,SYNTHETIC_DEMO
1000,150100,CCX000303,CX003,2025,11,10852100.51,11336070.38,F5,SYNTHETIC_DEMO
1000,150100,CCX000303,CX003,2025,12,11037281.56,11249205.64,F5,SYNTHETIC_DEMO
1000,150200,CCX000304,CX004,2025,1,7995265.76,8059752.24,F5,SYNTHETIC_DEMO
1000,150200,CCX000304,CX004,2025,2,8678756.41,8856217.27,F5,SYNTHETIC_DEMO
1000,150200,CCX000304,CX004,2025,3,7949394.05,8189655.39,F5,SYNTHETIC_DEMO
1000,150200,CCX000304,CX004,2025,4,7843452.36,7687619.31,F5,SYNTHETIC_DEMO
1000,150200,CCX000304,CX004,2025,5,8298465.34,8113171.89,F5,SYNTHETIC_DEMO
1000,150200,CCX000304,CX004,2025,6,8568544.48,8987171.46,F5,SYNTHETIC_DEMO
1000,150200,CCX000304,CX004,2025,7,8250749.68,8178628.62,F5,SYNTHETIC_DEMO
1000,150200,CCX000304,CX004,2025,8,8427639.68,8671783.88,F5,SYNTHETIC_DEMO
1000,150200,CCX000304,CX004,2025,9,7463152.04,7372116.68,F5,SYNTHETIC_DEMO
1000,150200,CCX000304,CX004,2025,10,8082275.54,7939684.24,F5,SYNTHETIC_DEMO
1000,150200,CCX000304,CX004,2025,11,7691430.09,7555613.32,F5,SYNTHETIC_DEMO
1000,150200,CCX000304,CX004,2025,12,7569357.17,7351130.24,F5,SYNTHETIC_DEMO
1000,150300,CCX000302,CX002,2025,1,6743081.36,6839611.77,F5,SYNTHETIC_DEMO
1000,150300,CCX000302,CX002,2025,2,6617499.3,6882368.25,F5,SYNTHETIC_DEMO
1000,150300,CCX000302,CX002,2025,3,6156138.93,6233021.68,F5,SYNTHETIC_DEMO
1000,150300,CCX000302,CX002,2025,4,6406504.67,6228470.35,F5,SYNTHETIC_DEMO
1000,150300,CCX000302,CX002,2025,5,6843392.0,6721048.63,F5,SYNTHETIC_DEMO
1000,150300,CCX000302,CX002,2025,6,6636969.36,6914074.45,F5,SYNTHETIC_DEMO
1000,150300,CCX000302,CX002,2025,7,6487223.52,6347286.71,F5,SYNTHETIC_DEMO
1000,150300,CCX000302,CX002,2025,8,6565249.12,6622014.64,F5,SYNTHETIC_DEMO
1000,150300,CCX000302,CX002,2025,9,6912951.44,7130169.96,F5,SYNTHETIC_DEMO
1000,150300,CCX000302,CX002,2025,10,6202618.6,6395502.5,F5,SYNTHETIC_DEMO
1000,150300,CCX000302,CX002,2025,11,6985266.15,6902308.15,F5,SYNTHETIC_DEMO
1000,150300,CCX000302,CX002,2025,12,6389955.41,6615708.89,F5,SYNTHETIC_DEMO
1000,500100,CESD00201,ESD001,2025,1,8729536.27,8691631.8,F5,SYNTHETIC_DEMO
1000,500100,CESD00201,ESD001,2025,2,8227434.23,8100375.38,F5,SYNTHETIC_DEMO
1000,500100,CESD00201,ESD001,2025,3,8020201.26,8288246.11,F5,SYNTHETIC_DEMO
1000,500100,CESD00201,ESD001,2025,4,9375660.46,9118506.23,F5,SYNTHETIC_DEMO
1000,500100,CESD00201,ESD001,2025,5,10597819.15,10622231.63,F5,SYNTHETIC_DEMO
1000,500100,CESD00201,ESD001,2025,6,8376672.05,8672169.52,F5,SYNTHETIC_DEMO
1000,500100,CESD00201,ESD001,2025,7,8674451.91,9058176.74,F5,SYNTHETIC_DEMO
1000,500100,CESD00201,ESD001,2025,8,8577652.05,8320335.4,F5,SYNTHETIC_DEMO
1000,500100,CESD00201,ESD001,2025,9,8128968.59,8091218.83,F5,SYNTHETIC_DEMO
1000,500100,CESD00201,ESD001,2025,10,7913133.79,7683093.31,F5,SYNTHETIC_DEMO
1000,500100,CESD00201,ESD001,2025,11,8369646.71,8140160.03,F5,SYNTHETIC_DEMO
1000,500100,CESD00201,ESD001,2025,12,8559906.41,8380889.04,F5,SYNTHETIC_DEMO
1000,500200,CESD00201,ESD001,2025,1,8721372.61,8722301.94,F5,SYNTHETIC_DEMO
1000,500200,CESD00201,ESD001,2025,2,8174826.48,8534246.23,F5,SYNTHETIC_DEMO
1000,500200,CESD00201,ESD001,2025,3,8630711.98,8541483.93,F5,SYNTHETIC_DEMO
1000,500200,CESD00201,ESD001,2025,4,10102992.85,10315197.16,F5,SYNTHETIC_DEMO
1000,500200,CESD00201,ESD001,2025,5,10720817.61,10730028.13,F5,SYNTHETIC_DEMO
1000,500200,CESD00201,ESD001,2025,6,8281798.25,8687865.64,F5,SYNTHETIC_DEMO
1000,500200,CESD00201,ESD001,2025,7,8470967.5,8278610.08,F5,SYNTHETIC_DEMO
1000,500200,CESD00201,ESD001,2025,8,9051214.27,8858238.97,F5,SYNTHETIC_DEMO
1000,500200,CESD00201,ESD001,2025,9,9257244.01,9418649.16,F5,SYNTHETIC_DEMO
1000,500200,CESD00201,ESD001,2025,10,8994717.11,9076393.74,F5,SYNTHETIC_DEMO
1000,500200,CESD00201,ESD001,2025,11,8548460.38,8780035.94,F5,SYNTHETIC_DEMO
1000,500200,CESD00201,ESD001,2025,12,8634540.84,8782294.99,F5,SYNTHETIC_DEMO
1000,500300,CESD00201,ESD001,2025,1,15227578.82,15156398.33,F5,SYNTHETIC_DEMO
1000,500300,CESD00201,ESD001,2025,2,15595489.54,16355502.57,F5,SYNTHETIC_DEMO
1000,500300,CESD00201,ESD001,2025,3,14321349.46,14036204.19,F5,SYNTHETIC_DEMO
1000,500300,CESD00201,ESD001,2025,4,17368332.41,17835215.25,F5,SYNTHETIC_DEMO
1000,500300,CESD00201,ESD001,2025,5,18673370.01,18219029.19,F5,SYNTHETIC_DEMO
1000,500300,CESD00201,ESD001,2025,6,14502602.21,14665805.22,F5,SYNTHETIC_DEMO
1000,500300,CESD00201,ESD001,2025,7,15955084.73,16668022.2,F5,SYNTHETIC_DEMO
1000,500300,CESD00201,ESD001,2025,8,15463450.91,15170758.06,F5,SYNTHETIC_DEMO
1000,500300,CESD00201,ESD001,2025,9,13991556.01,14153406.51,F5,SYNTHETIC_DEMO
1000,500300,CESD00201,ESD001,2025,10,14304449.03,14933482.13,F5,SYNTHETIC_DEMO
1000,500300,CESD00201,ESD001,2025,11,15255247.86,15904650.38,F5,SYNTHETIC_DEMO
1000,500300,CESD00201,ESD001,2025,12,16293495.33,16751699.34,F5,SYNTHETIC_DEMO
1000,510100,CESD00301,ESD001,2025,1,3555273.23,3494216.45,F5,SYNTHETIC_DEMO
1000,510100,CESD00301,ESD001,2025,2,3821869.06,3866355.65,F5,SYNTHETIC_DEMO
1000,510100,CESD00301,ESD001,2025,3,3498593.1,3549892.33,F5,SYNTHETIC_DEMO
1000,510100,CESD00301,ESD001,2025,4,4003492.6,4035070.59,F5,SYNTHETIC_DEMO
1000,510100,CESD00301,ESD001,2025,5,3466687.38,3602414.15,F5,SYNTHETIC_DEMO
1000,510100,CESD00301,ESD001,2025,6,3603862.1,3599026.69,F5,SYNTHETIC_DEMO
1000,510100,CESD00301,ESD001,2025,7,3945524.64,4127015.25,F5,SYNTHETIC_DEMO
1000,510100,CESD00301,ESD001,2025,8,3704076.04,3672126.34,F5,SYNTHETIC_DEMO
1000,510100,CESD00301,ESD001,2025,9,3655805.01,3645774.01,F5,SYNTHETIC_DEMO
1000,510100,CESD00301,ESD001,2025,10,3845314.18,3963594.25,F5,SYNTHETIC_DEMO
1000,510100,CESD00301,ESD001,2025,11,3836777.08,3787999.1,F5,SYNTHETIC_DEMO
1000,510100,CESD00301,ESD001,2025,12,3490633.37,3425847.82,F5,SYNTHETIC_DEMO
1000,520100,CESD00101,ESD001,2025,1,15520857.29,15383637.67,F5,SYNTHETIC_DEMO
1000,520100,CESD00101,ESD001,2025,2,17208914.25,17275738.13,F5,SYNTHETIC_DEMO
1000,520100,CESD00101,ESD001,2025,3,17651667.15,17178409.41,F5,SYNTHETIC_DEMO
1000,520100,CESD00101,ESD001,2025,4,15624333.3,16277511.71,F5,SYNTHETIC_DEMO
1000,520100,CESD00101,ESD001,2025,5,16026717.97,15591589.28,F5,SYNTHETIC_DEMO
1000,520100,CESD00101,ESD001,2025,6,16405960.65,16875524.44,F5,SYNTHETIC_DEMO
1000,520100,CESD00101,ESD001,2025,7,16651075.86,16625437.2,F5,SYNTHETIC_DEMO
1000,520100,CESD00101,ESD001,2025,8,17086135.29,17004810.93,F5,SYNTHETIC_DEMO
1000,520100,CESD00101,ESD001,2025,9,15596070.77,15958040.51,F5,SYNTHETIC_DEMO
1000,520100,CESD00101,ESD001,2025,10,17376659.87,17011893.29,F5,SYNTHETIC_DEMO
1000,520100,CESD00101,ESD001,2025,11,15728626.27,15373243.17,F5,SYNTHETIC_DEMO
1000,520100,CESD00101,ESD001,2025,12,15664807.68,16137786.73,F5,SYNTHETIC_DEMO
1000,520200,CESD00301,ESD001,2025,1,6222507.74,6117034.86,F5,SYNTHETIC_DEMO
1000,520200,CESD00301,ESD001,2025,2,6479170.88,6525973.95,F5,SYNTHETIC_DEMO
1000,520200,CESD00301,ESD001,2025,3,5936071.66,6226351.79,F5,SYNTHETIC_DEMO
1000,520200,CESD00301,ESD001,2025,4,6222035.18,6040248.98,F5,SYNTHETIC_DEMO
1000,520200,CESD00301,ESD001,2025,5,6543759.39,6487950.7,F5,SYNTHETIC_DEMO
1000,520200,CESD00301,ESD001,2025,6,6731181.97,7012663.93,F5,SYNTHETIC_DEMO
1000,520200,CESD00301,ESD001,2025,7,6056060.63,6143905.37,F5,SYNTHETIC_DEMO
1000,520200,CESD00301,ESD001,2025,8,6384232.73,6481353.29,F5,SYNTHETIC_DEMO
1000,520200,CESD00301,ESD001,2025,9,6587983.08,6772443.16,F5,SYNTHETIC_DEMO
1000,520200,CESD00301,ESD001,2025,10,6708259.92,6928464.61,F5,SYNTHETIC_DEMO
1000,520200,CESD00301,ESD001,2025,11,5845111.08,6011996.31,F5,SYNTHETIC_DEMO
1000,520200,CESD00301,ESD001,2025,12,6685811.16,6964148.37,F5,SYNTHETIC_DEMO
1000,530100,CESD00101,ESD001,2025,1,2500166.01,2433996.64,F5,SYNTHETIC_DEMO
1000,530100,CESD00101,ESD001,2025,2,2676588.23,2616749.14,F5,SYNTHETIC_DEMO
1000,530100,CESD00101,ESD001,2025,3,2732648.1,2750610.09,F5,SYNTHETIC_DEMO
1000,530100,CESD00101,ESD001,2025,4,2771471.72,2759580.96,F5,SYNTHETIC_DEMO
1000,530100,CESD00101,ESD001,2025,5,2660332.6,2625552.66,F5,SYNTHETIC_DEMO
1000,530100,CESD00101,ESD001,2025,6,2666602.09,2611035.26,F5,SYNTHETIC_DEMO
1000,530100,CESD00101,ESD001,2025,7,2834294.31,2945747.6,F5,SYNTHETIC_DEMO
1000,530100,CESD00101,ESD001,2025,8,2561343.19,2643340.02,F5,SYNTHETIC_DEMO
1000,530100,CESD00101,ESD001,2025,9,2586029.17,2678974.75,F5,SYNTHETIC_DEMO
1000,530100,CESD00101,ESD001,2025,10,2740179.08,2774264.12,F5,SYNTHETIC_DEMO
1000,530100,CESD00101,ESD001,2025,11,2746207.74,2858621.64,F5,SYNTHETIC_DEMO
1000,530100,CESD00101,ESD001,2025,12,2621921.93,2661361.97,F5,SYNTHETIC_DEMO
1000,540100,CESD00301,ESD001,2025,1,17410329.33,17226167.67,F5,SYNTHETIC_DEMO
1000,540100,CESD00301,ESD001,2025,2,17715009.84,18089101.2,F5,SYNTHETIC_DEMO
1000,540100,CESD00301,ESD001,2025,3,18671914.36,18135046.69,F5,SYNTHETIC_DEMO
1000,540100,CESD00301,ESD001,2025,4,16916966.62,17243066.08,F5,SYNTHETIC_DEMO
1000,540100,CESD00301,ESD001,2025,5,16275278.03,17010681.32,F5,SYNTHETIC_DEMO
1000,540100,CESD00301,ESD001,2025,6,17658943.57,18539997.46,F5,SYNTHETIC_DEMO
1000,540100,CESD00301,ESD001,2025,7,18550362.31,18988247.16,F5,SYNTHETIC_DEMO
1000,540100,CESD00301,ESD001,2025,8,16934231.68,17489021.95,F5,SYNTHETIC_DEMO
1000,540100,CESD00301,ESD001,2025,9,17492010.44,17033580.23,F5,SYNTHETIC_DEMO
1000,540100,CESD00301,ESD001,2025,10,16621590.01,16168831.65,F5,SYNTHETIC_DEMO
1000,540100,CESD00301,ESD001,2025,11,16277131.08,16059103.11,F5,SYNTHETIC_DEMO
1000,540100,CESD00301,ESD001,2025,12,15971086.7,16166356.41,F5,SYNTHETIC_DEMO
1000,150100,CESD00101,ESD001,2025,1,14678454.71,15169752.79,F5,SYNTHETIC_DEMO
1000,150100,CESD00101,ESD001,2025,2,14668790.88,15207236.81,F5,SYNTHETIC_DEMO
1000,150100,CESD00101,ESD001,2025,3,13465415.57,13140271.62,F5,SYNTHETIC_DEMO
1000,150100,CESD00101,ESD001,2025,4,14043208.93,14359484.73,F5,SYNTHETIC_DEMO
1000,150100,CESD00101,ESD001,2025,5,14821207.84,14780035.04,F5,SYNTHETIC_DEMO
1000,150100,CESD00101,ESD001,2025,6,13563840.51,14105456.68,F5,SYNTHETIC_DEMO
1000,150100,CESD00101,ESD001,2025,7,14814988.01,14469011.67,F5,SYNTHETIC_DEMO
1000,150100,CESD00101,ESD001,2025,8,14734180.01,14891486.3,F5,SYNTHETIC_DEMO
1000,150100,CESD00101,ESD001,2025,9,14476440.79,15047561.99,F5,SYNTHETIC_DEMO
1000,150100,CESD00101,ESD001,2025,10,13851498.25,14063804.55,F5,SYNTHETIC_DEMO
1000,150100,CESD00101,ESD001,2025,11,15287110.75,16045148.97,F5,SYNTHETIC_DEMO
1000,150100,CESD00101,ESD001,2025,12,14158212.45,14564471.56,F5,SYNTHETIC_DEMO
1000,150200,CESD00101,ESD001,2025,1,2910077.46,2873225.59,F5,SYNTHETIC_DEMO
1000,150200,CESD00101,ESD001,2025,2,2775426.17,2769979.02,F5,SYNTHETIC_DEMO
1000,150200,CESD00101,ESD001,2025,3,2723116.74,2753344.04,F5,SYNTHETIC_DEMO
1000,150200,CESD00101,ESD001,2025,4,2768194.14,2766811.41,F5,SYNTHETIC_DEMO
1000,150200,CESD00101,ESD001,2025,5,2891028.49,2936642.41,F5,SYNTHETIC_DEMO
1000,150200,CESD00101,ESD001,2025,6,2805728.89,2746188.76,F5,SYNTHETIC_DEMO
1000,150200,CESD00101,ESD001,2025,7,2853796.9,2965628.18,F5,SYNTHETIC_DEMO
1000,150200,CESD00101,ESD001,2025,8,2748653.37,2877293.72,F5,SYNTHETIC_DEMO
1000,150200,CESD00101,ESD001,2025,9,2834061.56,2848149.74,F5,SYNTHETIC_DEMO
1000,150200,CESD00101,ESD001,2025,10,3014456.17,3101790.07,F5,SYNTHETIC_DEMO
1000,150200,CESD00101,ESD001,2025,11,3158296.83,3144998.01,F5,SYNTHETIC_DEMO
1000,150200,CESD00101,ESD001,2025,12,2926081.9,2903684.01,F5,SYNTHETIC_DEMO
1000,150300,CESD00201,ESD001,2025,1,8031296.09,7805410.88,F5,SYNTHETIC_DEMO
1000,150300,CESD00201,ESD001,2025,2,7416837.67,7777097.11,F5,SYNTHETIC_DEMO
1000,150300,CESD00201,ESD001,2025,3,8560089.28,8404649.52,F5,SYNTHETIC_DEMO
1000,150300,CESD00201,ESD001,2025,4,7338887.83,7614467.0,F5,SYNTHETIC_DEMO
1000,150300,CESD00201,ESD001,2025,5,7718135.02,7699609.23,F5,SYNTHETIC_DEMO
1000,150300,CESD00201,ESD001,2025,6,8118397.38,8043195.15,F5,SYNTHETIC_DEMO
1000,150300,CESD00201,ESD001,2025,7,7300520.34,7562500.83,F5,SYNTHETIC_DEMO
1000,150300,CESD00201,ESD001,2025,8,7604577.66,7983773.05,F5,SYNTHETIC_DEMO
1000,150300,CESD00201,ESD001,2025,9,8243556.61,8483630.28,F5,SYNTHETIC_DEMO
1000,150300,CESD00201,ESD001,2025,10,7655566.98,7683241.61,F5,SYNTHETIC_DEMO
1000,150300,CESD00201,ESD001,2025,11,7452642.0,7245611.27,F5,SYNTHETIC_DEMO
1000,150300,CESD00201,ESD001,2025,12,8548177.9,8922568.53,F5,SYNTHETIC_DEMO
1000,500100,CESD00101,ESD001,2025,1,4324641.83,4361200.71,F5,SYNTHETIC_DEMO
1000,500100,CESD00101,ESD001,2025,2,4034275.38,4023386.43,F5,SYNTHETIC_DEMO
1000,500100,CESD00101,ESD001,2025,3,4372446.09,4536723.8,F5,SYNTHETIC_DEMO
1000,500100,CESD00101,ESD001,2025,4,5109764.62,5344266.35,F5,SYNTHETIC_DEMO
1000,500100,CESD00101,ESD001,2025,5,4878911.9,5121849.06,F5,SYNTHETIC_DEMO
1000,500100,CESD00101,ESD001,2025,6,3966458.72,3884093.71,F5,SYNTHETIC_DEMO
1000,500100,CESD00101,ESD001,2025,7,3915050.59,3878514.4,F5,SYNTHETIC_DEMO
1000,500100,CESD00101,ESD001,2025,8,4126766.38,4224858.55,F5,SYNTHETIC_DEMO
1000,500100,CESD00101,ESD001,2025,9,4352752.24,4280696.53,F5,SYNTHETIC_DEMO
1000,500100,CESD00101,ESD001,2025,10,4403219.08,4299912.85,F5,SYNTHETIC_DEMO
1000,500100,CESD00101,ESD001,2025,11,3922291.12,3869390.31,F5,SYNTHETIC_DEMO
1000,500100,CESD00101,ESD001,2025,12,4399720.22,4592979.54,F5,SYNTHETIC_DEMO
1000,500200,CESD00301,ESD001,2025,1,6123077.31,5941143.05,F5,SYNTHETIC_DEMO
1000,500200,CESD00301,ESD001,2025,2,6759463.82,6699578.75,F5,SYNTHETIC_DEMO
1000,500200,CESD00301,ESD001,2025,3,6746771.91,6899796.82,F5,SYNTHETIC_DEMO
1000,500200,CESD00301,ESD001,2025,4,7572663.89,7356765.02,F5,SYNTHETIC_DEMO
1000,500200,CESD00301,ESD001,2025,5,7681931.23,7684359.78,F5,SYNTHETIC_DEMO
1000,500200,CESD00301,ESD001,2025,6,6406618.02,6235452.1,F5,SYNTHETIC_DEMO
1000,500200,CESD00301,ESD001,2025,7,6399006.62,6705806.32,F5,SYNTHETIC_DEMO
1000,500200,CESD00301,ESD001,2025,8,6425319.51,6462236.69,F5,SYNTHETIC_DEMO
1000,500200,CESD00301,ESD001,2025,9,6094013.17,6103789.52,F5,SYNTHETIC_DEMO
1000,500200,CESD00301,ESD001,2025,10,6786836.21,6880092.48,F5,SYNTHETIC_DEMO
1000,500200,CESD00301,ESD001,2025,11,6751965.74,6804847.34,F5,SYNTHETIC_DEMO
1000,500200,CESD00301,ESD001,2025,12,7004596.46,7261729.93,F5,SYNTHETIC_DEMO
1000,500300,CESD00301,ESD001,2025,1,17979631.23,18320311.22,F5,SYNTHETIC_DEMO
1000,500300,CESD00301,ESD001,2025,2,18714910.86,18546609.01,F5,SYNTHETIC_DEMO
1000,500300,CESD00301,ESD001,2025,3,16921679.73,17465036.27,F5,SYNTHETIC_DEMO
1000,500300,CESD00301,ESD001,2025,4,20703665.61,20662573.59,F5,SYNTHETIC_DEMO
1000,500300,CESD00301,ESD001,2025,5,23047381.25,23100309.85,F5,SYNTHETIC_DEMO
1000,500300,CESD00301,ESD001,2025,6,16987139.17,17233509.53,F5,SYNTHETIC_DEMO
1000,500300,CESD00301,ESD001,2025,7,18006502.61,17905734.87,F5,SYNTHETIC_DEMO
1000,500300,CESD00301,ESD001,2025,8,16690205.49,16767093.94,F5,SYNTHETIC_DEMO
1000,500300,CESD00301,ESD001,2025,9,19105487.38,18911857.73,F5,SYNTHETIC_DEMO
1000,500300,CESD00301,ESD001,2025,10,17868689.74,18000845.86,F5,SYNTHETIC_DEMO
1000,500300,CESD00301,ESD001,2025,11,19318808.49,19897561.49,F5,SYNTHETIC_DEMO
1000,500300,CESD00301,ESD001,2025,12,18841448.67,18920811.61,F5,SYNTHETIC_DEMO
1000,510100,CESD00201,ESD001,2025,1,13202902.77,13264132.56,F5,SYNTHETIC_DEMO
1000,510100,CESD00201,ESD001,2025,2,12936866.84,12809725.29,F5,SYNTHETIC_DEMO
1000,510100,CESD00201,ESD001,2025,3,11871891.12,12368189.68,F5,SYNTHETIC_DEMO
1000,510100,CESD00201,ESD001,2025,4,11791980.06,12015750.84,F5,SYNTHETIC_DEMO
1000,510100,CESD00201,ESD001,2025,5,12296284.64,12203558.54,F5,SYNTHETIC_DEMO
1000,510100,CESD00201,ESD001,2025,6,11637473.58,12183734.21,F5,SYNTHETIC_DEMO
1000,510100,CESD00201,ESD001,2025,7,11879426.33,11532162.96,F5,SYNTHETIC_DEMO
1000,510100,CESD00201,ESD001,2025,8,13240217.12,13506165.71,F5,SYNTHETIC_DEMO
1000,510100,CESD00201,ESD001,2025,9,12315790.34,12417284.95,F5,SYNTHETIC_DEMO
1000,510100,CESD00201,ESD001,2025,10,12860324.77,13096357.18,F5,SYNTHETIC_DEMO
1000,510100,CESD00201,ESD001,2025,11,12058890.03,12574465.13,F5,SYNTHETIC_DEMO
1000,510100,CESD00201,ESD001,2025,12,12734114.31,12969534.68,F5,SYNTHETIC_DEMO
1000,520100,CESD00301,ESD001,2025,1,17208404.25,16875354.75,F5,SYNTHETIC_DEMO
1000,520100,CESD00301,ESD001,2025,2,17832291.7,17654747.19,F5,SYNTHETIC_DEMO
1000,520100,CESD00301,ESD001,2025,3,17918421.48,18084983.75,F5,SYNTHETIC_DEMO
1000,520100,CESD00301,ESD001,2025,4,16992022.41,16774990.02,F5,SYNTHETIC_DEMO
1000,520100,CESD00301,ESD001,2025,5,16290542.22,16364502.29,F5,SYNTHETIC_DEMO
1000,520100,CESD00301,ESD001,2025,6,17143234.41,17187396.28,F5,SYNTHETIC_DEMO
1000,520100,CESD00301,ESD001,2025,7,18117001.42,18030927.6,F5,SYNTHETIC_DEMO
1000,520100,CESD00301,ESD001,2025,8,16006579.64,15799594.92,F5,SYNTHETIC_DEMO
1000,520100,CESD00301,ESD001,2025,9,18167804.08,17931063.19,F5,SYNTHETIC_DEMO
1000,520100,CESD00301,ESD001,2025,10,17350881.52,17920673.15,F5,SYNTHETIC_DEMO
1000,520100,CESD00301,ESD001,2025,11,17337257.55,17391002.83,F5,SYNTHETIC_DEMO
1000,520100,CESD00301,ESD001,2025,12,17780645.04,18647173.51,F5,SYNTHETIC_DEMO
1000,520200,CESD00101,ESD001,2025,1,4707141.84,4754519.83,F5,SYNTHETIC_DEMO
1000,520200,CESD00101,ESD001,2025,2,4963360.78,5158181.65,F5,SYNTHETIC_DEMO
1000,520200,CESD00101,ESD001,2025,3,4871900.38,4950270.01,F5,SYNTHETIC_DEMO
1000,520200,CESD00101,ESD001,2025,4,5063298.21,5075686.08,F5,SYNTHETIC_DEMO
1000,520200,CESD00101,ESD001,2025,5,4855733.7,4918910.83,F5,SYNTHETIC_DEMO
1000,520200,CESD00101,ESD001,2025,6,5111567.87,5294820.99,F5,SYNTHETIC_DEMO
1000,520200,CESD00101,ESD001,2025,7,5190480.11,5394724.97,F5,SYNTHETIC_DEMO
1000,520200,CESD00101,ESD001,2025,8,4589481.85,4814394.0,F5,SYNTHETIC_DEMO
1000,520200,CESD00101,ESD001,2025,9,5259561.93,5203893.34,F5,SYNTHETIC_DEMO
1000,520200,CESD00101,ESD001,2025,10,4637483.9,4801211.15,F5,SYNTHETIC_DEMO
1000,520200,CESD00101,ESD001,2025,11,5114334.57,4995779.91,F5,SYNTHETIC_DEMO
1000,520200,CESD00101,ESD001,2025,12,4906407.83,4995812.33,F5,SYNTHETIC_DEMO
1000,530100,CESD00102,ESD002,2025,1,5897517.36,5866697.35,F5,SYNTHETIC_DEMO
1000,530100,CESD00102,ESD002,2025,2,5714377.96,5567237.52,F5,SYNTHETIC_DEMO
1000,530100,CESD00102,ESD002,2025,3,5643679.07,5510758.15,F5,SYNTHETIC_DEMO
1000,530100,CESD00102,ESD002,2025,4,5777630.49,5910104.98,F5,SYNTHETIC_DEMO
1000,530100,CESD00102,ESD002,2025,5,5962132.6,5829436.67,F5,SYNTHETIC_DEMO
1000,530100,CESD00102,ESD002,2025,6,5450166.78,5529065.35,F5,SYNTHETIC_DEMO
1000,530100,CESD00102,ESD002,2025,7,6084074.67,6067359.46,F5,SYNTHETIC_DEMO
1000,530100,CESD00102,ESD002,2025,8,6119625.03,6267506.41,F5,SYNTHETIC_DEMO
1000,530100,CESD00102,ESD002,2025,9,5706306.61,5973130.56,F5,SYNTHETIC_DEMO
1000,530100,CESD00102,ESD002,2025,10,5807484.03,6074818.7,F5,SYNTHETIC_DEMO
1000,530100,CESD00102,ESD002,2025,11,5709586.19,5704364.21,F5,SYNTHETIC_DEMO
1000,530100,CESD00102,ESD002,2025,12,5416814.77,5403123.02,F5,SYNTHETIC_DEMO
1000,540100,CESD00201,ESD001,2025,1,9456203.6,9513040.07,F5,SYNTHETIC_DEMO
1000,540100,CESD00201,ESD001,2025,2,10126337.62,10552514.03,F5,SYNTHETIC_DEMO
1000,540100,CESD00201,ESD001,2025,3,10656258.23,10850218.08,F5,SYNTHETIC_DEMO
1000,540100,CESD00201,ESD001,2025,4,9874185.7,9807670.31,F5,SYNTHETIC_DEMO
1000,540100,CESD00201,ESD001,2025,5,9572586.09,9869767.56,F5,SYNTHETIC_DEMO
1000,540100,CESD00201,ESD001,2025,6,10199565.73,10103725.87,F5,SYNTHETIC_DEMO
1000,540100,CESD00201,ESD001,2025,7,10764023.59,11133362.73,F5,SYNTHETIC_DEMO
1000,540100,CESD00201,ESD001,2025,8,10484069.72,10287895.02,F5,SYNTHETIC_DEMO
1000,540100,CESD00201,ESD001,2025,9,10857024.06,10970125.01,F5,SYNTHETIC_DEMO
1000,540100,CESD00201,ESD001,2025,10,10629178.5,10694451.85,F5,SYNTHETIC_DEMO
1000,540100,CESD00201,ESD001,2025,11,10799199.11,11162735.12,F5,SYNTHETIC_DEMO
1000,540100,CESD00201,ESD001,2025,12,10058048.98,10088920.41,F5,SYNTHETIC_DEMO
1000,150100,CESD00102,ESD002,2025,1,8320915.71,8149507.43,F5,SYNTHETIC_DEMO
1000,150100,CESD00102,ESD002,2025,2,7386583.8,7472460.34,F5,SYNTHETIC_DEMO
1000,150100,CESD00102,ESD002,2025,3,8192466.18,8514999.79,F5,SYNTHETIC_DEMO
1000,150100,CESD00102,ESD002,2025,4,8347937.47,8697567.2,F5,SYNTHETIC_DEMO
1000,150100,CESD00102,ESD002,2025,5,7781926.61,7906820.6,F5,SYNTHETIC_DEMO
1000,150100,CESD00102,ESD002,2025,6,7592413.86,7376786.73,F5,SYNTHETIC_DEMO
1000,150100,CESD00102,ESD002,2025,7,8364310.46,8716324.03,F5,SYNTHETIC_DEMO
1000,150100,CESD00102,ESD002,2025,8,7628151.83,7758492.14,F5,SYNTHETIC_DEMO
1000,150100,CESD00102,ESD002,2025,9,7761629.89,7983869.84,F5,SYNTHETIC_DEMO
1000,150100,CESD00102,ESD002,2025,10,8598651.51,8636660.4,F5,SYNTHETIC_DEMO
1000,150100,CESD00102,ESD002,2025,11,7451061.76,7377688.76,F5,SYNTHETIC_DEMO
1000,150100,CESD00102,ESD002,2025,12,8405976.58,8214859.69,F5,SYNTHETIC_DEMO
1000,150200,CESD00301,ESD001,2025,1,11662184.26,12108170.29,F5,SYNTHETIC_DEMO
1000,150200,CESD00301,ESD001,2025,2,10536827.53,10626197.35,F5,SYNTHETIC_DEMO
1000,150200,CESD00301,ESD001,2025,3,11437508.89,11152002.97,F5,SYNTHETIC_DEMO
1000,150200,CESD00301,ESD001,2025,4,10516220.21,10228138.96,F5,SYNTHETIC_DEMO
1000,150200,CESD00301,ESD001,2025,5,10505395.92,10915914.77,F5,SYNTHETIC_DEMO
1000,150200,CESD00301,ESD001,2025,6,11577056.85,11993299.53,F5,SYNTHETIC_DEMO
1000,150200,CESD00301,ESD001,2025,7,10889076.96,10568859.95,F5,SYNTHETIC_DEMO
1000,150200,CESD00301,ESD001,2025,8,10737368.19,10627038.88,F5,SYNTHETIC_DEMO
1000,150200,CESD00301,ESD001,2025,9,11776635.39,11586645.13,F5,SYNTHETIC_DEMO
1000,150200,CESD00301,ESD001,2025,10,12001617.39,12491857.18,F5,SYNTHETIC_DEMO
1000,150200,CESD00301,ESD001,2025,11,10469843.22,10584510.65,F5,SYNTHETIC_DEMO
1000,150200,CESD00301,ESD001,2025,12,10831379.25,11069096.03,F5,SYNTHETIC_DEMO
1000,150300,CESD00202,ESD002,2025,1,17592040.6,17934854.71,F5,SYNTHETIC_DEMO
1000,150300,CESD00202,ESD002,2025,2,18975045.32,18768128.11,F5,SYNTHETIC_DEMO
1000,150300,CESD00202,ESD002,2025,3,18575658.86,19330483.86,F5,SYNTHETIC_DEMO
1000,150300,CESD00202,ESD002,2025,4,17438546.09,17697890.95,F5,SYNTHETIC_DEMO
1000,150300,CESD00202,ESD002,2025,5,17074317.53,17063701.71,F5,SYNTHETIC_DEMO
1000,150300,CESD00202,ESD002,2025,6,17292976.89,17098138.72,F5,SYNTHETIC_DEMO
1000,150300,CESD00202,ESD002,2025,7,18860693.93,19233623.81,F5,SYNTHETIC_DEMO
1000,150300,CESD00202,ESD002,2025,8,16746866.29,17014853.98,F5,SYNTHETIC_DEMO
1000,150300,CESD00202,ESD002,2025,9,18869053.75,19086904.83,F5,SYNTHETIC_DEMO
1000,150300,CESD00202,ESD002,2025,10,19290704.54,20145792.14,F5,SYNTHETIC_DEMO
1000,150300,CESD00202,ESD002,2025,11,17581706.97,18382967.68,F5,SYNTHETIC_DEMO
1000,150300,CESD00202,ESD002,2025,12,19298203.71,18965059.73,F5,SYNTHETIC_DEMO
1000,500100,CESD00301,ESD001,2025,1,14189011.55,14083716.01,F5,SYNTHETIC_DEMO
1000,500100,CESD00301,ESD001,2025,2,16000289.29,16160530.7,F5,SYNTHETIC_DEMO
1000,500100,CESD00301,ESD001,2025,3,14169716.89,14024446.99,F5,SYNTHETIC_DEMO
1000,500100,CESD00301,ESD001,2025,4,17566556.86,17971373.19,F5,SYNTHETIC_DEMO
1000,500100,CESD00301,ESD001,2025,5,17640394.47,17794349.04,F5,SYNTHETIC_DEMO
1000,500100,CESD00301,ESD001,2025,6,16274813.35,15968667.12,F5,SYNTHETIC_DEMO
1000,500100,CESD00301,ESD001,2025,7,15632100.32,15932828.77,F5,SYNTHETIC_DEMO
1000,500100,CESD00301,ESD001,2025,8,14391021.11,14162874.89,F5,SYNTHETIC_DEMO
1000,500100,CESD00301,ESD001,2025,9,16416288.39,17128530.32,F5,SYNTHETIC_DEMO
1000,500100,CESD00301,ESD001,2025,10,14801957.55,14481590.04,F5,SYNTHETIC_DEMO
1000,500100,CESD00301,ESD001,2025,11,16361049.82,16375598.0,F5,SYNTHETIC_DEMO
1000,500100,CESD00301,ESD001,2025,12,14499463.15,14705127.24,F5,SYNTHETIC_DEMO
1000,500200,CESD00302,ESD002,2025,1,17307230.94,17367051.14,F5,SYNTHETIC_DEMO
1000,500200,CESD00302,ESD002,2025,2,16249419.11,16491255.76,F5,SYNTHETIC_DEMO
1000,500200,CESD00302,ESD002,2025,3,17940994.24,18276024.35,F5,SYNTHETIC_DEMO
1000,500200,CESD00302,ESD002,2025,4,19930822.94,19484114.53,F5,SYNTHETIC_DEMO
1000,500200,CESD00302,ESD002,2025,5,20261192.28,20282307.66,F5,SYNTHETIC_DEMO
1000,500200,CESD00302,ESD002,2025,6,15746941.92,15878892.61,F5,SYNTHETIC_DEMO
1000,500200,CESD00302,ESD002,2025,7,16389430.44,16266600.77,F5,SYNTHETIC_DEMO
1000,500200,CESD00302,ESD002,2025,8,16396494.59,17145179.53,F5,SYNTHETIC_DEMO
1000,500200,CESD00302,ESD002,2025,9,16839267.13,16408772.64,F5,SYNTHETIC_DEMO
1000,500200,CESD00302,ESD002,2025,10,15713639.86,15354251.58,F5,SYNTHETIC_DEMO
1000,500200,CESD00302,ESD002,2025,11,17690349.38,17265941.34,F5,SYNTHETIC_DEMO
1000,500200,CESD00302,ESD002,2025,12,16899677.32,17720600.22,F5,SYNTHETIC_DEMO
1000,500300,CESD00101,ESD001,2025,1,14482649.61,14281076.59,F5,SYNTHETIC_DEMO
1000,500300,CESD00101,ESD001,2025,2,13971450.13,13804668.43,F5,SYNTHETIC_DEMO
1000,500300,CESD00101,ESD001,2025,3,14461461.32,14620049.83,F5,SYNTHETIC_DEMO
1000,500300,CESD00101,ESD001,2025,4,18208545.3,17904331.38,F5,SYNTHETIC_DEMO
1000,500300,CESD00101,ESD001,2025,5,17894496.28,18228807.13,F5,SYNTHETIC_DEMO
1000,500300,CESD00101,ESD001,2025,6,15315301.84,15970480.87,F5,SYNTHETIC_DEMO
1000,500300,CESD00101,ESD001,2025,7,14214195.88,14401752.43,F5,SYNTHETIC_DEMO
1000,500300,CESD00101,ESD001,2025,8,13556658.07,13912090.25,F5,SYNTHETIC_DEMO
1000,500300,CESD00101,ESD001,2025,9,15194150.09,15912092.12,F5,SYNTHETIC_DEMO
1000,500300,CESD00101,ESD001,2025,10,15074645.96,14806293.62,F5,SYNTHETIC_DEMO
1000,500300,CESD00101,ESD001,2025,11,13998188.95,14313008.04,F5,SYNTHETIC_DEMO
1000,500300,CESD00101,ESD001,2025,12,14910750.97,15296188.98,F5,SYNTHETIC_DEMO
1000,510100,CESD00302,ESD002,2025,1,15187660.81,14971187.03,F5,SYNTHETIC_DEMO
1000,510100,CESD00302,ESD002,2025,2,15706373.64,16090736.52,F5,SYNTHETIC_DEMO
1000,510100,CESD00302,ESD002,2025,3,14776824.2,14928354.48,F5,SYNTHETIC_DEMO
1000,510100,CESD00302,ESD002,2025,4,15007805.54,14613041.61,F5,SYNTHETIC_DEMO
1000,510100,CESD00302,ESD002,2025,5,14069718.05,13824109.83,F5,SYNTHETIC_DEMO
1000,510100,CESD00302,ESD002,2025,6,14898020.33,15444822.91,F5,SYNTHETIC_DEMO
1000,510100,CESD00302,ESD002,2025,7,15668987.05,16155565.46,F5,SYNTHETIC_DEMO
1000,510100,CESD00302,ESD002,2025,8,16041004.86,15955680.27,F5,SYNTHETIC_DEMO
1000,510100,CESD00302,ESD002,2025,9,15416863.29,15493712.67,F5,SYNTHETIC_DEMO
1000,510100,CESD00302,ESD002,2025,10,15599567.36,16097067.17,F5,SYNTHETIC_DEMO
1000,510100,CESD00302,ESD002,2025,11,16218729.3,15795330.05,F5,SYNTHETIC_DEMO
1000,510100,CESD00302,ESD002,2025,12,14307476.4,14847769.2,F5,SYNTHETIC_DEMO
1000,520100,CESD00102,ESD002,2025,1,18010967.16,17700535.17,F5,SYNTHETIC_DEMO
1000,520100,CESD00102,ESD002,2025,2,18632470.11,18296595.75,F5,SYNTHETIC_DEMO
1000,520100,CESD00102,ESD002,2025,3,19289541.02,19017091.4,F5,SYNTHETIC_DEMO
1000,520100,CESD00102,ESD002,2025,4,18136019.08,18381871.5,F5,SYNTHETIC_DEMO
1000,520100,CESD00102,ESD002,2025,5,18894854.68,19521375.91,F5,SYNTHETIC_DEMO
1000,520100,CESD00102,ESD002,2025,6,18986156.41,18870586.87,F5,SYNTHETIC_DEMO
1000,520100,CESD00102,ESD002,2025,7,18735951.28,19094925.74,F5,SYNTHETIC_DEMO
1000,520100,CESD00102,ESD002,2025,8,18158060.2,18548867.48,F5,SYNTHETIC_DEMO
1000,520100,CESD00102,ESD002,2025,9,18367196.49,18976813.6,F5,SYNTHETIC_DEMO
1000,520100,CESD00102,ESD002,2025,10,17733008.62,17425606.34,F5,SYNTHETIC_DEMO
1000,520100,CESD00102,ESD002,2025,11,18771294.19,18643946.06,F5,SYNTHETIC_DEMO
1000,520100,CESD00102,ESD002,2025,12,18370908.93,18410396.32,F5,SYNTHETIC_DEMO
1000,520200,CESD00102,ESD002,2025,1,3494094.32,3500844.78,F5,SYNTHETIC_DEMO
1000,520200,CESD00102,ESD002,2025,2,3522720.27,3607589.31,F5,SYNTHETIC_DEMO
1000,520200,CESD00102,ESD002,2025,3,3383964.1,3380310.62,F5,SYNTHETIC_DEMO
1000,520200,CESD00102,ESD002,2025,4,3296509.91,3271140.66,F5,SYNTHETIC_DEMO
1000,520200,CESD00102,ESD002,2025,5,3434491.98,3576082.14,F5,SYNTHETIC_DEMO
1000,520200,CESD00102,ESD002,2025,6,3625230.32,3697280.43,F5,SYNTHETIC_DEMO
1000,520200,CESD00102,ESD002,2025,7,3347381.95,3369415.69,F5,SYNTHETIC_DEMO
1000,520200,CESD00102,ESD002,2025,8,3345372.65,3505884.44,F5,SYNTHETIC_DEMO
1000,520200,CESD00102,ESD002,2025,9,3637092.69,3590778.85,F5,SYNTHETIC_DEMO
1000,520200,CESD00102,ESD002,2025,10,3363445.83,3406625.37,F5,SYNTHETIC_DEMO
1000,520200,CESD00102,ESD002,2025,11,3420287.63,3364315.04,F5,SYNTHETIC_DEMO
1000,520200,CESD00102,ESD002,2025,12,3502590.32,3471864.64,F5,SYNTHETIC_DEMO
1000,530100,CESD00301,ESD001,2025,1,15324361.3,16081673.03,F5,SYNTHETIC_DEMO
1000,530100,CESD00301,ESD001,2025,2,16748285.13,16898539.69,F5,SYNTHETIC_DEMO
1000,530100,CESD00301,ESD001,2025,3,16585109.94,16242369.88,F5,SYNTHETIC_DEMO
1000,530100,CESD00301,ESD001,2025,4,16344861.84,17116969.21,F5,SYNTHETIC_DEMO
1000,530100,CESD00301,ESD001,2025,5,17042160.29,16986394.3,F5,SYNTHETIC_DEMO
1000,530100,CESD00301,ESD001,2025,6,16926641.68,16744818.51,F5,SYNTHETIC_DEMO
1000,530100,CESD00301,ESD001,2025,7,15536192.9,15320286.54,F5,SYNTHETIC_DEMO
1000,530100,CESD00301,ESD001,2025,8,16831056.85,17041443.47,F5,SYNTHETIC_DEMO
1000,530100,CESD00301,ESD001,2025,9,17500907.5,17459487.26,F5,SYNTHETIC_DEMO
1000,530100,CESD00301,ESD001,2025,10,15543537.01,15680907.64,F5,SYNTHETIC_DEMO
1000,530100,CESD00301,ESD001,2025,11,15987140.05,16488431.49,F5,SYNTHETIC_DEMO
1000,530100,CESD00301,ESD001,2025,12,15775257.42,16372970.5,F5,SYNTHETIC_DEMO
1000,540100,CESD00302,ESD002,2025,1,19089663.06,19830034.86,F5,SYNTHETIC_DEMO
1000,540100,CESD00302,ESD002,2025,2,18207208.06,18564539.27,F5,SYNTHETIC_DEMO
1000,540100,CESD00302,ESD002,2025,3,18899858.14,18950395.43,F5,SYNTHETIC_DEMO
1000,540100,CESD00302,ESD002,2025,4,18297446.15,19172536.25,F5,SYNTHETIC_DEMO
1000,540100,CESD00302,ESD002,2025,5,18803945.02,19555642.19,F5,SYNTHETIC_DEMO
1000,540100,CESD00302,ESD002,2025,6,18964111.53,18808094.11,F5,SYNTHETIC_DEMO
1000,540100,CESD00302,ESD002,2025,7,18961460.73,18569302.57,F5,SYNTHETIC_DEMO
1000,540100,CESD00302,ESD002,2025,8,17083674.14,16962229.21,F5,SYNTHETIC_DEMO
1000,540100,CESD00302,ESD002,2025,9,17761956.62,17675774.55,F5,SYNTHETIC_DEMO
1000,540100,CESD00302,ESD002,2025,10,17658207.39,17503990.67,F5,SYNTHETIC_DEMO
1000,540100,CESD00302,ESD002,2025,11,16986350.65,17097650.7,F5,SYNTHETIC_DEMO
1000,540100,CESD00302,ESD002,2025,12,17863183.72,17959581.1,F5,SYNTHETIC_DEMO
1000,150100,CESD00103,ESD003,2025,1,10929186.64,11349674.21,F5,SYNTHETIC_DEMO
1000,150100,CESD00103,ESD003,2025,2,10895428.18,10995207.43,F5,SYNTHETIC_DEMO
1000,150100,CESD00103,ESD003,2025,3,10899984.09,10827776.07,F5,SYNTHETIC_DEMO
1000,150100,CESD00103,ESD003,2025,4,11247968.59,11434264.37,F5,SYNTHETIC_DEMO
1000,150100,CESD00103,ESD003,2025,5,10332380.01,10672668.07,F5,SYNTHETIC_DEMO
1000,150100,CESD00103,ESD003,2025,6,10132798.08,10601318.77,F5,SYNTHETIC_DEMO
1000,150100,CESD00103,ESD003,2025,7,11157497.78,11260940.82,F5,SYNTHETIC_DEMO
1000,150100,CESD00103,ESD003,2025,8,10745165.9,10914773.68,F5,SYNTHETIC_DEMO
1000,150100,CESD00103,ESD003,2025,9,10245973.26,10732591.66,F5,SYNTHETIC_DEMO
1000,150100,CESD00103,ESD003,2025,10,10107241.99,10554407.85,F5,SYNTHETIC_DEMO
1000,150100,CESD00103,ESD003,2025,11,10464507.5,10208433.21,F5,SYNTHETIC_DEMO
1000,150100,CESD00103,ESD003,2025,12,10703726.39,11222300.2,F5,SYNTHETIC_DEMO
1000,150200,CESD00302,ESD002,2025,1,2630819.15,2645605.32,F5,SYNTHETIC_DEMO
1000,150200,CESD00302,ESD002,2025,2,2719618.86,2819226.23,F5,SYNTHETIC_DEMO
1000,150200,CESD00302,ESD002,2025,3,2764195.49,2844638.28,F5,SYNTHETIC_DEMO
1000,150200,CESD00302,ESD002,2025,4,2438398.83,2375710.62,F5,SYNTHETIC_DEMO
1000,150200,CESD00302,ESD002,2025,5,2666918.59,2721996.93,F5,SYNTHETIC_DEMO
1000,150200,CESD00302,ESD002,2025,6,2746835.34,2774310.11,F5,SYNTHETIC_DEMO
1000,150200,CESD00302,ESD002,2025,7,2758324.22,2880771.88,F5,SYNTHETIC_DEMO
1000,150200,CESD00302,ESD002,2025,8,2758586.35,2769195.17,F5,SYNTHETIC_DEMO
1000,150200,CESD00302,ESD002,2025,9,2614620.71,2732879.56,F5,SYNTHETIC_DEMO
1000,150200,CESD00302,ESD002,2025,10,2770073.39,2887667.0,F5,SYNTHETIC_DEMO
1000,150200,CESD00302,ESD002,2025,11,2678337.37,2783660.61,F5,SYNTHETIC_DEMO
1000,150200,CESD00302,ESD002,2025,12,2779392.84,2871398.81,F5,SYNTHETIC_DEMO
1000,150300,CESD00203,ESD003,2025,1,9193146.89,9182638.42,F5,SYNTHETIC_DEMO
1000,150300,CESD00203,ESD003,2025,2,8262457.68,8232102.93,F5,SYNTHETIC_DEMO
1000,150300,CESD00203,ESD003,2025,3,8882779.81,8926199.41,F5,SYNTHETIC_DEMO
1000,150300,CESD00203,ESD003,2025,4,9296372.76,9227244.21,F5,SYNTHETIC_DEMO
1000,150300,CESD00203,ESD003,2025,5,9202247.45,9167499.67,F5,SYNTHETIC_DEMO
1000,150300,CESD00203,ESD003,2025,6,8455381.14,8446585.07,F5,SYNTHETIC_DEMO
1000,150300,CESD00203,ESD003,2025,7,8421254.18,8269765.76,F5,SYNTHETIC_DEMO
1000,150300,CESD00203,ESD003,2025,8,8738299.86,8573218.52,F5,SYNTHETIC_DEMO
1000,150300,CESD00203,ESD003,2025,9,8622424.07,8882087.23,F5,SYNTHETIC_DEMO
1000,150300,CESD00203,ESD003,2025,10,8968383.94,9052172.5,F5,SYNTHETIC_DEMO
1000,150300,CESD00203,ESD003,2025,11,8911667.99,9294221.39,F5,SYNTHETIC_DEMO
1000,150300,CESD00203,ESD003,2025,12,8442742.05,8542329.71,F5,SYNTHETIC_DEMO
1000,500100,CESD00102,ESD002,2025,1,9982040.21,10381408.81,F5,SYNTHETIC_DEMO
1000,500100,CESD00102,ESD002,2025,2,11374491.44,11342130.54,F5,SYNTHETIC_DEMO
1000,500100,CESD00102,ESD002,2025,3,11439458.19,11495573.99,F5,SYNTHETIC_DEMO
1000,500100,CESD00102,ESD002,2025,4,12577817.65,12525986.42,F5,SYNTHETIC_DEMO
1000,500100,CESD00102,ESD002,2025,5,13774977.96,13895341.84,F5,SYNTHETIC_DEMO
1000,500100,CESD00102,ESD002,2025,6,11480208.14,11145378.48,F5,SYNTHETIC_DEMO
1000,500100,CESD00102,ESD002,2025,7,10602988.58,10948913.38,F5,SYNTHETIC_DEMO
1000,500100,CESD00102,ESD002,2025,8,10142457.95,10043336.58,F5,SYNTHETIC_DEMO
1000,500100,CESD00102,ESD002,2025,9,11163763.0,11478982.87,F5,SYNTHETIC_DEMO
1000,500100,CESD00102,ESD002,2025,10,10338566.3,10480303.98,F5,SYNTHETIC_DEMO
1000,500100,CESD00102,ESD002,2025,11,10971003.61,10878115.26,F5,SYNTHETIC_DEMO
1000,500100,CESD00102,ESD002,2025,12,9815518.53,9849889.6,F5,SYNTHETIC_DEMO
1000,500200,CESD00303,ESD003,2025,1,3049759.22,3068321.93,F5,SYNTHETIC_DEMO
1000,500200,CESD00303,ESD003,2025,2,3104286.9,3253353.14,F5,SYNTHETIC_DEMO
1000,500200,CESD00303,ESD003,2025,3,2906723.68,2998767.39,F5,SYNTHETIC_DEMO
1000,500200,CESD00303,ESD003,2025,4,3304805.4,3409427.86,F5,SYNTHETIC_DEMO
1000,500200,CESD00303,ESD003,2025,5,3330143.92,3368823.31,F5,SYNTHETIC_DEMO
1000,500200,CESD00303,ESD003,2025,6,2839017.41,2816364.77,F5,SYNTHETIC_DEMO
1000,500200,CESD00303,ESD003,2025,7,2709793.96,2777540.81,F5,SYNTHETIC_DEMO
1000,500200,CESD00303,ESD003,2025,8,2862365.05,3001804.17,F5,SYNTHETIC_DEMO
1000,500200,CESD00303,ESD003,2025,9,2750133.08,2881843.61,F5,SYNTHETIC_DEMO
1000,500200,CESD00303,ESD003,2025,10,3109168.62,3206428.49,F5,SYNTHETIC_DEMO
1000,500200,CESD00303,ESD003,2025,11,2895937.8,3008672.42,F5,SYNTHETIC_DEMO
1000,500200,CESD00303,ESD003,2025,12,2767435.13,2788906.1,F5,SYNTHETIC_DEMO
1000,500300,CESD00302,ESD002,2025,1,14988625.72,15380884.14,F5,SYNTHETIC_DEMO
1000,500300,CESD00302,ESD002,2025,2,15836291.16,16059925.75,F5,SYNTHETIC_DEMO
1000,500300,CESD00302,ESD002,2025,3,15895001.03,15447364.93,F5,SYNTHETIC_DEMO
1000,500300,CESD00302,ESD002,2025,4,19071091.99,18993260.57,F5,SYNTHETIC_DEMO
1000,500300,CESD00302,ESD002,2025,5,17682675.23,17783664.65,F5,SYNTHETIC_DEMO
1000,500300,CESD00302,ESD002,2025,6,14605086.95,14631883.75,F5,SYNTHETIC_DEMO
1000,500300,CESD00302,ESD002,2025,7,13985132.83,13886120.83,F5,SYNTHETIC_DEMO
1000,500300,CESD00302,ESD002,2025,8,15800401.14,16479134.68,F5,SYNTHETIC_DEMO
1000,500300,CESD00302,ESD002,2025,9,14407477.93,14669450.27,F5,SYNTHETIC_DEMO
1000,500300,CESD00302,ESD002,2025,10,14558423.12,14793058.01,F5,SYNTHETIC_DEMO
1000,500300,CESD00302,ESD002,2025,11,14176642.51,13922009.14,F5,SYNTHETIC_DEMO
1000,500300,CESD00302,ESD002,2025,12,15389999.29,15902729.46,F5,SYNTHETIC_DEMO
1000,510100,CESD00303,ESD003,2025,1,11701655.44,11886866.36,F5,SYNTHETIC_DEMO
1000,510100,CESD00303,ESD003,2025,2,12558488.19,12366355.55,F5,SYNTHETIC_DEMO
1000,510100,CESD00303,ESD003,2025,3,12467167.56,12597604.0,F5,SYNTHETIC_DEMO
1000,510100,CESD00303,ESD003,2025,4,11434379.14,11143107.95,F5,SYNTHETIC_DEMO
1000,510100,CESD00303,ESD003,2025,5,12612560.81,12525947.04,F5,SYNTHETIC_DEMO
1000,510100,CESD00303,ESD003,2025,6,11807832.28,11953751.57,F5,SYNTHETIC_DEMO
1000,510100,CESD00303,ESD003,2025,7,11988547.87,12105250.49,F5,SYNTHETIC_DEMO
1000,510100,CESD00303,ESD003,2025,8,12934518.22,12698986.85,F5,SYNTHETIC_DEMO
1000,510100,CESD00303,ESD003,2025,9,11204005.45,11430017.47,F5,SYNTHETIC_DEMO
1000,510100,CESD00303,ESD003,2025,10,11401716.3,11968575.32,F5,SYNTHETIC_DEMO
1000,510100,CESD00303,ESD003,2025,11,11591135.02,11600553.08,F5,SYNTHETIC_DEMO
1000,510100,CESD00303,ESD003,2025,12,12763355.13,13375201.61,F5,SYNTHETIC_DEMO
1000,520100,CESD00103,ESD003,2025,1,5498605.83,5354210.57,F5,SYNTHETIC_DEMO
1000,520100,CESD00103,ESD003,2025,2,5324522.47,5336643.85,F5,SYNTHETIC_DEMO
1000,520100,CESD00103,ESD003,2025,3,5261482.88,5518762.1,F5,SYNTHETIC_DEMO
1000,520100,CESD00103,ESD003,2025,4,5355678.64,5587324.15,F5,SYNTHETIC_DEMO
1000,520100,CESD00103,ESD003,2025,5,5457785.29,5565539.93,F5,SYNTHETIC_DEMO
1000,520100,CESD00103,ESD003,2025,6,5595290.05,5681408.13,F5,SYNTHETIC_DEMO
1000,520100,CESD00103,ESD003,2025,7,5057973.01,4906959.15,F5,SYNTHETIC_DEMO
1000,520100,CESD00103,ESD003,2025,8,5444422.54,5638773.74,F5,SYNTHETIC_DEMO
1000,520100,CESD00103,ESD003,2025,9,5426428.65,5560996.64,F5,SYNTHETIC_DEMO
1000,520100,CESD00103,ESD003,2025,10,5349606.28,5372575.24,F5,SYNTHETIC_DEMO
1000,520100,CESD00103,ESD003,2025,11,5705147.4,5767103.4,F5,SYNTHETIC_DEMO
1000,520100,CESD00103,ESD003,2025,12,5350710.29,5273958.11,F5,SYNTHETIC_DEMO
1000,520200,CESD00302,ESD002,2025,1,9698945.77,9994562.91,F5,SYNTHETIC_DEMO
1000,520200,CESD00302,ESD002,2025,2,9168710.6,9011357.33,F5,SYNTHETIC_DEMO
1000,520200,CESD00302,ESD002,2025,3,9563269.22,9586611.13,F5,SYNTHETIC_DEMO
1000,520200,CESD00302,ESD002,2025,4,9969450.29,9997662.74,F5,SYNTHETIC_DEMO
1000,520200,CESD00302,ESD002,2025,5,10416307.57,10199577.3,F5,SYNTHETIC_DEMO
1000,520200,CESD00302,ESD002,2025,6,10370412.95,10675701.54,F5,SYNTHETIC_DEMO
1000,520200,CESD00302,ESD002,2025,7,10026026.12,9802235.58,F5,SYNTHETIC_DEMO
1000,520200,CESD00302,ESD002,2025,8,10541487.04,10612658.53,F5,SYNTHETIC_DEMO
1000,520200,CESD00302,ESD002,2025,9,10647952.37,10872599.58,F5,SYNTHETIC_DEMO
1000,520200,CESD00302,ESD002,2025,10,10083131.66,10338190.59,F5,SYNTHETIC_DEMO
1000,520200,CESD00302,ESD002,2025,11,10350983.45,10122897.24,F5,SYNTHETIC_DEMO
1000,520200,CESD00302,ESD002,2025,12,9684624.19,9959737.2,F5,SYNTHETIC_DEMO
1000,530100,CESD00302,ESD002,2025,1,3355222.22,3397471.21,F5,SYNTHETIC_DEMO
1000,530100,CESD00302,ESD002,2025,2,3461961.57,3610208.17,F5,SYNTHETIC_DEMO
1000,530100,CESD00302,ESD002,2025,3,3728346.14,3710119.52,F5,SYNTHETIC_DEMO
1000,530100,CESD00302,ESD002,2025,4,3762681.42,3921914.34,F5,SYNTHETIC_DEMO
1000,530100,CESD00302,ESD002,2025,5,3413813.31,3559295.02,F5,SYNTHETIC_DEMO
1000,530100,CESD00302,ESD002,2025,6,3512663.0,3558389.04,F5,SYNTHETIC_DEMO
1000,530100,CESD00302,ESD002,2025,7,3752213.46,3882320.26,F5,SYNTHETIC_DEMO
1000,530100,CESD00302,ESD002,2025,8,3661074.61,3826411.23,F5,SYNTHETIC_DEMO
1000,530100,CESD00302,ESD002,2025,9,3625644.21,3773209.44,F5,SYNTHETIC_DEMO
1000,530100,CESD00302,ESD002,2025,10,3385398.95,3487498.11,F5,SYNTHETIC_DEMO
1000,530100,CESD00302,ESD002,2025,11,3597721.71,3570522.52,F5,SYNTHETIC_DEMO
1000,530100,CESD00302,ESD002,2025,12,3375378.96,3413382.94,F5,SYNTHETIC_DEMO
1000,540100,CESD00202,ESD002,2025,1,10471146.36,10684469.74,F5,SYNTHETIC_DEMO
1000,540100,CESD00202,ESD002,2025,2,10824812.78,11145439.43,F5,SYNTHETIC_DEMO
1000,540100,CESD00202,ESD002,2025,3,10206258.88,10154896.21,F5,SYNTHETIC_DEMO
1000,540100,CESD00202,ESD002,2025,4,10423055.51,10865616.52,F5,SYNTHETIC_DEMO
1000,540100,CESD00202,ESD002,2025,5,10892286.7,11427691.31,F5,SYNTHETIC_DEMO
1000,540100,CESD00202,ESD002,2025,6,9732857.71,9709852.86,F5,SYNTHETIC_DEMO
1000,540100,CESD00202,ESD002,2025,7,10707621.18,10839526.69,F5,SYNTHETIC_DEMO
1000,540100,CESD00202,ESD002,2025,8,10994245.17,10777432.24,F5,SYNTHETIC_DEMO
1000,540100,CESD00202,ESD002,2025,9,9886136.44,9855932.77,F5,SYNTHETIC_DEMO
1000,540100,CESD00202,ESD002,2025,10,10860894.38,11223669.9,F5,SYNTHETIC_DEMO
1000,540100,CESD00202,ESD002,2025,11,10609506.47,10379452.89,F5,SYNTHETIC_DEMO
1000,540100,CESD00202,ESD002,2025,12,10250473.49,9990018.76,F5,SYNTHETIC_DEMO
1000,150100,CESD00301,ESD001,2025,1,16725739.82,17302367.4,F5,SYNTHETIC_DEMO
1000,150100,CESD00301,ESD001,2025,2,16804316.33,17373432.88,F5,SYNTHETIC_DEMO
1000,150100,CESD00301,ESD001,2025,3,16907607.97,16793706.1,F5,SYNTHETIC_DEMO
1000,150100,CESD00301,ESD001,2025,4,16329272.1,16514826.03,F5,SYNTHETIC_DEMO
1000,150100,CESD00301,ESD001,2025,5,16231543.41,15751156.42,F5,SYNTHETIC_DEMO
1000,150100,CESD00301,ESD001,2025,6,17784517.89,18048636.54,F5,SYNTHETIC_DEMO
1000,150100,CESD00301,ESD001,2025,7,18656222.87,18926939.48,F5,SYNTHETIC_DEMO
1000,150100,CESD00301,ESD001,2025,8,16298955.32,16511558.56,F5,SYNTHETIC_DEMO
1000,150100,CESD00301,ESD001,2025,9,18690110.56,18922174.19,F5,SYNTHETIC_DEMO
1000,150100,CESD00301,ESD001,2025,10,16545350.53,16270048.77,F5,SYNTHETIC_DEMO
1000,150100,CESD00301,ESD001,2025,11,16459490.45,16655208.9,F5,SYNTHETIC_DEMO
1000,150100,CESD00301,ESD001,2025,12,18233057.28,18854678.18,F5,SYNTHETIC_DEMO
1000,150200,CESD00303,ESD003,2025,1,10801066.92,10646994.18,F5,SYNTHETIC_DEMO
1000,150200,CESD00303,ESD003,2025,2,11591093.47,11743803.52,F5,SYNTHETIC_DEMO
1000,150200,CESD00303,ESD003,2025,3,11293526.79,11818141.65,F5,SYNTHETIC_DEMO
1000,150200,CESD00303,ESD003,2025,4,11257347.02,11016521.53,F5,SYNTHETIC_DEMO
1000,150200,CESD00303,ESD003,2025,5,10621884.09,10351716.48,F5,SYNTHETIC_DEMO
1000,150200,CESD00303,ESD003,2025,6,11166178.26,11277821.21,F5,SYNTHETIC_DEMO
1000,150200,CESD00303,ESD003,2025,7,11498042.7,11487087.79,F5,SYNTHETIC_DEMO
1000,150200,CESD00303,ESD003,2025,8,10721583.94,10927352.66,F5,SYNTHETIC_DEMO
1000,150200,CESD00303,ESD003,2025,9,11480089.56,11453647.64,F5,SYNTHETIC_DEMO
1000,150200,CESD00303,ESD003,2025,10,11119711.33,11417022.21,F5,SYNTHETIC_DEMO
1000,150200,CESD00303,ESD003,2025,11,11241800.78,11108562.41,F5,SYNTHETIC_DEMO
1000,150200,CESD00303,ESD003,2025,12,11486018.07,11996859.98,F5,SYNTHETIC_DEMO
1000,150300,CESD00204,ESD004,2025,1,3815802.21,3733325.61,F5,SYNTHETIC_DEMO
1000,150300,CESD00204,ESD004,2025,2,4016782.61,4208622.72,F5,SYNTHETIC_DEMO
1000,150300,CESD00204,ESD004,2025,3,3464868.91,3500394.95,F5,SYNTHETIC_DEMO
1000,150300,CESD00204,ESD004,2025,4,3580060.26,3690027.63,F5,SYNTHETIC_DEMO
1000,150300,CESD00204,ESD004,2025,5,3648653.49,3748846.61,F5,SYNTHETIC_DEMO
1000,150300,CESD00204,ESD004,2025,6,3971728.54,4147081.85,F5,SYNTHETIC_DEMO
1000,150300,CESD00204,ESD004,2025,7,3658675.35,3678909.74,F5,SYNTHETIC_DEMO
1000,150300,CESD00204,ESD004,2025,8,3742502.54,3760655.48,F5,SYNTHETIC_DEMO
1000,150300,CESD00204,ESD004,2025,9,3947513.67,3960407.59,F5,SYNTHETIC_DEMO
1000,150300,CESD00204,ESD004,2025,10,3848653.84,3791554.61,F5,SYNTHETIC_DEMO
1000,150300,CESD00204,ESD004,2025,11,3943352.64,4097430.59,F5,SYNTHETIC_DEMO
1000,150300,CESD00204,ESD004,2025,12,3764602.93,3946743.02,F5,SYNTHETIC_DEMO
1100,500100,CGX000201,GX001,2025,1,7876064.9,7977554.72,F5,SYNTHETIC_DEMO
1100,500100,CGX000201,GX001,2025,2,8164002.04,7938385.96,F5,SYNTHETIC_DEMO
1100,500100,CGX000201,GX001,2025,3,7199748.37,7530872.43,F5,SYNTHETIC_DEMO
1100,500100,CGX000201,GX001,2025,4,9698747.65,9503609.44,F5,SYNTHETIC_DEMO
1100,500100,CGX000201,GX001,2025,5,8753850.71,8656034.01,F5,SYNTHETIC_DEMO
1100,500100,CGX000201,GX001,2025,6,8249811.4,8187916.5,F5,SYNTHETIC_DEMO
1100,500100,CGX000201,GX001,2025,7,7286781.41,7554842.91,F5,SYNTHETIC_DEMO
1100,500100,CGX000201,GX001,2025,8,7706057.47,7523404.89,F5,SYNTHETIC_DEMO
1100,500100,CGX000201,GX001,2025,9,7576455.86,7665325.27,F5,SYNTHETIC_DEMO
1100,500100,CGX000201,GX001,2025,10,7576968.92,7883234.82,F5,SYNTHETIC_DEMO
1100,500100,CGX000201,GX001,2025,11,7393009.7,7172115.65,F5,SYNTHETIC_DEMO
1100,500100,CGX000201,GX001,2025,12,7867160.25,7632089.47,F5,SYNTHETIC_DEMO
1100,500200,CGX000201,GX001,2025,1,15345118.6,15924980.98,F5,SYNTHETIC_DEMO
1100,500200,CGX000201,GX001,2025,2,14700661.77,14427744.41,F5,SYNTHETIC_DEMO
1100,500200,CGX000201,GX001,2025,3,15641721.69,16100951.62,F5,SYNTHETIC_DEMO
1100,500200,CGX000201,GX001,2025,4,19929567.45,19685573.46,F5,SYNTHETIC_DEMO
1100,500200,CGX000201,GX001,2025,5,19381186.36,19605126.91,F5,SYNTHETIC_DEMO
1100,500200,CGX000201,GX001,2025,6,17029812.41,17847891.25,F5,SYNTHETIC_DEMO
1100,500200,CGX000201,GX001,2025,7,15996216.68,15722253.14,F5,SYNTHETIC_DEMO
1100,500200,CGX000201,GX001,2025,8,16745009.67,16538297.47,F5,SYNTHETIC_DEMO
1100,500200,CGX000201,GX001,2025,9,15436062.15,15108301.78,F5,SYNTHETIC_DEMO
1100,500200,CGX000201,GX001,2025,10,16849820.4,16494367.18,F5,SYNTHETIC_DEMO
1100,500200,CGX000201,GX001,2025,11,16240090.66,16611070.49,F5,SYNTHETIC_DEMO
1100,500200,CGX000201,GX001,2025,12,16919947.47,16906239.27,F5,SYNTHETIC_DEMO
1100,500300,CGX000301,GX001,2025,1,3412091.54,3385393.46,F5,SYNTHETIC_DEMO
1100,500300,CGX000301,GX001,2025,2,3482542.27,3629917.54,F5,SYNTHETIC_DEMO
1100,500300,CGX000301,GX001,2025,3,3581208.39,3570929.63,F5,SYNTHETIC_DEMO
1100,500300,CGX000301,GX001,2025,4,4455017.46,4582651.63,F5,SYNTHETIC_DEMO
1100,500300,CGX000301,GX001,2025,5,4630662.92,4736572.98,F5,SYNTHETIC_DEMO
1100,500300,CGX000301,GX001,2025,6,3655607.55,3611895.75,F5,SYNTHETIC_DEMO
1100,500300,CGX000301,GX001,2025,7,3803447.06,3920736.04,F5,SYNTHETIC_DEMO
1100,500300,CGX000301,GX001,2025,8,3571673.51,3652276.12,F5,SYNTHETIC_DEMO
1100,500300,CGX000301,GX001,2025,9,3658528.34,3835494.82,F5,SYNTHETIC_DEMO
1100,500300,CGX000301,GX001,2025,10,3939312.86,3962824.77,F5,SYNTHETIC_DEMO
1100,500300,CGX000301,GX001,2025,11,3587820.67,3493321.39,F5,SYNTHETIC_DEMO
1100,500300,CGX000301,GX001,2025,12,3624987.41,3789140.9,F5,SYNTHETIC_DEMO
1100,510100,CGX000101,GX001,2025,1,4013548.33,3986941.05,F5,SYNTHETIC_DEMO
1100,510100,CGX000101,GX001,2025,2,3652458.41,3667251.78,F5,SYNTHETIC_DEMO
1100,510100,CGX000101,GX001,2025,3,3704309.69,3714883.57,F5,SYNTHETIC_DEMO
1100,510100,CGX000101,GX001,2025,4,4152453.39,4352356.83,F5,SYNTHETIC_DEMO
1100,510100,CGX000101,GX001,2025,5,4232957.91,4174344.11,F5,SYNTHETIC_DEMO
1100,510100,CGX000101,GX001,2025,6,3670715.22,3824245.62,F5,SYNTHETIC_DEMO
1100,510100,CGX000101,GX001,2025,7,3774519.26,3811808.98,F5,SYNTHETIC_DEMO
1100,510100,CGX000101,GX001,2025,8,3838831.33,4000084.37,F5,SYNTHETIC_DEMO
1100,510100,CGX000101,GX001,2025,9,3844360.56,3880243.63,F5,SYNTHETIC_DEMO
1100,510100,CGX000101,GX001,2025,10,3795405.74,3971853.75,F5,SYNTHETIC_DEMO
1100,510100,CGX000101,GX001,2025,11,3766973.13,3929367.38,F5,SYNTHETIC_DEMO
1100,510100,CGX000101,GX001,2025,12,3866048.91,3861168.59,F5,SYNTHETIC_DEMO
1100,520100,CGX000301,GX001,2025,1,5890462.19,5950726.27,F5,SYNTHETIC_DEMO
1100,520100,CGX000301,GX001,2025,2,5773341.88,5814325.02,F5,SYNTHETIC_DEMO
1100,520100,CGX000301,GX001,2025,3,5850294.66,5895023.61,F5,SYNTHETIC_DEMO
1100,520100,CGX000301,GX001,2025,4,6646540.43,6818918.87,F5,SYNTHETIC_DEMO
1100,520100,CGX000301,GX001,2025,5,5959698.06,6106994.1,F5,SYNTHETIC_DEMO
1100,520100,CGX000301,GX001,2025,6,5720925.72,5619232.67,F5,SYNTHETIC_DEMO
1100,520100,CGX000301,GX001,2025,7,6184722.38,6002127.09,F5,SYNTHETIC_DEMO
1100,520100,CGX000301,GX001,2025,8,5914612.15,5827627.99,F5,SYNTHETIC_DEMO
1100,520100,CGX000301,GX001,2025,9,6345043.23,6329317.48,F5,SYNTHETIC_DEMO
1100,520100,CGX000301,GX001,2025,10,6283482.3,6379413.97,F5,SYNTHETIC_DEMO
1100,520100,CGX000301,GX001,2025,11,5904566.69,6003629.36,F5,SYNTHETIC_DEMO
1100,520100,CGX000301,GX001,2025,12,6158107.76,6412310.84,F5,SYNTHETIC_DEMO
1100,520200,CGX000201,GX001,2025,1,2321320.8,2384369.55,F5,SYNTHETIC_DEMO
1100,520200,CGX000201,GX001,2025,2,2282637.15,2309444.43,F5,SYNTHETIC_DEMO
1100,520200,CGX000201,GX001,2025,3,2249215.29,2318641.67,F5,SYNTHETIC_DEMO
1100,520200,CGX000201,GX001,2025,4,2062055.58,2105240.48,F5,SYNTHETIC_DEMO
1100,520200,CGX000201,GX001,2025,5,2082807.2,2083790.3,F5,SYNTHETIC_DEMO
1100,520200,CGX000201,GX001,2025,6,2248259.96,2191179.63,F5,SYNTHETIC_DEMO
1100,520200,CGX000201,GX001,2025,7,2130254.24,2212996.64,F5,SYNTHETIC_DEMO
1100,520200,CGX000201,GX001,2025,8,2133286.09,2129162.22,F5,SYNTHETIC_DEMO
1100,520200,CGX000201,GX001,2025,9,2094189.14,2136319.23,F5,SYNTHETIC_DEMO
1100,520200,CGX000201,GX001,2025,10,2041912.5,2113207.66,F5,SYNTHETIC_DEMO
1100,520200,CGX000201,GX001,2025,11,2080362.54,2097573.83,F5,SYNTHETIC_DEMO
1100,520200,CGX000201,GX001,2025,12,2355231.03,2373999.13,F5,SYNTHETIC_DEMO
1100,530100,CGX000201,GX001,2025,1,8421003.02,8185936.18,F5,SYNTHETIC_DEMO
1100,530100,CGX000201,GX001,2025,2,7634616.39,7809720.93,F5,SYNTHETIC_DEMO
1100,530100,CGX000201,GX001,2025,3,8387932.98,8290401.19,F5,SYNTHETIC_DEMO
1100,530100,CGX000201,GX001,2025,4,8412416.9,8778395.64,F5,SYNTHETIC_DEMO
1100,530100,CGX000201,GX001,2025,5,7708534.15,7490655.45,F5,SYNTHETIC_DEMO
1100,530100,CGX000201,GX001,2025,6,7656442.8,7642296.96,F5,SYNTHETIC_DEMO
1100,530100,CGX000201,GX001,2025,7,7549596.51,7735160.58,F5,SYNTHETIC_DEMO
1100,530100,CGX000201,GX001,2025,8,7731137.12,8034303.37,F5,SYNTHETIC_DEMO
1100,530100,CGX000201,GX001,2025,9,8442772.04,8384571.29,F5,SYNTHETIC_DEMO
1100,530100,CGX000201,GX001,2025,10,8161961.31,8237752.59,F5,SYNTHETIC_DEMO
1100,530100,CGX000201,GX001,2025,11,8549467.43,8665161.31,F5,SYNTHETIC_DEMO
1100,530100,CGX000201,GX001,2025,12,8602029.62,8692541.51,F5,SYNTHETIC_DEMO
1100,540100,CGX000101,GX001,2025,1,4420769.22,4318519.71,F5,SYNTHETIC_DEMO
1100,540100,CGX000101,GX001,2025,2,4282857.65,4156098.74,F5,SYNTHETIC_DEMO
1100,540100,CGX000101,GX001,2025,3,4367281.53,4439383.95,F5,SYNTHETIC_DEMO
1100,540100,CGX000101,GX001,2025,4,4292002.03,4478530.77,F5,SYNTHETIC_DEMO
1100,540100,CGX000101,GX001,2025,5,4358492.1,4269336.64,F5,SYNTHETIC_DEMO
1100,540100,CGX000101,GX001,2025,6,4851538.12,4765074.47,F5,SYNTHETIC_DEMO
1100,540100,CGX000101,GX001,2025,7,4494394.49,4679219.24,F5,SYNTHETIC_DEMO
1100,540100,CGX000101,GX001,2025,8,4432432.89,4650267.17,F5,SYNTHETIC_DEMO
1100,540100,CGX000101,GX001,2025,9,4990357.73,4889830.25,F5,SYNTHETIC_DEMO
1100,540100,CGX000101,GX001,2025,10,4415339.94,4284385.33,F5,SYNTHETIC_DEMO
1100,540100,CGX000101,GX001,2025,11,4922775.37,5047274.0,F5,SYNTHETIC_DEMO
1100,540100,CGX000101,GX001,2025,12,4733106.59,4902861.89,F5,SYNTHETIC_DEMO
1100,150100,CGX000301,GX001,2025,1,3568458.75,3497861.83,F5,SYNTHETIC_DEMO
1100,150100,CGX000301,GX001,2025,2,3880346.04,4063648.15,F5,SYNTHETIC_DEMO
1100,150100,CGX000301,GX001,2025,3,3846332.88,3992428.64,F5,SYNTHETIC_DEMO
1100,150100,CGX000301,GX001,2025,4,3891225.72,4011989.58,F5,SYNTHETIC_DEMO
1100,150100,CGX000301,GX001,2025,5,3714946.99,3672455.42,F5,SYNTHETIC_DEMO
1100,150100,CGX000301,GX001,2025,6,4081978.86,4153009.14,F5,SYNTHETIC_DEMO
1100,150100,CGX000301,GX001,2025,7,3525507.71,3656731.14,F5,SYNTHETIC_DEMO
1100,150100,CGX000301,GX001,2025,8,3740101.31,3882723.79,F5,SYNTHETIC_DEMO
1100,150100,CGX000301,GX001,2025,9,3889013.34,3855021.74,F5,SYNTHETIC_DEMO
1100,150100,CGX000301,GX001,2025,10,3978428.2,3944018.73,F5,SYNTHETIC_DEMO
1100,150100,CGX000301,GX001,2025,11,4085774.0,4251206.24,F5,SYNTHETIC_DEMO
1100,150100,CGX000301,GX001,2025,12,4100694.67,4154987.05,F5,SYNTHETIC_DEMO
1100,150200,CGX000201,GX001,2025,1,9765479.15,9658345.22,F5,SYNTHETIC_DEMO
1100,150200,CGX000201,GX001,2025,2,9837295.29,10089181.51,F5,SYNTHETIC_DEMO
1100,150200,CGX000201,GX001,2025,3,8904229.3,8728053.67,F5,SYNTHETIC_DEMO
1100,150200,CGX000201,GX001,2025,4,8849452.33,8805126.73,F5,SYNTHETIC_DEMO
1100,150200,CGX000201,GX001,2025,5,8504108.92,8763161.23,F5,SYNTHETIC_DEMO
1100,150200,CGX000201,GX001,2025,6,9178413.67,9284613.23,F5,SYNTHETIC_DEMO
1100,150200,CGX000201,GX001,2025,7,8830506.99,9177469.13,F5,SYNTHETIC_DEMO
1100,150200,CGX000201,GX001,2025,8,8785155.2,9143870.41,F5,SYNTHETIC_DEMO
1100,150200,CGX000201,GX001,2025,9,9064225.27,9245714.82,F5,SYNTHETIC_DEMO
1100,150200,CGX000201,GX001,2025,10,9791486.01,10137117.94,F5,SYNTHETIC_DEMO
1100,150200,CGX000201,GX001,2025,11,8738965.71,8866973.39,F5,SYNTHETIC_DEMO
1100,150200,CGX000201,GX001,2025,12,9118190.76,9541689.46,F5,SYNTHETIC_DEMO
1100,150300,CGX000201,GX001,2025,1,9071494.09,9374213.86,F5,SYNTHETIC_DEMO
1100,150300,CGX000201,GX001,2025,2,9022194.88,9118602.59,F5,SYNTHETIC_DEMO
1100,150300,CGX000201,GX001,2025,3,8792582.83,8955375.03,F5,SYNTHETIC_DEMO
1100,150300,CGX000201,GX001,2025,4,8823973.99,8588136.48,F5,SYNTHETIC_DEMO
1100,150300,CGX000201,GX001,2025,5,8452244.55,8422651.95,F5,SYNTHETIC_DEMO
1100,150300,CGX000201,GX001,2025,6,9047451.62,8941105.93,F5,SYNTHETIC_DEMO
1100,150300,CGX000201,GX001,2025,7,9054774.04,9113650.28,F5,SYNTHETIC_DEMO
1100,150300,CGX000201,GX001,2025,8,9113085.66,9371359.65,F5,SYNTHETIC_DEMO
1100,150300,CGX000201,GX001,2025,9,9172439.96,9412452.92,F5,SYNTHETIC_DEMO
1100,150300,CGX000201,GX001,2025,10,8912491.92,8905515.59,F5,SYNTHETIC_DEMO
1100,150300,CGX000201,GX001,2025,11,8305160.54,8283704.52,F5,SYNTHETIC_DEMO
1100,150300,CGX000201,GX001,2025,12,8024969.24,7938022.71,F5,SYNTHETIC_DEMO
1100,500100,CGX000301,GX001,2025,1,18941286.65,19443835.93,F5,SYNTHETIC_DEMO
1100,500100,CGX000301,GX001,2025,2,18599749.2,18240352.1,F5,SYNTHETIC_DEMO
1100,500100,CGX000301,GX001,2025,3,18745005.33,18612692.24,F5,SYNTHETIC_DEMO
1100,500100,CGX000301,GX001,2025,4,22210817.54,23312463.16,F5,SYNTHETIC_DEMO
1100,500100,CGX000301,GX001,2025,5,21777469.88,22524744.27,F5,SYNTHETIC_DEMO
1100,500100,CGX000301,GX001,2025,6,19260096.26,20183429.22,F5,SYNTHETIC_DEMO
1100,500100,CGX000301,GX001,2025,7,19509621.96,19595973.38,F5,SYNTHETIC_DEMO
1100,500100,CGX000301,GX001,2025,8,18470883.05,19370224.6,F5,SYNTHETIC_DEMO
1100,500100,CGX000301,GX001,2025,9,20288074.83,20146969.38,F5,SYNTHETIC_DEMO
1100,500100,CGX000301,GX001,2025,10,19336195.11,18974651.67,F5,SYNTHETIC_DEMO
1100,500100,CGX000301,GX001,2025,11,20229731.24,20346773.12,F5,SYNTHETIC_DEMO
1100,500100,CGX000301,GX001,2025,12,19133835.01,19245490.96,F5,SYNTHETIC_DEMO
1100,500200,CGX000301,GX001,2025,1,17842520.44,18240437.79,F5,SYNTHETIC_DEMO
1100,500200,CGX000301,GX001,2025,2,17294054.58,17794149.83,F5,SYNTHETIC_DEMO
1100,500200,CGX000301,GX001,2025,3,16676377.66,16823730.63,F5,SYNTHETIC_DEMO
1100,500200,CGX000301,GX001,2025,4,22945909.4,22316149.96,F5,SYNTHETIC_DEMO
1100,500200,CGX000301,GX001,2025,5,20614493.89,20139419.25,F5,SYNTHETIC_DEMO
1100,500200,CGX000301,GX001,2025,6,18843884.13,19114546.12,F5,SYNTHETIC_DEMO
1100,500200,CGX000301,GX001,2025,7,18844184.13,18560304.13,F5,SYNTHETIC_DEMO
1100,500200,CGX000301,GX001,2025,8,17590466.56,17307295.17,F5,SYNTHETIC_DEMO
1100,500200,CGX000301,GX001,2025,9,18328431.21,17891755.38,F5,SYNTHETIC_DEMO
1100,500200,CGX000301,GX001,2025,10,17387655.25,17630516.64,F5,SYNTHETIC_DEMO
1100,500200,CGX000301,GX001,2025,11,17542467.1,17460563.89,F5,SYNTHETIC_DEMO
1100,500200,CGX000301,GX001,2025,12,16471369.45,16468078.76,F5,SYNTHETIC_DEMO
1100,500300,CGX000101,GX001,2025,1,13705189.3,13852574.09,F5,SYNTHETIC_DEMO
1100,500300,CGX000101,GX001,2025,2,14611546.7,15235180.74,F5,SYNTHETIC_DEMO
1100,500300,CGX000101,GX001,2025,3,14014100.05,13631686.9,F5,SYNTHETIC_DEMO
1100,500300,CGX000101,GX001,2025,4,16514463.35,16958088.69,F5,SYNTHETIC_DEMO
1100,500300,CGX000101,GX001,2025,5,16304523.68,15987018.15,F5,SYNTHETIC_DEMO
1100,500300,CGX000101,GX001,2025,6,13726547.24,13677850.44,F5,SYNTHETIC_DEMO
1100,500300,CGX000101,GX001,2025,7,14681274.38,14812455.47,F5,SYNTHETIC_DEMO
1100,500300,CGX000101,GX001,2025,8,14747584.04,14990560.56,F5,SYNTHETIC_DEMO
1100,500300,CGX000101,GX001,2025,9,14836716.87,15248832.77,F5,SYNTHETIC_DEMO
1100,500300,CGX000101,GX001,2025,10,13315028.6,13588908.73,F5,SYNTHETIC_DEMO
1100,500300,CGX000101,GX001,2025,11,15041315.1,15384650.23,F5,SYNTHETIC_DEMO
1100,500300,CGX000101,GX001,2025,12,14865913.43,14618831.21,F5,SYNTHETIC_DEMO
1100,510100,CGX000102,GX002,2025,1,10500096.4,10427265.39,F5,SYNTHETIC_DEMO
1100,510100,CGX000102,GX002,2025,2,10910039.66,11281194.9,F5,SYNTHETIC_DEMO
1100,510100,CGX000102,GX002,2025,3,11018776.79,10997749.69,F5,SYNTHETIC_DEMO
1100,510100,CGX000102,GX002,2025,4,10232613.39,10581386.62,F5,SYNTHETIC_DEMO
1100,510100,CGX000102,GX002,2025,5,10999732.78,10890685.79,F5,SYNTHETIC_DEMO
1100,510100,CGX000102,GX002,2025,6,10657209.46,10736046.5,F5,SYNTHETIC_DEMO
1100,510100,CGX000102,GX002,2025,7,11336654.1,11649877.63,F5,SYNTHETIC_DEMO
1100,510100,CGX000102,GX002,2025,8,11207835.03,11713085.2,F5,SYNTHETIC_DEMO
1100,510100,CGX000102,GX002,2025,9,10748786.28,10997723.57,F5,SYNTHETIC_DEMO
1100,510100,CGX000102,GX002,2025,10,11219219.01,10938197.53,F5,SYNTHETIC_DEMO
1100,510100,CGX000102,GX002,2025,11,10048895.59,9862071.72,F5,SYNTHETIC_DEMO
1100,510100,CGX000102,GX002,2025,12,10371898.29,10691974.68,F5,SYNTHETIC_DEMO
1100,520100,CGX000101,GX001,2025,1,11445886.91,11629323.33,F5,SYNTHETIC_DEMO
1100,520100,CGX000101,GX001,2025,2,12656174.45,12556084.68,F5,SYNTHETIC_DEMO
1100,520100,CGX000101,GX001,2025,3,12759736.52,12933639.72,F5,SYNTHETIC_DEMO
1100,520100,CGX000101,GX001,2025,4,11451591.1,11684308.65,F5,SYNTHETIC_DEMO
1100,520100,CGX000101,GX001,2025,5,11535872.28,12096614.53,F5,SYNTHETIC_DEMO
1100,520100,CGX000101,GX001,2025,6,11751304.2,12326629.81,F5,SYNTHETIC_DEMO
1100,520100,CGX000101,GX001,2025,7,12208757.75,12140528.42,F5,SYNTHETIC_DEMO
1100,520100,CGX000101,GX001,2025,8,11197164.07,10873174.27,F5,SYNTHETIC_DEMO
1100,520100,CGX000101,GX001,2025,9,11517300.74,11388853.56,F5,SYNTHETIC_DEMO
1100,520100,CGX000101,GX001,2025,10,12431779.39,12343561.56,F5,SYNTHETIC_DEMO
1100,520100,CGX000101,GX001,2025,11,12684125.57,13308791.99,F5,SYNTHETIC_DEMO
1100,520100,CGX000101,GX001,2025,12,12319034.3,12551380.61,F5,SYNTHETIC_DEMO
1100,520200,CGX000301,GX001,2025,1,7617143.27,7444070.09,F5,SYNTHETIC_DEMO
1100,520200,CGX000301,GX001,2025,2,8487917.44,8825794.25,F5,SYNTHETIC_DEMO
1100,520200,CGX000301,GX001,2025,3,8275369.47,8476275.19,F5,SYNTHETIC_DEMO
1100,520200,CGX000301,GX001,2025,4,8768462.72,8604424.16,F5,SYNTHETIC_DEMO
1100,520200,CGX000301,GX001,2025,5,8935214.53,8964392.65,F5,SYNTHETIC_DEMO
1100,520200,CGX000301,GX001,2025,6,8268527.32,8532855.08,F5,SYNTHETIC_DEMO
1100,520200,CGX000301,GX001,2025,7,8434423.32,8334039.5,F5,SYNTHETIC_DEMO
1100,520200,CGX000301,GX001,2025,8,8487562.85,8307516.63,F5,SYNTHETIC_DEMO
1100,520200,CGX000301,GX001,2025,9,7645594.58,7574587.43,F5,SYNTHETIC_DEMO
1100,520200,CGX000301,GX001,2025,10,8148770.14,7993288.68,F5,SYNTHETIC_DEMO
1100,520200,CGX000301,GX001,2025,11,7806048.13,7928667.66,F5,SYNTHETIC_DEMO
1100,520200,CGX000301,GX001,2025,12,8451119.37,8376310.51,F5,SYNTHETIC_DEMO
1100,530100,CGX000202,GX002,2025,1,14929403.87,14721463.1,F5,SYNTHETIC_DEMO
1100,530100,CGX000202,GX002,2025,2,16281177.39,17044530.76,F5,SYNTHETIC_DEMO
1100,530100,CGX000202,GX002,2025,3,16396273.45,17197672.62,F5,SYNTHETIC_DEMO
1100,530100,CGX000202,GX002,2025,4,16108363.33,16698237.09,F5,SYNTHETIC_DEMO
1100,530100,CGX000202,GX002,2025,5,16999747.92,17361195.17,F5,SYNTHETIC_DEMO
1100,530100,CGX000202,GX002,2025,6,14985232.18,15534120.09,F5,SYNTHETIC_DEMO
1100,530100,CGX000202,GX002,2025,7,15566420.43,15811964.06,F5,SYNTHETIC_DEMO
1100,530100,CGX000202,GX002,2025,8,15798024.51,15768957.01,F5,SYNTHETIC_DEMO
1100,530100,CGX000202,GX002,2025,9,14875999.15,15486808.16,F5,SYNTHETIC_DEMO
1100,530100,CGX000202,GX002,2025,10,16237733.81,16494814.98,F5,SYNTHETIC_DEMO
1100,530100,CGX000202,GX002,2025,11,16822623.96,16513574.17,F5,SYNTHETIC_DEMO
1100,530100,CGX000202,GX002,2025,12,15752541.72,15915802.61,F5,SYNTHETIC_DEMO
1100,540100,CGX000102,GX002,2025,1,19913351.69,20071047.14,F5,SYNTHETIC_DEMO
1100,540100,CGX000102,GX002,2025,2,18791486.08,18348672.5,F5,SYNTHETIC_DEMO
1100,540100,CGX000102,GX002,2025,3,19641066.98,20170786.82,F5,SYNTHETIC_DEMO
1100,540100,CGX000102,GX002,2025,4,19841394.31,20650524.44,F5,SYNTHETIC_DEMO
1100,540100,CGX000102,GX002,2025,5,19214631.75,18910390.41,F5,SYNTHETIC_DEMO
1100,540100,CGX000102,GX002,2025,6,19182629.91,19028109.97,F5,SYNTHETIC_DEMO
1100,540100,CGX000102,GX002,2025,7,19299847.57,19046297.68,F5,SYNTHETIC_DEMO
1100,540100,CGX000102,GX002,2025,8,18189498.28,18038156.62,F5,SYNTHETIC_DEMO
1100,540100,CGX000102,GX002,2025,9,17780685.33,17899842.9,F5,SYNTHETIC_DEMO
1100,540100,CGX000102,GX002,2025,10,17721658.61,17935095.46,F5,SYNTHETIC_DEMO
1100,540100,CGX000102,GX002,2025,11,20486710.44,20906739.09,F5,SYNTHETIC_DEMO
1100,540100,CGX000102,GX002,2025,12,18380396.8,18060444.84,F5,SYNTHETIC_DEMO
1100,150100,CGX000302,GX002,2025,1,9873784.11,9863550.92,F5,SYNTHETIC_DEMO
1100,150100,CGX000302,GX002,2025,2,9128560.64,8886860.54,F5,SYNTHETIC_DEMO
1100,150100,CGX000302,GX002,2025,3,9915634.55,10133090.32,F5,SYNTHETIC_DEMO
1100,150100,CGX000302,GX002,2025,4,9492962.64,9766247.45,F5,SYNTHETIC_DEMO
1100,150100,CGX000302,GX002,2025,5,9914686.64,9864332.46,F5,SYNTHETIC_DEMO
1100,150100,CGX000302,GX002,2025,6,9668075.83,9788094.37,F5,SYNTHETIC_DEMO
1100,150100,CGX000302,GX002,2025,7,9336127.72,9386809.46,F5,SYNTHETIC_DEMO
1100,150100,CGX000302,GX002,2025,8,9177713.93,9263910.65,F5,SYNTHETIC_DEMO
1100,150100,CGX000302,GX002,2025,9,9345395.63,9446141.13,F5,SYNTHETIC_DEMO
1100,150100,CGX000302,GX002,2025,10,10714594.6,11217317.24,F5,SYNTHETIC_DEMO
1100,150100,CGX000302,GX002,2025,11,9339542.4,9174025.89,F5,SYNTHETIC_DEMO
1100,150100,CGX000302,GX002,2025,12,10386082.34,10203377.32,F5,SYNTHETIC_DEMO
1100,150200,CGX000101,GX001,2025,1,4983867.33,4903480.07,F5,SYNTHETIC_DEMO
1100,150200,CGX000101,GX001,2025,2,5217927.88,5402829.66,F5,SYNTHETIC_DEMO
1100,150200,CGX000101,GX001,2025,3,4776869.45,4647576.91,F5,SYNTHETIC_DEMO
1100,150200,CGX000101,GX001,2025,4,5321785.46,5456860.89,F5,SYNTHETIC_DEMO
1100,150200,CGX000101,GX001,2025,5,5143059.43,5291708.25,F5,SYNTHETIC_DEMO
1100,150200,CGX000101,GX001,2025,6,4952034.59,4899826.37,F5,SYNTHETIC_DEMO
1100,150200,CGX000101,GX001,2025,7,4885992.54,4949576.33,F5,SYNTHETIC_DEMO
1100,150200,CGX000101,GX001,2025,8,4677301.64,4801013.88,F5,SYNTHETIC_DEMO
1100,150200,CGX000101,GX001,2025,9,5098188.0,5352490.16,F5,SYNTHETIC_DEMO
1100,150200,CGX000101,GX001,2025,10,4906181.18,4808785.87,F5,SYNTHETIC_DEMO
1100,150200,CGX000101,GX001,2025,11,5317100.43,5266751.5,F5,SYNTHETIC_DEMO
1100,150200,CGX000101,GX001,2025,12,4959642.56,5102637.8,F5,SYNTHETIC_DEMO
1100,150300,CGX000301,GX001,2025,1,15215198.83,14773803.76,F5,SYNTHETIC_DEMO
1100,150300,CGX000301,GX001,2025,2,15913078.95,15905050.87,F5,SYNTHETIC_DEMO
1100,150300,CGX000301,GX001,2025,3,15970396.37,16187365.42,F5,SYNTHETIC_DEMO
1100,150300,CGX000301,GX001,2025,4,14631632.63,14914920.1,F5,SYNTHETIC_DEMO
1100,150300,CGX000301,GX001,2025,5,15833214.94,16001949.6,F5,SYNTHETIC_DEMO
1100,150300,CGX000301,GX001,2025,6,15677891.13,15259656.2,F5,SYNTHETIC_DEMO
1100,150300,CGX000301,GX001,2025,7,14821573.39,15360550.06,F5,SYNTHETIC_DEMO
1100,150300,CGX000301,GX001,2025,8,14158119.51,13923259.19,F5,SYNTHETIC_DEMO
1100,150300,CGX000301,GX001,2025,9,16547387.48,17021409.32,F5,SYNTHETIC_DEMO
1100,150300,CGX000301,GX001,2025,10,15198119.87,15679770.85,F5,SYNTHETIC_DEMO
1100,150300,CGX000301,GX001,2025,11,16285196.78,16421875.9,F5,SYNTHETIC_DEMO
1100,150300,CGX000301,GX001,2025,12,14790323.2,15343948.89,F5,SYNTHETIC_DEMO
1100,500100,CGX000101,GX001,2025,1,4546682.97,4540814.88,F5,SYNTHETIC_DEMO
1100,500100,CGX000101,GX001,2025,2,4066662.78,4076645.44,F5,SYNTHETIC_DEMO
1100,500100,CGX000101,GX001,2025,3,4584101.33,4767766.47,F5,SYNTHETIC_DEMO
1100,500100,CGX000101,GX001,2025,4,5269240.16,5287798.82,F5,SYNTHETIC_DEMO
1100,500100,CGX000101,GX001,2025,5,4916981.45,5126350.57,F5,SYNTHETIC_DEMO
1100,500100,CGX000101,GX001,2025,6,4109885.75,4245853.03,F5,SYNTHETIC_DEMO
1100,500100,CGX000101,GX001,2025,7,4279181.42,4414876.55,F5,SYNTHETIC_DEMO
1100,500100,CGX000101,GX001,2025,8,4442624.41,4602752.57,F5,SYNTHETIC_DEMO
1100,500100,CGX000101,GX001,2025,9,4657196.64,4656631.52,F5,SYNTHETIC_DEMO
1100,500100,CGX000101,GX001,2025,10,4323310.2,4508918.16,F5,SYNTHETIC_DEMO
1100,500100,CGX000101,GX001,2025,11,4016521.49,4113402.22,F5,SYNTHETIC_DEMO
1100,500100,CGX000101,GX001,2025,12,4113266.04,4063540.22,F5,SYNTHETIC_DEMO
1100,500200,CGX000302,GX002,2025,1,7657900.17,7500365.14,F5,SYNTHETIC_DEMO
1100,500200,CGX000302,GX002,2025,2,7907155.17,8185066.43,F5,SYNTHETIC_DEMO
1100,500200,CGX000302,GX002,2025,3,7642489.18,7766148.23,F5,SYNTHETIC_DEMO
1100,500200,CGX000302,GX002,2025,4,10617116.76,10454124.65,F5,SYNTHETIC_DEMO
1100,500200,CGX000302,GX002,2025,5,10370620.16,10446442.58,F5,SYNTHETIC_DEMO
1100,500200,CGX000302,GX002,2025,6,7855490.76,7671566.06,F5,SYNTHETIC_DEMO
1100,500200,CGX000302,GX002,2025,7,8537574.48,8655919.88,F5,SYNTHETIC_DEMO
1100,500200,CGX000302,GX002,2025,8,7760092.87,7651355.87,F5,SYNTHETIC_DEMO
1100,500200,CGX000302,GX002,2025,9,7789597.47,7986157.46,F5,SYNTHETIC_DEMO
1100,500200,CGX000302,GX002,2025,10,8622872.28,8439292.43,F5,SYNTHETIC_DEMO
1100,500200,CGX000302,GX002,2025,11,8726581.77,8885156.72,F5,SYNTHETIC_DEMO
1100,500200,CGX000302,GX002,2025,12,7927960.14,8152689.11,F5,SYNTHETIC_DEMO
1100,500300,CGX000302,GX002,2025,1,5310996.59,5404948.36,F5,SYNTHETIC_DEMO
1100,500300,CGX000302,GX002,2025,2,5753857.02,5713203.06,F5,SYNTHETIC_DEMO
1100,500300,CGX000302,GX002,2025,3,5181748.97,5190598.13,F5,SYNTHETIC_DEMO
1100,500300,CGX000302,GX002,2025,4,6889541.8,6938210.72,F5,SYNTHETIC_DEMO
1100,500300,CGX000302,GX002,2025,5,7243817.17,7039926.37,F5,SYNTHETIC_DEMO
1100,500300,CGX000302,GX002,2025,6,5612280.84,5590107.33,F5,SYNTHETIC_DEMO
1100,500300,CGX000302,GX002,2025,7,5867739.86,6031457.08,F5,SYNTHETIC_DEMO
1100,500300,CGX000302,GX002,2025,8,5425843.2,5502752.65,F5,SYNTHETIC_DEMO
1100,500300,CGX000302,GX002,2025,9,5092157.96,5204131.44,F5,SYNTHETIC_DEMO
1100,500300,CGX000302,GX002,2025,10,5923021.74,6079698.5,F5,SYNTHETIC_DEMO
1100,500300,CGX000302,GX002,2025,11,5383459.02,5366283.17,F5,SYNTHETIC_DEMO
1100,500300,CGX000302,GX002,2025,12,5116086.93,5360226.89,F5,SYNTHETIC_DEMO
1100,510100,CGX000103,GX003,2025,1,5920741.89,6191975.17,F5,SYNTHETIC_DEMO
1100,510100,CGX000103,GX003,2025,2,6032950.76,5965647.04,F5,SYNTHETIC_DEMO
1100,510100,CGX000103,GX003,2025,3,5334334.56,5303437.61,F5,SYNTHETIC_DEMO
1100,510100,CGX000103,GX003,2025,4,5679951.36,5526346.86,F5,SYNTHETIC_DEMO
1100,510100,CGX000103,GX003,2025,5,5272839.83,5232301.31,F5,SYNTHETIC_DEMO
1100,510100,CGX000103,GX003,2025,6,5940024.69,5923188.64,F5,SYNTHETIC_DEMO
1100,510100,CGX000103,GX003,2025,7,6109950.62,6050102.62,F5,SYNTHETIC_DEMO
1100,510100,CGX000103,GX003,2025,8,5475197.82,5395495.35,F5,SYNTHETIC_DEMO
1100,510100,CGX000103,GX003,2025,9,5401398.87,5365079.48,F5,SYNTHETIC_DEMO
1100,510100,CGX000103,GX003,2025,10,5952899.09,5877550.99,F5,SYNTHETIC_DEMO
1100,510100,CGX000103,GX003,2025,11,5779915.98,6041723.48,F5,SYNTHETIC_DEMO
1100,510100,CGX000103,GX003,2025,12,5784279.45,5971307.25,F5,SYNTHETIC_DEMO
1100,520100,CGX000201,GX001,2025,1,5375772.39,5587865.05,F5,SYNTHETIC_DEMO
1100,520100,CGX000201,GX001,2025,2,4763292.17,4723869.33,F5,SYNTHETIC_DEMO
1100,520100,CGX000201,GX001,2025,3,5571827.51,5636852.81,F5,SYNTHETIC_DEMO
1100,520100,CGX000201,GX001,2025,4,4762123.13,4684158.38,F5,SYNTHETIC_DEMO
1100,520100,CGX000201,GX001,2025,5,5049067.74,5258406.5,F5,SYNTHETIC_DEMO
1100,520100,CGX000201,GX001,2025,6,4794236.75,4846185.29,F5,SYNTHETIC_DEMO
1100,520100,CGX000201,GX001,2025,7,4873758.04,5097327.13,F5,SYNTHETIC_DEMO
1100,520100,CGX000201,GX001,2025,8,5417087.99,5633967.22,F5,SYNTHETIC_DEMO
1100,520100,CGX000201,GX001,2025,9,5030379.9,4990574.58,F5,SYNTHETIC_DEMO
1100,520100,CGX000201,GX001,2025,10,5308065.48,5228817.49,F5,SYNTHETIC_DEMO
1100,520100,CGX000201,GX001,2025,11,4769674.73,4681655.81,F5,SYNTHETIC_DEMO
1100,520100,CGX000201,GX001,2025,12,5309603.26,5190179.86,F5,SYNTHETIC_DEMO
1100,520200,CGX000202,GX002,2025,1,6207425.82,6287251.05,F5,SYNTHETIC_DEMO
1100,520200,CGX000202,GX002,2025,2,5652300.09,5674268.72,F5,SYNTHETIC_DEMO
1100,520200,CGX000202,GX002,2025,3,6186676.36,6296217.9,F5,SYNTHETIC_DEMO
1100,520200,CGX000202,GX002,2025,4,5773184.82,5789349.18,F5,SYNTHETIC_DEMO
1100,520200,CGX000202,GX002,2025,5,5936610.37,5844286.05,F5,SYNTHETIC_DEMO
1100,520200,CGX000202,GX002,2025,6,5670020.11,5874446.35,F5,SYNTHETIC_DEMO
1100,520200,CGX000202,GX002,2025,7,5492416.33,5729153.31,F5,SYNTHETIC_DEMO
1100,520200,CGX000202,GX002,2025,8,6040543.87,6119645.26,F5,SYNTHETIC_DEMO
1100,520200,CGX000202,GX002,2025,9,5705857.32,5888436.57,F5,SYNTHETIC_DEMO
1100,520200,CGX000202,GX002,2025,10,5872096.81,6158945.35,F5,SYNTHETIC_DEMO
1100,520200,CGX000202,GX002,2025,11,5891089.12,5791485.93,F5,SYNTHETIC_DEMO
1100,520200,CGX000202,GX002,2025,12,6185778.48,6192931.66,F5,SYNTHETIC_DEMO
1100,530100,CGX000203,GX003,2025,1,19444695.97,19157540.93,F5,SYNTHETIC_DEMO
1100,530100,CGX000203,GX003,2025,2,17820789.59,18167127.97,F5,SYNTHETIC_DEMO
1100,530100,CGX000203,GX003,2025,3,18574765.22,19212877.64,F5,SYNTHETIC_DEMO
1100,530100,CGX000203,GX003,2025,4,20335234.53,20942304.76,F5,SYNTHETIC_DEMO
1100,530100,CGX000203,GX003,2025,5,17772030.07,18078592.04,F5,SYNTHETIC_DEMO
1100,530100,CGX000203,GX003,2025,6,17704792.99,17317700.86,F5,SYNTHETIC_DEMO
1100,530100,CGX000203,GX003,2025,7,17919517.04,18063540.22,F5,SYNTHETIC_DEMO
1100,530100,CGX000203,GX003,2025,8,18787339.64,19124934.56,F5,SYNTHETIC_DEMO
1100,530100,CGX000203,GX003,2025,9,20300645.95,20142194.77,F5,SYNTHETIC_DEMO
1100,530100,CGX000203,GX003,2025,10,17740932.05,18190944.99,F5,SYNTHETIC_DEMO
1100,530100,CGX000203,GX003,2025,11,18097604.46,18976389.43,F5,SYNTHETIC_DEMO
1100,530100,CGX000203,GX003,2025,12,19842232.3,20664588.84,F5,SYNTHETIC_DEMO
1100,540100,CGX000301,GX001,2025,1,16177238.87,16819926.62,F5,SYNTHETIC_DEMO
1100,540100,CGX000301,GX001,2025,2,15579639.68,16235020.25,F5,SYNTHETIC_DEMO
1100,540100,CGX000301,GX001,2025,3,15326628.94,15169099.65,F5,SYNTHETIC_DEMO
1100,540100,CGX000301,GX001,2025,4,15992768.71,16286192.3,F5,SYNTHETIC_DEMO
1100,540100,CGX000301,GX001,2025,5,15345201.96,15136324.7,F5,SYNTHETIC_DEMO
1100,540100,CGX000301,GX001,2025,6,16289222.65,17039415.3,F5,SYNTHETIC_DEMO
1100,540100,CGX000301,GX001,2025,7,17220154.36,16754719.14,F5,SYNTHETIC_DEMO
1100,540100,CGX000301,GX001,2025,8,15090099.1,15146261.91,F5,SYNTHETIC_DEMO
1100,540100,CGX000301,GX001,2025,9,17333239.52,17661399.65,F5,SYNTHETIC_DEMO
1100,540100,CGX000301,GX001,2025,10,16722451.07,16839377.67,F5,SYNTHETIC_DEMO
1100,540100,CGX000301,GX001,2025,11,15163924.43,15308857.09,F5,SYNTHETIC_DEMO
1100,540100,CGX000301,GX001,2025,12,16505828.67,16110358.09,F5,SYNTHETIC_DEMO
1100,150100,CGX000201,GX001,2025,1,4753955.16,4735507.95,F5,SYNTHETIC_DEMO
1100,150100,CGX000201,GX001,2025,2,4569733.35,4450157.8,F5,SYNTHETIC_DEMO
1100,150100,CGX000201,GX001,2025,3,4608224.07,4510070.49,F5,SYNTHETIC_DEMO
1100,150100,CGX000201,GX001,2025,4,4954179.31,5046259.38,F5,SYNTHETIC_DEMO
1100,150100,CGX000201,GX001,2025,5,4730423.19,4762991.28,F5,SYNTHETIC_DEMO
1100,150100,CGX000201,GX001,2025,6,4753117.55,4730572.48,F5,SYNTHETIC_DEMO
1100,150100,CGX000201,GX001,2025,7,4779312.78,4984899.67,F5,SYNTHETIC_DEMO
1100,150100,CGX000201,GX001,2025,8,4791114.92,4948156.98,F5,SYNTHETIC_DEMO
1100,150100,CGX000201,GX001,2025,9,4725914.05,4813658.82,F5,SYNTHETIC_DEMO
1100,150100,CGX000201,GX001,2025,10,4903425.3,5128123.09,F5,SYNTHETIC_DEMO
1100,150100,CGX000201,GX001,2025,11,5083672.98,5259326.83,F5,SYNTHETIC_DEMO
1100,150100,CGX000201,GX001,2025,12,5215758.26,5337745.4,F5,SYNTHETIC_DEMO
1100,150200,CGX000301,GX001,2025,1,10048129.33,10315917.03,F5,SYNTHETIC_DEMO
1100,150200,CGX000301,GX001,2025,2,10008857.18,10195607.28,F5,SYNTHETIC_DEMO
1100,150200,CGX000301,GX001,2025,3,10277586.54,10567802.01,F5,SYNTHETIC_DEMO
1100,150200,CGX000301,GX001,2025,4,10823690.06,11033505.81,F5,SYNTHETIC_DEMO
1100,150200,CGX000301,GX001,2025,5,9713990.62,9851111.71,F5,SYNTHETIC_DEMO
1100,150200,CGX000301,GX001,2025,6,9656219.4,9742437.69,F5,SYNTHETIC_DEMO
1100,150200,CGX000301,GX001,2025,7,10135025.06,10131487.88,F5,SYNTHETIC_DEMO
1100,150200,CGX000301,GX001,2025,8,10988383.43,10682822.97,F5,SYNTHETIC_DEMO
1100,150200,CGX000301,GX001,2025,9,10484676.45,10232295.17,F5,SYNTHETIC_DEMO
1100,150200,CGX000301,GX001,2025,10,10221542.02,9915749.19,F5,SYNTHETIC_DEMO
1100,150200,CGX000301,GX001,2025,11,10119290.65,10379255.01,F5,SYNTHETIC_DEMO
1100,150200,CGX000301,GX001,2025,12,9533651.46,9384748.81,F5,SYNTHETIC_DEMO
1100,150300,CGX000202,GX002,2025,1,14947933.38,14872511.45,F5,SYNTHETIC_DEMO
1100,150300,CGX000202,GX002,2025,2,15288181.16,15671801.01,F5,SYNTHETIC_DEMO
1100,150300,CGX000202,GX002,2025,3,14220567.52,14622823.39,F5,SYNTHETIC_DEMO
1100,150300,CGX000202,GX002,2025,4,14470702.42,14992225.7,F5,SYNTHETIC_DEMO
1100,150300,CGX000202,GX002,2025,5,13467299.0,13549323.15,F5,SYNTHETIC_DEMO
1100,150300,CGX000202,GX002,2025,6,14100411.66,13812964.25,F5,SYNTHETIC_DEMO
1100,150300,CGX000202,GX002,2025,7,14664302.57,14761679.66,F5,SYNTHETIC_DEMO
1100,150300,CGX000202,GX002,2025,8,14249094.51,14440549.78,F5,SYNTHETIC_DEMO
1100,150300,CGX000202,GX002,2025,9,13637982.9,14177185.56,F5,SYNTHETIC_DEMO
1100,150300,CGX000202,GX002,2025,10,15056164.37,15654270.45,F5,SYNTHETIC_DEMO
1100,150300,CGX000202,GX002,2025,11,13973523.7,13711622.61,F5,SYNTHETIC_DEMO
1100,150300,CGX000202,GX002,2025,12,15364495.95,15045937.4,F5,SYNTHETIC_DEMO
1100,500100,CGX000202,GX002,2025,1,5537250.29,5581379.24,F5,SYNTHETIC_DEMO
1100,500100,CGX000202,GX002,2025,2,6192102.44,6150552.09,F5,SYNTHETIC_DEMO
1100,500100,CGX000202,GX002,2025,3,6360421.08,6364449.23,F5,SYNTHETIC_DEMO
1100,500100,CGX000202,GX002,2025,4,7527172.41,7541040.95,F5,SYNTHETIC_DEMO
1100,500100,CGX000202,GX002,2025,5,7040987.85,6871213.19,F5,SYNTHETIC_DEMO
1100,500100,CGX000202,GX002,2025,6,6037811.45,5932584.26,F5,SYNTHETIC_DEMO
1100,500100,CGX000202,GX002,2025,7,6008956.04,5887221.45,F5,SYNTHETIC_DEMO
1100,500100,CGX000202,GX002,2025,8,6185923.12,6288149.89,F5,SYNTHETIC_DEMO
1100,500100,CGX000202,GX002,2025,9,5552870.55,5415341.19,F5,SYNTHETIC_DEMO
1100,500100,CGX000202,GX002,2025,10,5887971.04,5910079.54,F5,SYNTHETIC_DEMO
1100,500100,CGX000202,GX002,2025,11,5925880.52,5803319.19,F5,SYNTHETIC_DEMO
1100,500100,CGX000202,GX002,2025,12,5533976.35,5693173.5,F5,SYNTHETIC_DEMO
1100,500200,CGX000303,GX003,2025,1,5637776.56,5719426.35,F5,SYNTHETIC_DEMO
1100,500200,CGX000303,GX003,2025,2,5939684.15,6216696.82,F5,SYNTHETIC_DEMO
1100,500200,CGX000303,GX003,2025,3,5898094.32,5883064.0,F5,SYNTHETIC_DEMO
1100,500200,CGX000303,GX003,2025,4,7466724.56,7596428.16,F5,SYNTHETIC_DEMO
1100,500200,CGX000303,GX003,2025,5,7128287.57,7281268.74,F5,SYNTHETIC_DEMO
1100,500200,CGX000303,GX003,2025,6,5994908.55,6122074.92,F5,SYNTHETIC_DEMO
1100,500200,CGX000303,GX003,2025,7,5347986.62,5287861.6,F5,SYNTHETIC_DEMO
1100,500200,CGX000303,GX003,2025,8,6222187.28,6333013.48,F5,SYNTHETIC_DEMO
1100,500200,CGX000303,GX003,2025,9,5893600.11,5832053.3,F5,SYNTHETIC_DEMO
1100,500200,CGX000303,GX003,2025,10,5503454.4,5590741.79,F5,SYNTHETIC_DEMO
1100,500200,CGX000303,GX003,2025,11,5998311.58,5984825.8,F5,SYNTHETIC_DEMO
1100,500200,CGX000303,GX003,2025,12,5386872.18,5570560.54,F5,SYNTHETIC_DEMO
1100,500300,CGX000303,GX003,2025,1,10057589.67,10252188.18,F5,SYNTHETIC_DEMO
1100,500300,CGX000303,GX003,2025,2,10604331.52,10301281.3,F5,SYNTHETIC_DEMO
1100,500300,CGX000303,GX003,2025,3,10693747.42,10980075.72,F5,SYNTHETIC_DEMO
1100,500300,CGX000303,GX003,2025,4,13922484.16,13609098.33,F5,SYNTHETIC_DEMO
1100,500300,CGX000303,GX003,2025,5,13803558.51,14310435.23,F5,SYNTHETIC_DEMO
1100,500300,CGX000303,GX003,2025,6,10326279.09,10385952.29,F5,SYNTHETIC_DEMO
1100,500300,CGX000303,GX003,2025,7,10047596.81,9793568.47,F5,SYNTHETIC_DEMO
1100,500300,CGX000303,GX003,2025,8,11527510.67,11656620.01,F5,SYNTHETIC_DEMO
1100,500300,CGX000303,GX003,2025,9,10548257.08,10961520.85,F5,SYNTHETIC_DEMO
1100,500300,CGX000303,GX003,2025,10,10928916.56,10797775.32,F5,SYNTHETIC_DEMO
1100,500300,CGX000303,GX003,2025,11,10008738.59,9995612.86,F5,SYNTHETIC_DEMO
1100,500300,CGX000303,GX003,2025,12,11003219.39,11249453.13,F5,SYNTHETIC_DEMO
1100,510100,CGX000104,GX004,2025,1,12234812.42,12233511.28,F5,SYNTHETIC_DEMO
1100,510100,CGX000104,GX004,2025,2,11200682.45,11118388.29,F5,SYNTHETIC_DEMO
1100,510100,CGX000104,GX004,2025,3,13040190.88,13536139.62,F5,SYNTHETIC_DEMO
1100,510100,CGX000104,GX004,2025,4,13020231.53,12886709.95,F5,SYNTHETIC_DEMO
1100,510100,CGX000104,GX004,2025,5,13023143.57,12768074.56,F5,SYNTHETIC_DEMO
1100,510100,CGX000104,GX004,2025,6,11247710.78,11070772.58,F5,SYNTHETIC_DEMO
1100,510100,CGX000104,GX004,2025,7,12565603.93,12608278.96,F5,SYNTHETIC_DEMO
1100,510100,CGX000104,GX004,2025,8,12401986.42,12135573.09,F5,SYNTHETIC_DEMO
1100,510100,CGX000104,GX004,2025,9,11827780.32,11588476.71,F5,SYNTHETIC_DEMO
1100,510100,CGX000104,GX004,2025,10,12832623.11,13058685.13,F5,SYNTHETIC_DEMO
1100,510100,CGX000104,GX004,2025,11,12576979.39,12301097.2,F5,SYNTHETIC_DEMO
1100,510100,CGX000104,GX004,2025,12,13003501.23,13272443.62,F5,SYNTHETIC_DEMO
1100,520100,CGX000102,GX002,2025,1,18353868.39,18808954.47,F5,SYNTHETIC_DEMO
1100,520100,CGX000102,GX002,2025,2,19126973.01,19775313.61,F5,SYNTHETIC_DEMO
1100,520100,CGX000102,GX002,2025,3,18143927.33,18478572.77,F5,SYNTHETIC_DEMO
1100,520100,CGX000102,GX002,2025,4,20036310.16,20451583.76,F5,SYNTHETIC_DEMO
1100,520100,CGX000102,GX002,2025,5,19235027.75,20168847.62,F5,SYNTHETIC_DEMO
1100,520100,CGX000102,GX002,2025,6,17470715.59,17248256.77,F5,SYNTHETIC_DEMO
1100,520100,CGX000102,GX002,2025,7,17473071.43,17089904.31,F5,SYNTHETIC_DEMO
1100,520100,CGX000102,GX002,2025,8,17342096.16,17731332.08,F5,SYNTHETIC_DEMO
1100,520100,CGX000102,GX002,2025,9,19894013.56,19950375.26,F5,SYNTHETIC_DEMO
1100,520100,CGX000102,GX002,2025,10,17931339.83,17922426.42,F5,SYNTHETIC_DEMO
1100,520100,CGX000102,GX002,2025,11,17997303.61,18807664.2,F5,SYNTHETIC_DEMO
1100,520100,CGX000102,GX002,2025,12,17775847.64,17291615.22,F5,SYNTHETIC_DEMO
1100,520200,CGX000101,GX001,2025,1,9177288.33,9360056.88,F5,SYNTHETIC_DEMO
1100,520200,CGX000101,GX001,2025,2,9125921.39,9286331.71,F5,SYNTHETIC_DEMO
1100,520200,CGX000101,GX001,2025,3,8115648.25,8279591.49,F5,SYNTHETIC_DEMO
1100,520200,CGX000101,GX001,2025,4,8262039.52,8284519.93,F5,SYNTHETIC_DEMO
1100,520200,CGX000101,GX001,2025,5,8442081.17,8390436.44,F5,SYNTHETIC_DEMO
1100,520200,CGX000101,GX001,2025,6,8795814.79,8536590.02,F5,SYNTHETIC_DEMO
1100,520200,CGX000101,GX001,2025,7,8662320.37,8756199.73,F5,SYNTHETIC_DEMO
1100,520200,CGX000101,GX001,2025,8,8240574.05,8157084.71,F5,SYNTHETIC_DEMO
1100,520200,CGX000101,GX001,2025,9,8639698.23,8844886.24,F5,SYNTHETIC_DEMO
1100,520200,CGX000101,GX001,2025,10,9061537.01,8838374.92,F5,SYNTHETIC_DEMO
1100,520200,CGX000101,GX001,2025,11,8146628.48,8070318.74,F5,SYNTHETIC_DEMO
1100,520200,CGX000101,GX001,2025,12,8345723.99,8424021.68,F5,SYNTHETIC_DEMO
1100,530100,CGX000101,GX001,2025,1,7785942.09,8028584.63,F5,SYNTHETIC_DEMO
1100,530100,CGX000101,GX001,2025,2,8601212.7,8348623.35,F5,SYNTHETIC_DEMO
1100,530100,CGX000101,GX001,2025,3,7758157.4,7551718.62,F5,SYNTHETIC_DEMO
1100,530100,CGX000101,GX001,2025,4,7805148.29,8001074.89,F5,SYNTHETIC_DEMO
1100,530100,CGX000101,GX001,2025,5,7558373.79,7783469.66,F5,SYNTHETIC_DEMO
1100,530100,CGX000101,GX001,2025,6,7911905.84,8032864.9,F5,SYNTHETIC_DEMO
1100,530100,CGX000101,GX001,2025,7,8340669.3,8731418.06,F5,SYNTHETIC_DEMO
1100,530100,CGX000101,GX001,2025,8,8470212.3,8676387.8,F5,SYNTHETIC_DEMO
1100,530100,CGX000101,GX001,2025,9,8277817.3,8461602.45,F5,SYNTHETIC_DEMO
1100,530100,CGX000101,GX001,2025,10,8220542.49,8014472.04,F5,SYNTHETIC_DEMO
1100,530100,CGX000101,GX001,2025,11,7926368.95,7959004.85,F5,SYNTHETIC_DEMO
1100,530100,CGX000101,GX001,2025,12,7438386.71,7217627.75,F5,SYNTHETIC_DEMO
1100,540100,CGX000302,GX002,2025,1,8117717.11,8066460.93,F5,SYNTHETIC_DEMO
1100,540100,CGX000302,GX002,2025,2,9006502.86,9307499.97,F5,SYNTHETIC_DEMO
1100,540100,CGX000302,GX002,2025,3,8897722.84,8908908.42,F5,SYNTHETIC_DEMO
1100,540100,CGX000302,GX002,2025,4,8428681.47,8535225.6,F5,SYNTHETIC_DEMO
1100,540100,CGX000302,GX002,2025,5,8009029.42,7963350.57,F5,SYNTHETIC_DEMO
1100,540100,CGX000302,GX002,2025,6,8963690.63,9007104.55,F5,SYNTHETIC_DEMO
1100,540100,CGX000302,GX002,2025,7,8682933.0,8617822.16,F5,SYNTHETIC_DEMO
1100,540100,CGX000302,GX002,2025,8,7996235.0,7946155.36,F5,SYNTHETIC_DEMO
1100,540100,CGX000302,GX002,2025,9,7852339.83,8050956.2,F5,SYNTHETIC_DEMO
1100,540100,CGX000302,GX002,2025,10,8449894.39,8554834.33,F5,SYNTHETIC_DEMO
1100,540100,CGX000302,GX002,2025,11,8204112.36,8333572.65,F5,SYNTHETIC_DEMO
1100,540100,CGX000302,GX002,2025,12,8698300.48,8525320.47,F5,SYNTHETIC_DEMO
1100,150100,CGX000202,GX002,2025,1,8943479.56,9301997.65,F5,SYNTHETIC_DEMO
1100,150100,CGX000202,GX002,2025,2,8779735.26,8921777.18,F5,SYNTHETIC_DEMO
1100,150100,CGX000202,GX002,2025,3,10141386.29,10540069.89,F5,SYNTHETIC_DEMO
1100,150100,CGX000202,GX002,2025,4,9526570.4,9441396.58,F5,SYNTHETIC_DEMO
1100,150100,CGX000202,GX002,2025,5,9060736.53,8878920.52,F5,SYNTHETIC_DEMO
1100,150100,CGX000202,GX002,2025,6,9148693.45,9079477.92,F5,SYNTHETIC_DEMO
1100,150100,CGX000202,GX002,2025,7,9693011.78,9817750.63,F5,SYNTHETIC_DEMO
1100,150100,CGX000202,GX002,2025,8,9324284.98,9060032.1,F5,SYNTHETIC_DEMO
1100,150100,CGX000202,GX002,2025,9,9793904.62,10258191.49,F5,SYNTHETIC_DEMO
1100,150100,CGX000202,GX002,2025,10,10210983.25,10586354.74,F5,SYNTHETIC_DEMO
1100,150100,CGX000202,GX002,2025,11,8791254.57,8901859.79,F5,SYNTHETIC_DEMO
1100,150100,CGX000202,GX002,2025,12,9265109.54,9302222.01,F5,SYNTHETIC_DEMO
1100,150200,CGX000202,GX002,2025,1,13842479.81,14087185.03,F5,SYNTHETIC_DEMO
1100,150200,CGX000202,GX002,2025,2,14340500.54,14208827.03,F5,SYNTHETIC_DEMO
1100,150200,CGX000202,GX002,2025,3,14909272.54,15570603.48,F5,SYNTHETIC_DEMO
1100,150200,CGX000202,GX002,2025,4,15250148.82,15937374.72,F5,SYNTHETIC_DEMO
1100,150200,CGX000202,GX002,2025,5,14866224.05,15509430.14,F5,SYNTHETIC_DEMO
1100,150200,CGX000202,GX002,2025,6,14430879.38,14515374.23,F5,SYNTHETIC_DEMO
1100,150200,CGX000202,GX002,2025,7,13735391.73,13584622.88,F5,SYNTHETIC_DEMO
1100,150200,CGX000202,GX002,2025,8,15365394.05,15947152.08,F5,SYNTHETIC_DEMO
1100,150200,CGX000202,GX002,2025,9,15276993.37,15010522.35,F5,SYNTHETIC_DEMO
1100,150200,CGX000202,GX002,2025,10,13951305.15,14148410.47,F5,SYNTHETIC_DEMO
1100,150200,CGX000202,GX002,2025,11,15187404.2,15878407.7,F5,SYNTHETIC_DEMO
1100,150200,CGX000202,GX002,2025,12,13737435.38,13519695.54,F5,SYNTHETIC_DEMO
1100,150300,CGX000203,GX003,2025,1,3669028.99,3824317.16,F5,SYNTHETIC_DEMO
1100,150300,CGX000203,GX003,2025,2,3830259.01,3792239.88,F5,SYNTHETIC_DEMO
1100,150300,CGX000203,GX003,2025,3,3914367.49,4067598.7,F5,SYNTHETIC_DEMO
1100,150300,CGX000203,GX003,2025,4,3867451.39,4040235.02,F5,SYNTHETIC_DEMO
1100,150300,CGX000203,GX003,2025,5,3603761.71,3605742.79,F5,SYNTHETIC_DEMO
1100,150300,CGX000203,GX003,2025,6,3770052.25,3726748.44,F5,SYNTHETIC_DEMO
1100,150300,CGX000203,GX003,2025,7,3496347.53,3434203.95,F5,SYNTHETIC_DEMO
1100,150300,CGX000203,GX003,2025,8,3418593.35,3334392.58,F5,SYNTHETIC_DEMO
1100,150300,CGX000203,GX003,2025,9,3529972.69,3435629.85,F5,SYNTHETIC_DEMO
1100,150300,CGX000203,GX003,2025,10,3929988.7,3875180.11,F5,SYNTHETIC_DEMO
1100,150300,CGX000203,GX003,2025,11,3742009.31,3638203.31,F5,SYNTHETIC_DEMO
1100,150300,CGX000203,GX003,2025,12,3436808.49,3435666.38,F5,SYNTHETIC_DEMO
1200,500100,CNTC00201,NTC001,2025,1,4461714.39,4537810.43,F5,SYNTHETIC_DEMO
1200,500100,CNTC00201,NTC001,2025,2,4649762.13,4689454.11,F5,SYNTHETIC_DEMO
1200,500100,CNTC00201,NTC001,2025,3,4368104.8,4537612.81,F5,SYNTHETIC_DEMO
1200,500100,CNTC00201,NTC001,2025,4,5359469.95,5604000.51,F5,SYNTHETIC_DEMO
1200,500100,CNTC00201,NTC001,2025,5,5787142.51,5883394.2,F5,SYNTHETIC_DEMO
1200,500100,CNTC00201,NTC001,2025,6,4079423.77,4155003.87,F5,SYNTHETIC_DEMO
1200,500100,CNTC00201,NTC001,2025,7,4269213.93,4284091.07,F5,SYNTHETIC_DEMO
1200,500100,CNTC00201,NTC001,2025,8,4106723.22,4288647.85,F5,SYNTHETIC_DEMO
1200,500100,CNTC00201,NTC001,2025,9,4062485.42,4241389.0,F5,SYNTHETIC_DEMO
1200,500100,CNTC00201,NTC001,2025,10,4121875.23,4167731.89,F5,SYNTHETIC_DEMO
1200,500100,CNTC00201,NTC001,2025,11,4333640.19,4248837.36,F5,SYNTHETIC_DEMO
1200,500100,CNTC00201,NTC001,2025,12,4274553.55,4193761.72,F5,SYNTHETIC_DEMO
1200,500200,CNTC00101,NTC001,2025,1,4639417.27,4614391.91,F5,SYNTHETIC_DEMO
1200,500200,CNTC00101,NTC001,2025,2,5061444.24,5163462.36,F5,SYNTHETIC_DEMO
1200,500200,CNTC00101,NTC001,2025,3,4847327.1,4926626.09,F5,SYNTHETIC_DEMO
1200,500200,CNTC00101,NTC001,2025,4,5626696.97,5724560.44,F5,SYNTHETIC_DEMO
1200,500200,CNTC00101,NTC001,2025,5,5669897.17,5844208.58,F5,SYNTHETIC_DEMO
1200,500200,CNTC00101,NTC001,2025,6,4835978.38,5073199.07,F5,SYNTHETIC_DEMO
1200,500200,CNTC00101,NTC001,2025,7,4652023.47,4811619.26,F5,SYNTHETIC_DEMO
1200,500200,CNTC00101,NTC001,2025,8,4584345.94,4477559.69,F5,SYNTHETIC_DEMO
1200,500200,CNTC00101,NTC001,2025,9,4975463.98,5056027.78,F5,SYNTHETIC_DEMO
1200,500200,CNTC00101,NTC001,2025,10,4516914.8,4589820.56,F5,SYNTHETIC_DEMO
1200,500200,CNTC00101,NTC001,2025,11,4453949.99,4349756.77,F5,SYNTHETIC_DEMO
1200,500200,CNTC00101,NTC001,2025,12,4867316.4,4748383.05,F5,SYNTHETIC_DEMO
1200,500300,CNTC00301,NTC001,2025,1,6033692.98,6019319.68,F5,SYNTHETIC_DEMO
1200,500300,CNTC00301,NTC001,2025,2,6032317.28,6282411.34,F5,SYNTHETIC_DEMO
1200,500300,CNTC00301,NTC001,2025,3,5897296.17,5924283.41,F5,SYNTHETIC_DEMO
1200,500300,CNTC00301,NTC001,2025,4,6907838.73,7086091.06,F5,SYNTHETIC_DEMO
1200,500300,CNTC00301,NTC001,2025,5,7116723.41,7293852.71,F5,SYNTHETIC_DEMO
1200,500300,CNTC00301,NTC001,2025,6,5572734.6,5495051.31,F5,SYNTHETIC_DEMO
1200,500300,CNTC00301,NTC001,2025,7,5578214.68,5539623.27,F5,SYNTHETIC_DEMO
1200,500300,CNTC00301,NTC001,2025,8,5260982.77,5261074.87,F5,SYNTHETIC_DEMO
1200,500300,CNTC00301,NTC001,2025,9,5406490.69,5544488.12,F5,SYNTHETIC_DEMO
1200,500300,CNTC00301,NTC001,2025,10,5896578.43,5726705.65,F5,SYNTHETIC_DEMO
1200,500300,CNTC00301,NTC001,2025,11,6016337.53,5968115.55,F5,SYNTHETIC_DEMO
1200,500300,CNTC00301,NTC001,2025,12,5566344.57,5627823.97,F5,SYNTHETIC_DEMO
1200,510100,CNTC00201,NTC001,2025,1,18246956.82,19046449.98,F5,SYNTHETIC_DEMO
1200,510100,CNTC00201,NTC001,2025,2,18807757.23,19186471.49,F5,SYNTHETIC_DEMO
1200,510100,CNTC00201,NTC001,2025,3,16920008.77,17400550.03,F5,SYNTHETIC_DEMO
1200,510100,CNTC00201,NTC001,2025,4,16520372.84,17014546.7,F5,SYNTHETIC_DEMO
1200,510100,CNTC00201,NTC001,2025,5,18665183.13,18964998.43,F5,SYNTHETIC_DEMO
1200,510100,CNTC00201,NTC001,2025,6,18727636.87,18366844.63,F5,SYNTHETIC_DEMO
1200,510100,CNTC00201,NTC001,2025,7,18281037.93,17986084.41,F5,SYNTHETIC_DEMO
1200,510100,CNTC00201,NTC001,2025,8,16219742.55,16300991.61,F5,SYNTHETIC_DEMO
1200,510100,CNTC00201,NTC001,2025,9,17879990.24,18636952.1,F5,SYNTHETIC_DEMO
1200,510100,CNTC00201,NTC001,2025,10,16453419.01,16325985.96,F5,SYNTHETIC_DEMO
1200,510100,CNTC00201,NTC001,2025,11,16191255.09,16578090.97,F5,SYNTHETIC_DEMO
1200,510100,CNTC00201,NTC001,2025,12,17396001.73,17317481.89,F5,SYNTHETIC_DEMO
1200,520100,CNTC00201,NTC001,2025,1,7393666.44,7185495.13,F5,SYNTHETIC_DEMO
1200,520100,CNTC00201,NTC001,2025,2,7926872.1,8222280.69,F5,SYNTHETIC_DEMO
1200,520100,CNTC00201,NTC001,2025,3,7963856.01,8029013.93,F5,SYNTHETIC_DEMO
1200,520100,CNTC00201,NTC001,2025,4,7623908.85,7865999.02,F5,SYNTHETIC_DEMO
1200,520100,CNTC00201,NTC001,2025,5,8322788.78,8356656.18,F5,SYNTHETIC_DEMO
1200,520100,CNTC00201,NTC001,2025,6,7288381.07,7354952.26,F5,SYNTHETIC_DEMO
1200,520100,CNTC00201,NTC001,2025,7,8136943.97,8198907.99,F5,SYNTHETIC_DEMO
1200,520100,CNTC00201,NTC001,2025,8,7397644.14,7267190.49,F5,SYNTHETIC_DEMO
1200,520100,CNTC00201,NTC001,2025,9,8051982.18,8425242.44,F5,SYNTHETIC_DEMO
1200,520100,CNTC00201,NTC001,2025,10,7349418.89,7329785.22,F5,SYNTHETIC_DEMO
1200,520100,CNTC00201,NTC001,2025,11,8180537.94,7936827.36,F5,SYNTHETIC_DEMO
1200,520100,CNTC00201,NTC001,2025,12,7997677.55,8054254.98,F5,SYNTHETIC_DEMO
1200,520200,CNTC00201,NTC001,2025,1,16185313.21,15765725.18,F5,SYNTHETIC_DEMO
1200,520200,CNTC00201,NTC001,2025,2,16071730.29,15921690.27,F5,SYNTHETIC_DEMO
1200,520200,CNTC00201,NTC001,2025,3,17650886.09,17661593.27,F5,SYNTHETIC_DEMO
1200,520200,CNTC00201,NTC001,2025,4,16607608.39,16934555.05,F5,SYNTHETIC_DEMO
1200,520200,CNTC00201,NTC001,2025,5,17730212.46,17731908.69,F5,SYNTHETIC_DEMO
1200,520200,CNTC00201,NTC001,2025,6,15754020.44,15781385.98,F5,SYNTHETIC_DEMO
1200,520200,CNTC00201,NTC001,2025,7,15962562.66,15580992.21,F5,SYNTHETIC_DEMO
1200,520200,CNTC00201,NTC001,2025,8,17331696.0,17938848.26,F5,SYNTHETIC_DEMO
1200,520200,CNTC00201,NTC001,2025,9,17916390.14,18165622.05,F5,SYNTHETIC_DEMO
1200,520200,CNTC00201,NTC001,2025,10,17058473.63,16684292.84,F5,SYNTHETIC_DEMO
1200,520200,CNTC00201,NTC001,2025,11,16609610.85,16481076.35,F5,SYNTHETIC_DEMO
1200,520200,CNTC00201,NTC001,2025,12,16354758.07,16459981.57,F5,SYNTHETIC_DEMO
1200,530100,CNTC00101,NTC001,2025,1,19010622.66,18512574.73,F5,SYNTHETIC_DEMO
1200,530100,CNTC00101,NTC001,2025,2,18783670.11,18889945.63,F5,SYNTHETIC_DEMO
1200,530100,CNTC00101,NTC001,2025,3,18429617.58,18110412.34,F5,SYNTHETIC_DEMO
1200,530100,CNTC00101,NTC001,2025,4,17336640.07,16850913.45,F5,SYNTHETIC_DEMO
1200,530100,CNTC00101,NTC001,2025,5,18680913.4,18449066.41,F5,SYNTHETIC_DEMO
1200,530100,CNTC00101,NTC001,2025,6,20001250.63,19861159.18,F5,SYNTHETIC_DEMO
1200,530100,CNTC00101,NTC001,2025,7,17614990.72,17998408.98,F5,SYNTHETIC_DEMO
1200,530100,CNTC00101,NTC001,2025,8,17536671.94,17979482.73,F5,SYNTHETIC_DEMO
1200,530100,CNTC00101,NTC001,2025,9,18303665.74,18948982.22,F5,SYNTHETIC_DEMO
1200,530100,CNTC00101,NTC001,2025,10,19522324.0,19742928.25,F5,SYNTHETIC_DEMO
1200,530100,CNTC00101,NTC001,2025,11,17784252.36,17286923.16,F5,SYNTHETIC_DEMO
1200,530100,CNTC00101,NTC001,2025,12,17737823.32,17899642.31,F5,SYNTHETIC_DEMO
1200,540100,CNTC00101,NTC001,2025,1,8770266.86,9154767.34,F5,SYNTHETIC_DEMO
1200,540100,CNTC00101,NTC001,2025,2,8452448.76,8480997.41,F5,SYNTHETIC_DEMO
1200,540100,CNTC00101,NTC001,2025,3,8605060.62,9014985.29,F5,SYNTHETIC_DEMO
1200,540100,CNTC00101,NTC001,2025,4,9488488.58,9810923.69,F5,SYNTHETIC_DEMO
1200,540100,CNTC00101,NTC001,2025,5,9065313.15,8815674.93,F5,SYNTHETIC_DEMO
1200,540100,CNTC00101,NTC001,2025,6,9571859.48,10005586.79,F5,SYNTHETIC_DEMO
1200,540100,CNTC00101,NTC001,2025,7,9580889.71,9413177.31,F5,SYNTHETIC_DEMO
1200,540100,CNTC00101,NTC001,2025,8,9043972.72,9449022.45,F5,SYNTHETIC_DEMO
1200,540100,CNTC00101,NTC001,2025,9,9458129.04,9607238.4,F5,SYNTHETIC_DEMO
1200,540100,CNTC00101,NTC001,2025,10,8650019.25,8819406.84,F5,SYNTHETIC_DEMO
1200,540100,CNTC00101,NTC001,2025,11,9291567.72,9663993.86,F5,SYNTHETIC_DEMO
1200,540100,CNTC00101,NTC001,2025,12,9387917.72,9231100.04,F5,SYNTHETIC_DEMO
1200,150100,CNTC00301,NTC001,2025,1,18620266.29,18821157.45,F5,SYNTHETIC_DEMO
1200,150100,CNTC00301,NTC001,2025,2,17639911.86,18074186.1,F5,SYNTHETIC_DEMO
1200,150100,CNTC00301,NTC001,2025,3,19104833.06,19179718.04,F5,SYNTHETIC_DEMO
1200,150100,CNTC00301,NTC001,2025,4,18188256.83,17921953.2,F5,SYNTHETIC_DEMO
1200,150100,CNTC00301,NTC001,2025,5,17649495.93,17957545.77,F5,SYNTHETIC_DEMO
1200,150100,CNTC00301,NTC001,2025,6,19231268.21,18725683.21,F5,SYNTHETIC_DEMO
1200,150100,CNTC00301,NTC001,2025,7,17007854.68,16607832.32,F5,SYNTHETIC_DEMO
1200,150100,CNTC00301,NTC001,2025,8,16714797.26,16433147.52,F5,SYNTHETIC_DEMO
1200,150100,CNTC00301,NTC001,2025,9,16777946.1,16436339.42,F5,SYNTHETIC_DEMO
1200,150100,CNTC00301,NTC001,2025,10,18916746.92,18652524.39,F5,SYNTHETIC_DEMO
1200,150100,CNTC00301,NTC001,2025,11,17934294.68,18536807.52,F5,SYNTHETIC_DEMO
1200,150100,CNTC00301,NTC001,2025,12,16937391.04,16753007.94,F5,SYNTHETIC_DEMO
1200,150200,CNTC00101,NTC001,2025,1,10112106.98,9809435.56,F5,SYNTHETIC_DEMO
1200,150200,CNTC00101,NTC001,2025,2,9674381.52,9553790.66,F5,SYNTHETIC_DEMO
1200,150200,CNTC00101,NTC001,2025,3,9127999.82,9487695.65,F5,SYNTHETIC_DEMO
1200,150200,CNTC00101,NTC001,2025,4,9717270.17,9441540.14,F5,SYNTHETIC_DEMO
1200,150200,CNTC00101,NTC001,2025,5,10302720.25,9993694.39,F5,SYNTHETIC_DEMO
1200,150200,CNTC00101,NTC001,2025,6,8938491.68,9300423.43,F5,SYNTHETIC_DEMO
1200,150200,CNTC00101,NTC001,2025,7,10250532.85,10054735.67,F5,SYNTHETIC_DEMO
1200,150200,CNTC00101,NTC001,2025,8,9314751.99,9440595.18,F5,SYNTHETIC_DEMO
1200,150200,CNTC00101,NTC001,2025,9,9051523.86,9147588.38,F5,SYNTHETIC_DEMO
1200,150200,CNTC00101,NTC001,2025,10,9873125.07,9685245.42,F5,SYNTHETIC_DEMO
1200,150200,CNTC00101,NTC001,2025,11,10282778.67,10722745.79,F5,SYNTHETIC_DEMO
1200,150200,CNTC00101,NTC001,2025,12,9598037.43,9428780.3,F5,SYNTHETIC_DEMO
1200,150300,CNTC00301,NTC001,2025,1,7813087.98,7717295.56,F5,SYNTHETIC_DEMO
1200,150300,CNTC00301,NTC001,2025,2,8119524.72,8010648.88,F5,SYNTHETIC_DEMO
1200,150300,CNTC00301,NTC001,2025,3,8187342.74,8326660.57,F5,SYNTHETIC_DEMO
1200,150300,CNTC00301,NTC001,2025,4,8332528.24,8325848.6,F5,SYNTHETIC_DEMO
1200,150300,CNTC00301,NTC001,2025,5,7405528.71,7249292.98,F5,SYNTHETIC_DEMO
1200,150300,CNTC00301,NTC001,2025,6,7879459.29,8182958.27,F5,SYNTHETIC_DEMO
1200,150300,CNTC00301,NTC001,2025,7,8203141.78,8336118.09,F5,SYNTHETIC_DEMO
1200,150300,CNTC00301,NTC001,2025,8,8135118.46,8180508.52,F5,SYNTHETIC_DEMO
1200,150300,CNTC00301,NTC001,2025,9,7440174.3,7345549.28,F5,SYNTHETIC_DEMO
1200,150300,CNTC00301,NTC001,2025,10,7483348.93,7621478.57,F5,SYNTHETIC_DEMO
1200,150300,CNTC00301,NTC001,2025,11,8119962.46,8209205.14,F5,SYNTHETIC_DEMO
1200,150300,CNTC00301,NTC001,2025,12,7500937.22,7561149.77,F5,SYNTHETIC_DEMO
1200,500100,CNTC00301,NTC001,2025,1,10889092.94,11374822.78,F5,SYNTHETIC_DEMO
1200,500100,CNTC00301,NTC001,2025,2,11542400.15,12028509.5,F5,SYNTHETIC_DEMO
1200,500100,CNTC00301,NTC001,2025,3,11398707.86,11274233.34,F5,SYNTHETIC_DEMO
1200,500100,CNTC00301,NTC001,2025,4,13204119.42,13479948.21,F5,SYNTHETIC_DEMO
1200,500100,CNTC00301,NTC001,2025,5,14651739.71,14436320.23,F5,SYNTHETIC_DEMO
1200,500100,CNTC00301,NTC001,2025,6,11764138.45,12271729.2,F5,SYNTHETIC_DEMO
1200,500100,CNTC00301,NTC001,2025,7,12208124.98,12802339.5,F5,SYNTHETIC_DEMO
1200,500100,CNTC00301,NTC001,2025,8,11940230.0,11933574.78,F5,SYNTHETIC_DEMO
1200,500100,CNTC00301,NTC001,2025,9,10840967.55,10952288.46,F5,SYNTHETIC_DEMO
1200,500100,CNTC00301,NTC001,2025,10,10889113.08,10579325.2,F5,SYNTHETIC_DEMO
1200,500100,CNTC00301,NTC001,2025,11,11842068.1,11952753.75,F5,SYNTHETIC_DEMO
1200,500100,CNTC00301,NTC001,2025,12,12096827.53,12103950.2,F5,SYNTHETIC_DEMO
1200,500200,CNTC00102,NTC002,2025,1,3105295.88,3078657.22,F5,SYNTHETIC_DEMO
1200,500200,CNTC00102,NTC002,2025,2,2920915.76,3044370.61,F5,SYNTHETIC_DEMO
1200,500200,CNTC00102,NTC002,2025,3,3151898.69,3140751.56,F5,SYNTHETIC_DEMO
1200,500200,CNTC00102,NTC002,2025,4,3655879.61,3626336.62,F5,SYNTHETIC_DEMO
1200,500200,CNTC00102,NTC002,2025,5,3568961.17,3687429.91,F5,SYNTHETIC_DEMO
1200,500200,CNTC00102,NTC002,2025,6,2805063.64,2733385.42,F5,SYNTHETIC_DEMO
1200,500200,CNTC00102,NTC002,2025,7,3024143.43,3113083.83,F5,SYNTHETIC_DEMO
1200,500200,CNTC00102,NTC002,2025,8,3083334.15,3154031.85,F5,SYNTHETIC_DEMO
1200,500200,CNTC00102,NTC002,2025,9,2810219.16,2777750.5,F5,SYNTHETIC_DEMO
1200,500200,CNTC00102,NTC002,2025,10,2777677.31,2710539.95,F5,SYNTHETIC_DEMO
1200,500200,CNTC00102,NTC002,2025,11,2918984.51,2870703.78,F5,SYNTHETIC_DEMO
1200,500200,CNTC00102,NTC002,2025,12,3044188.74,3136047.12,F5,SYNTHETIC_DEMO
1200,500300,CNTC00302,NTC002,2025,1,14266760.16,14689766.23,F5,SYNTHETIC_DEMO
1200,500300,CNTC00302,NTC002,2025,2,13814028.5,14225736.0,F5,SYNTHETIC_DEMO
1200,500300,CNTC00302,NTC002,2025,3,14183431.83,14702060.04,F5,SYNTHETIC_DEMO
1200,500300,CNTC00302,NTC002,2025,4,16423454.79,16650376.75,F5,SYNTHETIC_DEMO
1200,500300,CNTC00302,NTC002,2025,5,17053249.26,17654698.73,F5,SYNTHETIC_DEMO
1200,500300,CNTC00302,NTC002,2025,6,14543577.28,15192663.03,F5,SYNTHETIC_DEMO
1200,500300,CNTC00302,NTC002,2025,7,14517054.34,14097617.05,F5,SYNTHETIC_DEMO
1200,500300,CNTC00302,NTC002,2025,8,13486969.0,13186809.68,F5,SYNTHETIC_DEMO
1200,500300,CNTC00302,NTC002,2025,9,15743496.65,16108492.45,F5,SYNTHETIC_DEMO
1200,500300,CNTC00302,NTC002,2025,10,14132940.6,13772180.48,F5,SYNTHETIC_DEMO
1200,500300,CNTC00302,NTC002,2025,11,14077669.8,14770293.39,F5,SYNTHETIC_DEMO
1200,500300,CNTC00302,NTC002,2025,12,15506613.26,15150574.11,F5,SYNTHETIC_DEMO
1200,510100,CNTC00202,NTC002,2025,1,5135338.61,5138546.48,F5,SYNTHETIC_DEMO
1200,510100,CNTC00202,NTC002,2025,2,5170927.12,5400823.19,F5,SYNTHETIC_DEMO
1200,510100,CNTC00202,NTC002,2025,3,5743005.36,5900678.69,F5,SYNTHETIC_DEMO
1200,510100,CNTC00202,NTC002,2025,4,5561424.69,5507894.04,F5,SYNTHETIC_DEMO
1200,510100,CNTC00202,NTC002,2025,5,4941614.2,4939854.39,F5,SYNTHETIC_DEMO
1200,510100,CNTC00202,NTC002,2025,6,5439859.7,5302840.9,F5,SYNTHETIC_DEMO
1200,510100,CNTC00202,NTC002,2025,7,5388784.7,5580596.75,F5,SYNTHETIC_DEMO
1200,510100,CNTC00202,NTC002,2025,8,5657977.74,5760109.02,F5,SYNTHETIC_DEMO
1200,510100,CNTC00202,NTC002,2025,9,5532316.15,5648161.34,F5,SYNTHETIC_DEMO
1200,510100,CNTC00202,NTC002,2025,10,5766891.78,5636963.92,F5,SYNTHETIC_DEMO
1200,510100,CNTC00202,NTC002,2025,11,5121924.45,5063767.37,F5,SYNTHETIC_DEMO
1200,510100,CNTC00202,NTC002,2025,12,5648067.79,5888908.04,F5,SYNTHETIC_DEMO
1200,520100,CNTC00301,NTC001,2025,1,7235647.16,7184643.54,F5,SYNTHETIC_DEMO
1200,520100,CNTC00301,NTC001,2025,2,6948026.01,6906881.67,F5,SYNTHETIC_DEMO
1200,520100,CNTC00301,NTC001,2025,3,6950848.79,7215822.94,F5,SYNTHETIC_DEMO
1200,520100,CNTC00301,NTC001,2025,4,7566398.2,7826323.27,F5,SYNTHETIC_DEMO
1200,520100,CNTC00301,NTC001,2025,5,7287666.99,7217391.53,F5,SYNTHETIC_DEMO
1200,520100,CNTC00301,NTC001,2025,6,7705958.6,7902980.31,F5,SYNTHETIC_DEMO
1200,520100,CNTC00301,NTC001,2025,7,7323356.02,7597306.43,F5,SYNTHETIC_DEMO
1200,520100,CNTC00301,NTC001,2025,8,7985757.99,8054009.44,F5,SYNTHETIC_DEMO
1200,520100,CNTC00301,NTC001,2025,9,7712550.79,7572036.03,F5,SYNTHETIC_DEMO
1200,520100,CNTC00301,NTC001,2025,10,7079564.31,6907102.13,F5,SYNTHETIC_DEMO
1200,520100,CNTC00301,NTC001,2025,11,7793179.79,7926351.03,F5,SYNTHETIC_DEMO
1200,520100,CNTC00301,NTC001,2025,12,7910371.46,8008101.03,F5,SYNTHETIC_DEMO
1200,520200,CNTC00202,NTC002,2025,1,15187354.81,15400871.61,F5,SYNTHETIC_DEMO
1200,520200,CNTC00202,NTC002,2025,2,16736059.24,16589405.02,F5,SYNTHETIC_DEMO
1200,520200,CNTC00202,NTC002,2025,3,15191770.86,15301659.83,F5,SYNTHETIC_DEMO
1200,520200,CNTC00202,NTC002,2025,4,16816928.82,17537186.21,F5,SYNTHETIC_DEMO
1200,520200,CNTC00202,NTC002,2025,5,15673119.13,16264684.29,F5,SYNTHETIC_DEMO
1200,520200,CNTC00202,NTC002,2025,6,15210317.39,15624800.24,F5,SYNTHETIC_DEMO
1200,520200,CNTC00202,NTC002,2025,7,14591942.05,14766283.74,F5,SYNTHETIC_DEMO
1200,520200,CNTC00202,NTC002,2025,8,15070586.73,14941524.57,F5,SYNTHETIC_DEMO
1200,520200,CNTC00202,NTC002,2025,9,16576458.66,16110541.21,F5,SYNTHETIC_DEMO
1200,520200,CNTC00202,NTC002,2025,10,14513055.74,15033612.36,F5,SYNTHETIC_DEMO
1200,520200,CNTC00202,NTC002,2025,11,16798491.56,17536395.06,F5,SYNTHETIC_DEMO
1200,520200,CNTC00202,NTC002,2025,12,16184625.02,15712189.51,F5,SYNTHETIC_DEMO
1200,530100,CNTC00201,NTC001,2025,1,18906198.91,18519851.44,F5,SYNTHETIC_DEMO
1200,530100,CNTC00201,NTC001,2025,2,18315481.42,17863070.19,F5,SYNTHETIC_DEMO
1200,530100,CNTC00201,NTC001,2025,3,18658650.48,19474034.68,F5,SYNTHETIC_DEMO
1200,530100,CNTC00201,NTC001,2025,4,17872192.45,17625470.06,F5,SYNTHETIC_DEMO
1200,530100,CNTC00201,NTC001,2025,5,20145307.64,20394651.59,F5,SYNTHETIC_DEMO
1200,530100,CNTC00201,NTC001,2025,6,20383400.27,19970177.28,F5,SYNTHETIC_DEMO
1200,530100,CNTC00201,NTC001,2025,7,19167687.72,19207944.12,F5,SYNTHETIC_DEMO
1200,530100,CNTC00201,NTC001,2025,8,17698620.93,18386386.21,F5,SYNTHETIC_DEMO
1200,530100,CNTC00201,NTC001,2025,9,19165950.02,19928638.34,F5,SYNTHETIC_DEMO
1200,530100,CNTC00201,NTC001,2025,10,18168082.13,18834563.09,F5,SYNTHETIC_DEMO
1200,530100,CNTC00201,NTC001,2025,11,17805422.14,18454677.89,F5,SYNTHETIC_DEMO
1200,530100,CNTC00201,NTC001,2025,12,20379593.22,19951394.85,F5,SYNTHETIC_DEMO
1200,540100,CNTC00301,NTC001,2025,1,7544368.96,7661590.93,F5,SYNTHETIC_DEMO
1200,540100,CNTC00301,NTC001,2025,2,7509127.09,7875187.61,F5,SYNTHETIC_DEMO
1200,540100,CNTC00301,NTC001,2025,3,6885463.92,6995465.43,F5,SYNTHETIC_DEMO
1200,540100,CNTC00301,NTC001,2025,4,7364187.03,7623470.02,F5,SYNTHETIC_DEMO
1200,540100,CNTC00301,NTC001,2025,5,7393989.81,7668464.35,F5,SYNTHETIC_DEMO
1200,540100,CNTC00301,NTC001,2025,6,6616896.25,6668081.92,F5,SYNTHETIC_DEMO
1200,540100,CNTC00301,NTC001,2025,7,6608364.39,6515836.24,F5,SYNTHETIC_DEMO
1200,540100,CNTC00301,NTC001,2025,8,7116935.16,7459615.9,F5,SYNTHETIC_DEMO
1200,540100,CNTC00301,NTC001,2025,9,6837190.96,6646616.91,F5,SYNTHETIC_DEMO
1200,540100,CNTC00301,NTC001,2025,10,7170246.06,6970844.91,F5,SYNTHETIC_DEMO
1200,540100,CNTC00301,NTC001,2025,11,6816244.83,6949374.75,F5,SYNTHETIC_DEMO
1200,540100,CNTC00301,NTC001,2025,12,7549054.78,7701599.77,F5,SYNTHETIC_DEMO
1200,150100,CNTC00101,NTC001,2025,1,14423942.15,14021815.38,F5,SYNTHETIC_DEMO
1200,150100,CNTC00101,NTC001,2025,2,14475332.48,15069164.46,F5,SYNTHETIC_DEMO
1200,150100,CNTC00101,NTC001,2025,3,14829743.75,15511353.74,F5,SYNTHETIC_DEMO
1200,150100,CNTC00101,NTC001,2025,4,14918187.95,15171708.91,F5,SYNTHETIC_DEMO
1200,150100,CNTC00101,NTC001,2025,5,13439691.41,13922527.49,F5,SYNTHETIC_DEMO
1200,150100,CNTC00101,NTC001,2025,6,14794111.63,14378753.62,F5,SYNTHETIC_DEMO
1200,150100,CNTC00101,NTC001,2025,7,14718553.12,14316977.15,F5,SYNTHETIC_DEMO
1200,150100,CNTC00101,NTC001,2025,8,13842158.24,14078167.26,F5,SYNTHETIC_DEMO
1200,150100,CNTC00101,NTC001,2025,9,13947740.12,13726398.02,F5,SYNTHETIC_DEMO
1200,150100,CNTC00101,NTC001,2025,10,12936322.27,13320918.96,F5,SYNTHETIC_DEMO
1200,150100,CNTC00101,NTC001,2025,11,14866530.17,15025271.21,F5,SYNTHETIC_DEMO
1200,150100,CNTC00101,NTC001,2025,12,14595532.48,14482061.57,F5,SYNTHETIC_DEMO
1200,150200,CNTC00102,NTC002,2025,1,7658666.65,7472457.1,F5,SYNTHETIC_DEMO
1200,150200,CNTC00102,NTC002,2025,2,8184892.91,8576186.54,F5,SYNTHETIC_DEMO
1200,150200,CNTC00102,NTC002,2025,3,7832146.61,7693868.98,F5,SYNTHETIC_DEMO
1200,150200,CNTC00102,NTC002,2025,4,8324281.47,8123177.11,F5,SYNTHETIC_DEMO
1200,150200,CNTC00102,NTC002,2025,5,8011972.94,7850154.81,F5,SYNTHETIC_DEMO
1200,150200,CNTC00102,NTC002,2025,6,7908525.59,8166460.64,F5,SYNTHETIC_DEMO
1200,150200,CNTC00102,NTC002,2025,7,8205820.82,8547583.69,F5,SYNTHETIC_DEMO
1200,150200,CNTC00102,NTC002,2025,8,7983348.05,7796842.33,F5,SYNTHETIC_DEMO
1200,150200,CNTC00102,NTC002,2025,9,8495727.8,8333179.24,F5,SYNTHETIC_DEMO
1200,150200,CNTC00102,NTC002,2025,10,7612833.2,7557369.71,F5,SYNTHETIC_DEMO
1200,150200,CNTC00102,NTC002,2025,11,7931592.87,7757606.95,F5,SYNTHETIC_DEMO
1200,150200,CNTC00102,NTC002,2025,12,7922156.02,8164540.78,F5,SYNTHETIC_DEMO
1200,150300,CNTC00302,NTC002,2025,1,18183972.84,18325269.1,F5,SYNTHETIC_DEMO
1200,150300,CNTC00302,NTC002,2025,2,16943296.41,16769697.73,F5,SYNTHETIC_DEMO
1200,150300,CNTC00302,NTC002,2025,3,17442321.52,17603693.7,F5,SYNTHETIC_DEMO
1200,150300,CNTC00302,NTC002,2025,4,16483091.42,16069906.36,F5,SYNTHETIC_DEMO
1200,150300,CNTC00302,NTC002,2025,5,16993069.44,16740042.03,F5,SYNTHETIC_DEMO
1200,150300,CNTC00302,NTC002,2025,6,16476154.7,16288549.28,F5,SYNTHETIC_DEMO
1200,150300,CNTC00302,NTC002,2025,7,16938500.63,17629602.47,F5,SYNTHETIC_DEMO
1200,150300,CNTC00302,NTC002,2025,8,16818813.35,16626425.92,F5,SYNTHETIC_DEMO
1200,150300,CNTC00302,NTC002,2025,9,18401855.2,18319609.72,F5,SYNTHETIC_DEMO
1200,150300,CNTC00302,NTC002,2025,10,17289837.94,16903581.78,F5,SYNTHETIC_DEMO
1200,150300,CNTC00302,NTC002,2025,11,16435460.14,17183105.86,F5,SYNTHETIC_DEMO
1200,150300,CNTC00302,NTC002,2025,12,18477585.33,19357792.61,F5,SYNTHETIC_DEMO
1200,500100,CNTC00302,NTC002,2025,1,12998234.0,13028489.52,F5,SYNTHETIC_DEMO
1200,500100,CNTC00302,NTC002,2025,2,12938277.31,13009108.1,F5,SYNTHETIC_DEMO
1200,500100,CNTC00302,NTC002,2025,3,12039628.99,11918161.67,F5,SYNTHETIC_DEMO
1200,500100,CNTC00302,NTC002,2025,4,15351232.54,15005412.86,F5,SYNTHETIC_DEMO
1200,500100,CNTC00302,NTC002,2025,5,16029474.12,16828578.14,F5,SYNTHETIC_DEMO
1200,500100,CNTC00302,NTC002,2025,6,11808026.16,12316481.56,F5,SYNTHETIC_DEMO
1200,500100,CNTC00302,NTC002,2025,7,12921660.55,12846615.85,F5,SYNTHETIC_DEMO
1200,500100,CNTC00302,NTC002,2025,8,12123829.26,12527143.64,F5,SYNTHETIC_DEMO
1200,500100,CNTC00302,NTC002,2025,9,12082453.02,12189169.03,F5,SYNTHETIC_DEMO
1200,500100,CNTC00302,NTC002,2025,10,13261034.55,13254570.66,F5,SYNTHETIC_DEMO
1200,500100,CNTC00302,NTC002,2025,11,12233938.31,12528429.82,F5,SYNTHETIC_DEMO
1200,500100,CNTC00302,NTC002,2025,12,12634803.01,12874791.7,F5,SYNTHETIC_DEMO
1200,500200,CNTC00103,NTC003,2025,1,9243491.63,9379659.93,F5,SYNTHETIC_DEMO
1200,500200,CNTC00103,NTC003,2025,2,9224218.87,9448374.54,F5,SYNTHETIC_DEMO
1200,500200,CNTC00103,NTC003,2025,3,8756718.55,9074738.58,F5,SYNTHETIC_DEMO
1200,500200,CNTC00103,NTC003,2025,4,10557711.19,10470901.54,F5,SYNTHETIC_DEMO
1200,500200,CNTC00103,NTC003,2025,5,10894662.03,10580477.15,F5,SYNTHETIC_DEMO
1200,500200,CNTC00103,NTC003,2025,6,8772324.67,8786803.07,F5,SYNTHETIC_DEMO
1200,500200,CNTC00103,NTC003,2025,7,8904241.58,8670468.9,F5,SYNTHETIC_DEMO
1200,500200,CNTC00103,NTC003,2025,8,9407613.7,9586389.48,F5,SYNTHETIC_DEMO
1200,500200,CNTC00103,NTC003,2025,9,9681569.29,9714720.09,F5,SYNTHETIC_DEMO
1200,500200,CNTC00103,NTC003,2025,10,8861449.72,8765014.58,F5,SYNTHETIC_DEMO
1200,500200,CNTC00103,NTC003,2025,11,8856199.37,8645669.61,F5,SYNTHETIC_DEMO
1200,500200,CNTC00103,NTC003,2025,12,8753872.16,8602054.63,F5,SYNTHETIC_DEMO
1200,500300,CNTC00303,NTC003,2025,1,14501617.78,14504796.45,F5,SYNTHETIC_DEMO
1200,500300,CNTC00303,NTC003,2025,2,13767354.87,13400911.47,F5,SYNTHETIC_DEMO
1200,500300,CNTC00303,NTC003,2025,3,13807417.61,13729068.73,F5,SYNTHETIC_DEMO
1200,500300,CNTC00303,NTC003,2025,4,18906258.71,18874309.65,F5,SYNTHETIC_DEMO
1200,500300,CNTC00303,NTC003,2025,5,18491446.92,18966972.57,F5,SYNTHETIC_DEMO
1200,500300,CNTC00303,NTC003,2025,6,14412782.1,14355448.78,F5,SYNTHETIC_DEMO
1200,500300,CNTC00303,NTC003,2025,7,15055302.04,15182926.85,F5,SYNTHETIC_DEMO
1200,500300,CNTC00303,NTC003,2025,8,15638468.87,15721095.7,F5,SYNTHETIC_DEMO
1200,500300,CNTC00303,NTC003,2025,9,14736850.35,14731993.23,F5,SYNTHETIC_DEMO
1200,500300,CNTC00303,NTC003,2025,10,15132938.56,15174325.99,F5,SYNTHETIC_DEMO
1200,500300,CNTC00303,NTC003,2025,11,15630647.51,15336727.54,F5,SYNTHETIC_DEMO
1200,500300,CNTC00303,NTC003,2025,12,14487988.06,14448210.78,F5,SYNTHETIC_DEMO
1200,510100,CNTC00301,NTC001,2025,1,12705874.23,13146596.4,F5,SYNTHETIC_DEMO
1200,510100,CNTC00301,NTC001,2025,2,13276026.45,13471441.66,F5,SYNTHETIC_DEMO
1200,510100,CNTC00301,NTC001,2025,3,12933899.66,13329689.12,F5,SYNTHETIC_DEMO
1200,510100,CNTC00301,NTC001,2025,4,12328169.58,12487096.49,F5,SYNTHETIC_DEMO
1200,510100,CNTC00301,NTC001,2025,5,13125805.6,13074004.86,F5,SYNTHETIC_DEMO
1200,510100,CNTC00301,NTC001,2025,6,12888156.97,13218145.4,F5,SYNTHETIC_DEMO
1200,510100,CNTC00301,NTC001,2025,7,12031547.4,11990839.9,F5,SYNTHETIC_DEMO
1200,510100,CNTC00301,NTC001,2025,8,12032248.62,12151061.11,F5,SYNTHETIC_DEMO
1200,510100,CNTC00301,NTC001,2025,9,11932279.09,11824352.41,F5,SYNTHETIC_DEMO
1200,510100,CNTC00301,NTC001,2025,10,11563229.59,11735865.7,F5,SYNTHETIC_DEMO
1200,510100,CNTC00301,NTC001,2025,11,12244705.43,12318327.9,F5,SYNTHETIC_DEMO
1200,510100,CNTC00301,NTC001,2025,12,11952309.88,12324748.18,F5,SYNTHETIC_DEMO
1200,520100,CNTC00101,NTC001,2025,1,16614205.64,17306168.04,F5,SYNTHETIC_DEMO
1200,520100,CNTC00101,NTC001,2025,2,17060562.53,17159150.14,F5,SYNTHETIC_DEMO
1200,520100,CNTC00101,NTC001,2025,3,15265751.45,15182985.72,F5,SYNTHETIC_DEMO
1200,520100,CNTC00101,NTC001,2025,4,16702932.3,16714682.92,F5,SYNTHETIC_DEMO
1200,520100,CNTC00101,NTC001,2025,5,16397491.4,16751249.6,F5,SYNTHETIC_DEMO
1200,520100,CNTC00101,NTC001,2025,6,15270709.48,14885330.85,F5,SYNTHETIC_DEMO
1200,520100,CNTC00101,NTC001,2025,7,16385444.18,17183740.1,F5,SYNTHETIC_DEMO
1200,520100,CNTC00101,NTC001,2025,8,14971278.88,15636152.29,F5,SYNTHETIC_DEMO
1200,520100,CNTC00101,NTC001,2025,9,14839955.22,15447523.56,F5,SYNTHETIC_DEMO
1200,520100,CNTC00101,NTC001,2025,10,16168370.2,16434971.57,F5,SYNTHETIC_DEMO
1200,520100,CNTC00101,NTC001,2025,11,16474516.96,17168758.81,F5,SYNTHETIC_DEMO
1200,520100,CNTC00101,NTC001,2025,12,17372661.0,17740138.87,F5,SYNTHETIC_DEMO
1200,520200,CNTC00101,NTC001,2025,1,13966238.45,14109101.82,F5,SYNTHETIC_DEMO
1200,520200,CNTC00101,NTC001,2025,2,13870860.95,13853782.39,F5,SYNTHETIC_DEMO
1200,520200,CNTC00101,NTC001,2025,3,13925999.05,14470052.28,F5,SYNTHETIC_DEMO
1200,520200,CNTC00101,NTC001,2025,4,15565772.42,15551016.23,F5,SYNTHETIC_DEMO
1200,520200,CNTC00101,NTC001,2025,5,13785236.78,14344525.12,F5,SYNTHETIC_DEMO
1200,520200,CNTC00101,NTC001,2025,6,15135453.49,15173213.59,F5,SYNTHETIC_DEMO
1200,520200,CNTC00101,NTC001,2025,7,15146475.93,15107338.65,F5,SYNTHETIC_DEMO
1200,520200,CNTC00101,NTC001,2025,8,14723106.93,14637330.06,F5,SYNTHETIC_DEMO
1200,520200,CNTC00101,NTC001,2025,9,15254222.08,15376228.84,F5,SYNTHETIC_DEMO
1200,520200,CNTC00101,NTC001,2025,10,14272663.45,14758949.25,F5,SYNTHETIC_DEMO
1200,520200,CNTC00101,NTC001,2025,11,14914244.44,15407054.36,F5,SYNTHETIC_DEMO
1200,520200,CNTC00101,NTC001,2025,12,14357945.37,14850666.33,F5,SYNTHETIC_DEMO
1200,530100,CNTC00301,NTC001,2025,1,14603078.41,14516995.57,F5,SYNTHETIC_DEMO
1200,530100,CNTC00301,NTC001,2025,2,14666319.93,14598970.65,F5,SYNTHETIC_DEMO
1200,530100,CNTC00301,NTC001,2025,3,14285876.0,14152476.8,F5,SYNTHETIC_DEMO
1200,530100,CNTC00301,NTC001,2025,4,14480133.38,14051802.93,F5,SYNTHETIC_DEMO
1200,530100,CNTC00301,NTC001,2025,5,15856561.19,16244571.26,F5,SYNTHETIC_DEMO
1200,530100,CNTC00301,NTC001,2025,6,15534487.31,16042492.33,F5,SYNTHETIC_DEMO
1200,530100,CNTC00301,NTC001,2025,7,15798829.2,15777288.39,F5,SYNTHETIC_DEMO
1200,530100,CNTC00301,NTC001,2025,8,15650838.62,15814814.83,F5,SYNTHETIC_DEMO
1200,530100,CNTC00301,NTC001,2025,9,14122218.17,14450492.8,F5,SYNTHETIC_DEMO
1200,530100,CNTC00301,NTC001,2025,10,16301282.97,16895078.96,F5,SYNTHETIC_DEMO
1200,530100,CNTC00301,NTC001,2025,11,14905172.37,15484710.45,F5,SYNTHETIC_DEMO
1200,530100,CNTC00301,NTC001,2025,12,15950698.54,15505235.28,F5,SYNTHETIC_DEMO
1200,540100,CNTC00102,NTC002,2025,1,7491329.91,7494901.82,F5,SYNTHETIC_DEMO
1200,540100,CNTC00102,NTC002,2025,2,7638133.85,7520990.49,F5,SYNTHETIC_DEMO
1200,540100,CNTC00102,NTC002,2025,3,7316368.18,7389432.4,F5,SYNTHETIC_DEMO
1200,540100,CNTC00102,NTC002,2025,4,7669531.1,7579069.82,F5,SYNTHETIC_DEMO
1200,540100,CNTC00102,NTC002,2025,5,7632809.98,7768491.15,F5,SYNTHETIC_DEMO
1200,540100,CNTC00102,NTC002,2025,6,6735743.37,6556381.9,F5,SYNTHETIC_DEMO
1200,540100,CNTC00102,NTC002,2025,7,7619074.64,7718603.26,F5,SYNTHETIC_DEMO
1200,540100,CNTC00102,NTC002,2025,8,7400986.35,7677122.01,F5,SYNTHETIC_DEMO
1200,540100,CNTC00102,NTC002,2025,9,7090209.77,7024184.18,F5,SYNTHETIC_DEMO
1200,540100,CNTC00102,NTC002,2025,10,7387650.97,7290894.16,F5,SYNTHETIC_DEMO
1200,540100,CNTC00102,NTC002,2025,11,6776389.97,6728819.06,F5,SYNTHETIC_DEMO
1200,540100,CNTC00102,NTC002,2025,12,7594676.92,7540701.98,F5,SYNTHETIC_DEMO
1200,150100,CNTC00302,NTC002,2025,1,4504145.2,4460199.59,F5,SYNTHETIC_DEMO
1200,150100,CNTC00302,NTC002,2025,2,4848378.95,4752267.38,F5,SYNTHETIC_DEMO
1200,150100,CNTC00302,NTC002,2025,3,5012017.66,5043430.16,F5,SYNTHETIC_DEMO
1200,150100,CNTC00302,NTC002,2025,4,4711383.41,4740933.49,F5,SYNTHETIC_DEMO
1200,150100,CNTC00302,NTC002,2025,5,4642527.55,4790455.7,F5,SYNTHETIC_DEMO
1200,150100,CNTC00302,NTC002,2025,6,4392880.35,4497275.38,F5,SYNTHETIC_DEMO
1200,150100,CNTC00302,NTC002,2025,7,4578543.57,4617870.62,F5,SYNTHETIC_DEMO
1200,150100,CNTC00302,NTC002,2025,8,5055651.86,5185324.31,F5,SYNTHETIC_DEMO
1200,150100,CNTC00302,NTC002,2025,9,5082023.28,4985234.53,F5,SYNTHETIC_DEMO
1200,150100,CNTC00302,NTC002,2025,10,4850071.65,4719668.62,F5,SYNTHETIC_DEMO
1200,150100,CNTC00302,NTC002,2025,11,4960011.76,4871714.23,F5,SYNTHETIC_DEMO
1200,150100,CNTC00302,NTC002,2025,12,4787425.83,4809400.59,F5,SYNTHETIC_DEMO
1200,150200,CNTC00103,NTC003,2025,1,17449252.66,17995490.65,F5,SYNTHETIC_DEMO
1200,150200,CNTC00103,NTC003,2025,2,16243843.29,15782987.66,F5,SYNTHETIC_DEMO
1200,150200,CNTC00103,NTC003,2025,3,17684669.32,17678264.0,F5,SYNTHETIC_DEMO
1200,150200,CNTC00103,NTC003,2025,4,18247741.42,18482005.29,F5,SYNTHETIC_DEMO
1200,150200,CNTC00103,NTC003,2025,5,17342104.2,18097784.45,F5,SYNTHETIC_DEMO
1200,150200,CNTC00103,NTC003,2025,6,16053237.31,16847311.22,F5,SYNTHETIC_DEMO
1200,150200,CNTC00103,NTC003,2025,7,17487116.77,17751347.5,F5,SYNTHETIC_DEMO
1200,150200,CNTC00103,NTC003,2025,8,16287788.91,16952771.71,F5,SYNTHETIC_DEMO
1200,150200,CNTC00103,NTC003,2025,9,17488228.73,18015595.41,F5,SYNTHETIC_DEMO
1200,150200,CNTC00103,NTC003,2025,10,17004320.74,17511794.61,F5,SYNTHETIC_DEMO
1200,150200,CNTC00103,NTC003,2025,11,18051396.45,18818656.09,F5,SYNTHETIC_DEMO
1200,150200,CNTC00103,NTC003,2025,12,17685315.57,17425300.21,F5,SYNTHETIC_DEMO
1200,150300,CNTC00201,NTC001,2025,1,17192175.11,17654309.26,F5,SYNTHETIC_DEMO
1200,150300,CNTC00201,NTC001,2025,2,16834913.74,16382733.33,F5,SYNTHETIC_DEMO
1200,150300,CNTC00201,NTC001,2025,3,15638814.92,15209894.65,F5,SYNTHETIC_DEMO
1200,150300,CNTC00201,NTC001,2025,4,17653591.99,17304940.59,F5,SYNTHETIC_DEMO
1200,150300,CNTC00201,NTC001,2025,5,16761048.92,16279438.34,F5,SYNTHETIC_DEMO
1200,150300,CNTC00201,NTC001,2025,6,17823625.29,17999317.74,F5,SYNTHETIC_DEMO
1200,150300,CNTC00201,NTC001,2025,7,15726912.05,16376578.92,F5,SYNTHETIC_DEMO
1200,150300,CNTC00201,NTC001,2025,8,16496484.57,16358523.91,F5,SYNTHETIC_DEMO
1200,150300,CNTC00201,NTC001,2025,9,17748188.4,18608528.79,F5,SYNTHETIC_DEMO
1200,150300,CNTC00201,NTC001,2025,10,16455575.71,16752140.1,F5,SYNTHETIC_DEMO
1200,150300,CNTC00201,NTC001,2025,11,17148673.56,17367338.31,F5,SYNTHETIC_DEMO
1200,150300,CNTC00201,NTC001,2025,12,16692465.87,16584503.85,F5,SYNTHETIC_DEMO
1200,500100,CNTC00202,NTC002,2025,1,18272673.91,19044457.56,F5,SYNTHETIC_DEMO
1200,500100,CNTC00202,NTC002,2025,2,19958705.86,20388750.86,F5,SYNTHETIC_DEMO
1200,500100,CNTC00202,NTC002,2025,3,18617919.96,18361612.75,F5,SYNTHETIC_DEMO
1200,500100,CNTC00202,NTC002,2025,4,21734987.92,21316554.62,F5,SYNTHETIC_DEMO
1200,500100,CNTC00202,NTC002,2025,5,22569382.62,22176664.7,F5,SYNTHETIC_DEMO
1200,500100,CNTC00202,NTC002,2025,6,19634840.16,20455318.43,F5,SYNTHETIC_DEMO
1200,500100,CNTC00202,NTC002,2025,7,20094494.0,20757568.87,F5,SYNTHETIC_DEMO
1200,500100,CNTC00202,NTC002,2025,8,18333506.12,18197409.54,F5,SYNTHETIC_DEMO
1200,500100,CNTC00202,NTC002,2025,9,19001236.79,19323516.27,F5,SYNTHETIC_DEMO
1200,500100,CNTC00202,NTC002,2025,10,19553595.96,19340486.03,F5,SYNTHETIC_DEMO
1200,500100,CNTC00202,NTC002,2025,11,20014349.88,20965319.73,F5,SYNTHETIC_DEMO
1200,500100,CNTC00202,NTC002,2025,12,18025319.49,18149219.53,F5,SYNTHETIC_DEMO
1200,500200,CNTC00104,NTC004,2025,1,15233456.4,14984179.68,F5,SYNTHETIC_DEMO
1200,500200,CNTC00104,NTC004,2025,2,14649249.56,15369867.09,F5,SYNTHETIC_DEMO
1200,500200,CNTC00104,NTC004,2025,3,15884453.39,16094160.83,F5,SYNTHETIC_DEMO
1200,500200,CNTC00104,NTC004,2025,4,18938479.03,18974989.88,F5,SYNTHETIC_DEMO
1200,500200,CNTC00104,NTC004,2025,5,20239265.41,20752582.45,F5,SYNTHETIC_DEMO
1200,500200,CNTC00104,NTC004,2025,6,15607820.25,16060414.34,F5,SYNTHETIC_DEMO
1200,500200,CNTC00104,NTC004,2025,7,15220623.92,15563585.22,F5,SYNTHETIC_DEMO
1200,500200,CNTC00104,NTC004,2025,8,16601281.59,16936840.54,F5,SYNTHETIC_DEMO
1200,500200,CNTC00104,NTC004,2025,9,15399659.86,15752148.54,F5,SYNTHETIC_DEMO
1200,500200,CNTC00104,NTC004,2025,10,15711049.48,16229889.36,F5,SYNTHETIC_DEMO
1200,500200,CNTC00104,NTC004,2025,11,15482937.87,15066473.15,F5,SYNTHETIC_DEMO
1200,500200,CNTC00104,NTC004,2025,12,16035008.97,16606069.48,F5,SYNTHETIC_DEMO
1200,500300,CNTC00304,NTC004,2025,1,4531447.32,4427176.66,F5,SYNTHETIC_DEMO
1200,500300,CNTC00304,NTC004,2025,2,4481619.54,4696654.9,F5,SYNTHETIC_DEMO
1200,500300,CNTC00304,NTC004,2025,3,4469668.28,4357926.23,F5,SYNTHETIC_DEMO
1200,500300,CNTC00304,NTC004,2025,4,5601599.96,5675735.37,F5,SYNTHETIC_DEMO
1200,500300,CNTC00304,NTC004,2025,5,5369589.79,5451049.82,F5,SYNTHETIC_DEMO
1200,500300,CNTC00304,NTC004,2025,6,4587033.89,4810267.33,F5,SYNTHETIC_DEMO
1200,500300,CNTC00304,NTC004,2025,7,4903726.75,5039713.59,F5,SYNTHETIC_DEMO
1200,500300,CNTC00304,NTC004,2025,8,4861454.72,5008378.53,F5,SYNTHETIC_DEMO
1200,500300,CNTC00304,NTC004,2025,9,5090708.57,5146175.04,F5,SYNTHETIC_DEMO
1200,500300,CNTC00304,NTC004,2025,10,4671029.45,4615065.14,F5,SYNTHETIC_DEMO
1200,500300,CNTC00304,NTC004,2025,11,4544626.2,4718502.31,F5,SYNTHETIC_DEMO
1200,500300,CNTC00304,NTC004,2025,12,4410589.15,4357881.79,F5,SYNTHETIC_DEMO
1200,510100,CNTC00302,NTC002,2025,1,4054078.55,4133624.93,F5,SYNTHETIC_DEMO
1200,510100,CNTC00302,NTC002,2025,2,3807141.8,3980070.73,F5,SYNTHETIC_DEMO
1200,510100,CNTC00302,NTC002,2025,3,4361395.96,4235537.53,F5,SYNTHETIC_DEMO
1200,510100,CNTC00302,NTC002,2025,4,4219664.93,4288753.75,F5,SYNTHETIC_DEMO
1200,510100,CNTC00302,NTC002,2025,5,3815819.67,3992316.46,F5,SYNTHETIC_DEMO
1200,510100,CNTC00302,NTC002,2025,6,4101508.12,4200044.48,F5,SYNTHETIC_DEMO
1200,510100,CNTC00302,NTC002,2025,7,4184663.09,4366649.23,F5,SYNTHETIC_DEMO
1200,510100,CNTC00302,NTC002,2025,8,4360855.37,4251323.07,F5,SYNTHETIC_DEMO
1200,510100,CNTC00302,NTC002,2025,9,4150417.32,4224261.44,F5,SYNTHETIC_DEMO
1200,510100,CNTC00302,NTC002,2025,10,4271978.91,4334400.72,F5,SYNTHETIC_DEMO
1200,510100,CNTC00302,NTC002,2025,11,4435904.23,4455199.99,F5,SYNTHETIC_DEMO
1200,510100,CNTC00302,NTC002,2025,12,4191543.29,4248386.38,F5,SYNTHETIC_DEMO
1200,520100,CNTC00302,NTC002,2025,1,5036912.31,4964487.47,F5,SYNTHETIC_DEMO
1200,520100,CNTC00302,NTC002,2025,2,5217903.29,5259610.77,F5,SYNTHETIC_DEMO
1200,520100,CNTC00302,NTC002,2025,3,5103270.33,5003505.6,F5,SYNTHETIC_DEMO
1200,520100,CNTC00302,NTC002,2025,4,5217646.61,5237269.04,F5,SYNTHETIC_DEMO
1200,520100,CNTC00302,NTC002,2025,5,4974567.11,5157707.65,F5,SYNTHETIC_DEMO
1200,520100,CNTC00302,NTC002,2025,6,4974937.05,5190652.14,F5,SYNTHETIC_DEMO
1200,520100,CNTC00302,NTC002,2025,7,5140733.81,5114888.22,F5,SYNTHETIC_DEMO
1200,520100,CNTC00302,NTC002,2025,8,5220134.48,5229829.33,F5,SYNTHETIC_DEMO
1200,520100,CNTC00302,NTC002,2025,9,5017578.82,5011113.27,F5,SYNTHETIC_DEMO
1200,520100,CNTC00302,NTC002,2025,10,4939238.9,5079170.6,F5,SYNTHETIC_DEMO
1200,520100,CNTC00302,NTC002,2025,11,5257745.52,5273983.24,F5,SYNTHETIC_DEMO
1200,520100,CNTC00302,NTC002,2025,12,5350113.92,5303247.76,F5,SYNTHETIC_DEMO
1200,520200,CNTC00301,NTC001,2025,1,19297364.87,19714944.6,F5,SYNTHETIC_DEMO
1200,520200,CNTC00301,NTC001,2025,2,18459657.36,18214366.81,F5,SYNTHETIC_DEMO
1200,520200,CNTC00301,NTC001,2025,3,17704934.31,18278122.04,F5,SYNTHETIC_DEMO
1200,520200,CNTC00301,NTC001,2025,4,16935245.71,16695171.33,F5,SYNTHETIC_DEMO
1200,520200,CNTC00301,NTC001,2025,5,18733886.18,19369305.65,F5,SYNTHETIC_DEMO
1200,520200,CNTC00301,NTC001,2025,6,17648295.57,18185458.41,F5,SYNTHETIC_DEMO
1200,520200,CNTC00301,NTC001,2025,7,17750505.28,17943483.12,F5,SYNTHETIC_DEMO
1200,520200,CNTC00301,NTC001,2025,8,17290998.67,16937862.48,F5,SYNTHETIC_DEMO
1200,520200,CNTC00301,NTC001,2025,9,18915542.63,18985645.74,F5,SYNTHETIC_DEMO
1200,520200,CNTC00301,NTC001,2025,10,16563638.88,16290022.56,F5,SYNTHETIC_DEMO
1200,520200,CNTC00301,NTC001,2025,11,17040621.64,17119360.89,F5,SYNTHETIC_DEMO
1200,520200,CNTC00301,NTC001,2025,12,16566174.71,17213854.58,F5,SYNTHETIC_DEMO
1200,530100,CNTC00302,NTC002,2025,1,3183529.08,3290522.81,F5,SYNTHETIC_DEMO
1200,530100,CNTC00302,NTC002,2025,2,3261762.07,3187150.74,F5,SYNTHETIC_DEMO
1200,530100,CNTC00302,NTC002,2025,3,3085210.39,3180862.91,F5,SYNTHETIC_DEMO
1200,530100,CNTC00302,NTC002,2025,4,2899485.9,2975487.7,F5,SYNTHETIC_DEMO
1200,530100,CNTC00302,NTC002,2025,5,3050690.49,3170618.48,F5,SYNTHETIC_DEMO
1200,530100,CNTC00302,NTC002,2025,6,3040336.19,3183120.74,F5,SYNTHETIC_DEMO
1200,530100,CNTC00302,NTC002,2025,7,3164986.32,3122887.0,F5,SYNTHETIC_DEMO
1200,530100,CNTC00302,NTC002,2025,8,3014168.14,3074557.22,F5,SYNTHETIC_DEMO
1200,530100,CNTC00302,NTC002,2025,9,2899241.11,2903759.45,F5,SYNTHETIC_DEMO
1200,530100,CNTC00302,NTC002,2025,10,3279452.87,3273092.07,F5,SYNTHETIC_DEMO
1200,530100,CNTC00302,NTC002,2025,11,3024950.55,3103939.87,F5,SYNTHETIC_DEMO
1200,530100,CNTC00302,NTC002,2025,12,2958694.93,3035224.47,F5,SYNTHETIC_DEMO
1200,540100,CNTC00302,NTC002,2025,1,13327079.68,13770614.88,F5,SYNTHETIC_DEMO
1200,540100,CNTC00302,NTC002,2025,2,13853585.32,14283240.27,F5,SYNTHETIC_DEMO
1200,540100,CNTC00302,NTC002,2025,3,12993167.13,12851340.98,F5,SYNTHETIC_DEMO
1200,540100,CNTC00302,NTC002,2025,4,14019021.16,14117179.59,F5,SYNTHETIC_DEMO
1200,540100,CNTC00302,NTC002,2025,5,12807269.26,13282535.69,F5,SYNTHETIC_DEMO
1200,540100,CNTC00302,NTC002,2025,6,12435410.93,12778002.68,F5,SYNTHETIC_DEMO
1200,540100,CNTC00302,NTC002,2025,7,12351768.23,12687165.71,F5,SYNTHETIC_DEMO
1200,540100,CNTC00302,NTC002,2025,8,13855380.35,14452203.48,F5,SYNTHETIC_DEMO
1200,540100,CNTC00302,NTC002,2025,9,13740481.92,13951719.17,F5,SYNTHETIC_DEMO
1200,540100,CNTC00302,NTC002,2025,10,13496816.57,13328325.62,F5,SYNTHETIC_DEMO
1200,540100,CNTC00302,NTC002,2025,11,13725785.71,14303196.86,F5,SYNTHETIC_DEMO
1200,540100,CNTC00302,NTC002,2025,12,13314238.7,12971772.55,F5,SYNTHETIC_DEMO
1200,150100,CNTC00201,NTC001,2025,1,8811852.94,9039889.29,F5,SYNTHETIC_DEMO
1200,150100,CNTC00201,NTC001,2025,2,9172626.51,9044578.29,F5,SYNTHETIC_DEMO
1200,150100,CNTC00201,NTC001,2025,3,9355919.91,9182621.09,F5,SYNTHETIC_DEMO
1200,150100,CNTC00201,NTC001,2025,4,10195451.97,10199917.91,F5,SYNTHETIC_DEMO
1200,150100,CNTC00201,NTC001,2025,5,10157285.39,10616608.96,F5,SYNTHETIC_DEMO
1200,150100,CNTC00201,NTC001,2025,6,9863608.6,10148197.11,F5,SYNTHETIC_DEMO
1200,150100,CNTC00201,NTC001,2025,7,9414680.51,9368846.13,F5,SYNTHETIC_DEMO
1200,150100,CNTC00201,NTC001,2025,8,9931851.26,10390199.14,F5,SYNTHETIC_DEMO
1200,150100,CNTC00201,NTC001,2025,9,9497209.77,9793287.5,F5,SYNTHETIC_DEMO
1200,150100,CNTC00201,NTC001,2025,10,9032730.48,9059002.38,F5,SYNTHETIC_DEMO
1200,150100,CNTC00201,NTC001,2025,11,8923864.18,9325517.27,F5,SYNTHETIC_DEMO
1200,150100,CNTC00201,NTC001,2025,12,9868524.07,10191687.51,F5,SYNTHETIC_DEMO
1200,150200,CNTC00301,NTC001,2025,1,17787247.44,18591623.79,F5,SYNTHETIC_DEMO
1200,150200,CNTC00301,NTC001,2025,2,17565478.36,18262976.96,F5,SYNTHETIC_DEMO
1200,150200,CNTC00301,NTC001,2025,3,17845642.03,17967933.88,F5,SYNTHETIC_DEMO
1200,150200,CNTC00301,NTC001,2025,4,16952678.89,16463784.85,F5,SYNTHETIC_DEMO
1200,150200,CNTC00301,NTC001,2025,5,19270650.29,19754740.59,F5,SYNTHETIC_DEMO
1200,150200,CNTC00301,NTC001,2025,6,17458538.59,17758033.47,F5,SYNTHETIC_DEMO
1200,150200,CNTC00301,NTC001,2025,7,18754782.65,19408400.86,F5,SYNTHETIC_DEMO
1200,150200,CNTC00301,NTC001,2025,8,17169061.74,16850143.95,F5,SYNTHETIC_DEMO
1200,150200,CNTC00301,NTC001,2025,9,19515229.09,20048902.03,F5,SYNTHETIC_DEMO
1200,150200,CNTC00301,NTC001,2025,10,18261176.2,18402860.21,F5,SYNTHETIC_DEMO
1200,150200,CNTC00301,NTC001,2025,11,17511636.81,17516582.72,F5,SYNTHETIC_DEMO
1200,150200,CNTC00301,NTC001,2025,12,17243252.56,17238289.17,F5,SYNTHETIC_DEMO
1200,150300,CNTC00202,NTC002,2025,1,15611254.48,16084783.27,F5,SYNTHETIC_DEMO
1200,150300,CNTC00202,NTC002,2025,2,15468841.3,15785634.77,F5,SYNTHETIC_DEMO
1200,150300,CNTC00202,NTC002,2025,3,16042755.16,16837387.13,F5,SYNTHETIC_DEMO
1200,150300,CNTC00202,NTC002,2025,4,15714259.09,15912489.78,F5,SYNTHETIC_DEMO
1200,150300,CNTC00202,NTC002,2025,5,14093957.79,14356953.61,F5,SYNTHETIC_DEMO
1200,150300,CNTC00202,NTC002,2025,6,14907432.79,15156852.24,F5,SYNTHETIC_DEMO
1200,150300,CNTC00202,NTC002,2025,7,15970271.34,15534473.29,F5,SYNTHETIC_DEMO
1200,150300,CNTC00202,NTC002,2025,8,14402782.1,14972200.57,F5,SYNTHETIC_DEMO
1200,150300,CNTC00202,NTC002,2025,9,14668713.6,15379426.93,F5,SYNTHETIC_DEMO
1200,150300,CNTC00202,NTC002,2025,10,15162412.77,15350987.7,F5,SYNTHETIC_DEMO
1200,150300,CNTC00202,NTC002,2025,11,15260630.54,15204931.1,F5,SYNTHETIC_DEMO
1200,150300,CNTC00202,NTC002,2025,12,15244682.5,15868622.05,F5,SYNTHETIC_DEMO
1300,500100,CDX000101,DX001,2025,1,10144671.28,10042179.51,F5,SYNTHETIC_DEMO
1300,500100,CDX000101,DX001,2025,2,9705072.78,9946307.04,F5,SYNTHETIC_DEMO
1300,500100,CDX000101,DX001,2025,3,10163775.58,10544648.29,F5,SYNTHETIC_DEMO
1300,500100,CDX000101,DX001,2025,4,11720770.53,11484803.31,F5,SYNTHETIC_DEMO
1300,500100,CDX000101,DX001,2025,5,11921441.14,11568042.33,F5,SYNTHETIC_DEMO
1300,500100,CDX000101,DX001,2025,6,9317096.51,9507171.24,F5,SYNTHETIC_DEMO
1300,500100,CDX000101,DX001,2025,7,10168799.87,10138478.38,F5,SYNTHETIC_DEMO
1300,500100,CDX000101,DX001,2025,8,9226316.83,9169722.48,F5,SYNTHETIC_DEMO
1300,500100,CDX000101,DX001,2025,9,9277926.09,9606995.41,F5,SYNTHETIC_DEMO
1300,500100,CDX000101,DX001,2025,10,9266325.24,9660747.58,F5,SYNTHETIC_DEMO
1300,500100,CDX000101,DX001,2025,11,10221365.87,9955317.45,F5,SYNTHETIC_DEMO
1300,500100,CDX000101,DX001,2025,12,9981423.21,10404271.87,F5,SYNTHETIC_DEMO
1300,500200,CDX000201,DX001,2025,1,6613087.58,6510547.24,F5,SYNTHETIC_DEMO
1300,500200,CDX000201,DX001,2025,2,6630174.56,6746847.55,F5,SYNTHETIC_DEMO
1300,500200,CDX000201,DX001,2025,3,6383472.68,6633135.68,F5,SYNTHETIC_DEMO
1300,500200,CDX000201,DX001,2025,4,8391586.26,8141046.5,F5,SYNTHETIC_DEMO
1300,500200,CDX000201,DX001,2025,5,8500445.55,8782121.79,F5,SYNTHETIC_DEMO
1300,500200,CDX000201,DX001,2025,6,7296839.12,7338506.25,F5,SYNTHETIC_DEMO
1300,500200,CDX000201,DX001,2025,7,6500901.06,6389210.68,F5,SYNTHETIC_DEMO
1300,500200,CDX000201,DX001,2025,8,7074549.31,7333363.04,F5,SYNTHETIC_DEMO
1300,500200,CDX000201,DX001,2025,9,6655424.07,6914530.79,F5,SYNTHETIC_DEMO
1300,500200,CDX000201,DX001,2025,10,6876493.84,7088478.02,F5,SYNTHETIC_DEMO
1300,500200,CDX000201,DX001,2025,11,7000109.76,7338697.98,F5,SYNTHETIC_DEMO
1300,500200,CDX000201,DX001,2025,12,6688155.34,6617191.98,F5,SYNTHETIC_DEMO
1300,500300,CDX000101,DX001,2025,1,4727513.59,4626346.12,F5,SYNTHETIC_DEMO
1300,500300,CDX000101,DX001,2025,2,5462490.81,5702534.92,F5,SYNTHETIC_DEMO
1300,500300,CDX000101,DX001,2025,3,5169875.35,5087012.24,F5,SYNTHETIC_DEMO
1300,500300,CDX000101,DX001,2025,4,6705506.92,6966652.26,F5,SYNTHETIC_DEMO
1300,500300,CDX000101,DX001,2025,5,5932272.44,6031876.85,F5,SYNTHETIC_DEMO
1300,500300,CDX000101,DX001,2025,6,5476513.5,5518105.31,F5,SYNTHETIC_DEMO
1300,500300,CDX000101,DX001,2025,7,5371699.06,5328016.18,F5,SYNTHETIC_DEMO
1300,500300,CDX000101,DX001,2025,8,5493373.68,5450228.58,F5,SYNTHETIC_DEMO
1300,500300,CDX000101,DX001,2025,9,5388120.48,5367115.95,F5,SYNTHETIC_DEMO
1300,500300,CDX000101,DX001,2025,10,4753357.11,4633966.83,F5,SYNTHETIC_DEMO
1300,500300,CDX000101,DX001,2025,11,5071563.77,4999532.46,F5,SYNTHETIC_DEMO
1300,500300,CDX000101,DX001,2025,12,4903461.43,4984530.86,F5,SYNTHETIC_DEMO
1300,510100,CDX000201,DX001,2025,1,12638143.24,12656261.89,F5,SYNTHETIC_DEMO
1300,510100,CDX000201,DX001,2025,2,14389383.19,14584587.9,F5,SYNTHETIC_DEMO
1300,510100,CDX000201,DX001,2025,3,13158697.35,12821334.03,F5,SYNTHETIC_DEMO
1300,510100,CDX000201,DX001,2025,4,13933117.2,14442212.99,F5,SYNTHETIC_DEMO
1300,510100,CDX000201,DX001,2025,5,14512609.01,14109808.06,F5,SYNTHETIC_DEMO
1300,510100,CDX000201,DX001,2025,6,14239723.56,13887436.46,F5,SYNTHETIC_DEMO
1300,510100,CDX000201,DX001,2025,7,14388992.14,14114226.07,F5,SYNTHETIC_DEMO
1300,510100,CDX000201,DX001,2025,8,13767204.08,14205778.96,F5,SYNTHETIC_DEMO
1300,510100,CDX000201,DX001,2025,9,12812279.12,12686571.16,F5,SYNTHETIC_DEMO
1300,510100,CDX000201,DX001,2025,10,13498145.13,13701460.86,F5,SYNTHETIC_DEMO
1300,510100,CDX000201,DX001,2025,11,14623403.57,14536249.62,F5,SYNTHETIC_DEMO
1300,510100,CDX000201,DX001,2025,12,13129677.6,13597796.57,F5,SYNTHETIC_DEMO
1300,520100,CDX000201,DX001,2025,1,14993090.35,15262678.7,F5,SYNTHETIC_DEMO
1300,520100,CDX000201,DX001,2025,2,15343460.56,15084426.61,F5,SYNTHETIC_DEMO
1300,520100,CDX000201,DX001,2025,3,15765707.5,15576405.36,F5,SYNTHETIC_DEMO
1300,520100,CDX000201,DX001,2025,4,15410868.91,16095961.67,F5,SYNTHETIC_DEMO
1300,520100,CDX000201,DX001,2025,5,15654634.09,15469588.24,F5,SYNTHETIC_DEMO
1300,520100,CDX000201,DX001,2025,6,15309226.89,15108300.18,F5,SYNTHETIC_DEMO
1300,520100,CDX000201,DX001,2025,7,14919091.51,14726776.06,F5,SYNTHETIC_DEMO
1300,520100,CDX000201,DX001,2025,8,15030123.8,15674396.6,F5,SYNTHETIC_DEMO
1300,520100,CDX000201,DX001,2025,9,13868922.65,13571956.15,F5,SYNTHETIC_DEMO
1300,520100,CDX000201,DX001,2025,10,15896438.26,16337275.66,F5,SYNTHETIC_DEMO
1300,520100,CDX000201,DX001,2025,11,15444531.66,16189234.66,F5,SYNTHETIC_DEMO
1300,520100,CDX000201,DX001,2025,12,14780216.95,15461404.6,F5,SYNTHETIC_DEMO
1300,520200,CDX000301,DX001,2025,1,8762509.4,9196008.12,F5,SYNTHETIC_DEMO
1300,520200,CDX000301,DX001,2025,2,8471299.63,8502077.35,F5,SYNTHETIC_DEMO
1300,520200,CDX000301,DX001,2025,3,8485057.73,8765259.01,F5,SYNTHETIC_DEMO
1300,520200,CDX000301,DX001,2025,4,9138222.53,9457832.83,F5,SYNTHETIC_DEMO
1300,520200,CDX000301,DX001,2025,5,8603881.95,8872308.37,F5,SYNTHETIC_DEMO
1300,520200,CDX000301,DX001,2025,6,8164153.78,7931455.37,F5,SYNTHETIC_DEMO
1300,520200,CDX000301,DX001,2025,7,8703078.62,8590011.76,F5,SYNTHETIC_DEMO
1300,520200,CDX000301,DX001,2025,8,7893874.5,7986107.98,F5,SYNTHETIC_DEMO
1300,520200,CDX000301,DX001,2025,9,8999235.6,9291679.9,F5,SYNTHETIC_DEMO
1300,520200,CDX000301,DX001,2025,10,8188465.52,8171747.68,F5,SYNTHETIC_DEMO
1300,520200,CDX000301,DX001,2025,11,8097856.07,7933639.25,F5,SYNTHETIC_DEMO
1300,520200,CDX000301,DX001,2025,12,8452168.69,8848767.91,F5,SYNTHETIC_DEMO
1300,530100,CDX000301,DX001,2025,1,20077087.76,19805518.75,F5,SYNTHETIC_DEMO
1300,530100,CDX000301,DX001,2025,2,18233040.91,19079492.24,F5,SYNTHETIC_DEMO
1300,530100,CDX000301,DX001,2025,3,19271465.9,19888060.6,F5,SYNTHETIC_DEMO
1300,530100,CDX000301,DX001,2025,4,18078258.78,18472830.69,F5,SYNTHETIC_DEMO
1300,530100,CDX000301,DX001,2025,5,19506629.05,19619383.16,F5,SYNTHETIC_DEMO
1300,530100,CDX000301,DX001,2025,6,18490360.7,18742483.51,F5,SYNTHETIC_DEMO
1300,530100,CDX000301,DX001,2025,7,18340088.59,17998695.19,F5,SYNTHETIC_DEMO
1300,530100,CDX000301,DX001,2025,8,19284423.58,20240157.33,F5,SYNTHETIC_DEMO
1300,530100,CDX000301,DX001,2025,9,20344055.1,20096491.1,F5,SYNTHETIC_DEMO
1300,530100,CDX000301,DX001,2025,10,20171547.47,20883474.05,F5,SYNTHETIC_DEMO
1300,530100,CDX000301,DX001,2025,11,19188926.94,19350985.49,F5,SYNTHETIC_DEMO
1300,530100,CDX000301,DX001,2025,12,18442168.01,18323099.09,F5,SYNTHETIC_DEMO
1300,540100,CDX000201,DX001,2025,1,19256209.14,18908709.69,F5,SYNTHETIC_DEMO
1300,540100,CDX000201,DX001,2025,2,16843568.58,16518138.21,F5,SYNTHETIC_DEMO
1300,540100,CDX000201,DX001,2025,3,18123116.84,18570486.46,F5,SYNTHETIC_DEMO
1300,540100,CDX000201,DX001,2025,4,18475842.11,18008618.78,F5,SYNTHETIC_DEMO
1300,540100,CDX000201,DX001,2025,5,18965757.54,19475548.26,F5,SYNTHETIC_DEMO
1300,540100,CDX000201,DX001,2025,6,17363399.43,17259558.63,F5,SYNTHETIC_DEMO
1300,540100,CDX000201,DX001,2025,7,19105906.47,19344615.52,F5,SYNTHETIC_DEMO
1300,540100,CDX000201,DX001,2025,8,19228951.26,19553374.21,F5,SYNTHETIC_DEMO
1300,540100,CDX000201,DX001,2025,9,18992980.07,19935193.17,F5,SYNTHETIC_DEMO
1300,540100,CDX000201,DX001,2025,10,19110807.4,19151550.87,F5,SYNTHETIC_DEMO
1300,540100,CDX000201,DX001,2025,11,17919235.1,18060000.35,F5,SYNTHETIC_DEMO
1300,540100,CDX000201,DX001,2025,12,17765218.06,18646356.19,F5,SYNTHETIC_DEMO
1300,150100,CDX000101,DX001,2025,1,3472032.96,3433848.36,F5,SYNTHETIC_DEMO
1300,150100,CDX000101,DX001,2025,2,3778408.92,3792368.34,F5,SYNTHETIC_DEMO
1300,150100,CDX000101,DX001,2025,3,3754867.07,3674208.86,F5,SYNTHETIC_DEMO
1300,150100,CDX000101,DX001,2025,4,3774009.9,3844252.97,F5,SYNTHETIC_DEMO
1300,150100,CDX000101,DX001,2025,5,3589237.14,3698084.87,F5,SYNTHETIC_DEMO
1300,150100,CDX000101,DX001,2025,6,3745974.43,3867419.95,F5,SYNTHETIC_DEMO
1300,150100,CDX000101,DX001,2025,7,3954193.2,4038707.97,F5,SYNTHETIC_DEMO
1300,150100,CDX000101,DX001,2025,8,3836521.47,3770926.49,F5,SYNTHETIC_DEMO
1300,150100,CDX000101,DX001,2025,9,3464679.91,3483386.05,F5,SYNTHETIC_DEMO
1300,150100,CDX000101,DX001,2025,10,3629845.68,3633152.42,F5,SYNTHETIC_DEMO
1300,150100,CDX000101,DX001,2025,11,3560647.22,3542226.2,F5,SYNTHETIC_DEMO
1300,150100,CDX000101,DX001,2025,12,3480388.95,3505219.46,F5,SYNTHETIC_DEMO
1300,150200,CDX000101,DX001,2025,1,2306338.99,2351076.54,F5,SYNTHETIC_DEMO
1300,150200,CDX000101,DX001,2025,2,2245884.98,2272472.63,F5,SYNTHETIC_DEMO
1300,150200,CDX000101,DX001,2025,3,2257088.11,2228670.7,F5,SYNTHETIC_DEMO
1300,150200,CDX000101,DX001,2025,4,2542760.38,2620699.33,F5,SYNTHETIC_DEMO
1300,150200,CDX000101,DX001,2025,5,2575474.05,2564304.17,F5,SYNTHETIC_DEMO
1300,150200,CDX000101,DX001,2025,6,2364545.15,2383554.26,F5,SYNTHETIC_DEMO
1300,150200,CDX000101,DX001,2025,7,2468163.09,2554595.45,F5,SYNTHETIC_DEMO
1300,150200,CDX000101,DX001,2025,8,2544351.6,2537075.71,F5,SYNTHETIC_DEMO
1300,150200,CDX000101,DX001,2025,9,2476031.67,2406677.4,F5,SYNTHETIC_DEMO
1300,150200,CDX000101,DX001,2025,10,2395668.67,2483976.16,F5,SYNTHETIC_DEMO
1300,150200,CDX000101,DX001,2025,11,2385063.84,2333036.58,F5,SYNTHETIC_DEMO
1300,150200,CDX000101,DX001,2025,12,2516673.65,2569859.92,F5,SYNTHETIC_DEMO
1300,150300,CDX000301,DX001,2025,1,18705732.27,18460289.39,F5,SYNTHETIC_DEMO
1300,150300,CDX000301,DX001,2025,2,18077481.2,18058024.79,F5,SYNTHETIC_DEMO
1300,150300,CDX000301,DX001,2025,3,16815877.33,17615647.76,F5,SYNTHETIC_DEMO
1300,150300,CDX000301,DX001,2025,4,18736573.09,19090617.66,F5,SYNTHETIC_DEMO
1300,150300,CDX000301,DX001,2025,5,18247787.83,18770418.3,F5,SYNTHETIC_DEMO
1300,150300,CDX000301,DX001,2025,6,16551878.47,16996649.09,F5,SYNTHETIC_DEMO
1300,150300,CDX000301,DX001,2025,7,17320064.91,17512024.75,F5,SYNTHETIC_DEMO
1300,150300,CDX000301,DX001,2025,8,16896891.19,17354020.24,F5,SYNTHETIC_DEMO
1300,150300,CDX000301,DX001,2025,9,18265886.41,18286821.84,F5,SYNTHETIC_DEMO
1300,150300,CDX000301,DX001,2025,10,16178918.23,16256425.28,F5,SYNTHETIC_DEMO
1300,150300,CDX000301,DX001,2025,11,17989095.51,17487969.82,F5,SYNTHETIC_DEMO
1300,150300,CDX000301,DX001,2025,12,15998460.98,15630167.51,F5,SYNTHETIC_DEMO
1300,500100,CDX000102,DX002,2025,1,10308597.9,10226135.79,F5,SYNTHETIC_DEMO
1300,500100,CDX000102,DX002,2025,2,9804253.45,10220989.06,F5,SYNTHETIC_DEMO
1300,500100,CDX000102,DX002,2025,3,10098986.76,10491788.47,F5,SYNTHETIC_DEMO
1300,500100,CDX000102,DX002,2025,4,11848930.72,12344542.17,F5,SYNTHETIC_DEMO
1300,500100,CDX000102,DX002,2025,5,12611460.89,12706585.32,F5,SYNTHETIC_DEMO
1300,500100,CDX000102,DX002,2025,6,10811713.31,10805825.4,F5,SYNTHETIC_DEMO
1300,500100,CDX000102,DX002,2025,7,10069291.97,10213999.46,F5,SYNTHETIC_DEMO
1300,500100,CDX000102,DX002,2025,8,9726727.21,9778536.49,F5,SYNTHETIC_DEMO
1300,500100,CDX000102,DX002,2025,9,10946262.08,11152482.31,F5,SYNTHETIC_DEMO
1300,500100,CDX000102,DX002,2025,10,9954692.73,9858665.14,F5,SYNTHETIC_DEMO
1300,500100,CDX000102,DX002,2025,11,10022513.96,9782868.75,F5,SYNTHETIC_DEMO
1300,500100,CDX000102,DX002,2025,12,10405098.31,10123220.81,F5,SYNTHETIC_DEMO
1300,500200,CDX000101,DX001,2025,1,19451780.09,19817713.96,F5,SYNTHETIC_DEMO
1300,500200,CDX000101,DX001,2025,2,19820445.83,20464213.45,F5,SYNTHETIC_DEMO
1300,500200,CDX000101,DX001,2025,3,19937041.69,20578561.7,F5,SYNTHETIC_DEMO
1300,500200,CDX000101,DX001,2025,4,24775370.86,25806817.3,F5,SYNTHETIC_DEMO
1300,500200,CDX000101,DX001,2025,5,22245876.49,23190747.98,F5,SYNTHETIC_DEMO
1300,500200,CDX000101,DX001,2025,6,17612386.81,18165634.25,F5,SYNTHETIC_DEMO
1300,500200,CDX000101,DX001,2025,7,17589182.45,18286726.92,F5,SYNTHETIC_DEMO
1300,500200,CDX000101,DX001,2025,8,17941596.67,17765533.0,F5,SYNTHETIC_DEMO
1300,500200,CDX000101,DX001,2025,9,19166157.78,19926850.36,F5,SYNTHETIC_DEMO
1300,500200,CDX000101,DX001,2025,10,20081715.06,20971411.96,F5,SYNTHETIC_DEMO
1300,500200,CDX000101,DX001,2025,11,20185341.96,21060362.58,F5,SYNTHETIC_DEMO
1300,500200,CDX000101,DX001,2025,12,20502052.42,21227529.3,F5,SYNTHETIC_DEMO
1300,500300,CDX000201,DX001,2025,1,12847651.33,12605955.56,F5,SYNTHETIC_DEMO
1300,500300,CDX000201,DX001,2025,2,13531175.21,13647498.62,F5,SYNTHETIC_DEMO
1300,500300,CDX000201,DX001,2025,3,13000970.0,12891220.79,F5,SYNTHETIC_DEMO
1300,500300,CDX000201,DX001,2025,4,15446108.33,15048563.46,F5,SYNTHETIC_DEMO
1300,500300,CDX000201,DX001,2025,5,15825512.0,16280584.32,F5,SYNTHETIC_DEMO
1300,500300,CDX000201,DX001,2025,6,14146317.15,13914191.21,F5,SYNTHETIC_DEMO
1300,500300,CDX000201,DX001,2025,7,13277359.86,13260993.38,F5,SYNTHETIC_DEMO
1300,500300,CDX000201,DX001,2025,8,14025798.0,14287060.29,F5,SYNTHETIC_DEMO
1300,500300,CDX000201,DX001,2025,9,13358763.27,13463072.18,F5,SYNTHETIC_DEMO
1300,500300,CDX000201,DX001,2025,10,13777978.05,13486457.49,F5,SYNTHETIC_DEMO
1300,500300,CDX000201,DX001,2025,11,12133835.13,12162477.28,F5,SYNTHETIC_DEMO
1300,500300,CDX000201,DX001,2025,12,13144409.62,13039863.17,F5,SYNTHETIC_DEMO
1300,510100,CDX000101,DX001,2025,1,12708659.83,12430075.41,F5,SYNTHETIC_DEMO
1300,510100,CDX000101,DX001,2025,2,12099672.14,12373224.46,F5,SYNTHETIC_DEMO
1300,510100,CDX000101,DX001,2025,3,12999239.1,13251360.95,F5,SYNTHETIC_DEMO
1300,510100,CDX000101,DX001,2025,4,13406699.85,13297507.82,F5,SYNTHETIC_DEMO
1300,510100,CDX000101,DX001,2025,5,12145276.64,12243416.04,F5,SYNTHETIC_DEMO
1300,510100,CDX000101,DX001,2025,6,13009451.89,13444632.48,F5,SYNTHETIC_DEMO
1300,510100,CDX000101,DX001,2025,7,12933306.06,13561564.61,F5,SYNTHETIC_DEMO
1300,510100,CDX000101,DX001,2025,8,12252293.7,12256310.05,F5,SYNTHETIC_DEMO
1300,510100,CDX000101,DX001,2025,9,13330855.49,13594619.54,F5,SYNTHETIC_DEMO
1300,510100,CDX000101,DX001,2025,10,13428903.11,13434240.27,F5,SYNTHETIC_DEMO
1300,510100,CDX000101,DX001,2025,11,12736418.53,12562174.96,F5,SYNTHETIC_DEMO
1300,510100,CDX000101,DX001,2025,12,13447318.7,13552350.87,F5,SYNTHETIC_DEMO
1300,520100,CDX000202,DX002,2025,1,11739050.02,11470066.22,F5,SYNTHETIC_DEMO
1300,520100,CDX000202,DX002,2025,2,11507007.46,11798439.35,F5,SYNTHETIC_DEMO
1300,520100,CDX000202,DX002,2025,3,10919159.68,11045467.54,F5,SYNTHETIC_DEMO
1300,520100,CDX000202,DX002,2025,4,10737189.68,10606471.2,F5,SYNTHETIC_DEMO
1300,520100,CDX000202,DX002,2025,5,10625106.63,10883504.36,F5,SYNTHETIC_DEMO
1300,520100,CDX000202,DX002,2025,6,11077842.44,11127478.96,F5,SYNTHETIC_DEMO
1300,520100,CDX000202,DX002,2025,7,11858500.91,12276366.59,F5,SYNTHETIC_DEMO
1300,520100,CDX000202,DX002,2025,8,10870357.96,11238365.87,F5,SYNTHETIC_DEMO
1300,520100,CDX000202,DX002,2025,9,11145415.2,11571911.67,F5,SYNTHETIC_DEMO
1300,520100,CDX000202,DX002,2025,10,11765803.83,11494017.7,F5,SYNTHETIC_DEMO
1300,520100,CDX000202,DX002,2025,11,11181071.33,11619581.1,F5,SYNTHETIC_DEMO
1300,520100,CDX000202,DX002,2025,12,10348037.07,10570960.61,F5,SYNTHETIC_DEMO
1300,520200,CDX000101,DX001,2025,1,17682903.26,17895484.13,F5,SYNTHETIC_DEMO
1300,520200,CDX000101,DX001,2025,2,19098133.12,18929544.41,F5,SYNTHETIC_DEMO
1300,520200,CDX000101,DX001,2025,3,17790105.01,17975778.36,F5,SYNTHETIC_DEMO
1300,520200,CDX000101,DX001,2025,4,17463025.34,17576309.26,F5,SYNTHETIC_DEMO
1300,520200,CDX000101,DX001,2025,5,19764987.44,19189884.85,F5,SYNTHETIC_DEMO
1300,520200,CDX000101,DX001,2025,6,17934872.56,18307232.24,F5,SYNTHETIC_DEMO
1300,520200,CDX000101,DX001,2025,7,17751039.42,17274507.33,F5,SYNTHETIC_DEMO
1300,520200,CDX000101,DX001,2025,8,19363008.64,19563194.68,F5,SYNTHETIC_DEMO
1300,520200,CDX000101,DX001,2025,9,19763624.27,20572587.72,F5,SYNTHETIC_DEMO
1300,520200,CDX000101,DX001,2025,10,18798981.44,18466735.67,F5,SYNTHETIC_DEMO
1300,520200,CDX000101,DX001,2025,11,18826016.07,19461149.69,F5,SYNTHETIC_DEMO
1300,520200,CDX000101,DX001,2025,12,18933509.37,18601682.16,F5,SYNTHETIC_DEMO
1300,530100,CDX000101,DX001,2025,1,9612587.45,9634622.29,F5,SYNTHETIC_DEMO
1300,530100,CDX000101,DX001,2025,2,10146744.06,9929163.58,F5,SYNTHETIC_DEMO
1300,530100,CDX000101,DX001,2025,3,9406039.97,9543415.43,F5,SYNTHETIC_DEMO
1300,530100,CDX000101,DX001,2025,4,10047774.96,9935768.42,F5,SYNTHETIC_DEMO
1300,530100,CDX000101,DX001,2025,5,9410282.12,9427689.65,F5,SYNTHETIC_DEMO
1300,530100,CDX000101,DX001,2025,6,9482844.82,9612719.9,F5,SYNTHETIC_DEMO
1300,530100,CDX000101,DX001,2025,7,9926229.01,10138592.82,F5,SYNTHETIC_DEMO
1300,530100,CDX000101,DX001,2025,8,9037565.98,9047084.27,F5,SYNTHETIC_DEMO
1300,530100,CDX000101,DX001,2025,9,10154249.03,9948955.45,F5,SYNTHETIC_DEMO
1300,530100,CDX000101,DX001,2025,10,9609431.57,9737936.29,F5,SYNTHETIC_DEMO
1300,530100,CDX000101,DX001,2025,11,8997868.46,9021645.64,F5,SYNTHETIC_DEMO
1300,530100,CDX000101,DX001,2025,12,9705220.54,10174320.24,F5,SYNTHETIC_DEMO
1300,540100,CDX000101,DX001,2025,1,11291284.17,11682096.49,F5,SYNTHETIC_DEMO
1300,540100,CDX000101,DX001,2025,2,11034529.84,11545940.59,F5,SYNTHETIC_DEMO
1300,540100,CDX000101,DX001,2025,3,10169589.44,9958248.82,F5,SYNTHETIC_DEMO
1300,540100,CDX000101,DX001,2025,4,10926602.1,10884667.12,F5,SYNTHETIC_DEMO
1300,540100,CDX000101,DX001,2025,5,10732408.94,11247680.73,F5,SYNTHETIC_DEMO
1300,540100,CDX000101,DX001,2025,6,11215537.27,11738907.81,F5,SYNTHETIC_DEMO
1300,540100,CDX000101,DX001,2025,7,10114420.94,10406716.59,F5,SYNTHETIC_DEMO
1300,540100,CDX000101,DX001,2025,8,10816878.13,10856389.49,F5,SYNTHETIC_DEMO
1300,540100,CDX000101,DX001,2025,9,11353459.46,11285196.51,F5,SYNTHETIC_DEMO
1300,540100,CDX000101,DX001,2025,10,11105941.12,11054449.36,F5,SYNTHETIC_DEMO
1300,540100,CDX000101,DX001,2025,11,11084462.11,11560248.24,F5,SYNTHETIC_DEMO
1300,540100,CDX000101,DX001,2025,12,11409941.2,11516495.34,F5,SYNTHETIC_DEMO
1300,150100,CDX000102,DX002,2025,1,8285809.76,8203854.64,F5,SYNTHETIC_DEMO
1300,150100,CDX000102,DX002,2025,2,7324902.29,7238715.51,F5,SYNTHETIC_DEMO
1300,150100,CDX000102,DX002,2025,3,7314544.21,7244088.16,F5,SYNTHETIC_DEMO
1300,150100,CDX000102,DX002,2025,4,7624810.76,7772939.39,F5,SYNTHETIC_DEMO
1300,150100,CDX000102,DX002,2025,5,7702736.18,7733723.14,F5,SYNTHETIC_DEMO
1300,150100,CDX000102,DX002,2025,6,7824738.53,7851456.49,F5,SYNTHETIC_DEMO
1300,150100,CDX000102,DX002,2025,7,7719743.43,7670846.22,F5,SYNTHETIC_DEMO
1300,150100,CDX000102,DX002,2025,8,8005564.15,8258311.28,F5,SYNTHETIC_DEMO
1300,150100,CDX000102,DX002,2025,9,8530206.75,8385988.56,F5,SYNTHETIC_DEMO
1300,150100,CDX000102,DX002,2025,10,7818790.23,7984002.17,F5,SYNTHETIC_DEMO
1300,150100,CDX000102,DX002,2025,11,7441790.57,7355852.72,F5,SYNTHETIC_DEMO
1300,150100,CDX000102,DX002,2025,12,7614777.6,7698265.03,F5,SYNTHETIC_DEMO
1300,150200,CDX000102,DX002,2025,1,10621370.13,10737611.33,F5,SYNTHETIC_DEMO
1300,150200,CDX000102,DX002,2025,2,11779356.59,11609821.32,F5,SYNTHETIC_DEMO
1300,150200,CDX000102,DX002,2025,3,11832822.87,12025150.92,F5,SYNTHETIC_DEMO
1300,150200,CDX000102,DX002,2025,4,11801697.29,11904953.48,F5,SYNTHETIC_DEMO
1300,150200,CDX000102,DX002,2025,5,11365565.2,11848728.4,F5,SYNTHETIC_DEMO
1300,150200,CDX000102,DX002,2025,6,11096636.32,11553555.92,F5,SYNTHETIC_DEMO
1300,150200,CDX000102,DX002,2025,7,10909581.34,10932722.14,F5,SYNTHETIC_DEMO
1300,150200,CDX000102,DX002,2025,8,11245594.94,11721053.64,F5,SYNTHETIC_DEMO
1300,150200,CDX000102,DX002,2025,9,11915282.32,12371176.26,F5,SYNTHETIC_DEMO
1300,150200,CDX000102,DX002,2025,10,11501420.28,12023323.31,F5,SYNTHETIC_DEMO
1300,150200,CDX000102,DX002,2025,11,11090011.24,11593712.97,F5,SYNTHETIC_DEMO
1300,150200,CDX000102,DX002,2025,12,11408699.76,11138615.46,F5,SYNTHETIC_DEMO
1300,150300,CDX000302,DX002,2025,1,18836456.43,18705517.7,F5,SYNTHETIC_DEMO
1300,150300,CDX000302,DX002,2025,2,17318608.91,17071359.96,F5,SYNTHETIC_DEMO
1300,150300,CDX000302,DX002,2025,3,17392891.89,17547533.78,F5,SYNTHETIC_DEMO
1300,150300,CDX000302,DX002,2025,4,17751747.19,17984179.56,F5,SYNTHETIC_DEMO
1300,150300,CDX000302,DX002,2025,5,19421659.17,19222820.96,F5,SYNTHETIC_DEMO
1300,150300,CDX000302,DX002,2025,6,18306117.8,18458982.9,F5,SYNTHETIC_DEMO
1300,150300,CDX000302,DX002,2025,7,19136535.03,19832225.96,F5,SYNTHETIC_DEMO
1300,150300,CDX000302,DX002,2025,8,17851915.54,18448922.77,F5,SYNTHETIC_DEMO
1300,150300,CDX000302,DX002,2025,9,19837195.38,20530947.5,F5,SYNTHETIC_DEMO
1300,150300,CDX000302,DX002,2025,10,19042589.17,19829288.91,F5,SYNTHETIC_DEMO
1300,150300,CDX000302,DX002,2025,11,17837827.12,17826345.89,F5,SYNTHETIC_DEMO
1300,150300,CDX000302,DX002,2025,12,18721257.54,18423605.44,F5,SYNTHETIC_DEMO
1300,500100,CDX000103,DX003,2025,1,10619032.34,10872254.6,F5,SYNTHETIC_DEMO
1300,500100,CDX000103,DX003,2025,2,10310740.44,10448455.6,F5,SYNTHETIC_DEMO
1300,500100,CDX000103,DX003,2025,3,9370188.95,9305679.3,F5,SYNTHETIC_DEMO
1300,500100,CDX000103,DX003,2025,4,12331563.5,12920763.65,F5,SYNTHETIC_DEMO
1300,500100,CDX000103,DX003,2025,5,11974848.37,12083559.05,F5,SYNTHETIC_DEMO
1300,500100,CDX000103,DX003,2025,6,10013801.19,9997777.29,F5,SYNTHETIC_DEMO
1300,500100,CDX000103,DX003,2025,7,10847265.08,11287950.15,F5,SYNTHETIC_DEMO
1300,500100,CDX000103,DX003,2025,8,10106850.62,10286276.93,F5,SYNTHETIC_DEMO
1300,500100,CDX000103,DX003,2025,9,9503061.99,9251131.25,F5,SYNTHETIC_DEMO
1300,500100,CDX000103,DX003,2025,10,9333695.05,9281273.79,F5,SYNTHETIC_DEMO
1300,500100,CDX000103,DX003,2025,11,9925941.99,9981290.45,F5,SYNTHETIC_DEMO
1300,500100,CDX000103,DX003,2025,12,10670188.86,11189836.34,F5,SYNTHETIC_DEMO
1300,500200,CDX000202,DX002,2025,1,15497543.85,16263580.8,F5,SYNTHETIC_DEMO
1300,500200,CDX000202,DX002,2025,2,15616350.42,15776874.23,F5,SYNTHETIC_DEMO
1300,500200,CDX000202,DX002,2025,3,15698340.07,15603632.32,F5,SYNTHETIC_DEMO
1300,500200,CDX000202,DX002,2025,4,18463442.09,18928939.82,F5,SYNTHETIC_DEMO
1300,500200,CDX000202,DX002,2025,5,18903622.4,19079702.06,F5,SYNTHETIC_DEMO
1300,500200,CDX000202,DX002,2025,6,13589200.51,13573615.66,F5,SYNTHETIC_DEMO
1300,500200,CDX000202,DX002,2025,7,15277993.0,14992900.59,F5,SYNTHETIC_DEMO
1300,500200,CDX000202,DX002,2025,8,14204956.59,14706109.69,F5,SYNTHETIC_DEMO
1300,500200,CDX000202,DX002,2025,9,15664953.44,16209116.53,F5,SYNTHETIC_DEMO
1300,500200,CDX000202,DX002,2025,10,15188420.12,15660448.46,F5,SYNTHETIC_DEMO
1300,500200,CDX000202,DX002,2025,11,14469271.35,14593322.54,F5,SYNTHETIC_DEMO
1300,500200,CDX000202,DX002,2025,12,15680509.66,16354312.9,F5,SYNTHETIC_DEMO
1300,500300,CDX000301,DX001,2025,1,12285202.16,12106269.72,F5,SYNTHETIC_DEMO
1300,500300,CDX000301,DX001,2025,2,10775469.26,11027917.91,F5,SYNTHETIC_DEMO
1300,500300,CDX000301,DX001,2025,3,11155506.43,11572552.65,F5,SYNTHETIC_DEMO
1300,500300,CDX000301,DX001,2025,4,13394723.14,13341451.48,F5,SYNTHETIC_DEMO
1300,500300,CDX000301,DX001,2025,5,14649339.33,14258400.99,F5,SYNTHETIC_DEMO
1300,500300,CDX000301,DX001,2025,6,12357546.0,12488898.8,F5,SYNTHETIC_DEMO
1300,500300,CDX000301,DX001,2025,7,11483750.88,11527070.61,F5,SYNTHETIC_DEMO
1300,500300,CDX000301,DX001,2025,8,12118469.48,12638157.41,F5,SYNTHETIC_DEMO
1300,500300,CDX000301,DX001,2025,9,12160088.92,12477506.78,F5,SYNTHETIC_DEMO
1300,500300,CDX000301,DX001,2025,10,11756974.36,12255892.6,F5,SYNTHETIC_DEMO
1300,500300,CDX000301,DX001,2025,11,11916569.09,12386062.22,F5,SYNTHETIC_DEMO
1300,500300,CDX000301,DX001,2025,12,11572740.45,11846559.48,F5,SYNTHETIC_DEMO
1300,510100,CDX000301,DX001,2025,1,12242768.81,12666907.98,F5,SYNTHETIC_DEMO
1300,510100,CDX000301,DX001,2025,2,11032528.57,10882444.28,F5,SYNTHETIC_DEMO
1300,510100,CDX000301,DX001,2025,3,12207398.69,12631359.87,F5,SYNTHETIC_DEMO
1300,510100,CDX000301,DX001,2025,4,12062967.97,12081880.87,F5,SYNTHETIC_DEMO
1300,510100,CDX000301,DX001,2025,5,12438348.66,12923098.88,F5,SYNTHETIC_DEMO
1300,510100,CDX000301,DX001,2025,6,10976455.12,11478228.64,F5,SYNTHETIC_DEMO
1300,510100,CDX000301,DX001,2025,7,11985537.41,12000014.11,F5,SYNTHETIC_DEMO
1300,510100,CDX000301,DX001,2025,8,12085501.28,11868635.71,F5,SYNTHETIC_DEMO
1300,510100,CDX000301,DX001,2025,9,11470527.52,11738419.8,F5,SYNTHETIC_DEMO
1300,510100,CDX000301,DX001,2025,10,12181708.23,12251723.81,F5,SYNTHETIC_DEMO
1300,510100,CDX000301,DX001,2025,11,11944995.65,12016767.62,F5,SYNTHETIC_DEMO
1300,510100,CDX000301,DX001,2025,12,11041743.27,10951895.5,F5,SYNTHETIC_DEMO
1300,520100,CDX000203,DX003,2025,1,15955157.83,16677464.16,F5,SYNTHETIC_DEMO
1300,520100,CDX000203,DX003,2025,2,16194673.59,16633672.69,F5,SYNTHETIC_DEMO
1300,520100,CDX000203,DX003,2025,3,16244735.27,16707724.27,F5,SYNTHETIC_DEMO
1300,520100,CDX000203,DX003,2025,4,15294331.2,14921572.97,F5,SYNTHETIC_DEMO
1300,520100,CDX000203,DX003,2025,5,15995699.38,16727655.87,F5,SYNTHETIC_DEMO
1300,520100,CDX000203,DX003,2025,6,16420585.95,15991584.36,F5,SYNTHETIC_DEMO
1300,520100,CDX000203,DX003,2025,7,15720526.11,15630689.62,F5,SYNTHETIC_DEMO
1300,520100,CDX000203,DX003,2025,8,15707394.85,16473935.2,F5,SYNTHETIC_DEMO
1300,520100,CDX000203,DX003,2025,9,14942366.22,15204379.42,F5,SYNTHETIC_DEMO
1300,520100,CDX000203,DX003,2025,10,15043680.08,14821472.38,F5,SYNTHETIC_DEMO
1300,520100,CDX000203,DX003,2025,11,16717179.84,16768096.78,F5,SYNTHETIC_DEMO
1300,520100,CDX000203,DX003,2025,12,15499464.56,15400778.63,F5,SYNTHETIC_DEMO
1300,520200,CDX000201,DX001,2025,1,8314005.33,8312729.09,F5,SYNTHETIC_DEMO
1300,520200,CDX000201,DX001,2025,2,7958997.06,8200760.29,F5,SYNTHETIC_DEMO
1300,520200,CDX000201,DX001,2025,3,7876945.58,7872124.09,F5,SYNTHETIC_DEMO
1300,520200,CDX000201,DX001,2025,4,8092849.54,8337123.21,F5,SYNTHETIC_DEMO
1300,520200,CDX000201,DX001,2025,5,8126013.04,8025740.1,F5,SYNTHETIC_DEMO
1300,520200,CDX000201,DX001,2025,6,8352514.08,8576918.62,F5,SYNTHETIC_DEMO
1300,520200,CDX000201,DX001,2025,7,7523121.51,7551610.91,F5,SYNTHETIC_DEMO
1300,520200,CDX000201,DX001,2025,8,7685593.61,7625349.14,F5,SYNTHETIC_DEMO
1300,520200,CDX000201,DX001,2025,9,8409629.16,8655786.45,F5,SYNTHETIC_DEMO
1300,520200,CDX000201,DX001,2025,10,8087623.14,8234191.73,F5,SYNTHETIC_DEMO
1300,520200,CDX000201,DX001,2025,11,8441533.55,8682062.7,F5,SYNTHETIC_DEMO
1300,520200,CDX000201,DX001,2025,12,8597387.19,8698202.3,F5,SYNTHETIC_DEMO
1300,530100,CDX000302,DX002,2025,1,18906061.91,19588254.25,F5,SYNTHETIC_DEMO
1300,530100,CDX000302,DX002,2025,2,18406023.74,19314333.75,F5,SYNTHETIC_DEMO
1300,530100,CDX000302,DX002,2025,3,18911060.55,19593279.16,F5,SYNTHETIC_DEMO
1300,530100,CDX000302,DX002,2025,4,17488355.55,17305741.33,F5,SYNTHETIC_DEMO
1300,530100,CDX000302,DX002,2025,5,19148522.05,18738298.64,F5,SYNTHETIC_DEMO
1300,530100,CDX000302,DX002,2025,6,18882933.19,19364028.38,F5,SYNTHETIC_DEMO
1300,530100,CDX000302,DX002,2025,7,17313933.72,17858344.37,F5,SYNTHETIC_DEMO
1300,530100,CDX000302,DX002,2025,8,19218704.6,19416517.74,F5,SYNTHETIC_DEMO
1300,530100,CDX000302,DX002,2025,9,17732424.77,17706421.7,F5,SYNTHETIC_DEMO
1300,530100,CDX000302,DX002,2025,10,17446768.33,18136053.23,F5,SYNTHETIC_DEMO
1300,530100,CDX000302,DX002,2025,11,17780265.71,17898162.66,F5,SYNTHETIC_DEMO
1300,530100,CDX000302,DX002,2025,12,18413662.28,18134710.62,F5,SYNTHETIC_DEMO
1300,540100,CDX000202,DX002,2025,1,7436003.27,7720282.13,F5,SYNTHETIC_DEMO
1300,540100,CDX000202,DX002,2025,2,6992129.85,7258020.18,F5,SYNTHETIC_DEMO
1300,540100,CDX000202,DX002,2025,3,7504321.18,7317281.91,F5,SYNTHETIC_DEMO
1300,540100,CDX000202,DX002,2025,4,7362784.41,7343770.64,F5,SYNTHETIC_DEMO
1300,540100,CDX000202,DX002,2025,5,7618896.45,7418640.97,F5,SYNTHETIC_DEMO
1300,540100,CDX000202,DX002,2025,6,7228766.69,7171228.42,F5,SYNTHETIC_DEMO
1300,540100,CDX000202,DX002,2025,7,7546351.52,7425646.81,F5,SYNTHETIC_DEMO
1300,540100,CDX000202,DX002,2025,8,6846031.07,7056817.88,F5,SYNTHETIC_DEMO
1300,540100,CDX000202,DX002,2025,9,7188982.95,7217964.83,F5,SYNTHETIC_DEMO
1300,540100,CDX000202,DX002,2025,10,6836359.41,6722883.95,F5,SYNTHETIC_DEMO
1300,540100,CDX000202,DX002,2025,11,7798517.42,7711458.26,F5,SYNTHETIC_DEMO
1300,540100,CDX000202,DX002,2025,12,7207508.27,7048685.7,F5,SYNTHETIC_DEMO
1300,150100,CDX000201,DX001,2025,1,5056849.29,5090361.35,F5,SYNTHETIC_DEMO
1300,150100,CDX000201,DX001,2025,2,5570336.06,5824635.34,F5,SYNTHETIC_DEMO
1300,150100,CDX000201,DX001,2025,3,5011831.99,5053374.1,F5,SYNTHETIC_DEMO
1300,150100,CDX000201,DX001,2025,4,5560433.24,5715172.9,F5,SYNTHETIC_DEMO
1300,150100,CDX000201,DX001,2025,5,5044352.1,5023298.78,F5,SYNTHETIC_DEMO
1300,150100,CDX000201,DX001,2025,6,5700464.4,5864457.69,F5,SYNTHETIC_DEMO
1300,150100,CDX000201,DX001,2025,7,5360832.77,5490128.27,F5,SYNTHETIC_DEMO
1300,150100,CDX000201,DX001,2025,8,5006817.26,4870918.13,F5,SYNTHETIC_DEMO
1300,150100,CDX000201,DX001,2025,9,5125800.36,5165395.09,F5,SYNTHETIC_DEMO
1300,150100,CDX000201,DX001,2025,10,5314754.33,5165873.69,F5,SYNTHETIC_DEMO
1300,150100,CDX000201,DX001,2025,11,5512294.69,5441227.78,F5,SYNTHETIC_DEMO
1300,150100,CDX000201,DX001,2025,12,5114968.77,4993924.42,F5,SYNTHETIC_DEMO
1300,150200,CDX000301,DX001,2025,1,15212749.49,15878096.54,F5,SYNTHETIC_DEMO
1300,150200,CDX000301,DX001,2025,2,14819496.1,15315537.27,F5,SYNTHETIC_DEMO
1300,150200,CDX000301,DX001,2025,3,13458771.57,13085465.66,F5,SYNTHETIC_DEMO
1300,150200,CDX000301,DX001,2025,4,13769825.01,13808091.3,F5,SYNTHETIC_DEMO
1300,150200,CDX000301,DX001,2025,5,13362449.09,13206649.98,F5,SYNTHETIC_DEMO
1300,150200,CDX000301,DX001,2025,6,13268125.99,13273122.18,F5,SYNTHETIC_DEMO
1300,150200,CDX000301,DX001,2025,7,14151771.94,14749741.02,F5,SYNTHETIC_DEMO
1300,150200,CDX000301,DX001,2025,8,14648851.41,14477334.0,F5,SYNTHETIC_DEMO
1300,150200,CDX000301,DX001,2025,9,14933362.32,15152201.94,F5,SYNTHETIC_DEMO
1300,150200,CDX000301,DX001,2025,10,15294862.58,15340550.87,F5,SYNTHETIC_DEMO
1300,150200,CDX000301,DX001,2025,11,13941052.42,13950713.64,F5,SYNTHETIC_DEMO
1300,150200,CDX000301,DX001,2025,12,14727138.11,15189003.79,F5,SYNTHETIC_DEMO
1300,150300,CDX000201,DX001,2025,1,12317157.89,12849808.72,F5,SYNTHETIC_DEMO
1300,150300,CDX000201,DX001,2025,2,10590346.47,10758124.75,F5,SYNTHETIC_DEMO
1300,150300,CDX000201,DX001,2025,3,11020307.73,11248112.97,F5,SYNTHETIC_DEMO
1300,150300,CDX000201,DX001,2025,4,10629062.99,10388115.19,F5,SYNTHETIC_DEMO
1300,150300,CDX000201,DX001,2025,5,10683301.47,10748082.76,F5,SYNTHETIC_DEMO
1300,150300,CDX000201,DX001,2025,6,10578906.81,10959637.24,F5,SYNTHETIC_DEMO
1300,150300,CDX000201,DX001,2025,7,11551324.16,11353455.73,F5,SYNTHETIC_DEMO
1300,150300,CDX000201,DX001,2025,8,11105448.48,11589401.68,F5,SYNTHETIC_DEMO
1300,150300,CDX000201,DX001,2025,9,11201129.45,11740840.41,F5,SYNTHETIC_DEMO
1300,150300,CDX000201,DX001,2025,10,12291124.47,12752031.22,F5,SYNTHETIC_DEMO
1300,150300,CDX000201,DX001,2025,11,12282464.73,12061220.4,F5,SYNTHETIC_DEMO
1300,150300,CDX000201,DX001,2025,12,11487800.89,11740212.01,F5,SYNTHETIC_DEMO
1300,500100,CDX000104,DX004,2025,1,5135162.99,5293263.15,F5,SYNTHETIC_DEMO
1300,500100,CDX000104,DX004,2025,2,4827605.59,4798830.97,F5,SYNTHETIC_DEMO
1300,500100,CDX000104,DX004,2025,3,5114272.43,5338091.33,F5,SYNTHETIC_DEMO
1300,500100,CDX000104,DX004,2025,4,5873339.61,5780372.25,F5,SYNTHETIC_DEMO
1300,500100,CDX000104,DX004,2025,5,5726445.77,5908738.78,F5,SYNTHETIC_DEMO
1300,500100,CDX000104,DX004,2025,6,4778255.75,4742593.17,F5,SYNTHETIC_DEMO
1300,500100,CDX000104,DX004,2025,7,4871590.06,4857210.28,F5,SYNTHETIC_DEMO
1300,500100,CDX000104,DX004,2025,8,4656287.58,4877502.75,F5,SYNTHETIC_DEMO
1300,500100,CDX000104,DX004,2025,9,5261815.63,5254665.74,F5,SYNTHETIC_DEMO
1300,500100,CDX000104,DX004,2025,10,4884910.18,4955488.5,F5,SYNTHETIC_DEMO
1300,500100,CDX000104,DX004,2025,11,5244184.14,5391594.12,F5,SYNTHETIC_DEMO
1300,500100,CDX000104,DX004,2025,12,5113173.13,5076141.36,F5,SYNTHETIC_DEMO
1300,500200,CDX000102,DX002,2025,1,19430380.08,19643905.35,F5,SYNTHETIC_DEMO
1300,500200,CDX000102,DX002,2025,2,18586784.23,19113351.45,F5,SYNTHETIC_DEMO
1300,500200,CDX000102,DX002,2025,3,19674832.99,19146138.65,F5,SYNTHETIC_DEMO
1300,500200,CDX000102,DX002,2025,4,23798345.85,23617449.55,F5,SYNTHETIC_DEMO
1300,500200,CDX000102,DX002,2025,5,23558226.02,24472868.53,F5,SYNTHETIC_DEMO
1300,500200,CDX000102,DX002,2025,6,18413084.64,18570583.95,F5,SYNTHETIC_DEMO
1300,500200,CDX000102,DX002,2025,7,18986574.91,19931138.34,F5,SYNTHETIC_DEMO
1300,500200,CDX000102,DX002,2025,8,20289368.13,20088892.49,F5,SYNTHETIC_DEMO
1300,500200,CDX000102,DX002,2025,9,18104270.63,18192307.89,F5,SYNTHETIC_DEMO
1300,500200,CDX000102,DX002,2025,10,18612728.31,18608738.13,F5,SYNTHETIC_DEMO
1300,500200,CDX000102,DX002,2025,11,17671970.26,17394578.02,F5,SYNTHETIC_DEMO
1300,500200,CDX000102,DX002,2025,12,18788994.8,19657931.4,F5,SYNTHETIC_DEMO
1300,500300,CDX000102,DX002,2025,1,9672365.81,9503375.72,F5,SYNTHETIC_DEMO
1300,500300,CDX000102,DX002,2025,2,8996360.17,9411633.96,F5,SYNTHETIC_DEMO
1300,500300,CDX000102,DX002,2025,3,9470574.47,9572315.04,F5,SYNTHETIC_DEMO
1300,500300,CDX000102,DX002,2025,4,11114235.66,11578026.5,F5,SYNTHETIC_DEMO
1300,500300,CDX000102,DX002,2025,5,11495896.38,11459380.09,F5,SYNTHETIC_DEMO
1300,500300,CDX000102,DX002,2025,6,9195900.36,9144475.73,F5,SYNTHETIC_DEMO
1300,500300,CDX000102,DX002,2025,7,9638256.46,9855726.62,F5,SYNTHETIC_DEMO
1300,500300,CDX000102,DX002,2025,8,9547419.82,9718961.56,F5,SYNTHETIC_DEMO
1300,500300,CDX000102,DX002,2025,9,9309541.21,9118988.58,F5,SYNTHETIC_DEMO
1300,500300,CDX000102,DX002,2025,10,9742734.52,9462700.35,F5,SYNTHETIC_DEMO
1300,500300,CDX000102,DX002,2025,11,9265041.47,9068478.49,F5,SYNTHETIC_DEMO
1300,500300,CDX000102,DX002,2025,12,8836051.87,8923533.48,F5,SYNTHETIC_DEMO
1300,510100,CDX000302,DX002,2025,1,6326715.83,6261363.07,F5,SYNTHETIC_DEMO
1300,510100,CDX000302,DX002,2025,2,6179913.71,6025525.8,F5,SYNTHETIC_DEMO
1300,510100,CDX000302,DX002,2025,3,5628197.96,5818382.67,F5,SYNTHETIC_DEMO
1300,510100,CDX000302,DX002,2025,4,6015081.04,5954862.54,F5,SYNTHETIC_DEMO
1300,510100,CDX000302,DX002,2025,5,6126700.41,6414683.91,F5,SYNTHETIC_DEMO
1300,510100,CDX000302,DX002,2025,6,5599969.5,5615065.0,F5,SYNTHETIC_DEMO
1300,510100,CDX000302,DX002,2025,7,5543476.63,5696710.2,F5,SYNTHETIC_DEMO
1300,510100,CDX000302,DX002,2025,8,6440569.71,6433038.46,F5,SYNTHETIC_DEMO
1300,510100,CDX000302,DX002,2025,9,6307280.64,6566159.5,F5,SYNTHETIC_DEMO
1300,510100,CDX000302,DX002,2025,10,5984882.83,5902951.12,F5,SYNTHETIC_DEMO
1300,510100,CDX000302,DX002,2025,11,6031252.14,5978712.6,F5,SYNTHETIC_DEMO
1300,510100,CDX000302,DX002,2025,12,6235472.88,6232854.58,F5,SYNTHETIC_DEMO
1300,520100,CDX000301,DX001,2025,1,19454411.45,18932395.7,F5,SYNTHETIC_DEMO
1300,520100,CDX000301,DX001,2025,2,17717121.26,17674445.27,F5,SYNTHETIC_DEMO
1300,520100,CDX000301,DX001,2025,3,17730070.8,17621539.5,F5,SYNTHETIC_DEMO
1300,520100,CDX000301,DX001,2025,4,18577619.27,19143031.94,F5,SYNTHETIC_DEMO
1300,520100,CDX000301,DX001,2025,5,19612253.59,20003374.91,F5,SYNTHETIC_DEMO
1300,520100,CDX000301,DX001,2025,6,19741008.13,19208035.7,F5,SYNTHETIC_DEMO
1300,520100,CDX000301,DX001,2025,7,18304718.78,18952571.05,F5,SYNTHETIC_DEMO
1300,520100,CDX000301,DX001,2025,8,19828714.7,20567481.64,F5,SYNTHETIC_DEMO
1300,520100,CDX000301,DX001,2025,9,17531560.54,17867978.74,F5,SYNTHETIC_DEMO
1300,520100,CDX000301,DX001,2025,10,17560219.51,18300811.9,F5,SYNTHETIC_DEMO
1300,520100,CDX000301,DX001,2025,11,19442892.13,19671147.36,F5,SYNTHETIC_DEMO
1300,520100,CDX000301,DX001,2025,12,18930688.5,19381219.5,F5,SYNTHETIC_DEMO
1300,520200,CDX000302,DX002,2025,1,8044951.97,7945479.51,F5,SYNTHETIC_DEMO
1300,520200,CDX000302,DX002,2025,2,8520240.57,8593510.41,F5,SYNTHETIC_DEMO
1300,520200,CDX000302,DX002,2025,3,8063384.63,8189132.81,F5,SYNTHETIC_DEMO
1300,520200,CDX000302,DX002,2025,4,8448605.39,8847321.9,F5,SYNTHETIC_DEMO
1300,520200,CDX000302,DX002,2025,5,9265133.87,9079612.12,F5,SYNTHETIC_DEMO
1300,520200,CDX000302,DX002,2025,6,8998614.92,9034474.51,F5,SYNTHETIC_DEMO
1300,520200,CDX000302,DX002,2025,7,8908460.83,9093810.71,F5,SYNTHETIC_DEMO
1300,520200,CDX000302,DX002,2025,8,8196806.44,8465490.69,F5,SYNTHETIC_DEMO
1300,520200,CDX000302,DX002,2025,9,9004775.5,9434407.03,F5,SYNTHETIC_DEMO
1300,520200,CDX000302,DX002,2025,10,8145533.92,8169505.27,F5,SYNTHETIC_DEMO
1300,520200,CDX000302,DX002,2025,11,9276155.8,9245858.7,F5,SYNTHETIC_DEMO
1300,520200,CDX000302,DX002,2025,12,8086498.55,8273873.09,F5,SYNTHETIC_DEMO
1300,530100,CDX000102,DX002,2025,1,6099198.29,6028206.75,F5,SYNTHETIC_DEMO
1300,530100,CDX000102,DX002,2025,2,6350928.46,6333173.3,F5,SYNTHETIC_DEMO
1300,530100,CDX000102,DX002,2025,3,6239013.7,6523859.37,F5,SYNTHETIC_DEMO
1300,530100,CDX000102,DX002,2025,4,6318286.19,6538601.16,F5,SYNTHETIC_DEMO
1300,530100,CDX000102,DX002,2025,5,6666430.95,6951719.31,F5,SYNTHETIC_DEMO
1300,530100,CDX000102,DX002,2025,6,6098341.86,6048026.94,F5,SYNTHETIC_DEMO
1300,530100,CDX000102,DX002,2025,7,6135372.43,6251999.72,F5,SYNTHETIC_DEMO
1300,530100,CDX000102,DX002,2025,8,6609447.37,6489567.47,F5,SYNTHETIC_DEMO
1300,530100,CDX000102,DX002,2025,9,6341898.93,6602592.88,F5,SYNTHETIC_DEMO
1300,530100,CDX000102,DX002,2025,10,6229819.81,6106558.37,F5,SYNTHETIC_DEMO
1300,530100,CDX000102,DX002,2025,11,6558401.03,6776779.25,F5,SYNTHETIC_DEMO
1300,530100,CDX000102,DX002,2025,12,5891822.88,5857770.25,F5,SYNTHETIC_DEMO
1300,540100,CDX000102,DX002,2025,1,17527082.12,17165719.59,F5,SYNTHETIC_DEMO
1300,540100,CDX000102,DX002,2025,2,17590338.03,18024024.77,F5,SYNTHETIC_DEMO
1300,540100,CDX000102,DX002,2025,3,19877239.36,20374878.22,F5,SYNTHETIC_DEMO
1300,540100,CDX000102,DX002,2025,4,18532363.04,18541202.19,F5,SYNTHETIC_DEMO
1300,540100,CDX000102,DX002,2025,5,17576422.63,17874134.84,F5,SYNTHETIC_DEMO
1300,540100,CDX000102,DX002,2025,6,18089171.05,18078232.61,F5,SYNTHETIC_DEMO
1300,540100,CDX000102,DX002,2025,7,17554232.22,17149483.16,F5,SYNTHETIC_DEMO
1300,540100,CDX000102,DX002,2025,8,18316131.55,18553557.79,F5,SYNTHETIC_DEMO
1300,540100,CDX000102,DX002,2025,9,18434814.93,18546123.42,F5,SYNTHETIC_DEMO
1300,540100,CDX000102,DX002,2025,10,18577905.54,18414842.57,F5,SYNTHETIC_DEMO
1300,540100,CDX000102,DX002,2025,11,19841774.45,20610649.56,F5,SYNTHETIC_DEMO
1300,540100,CDX000102,DX002,2025,12,19843843.03,19522807.11,F5,SYNTHETIC_DEMO
1300,150100,CDX000202,DX002,2025,1,15581225.8,16129401.79,F5,SYNTHETIC_DEMO
1300,150100,CDX000202,DX002,2025,2,13864593.83,13632015.35,F5,SYNTHETIC_DEMO
1300,150100,CDX000202,DX002,2025,3,15433042.35,16009769.52,F5,SYNTHETIC_DEMO
1300,150100,CDX000202,DX002,2025,4,14142477.34,14434231.32,F5,SYNTHETIC_DEMO
1300,150100,CDX000202,DX002,2025,5,15221694.86,15277921.56,F5,SYNTHETIC_DEMO
1300,150100,CDX000202,DX002,2025,6,16171252.54,16332132.81,F5,SYNTHETIC_DEMO
1300,150100,CDX000202,DX002,2025,7,16103536.86,16549283.11,F5,SYNTHETIC_DEMO
1300,150100,CDX000202,DX002,2025,8,15762271.02,16469198.57,F5,SYNTHETIC_DEMO
1300,150100,CDX000202,DX002,2025,9,14787020.65,14961112.77,F5,SYNTHETIC_DEMO
1300,150100,CDX000202,DX002,2025,10,14939070.82,14869370.43,F5,SYNTHETIC_DEMO
1300,150100,CDX000202,DX002,2025,11,15337211.06,14944261.75,F5,SYNTHETIC_DEMO
1300,150100,CDX000202,DX002,2025,12,14330399.92,14588719.54,F5,SYNTHETIC_DEMO
1300,150200,CDX000201,DX001,2025,1,13554305.91,14025688.98,F5,SYNTHETIC_DEMO
1300,150200,CDX000201,DX001,2025,2,15024530.6,15207079.12,F5,SYNTHETIC_DEMO
1300,150200,CDX000201,DX001,2025,3,15418878.62,15932401.57,F5,SYNTHETIC_DEMO
1300,150200,CDX000201,DX001,2025,4,14693479.12,14390976.47,F5,SYNTHETIC_DEMO
1300,150200,CDX000201,DX001,2025,5,14449199.47,14794102.34,F5,SYNTHETIC_DEMO
1300,150200,CDX000201,DX001,2025,6,14901281.83,14754877.96,F5,SYNTHETIC_DEMO
1300,150200,CDX000201,DX001,2025,7,15446514.04,15888809.96,F5,SYNTHETIC_DEMO
1300,150200,CDX000201,DX001,2025,8,14584089.36,14195428.52,F5,SYNTHETIC_DEMO
1300,150200,CDX000201,DX001,2025,9,13652110.88,14225857.03,F5,SYNTHETIC_DEMO
1300,150200,CDX000201,DX001,2025,10,14313814.82,14652960.08,F5,SYNTHETIC_DEMO
1300,150200,CDX000201,DX001,2025,11,15423533.08,15266649.95,F5,SYNTHETIC_DEMO
1300,150200,CDX000201,DX001,2025,12,15362917.27,16007707.58,F5,SYNTHETIC_DEMO
1300,150300,CDX000101,DX001,2025,1,4278802.17,4410580.72,F5,SYNTHETIC_DEMO
1300,150300,CDX000101,DX001,2025,2,4555217.13,4555761.27,F5,SYNTHETIC_DEMO
1300,150300,CDX000101,DX001,2025,3,4566779.59,4530160.95,F5,SYNTHETIC_DEMO
1300,150300,CDX000101,DX001,2025,4,4466825.15,4668659.84,F5,SYNTHETIC_DEMO
1300,150300,CDX000101,DX001,2025,5,4410367.87,4487567.66,F5,SYNTHETIC_DEMO
1300,150300,CDX000101,DX001,2025,6,4653451.27,4615898.29,F5,SYNTHETIC_DEMO
1300,150300,CDX000101,DX001,2025,7,4646582.36,4617822.11,F5,SYNTHETIC_DEMO
1300,150300,CDX000101,DX001,2025,8,4405202.49,4607535.68,F5,SYNTHETIC_DEMO
1300,150300,CDX000101,DX001,2025,9,4732012.13,4625144.33,F5,SYNTHETIC_DEMO
1300,150300,CDX000101,DX001,2025,10,4522458.58,4620678.19,F5,SYNTHETIC_DEMO
1300,150300,CDX000101,DX001,2025,11,4581903.0,4489733.9,F5,SYNTHETIC_DEMO
1300,150300,CDX000101,DX001,2025,12,4758508.02,4763139.0,F5,SYNTHETIC_DEMO
1000,500100,CERI00101,ERI001,2026,1,15412789.08,15348473.64,F5,SYNTHETIC_DEMO
1000,500100,CERI00101,ERI001,2026,2,14880023.95,14683542.6,F5,SYNTHETIC_DEMO
1000,500100,CERI00101,ERI001,2026,3,15973340.4,16539374.35,F5,SYNTHETIC_DEMO
1000,500100,CERI00101,ERI001,2026,4,17477047.53,17317890.17,F5,SYNTHETIC_DEMO
1000,500100,CERI00101,ERI001,2026,5,18653289.3,18356404.89,F5,SYNTHETIC_DEMO
1000,500100,CERI00101,ERI001,2026,6,14442365.13,14100188.07,F5,SYNTHETIC_DEMO
1000,500100,CERI00101,ERI001,2026,7,14153283.44,14769289.98,F5,SYNTHETIC_DEMO
1000,500100,CERI00101,ERI001,2026,8,15061200.46,15710283.82,F5,SYNTHETIC_DEMO
1000,500100,CERI00101,ERI001,2026,9,15437062.43,15951489.97,F5,SYNTHETIC_DEMO
1000,500100,CERI00101,ERI001,2026,10,14114393.38,14668818.14,F5,SYNTHETIC_DEMO
1000,500100,CERI00101,ERI001,2026,11,15045030.05,14959437.51,F5,SYNTHETIC_DEMO
1000,500100,CERI00101,ERI001,2026,12,15606556.89,15806781.0,F5,SYNTHETIC_DEMO
1000,500200,CERI00101,ERI001,2026,1,3437176.58,3529177.61,F5,SYNTHETIC_DEMO
1000,500200,CERI00101,ERI001,2026,2,3233960.68,3173983.19,F5,SYNTHETIC_DEMO
1000,500200,CERI00101,ERI001,2026,3,3463961.54,3619169.57,F5,SYNTHETIC_DEMO
1000,500200,CERI00101,ERI001,2026,4,4095347.22,4028541.57,F5,SYNTHETIC_DEMO
1000,500200,CERI00101,ERI001,2026,5,3822062.39,3777865.23,F5,SYNTHETIC_DEMO
1000,500200,CERI00101,ERI001,2026,6,3381901.91,3386053.55,F5,SYNTHETIC_DEMO
1000,500200,CERI00101,ERI001,2026,7,3194255.01,3338561.91,F5,SYNTHETIC_DEMO
1000,500200,CERI00101,ERI001,2026,8,3434437.56,3421382.95,F5,SYNTHETIC_DEMO
1000,500200,CERI00101,ERI001,2026,9,3216801.35,3146423.27,F5,SYNTHETIC_DEMO
1000,500200,CERI00101,ERI001,2026,10,3579673.06,3699547.66,F5,SYNTHETIC_DEMO
1000,500200,CERI00101,ERI001,2026,11,3455985.05,3581754.91,F5,SYNTHETIC_DEMO
1000,500200,CERI00101,ERI001,2026,12,3560351.54,3699292.92,F5,SYNTHETIC_DEMO
1000,500300,CERI00101,ERI001,2026,1,13962023.28,13696444.34,F5,SYNTHETIC_DEMO
1000,500300,CERI00101,ERI001,2026,2,14041860.1,13781322.81,F5,SYNTHETIC_DEMO
1000,500300,CERI00101,ERI001,2026,3,12624398.24,12626619.15,F5,SYNTHETIC_DEMO
1000,500300,CERI00101,ERI001,2026,4,17556024.26,17772105.93,F5,SYNTHETIC_DEMO
1000,500300,CERI00101,ERI001,2026,5,15559693.12,16188451.08,F5,SYNTHETIC_DEMO
1000,500300,CERI00101,ERI001,2026,6,13029904.14,13479232.04,F5,SYNTHETIC_DEMO
1000,500300,CERI00101,ERI001,2026,7,12803334.2,13041867.73,F5,SYNTHETIC_DEMO
1000,500300,CERI00101,ERI001,2026,8,13771896.37,13380562.99,F5,SYNTHETIC_DEMO
1000,500300,CERI00101,ERI001,2026,9,14282268.44,14001129.02,F5,SYNTHETIC_DEMO
1000,500300,CERI00101,ERI001,2026,10,14676501.73,14503236.2,F5,SYNTHETIC_DEMO
1000,500300,CERI00101,ERI001,2026,11,13348830.22,13689052.84,F5,SYNTHETIC_DEMO
1000,500300,CERI00101,ERI001,2026,12,14368481.22,14800103.44,F5,SYNTHETIC_DEMO
1000,510100,CERI00301,ERI001,2026,1,3627426.85,3693996.98,F5,SYNTHETIC_DEMO
1000,510100,CERI00301,ERI001,2026,2,3656424.91,3573032.25,F5,SYNTHETIC_DEMO
1000,510100,CERI00301,ERI001,2026,3,3920777.72,4084544.54,F5,SYNTHETIC_DEMO
1000,510100,CERI00301,ERI001,2026,4,3371933.44,3509738.05,F5,SYNTHETIC_DEMO
1000,510100,CERI00301,ERI001,2026,5,3743128.72,3897658.58,F5,SYNTHETIC_DEMO
1000,510100,CERI00301,ERI001,2026,6,3547860.73,3627377.52,F5,SYNTHETIC_DEMO
1000,510100,CERI00301,ERI001,2026,7,3607380.12,3595367.99,F5,SYNTHETIC_DEMO
1000,510100,CERI00301,ERI001,2026,8,3559188.68,3727558.55,F5,SYNTHETIC_DEMO
1000,510100,CERI00301,ERI001,2026,9,3389255.16,3488371.18,F5,SYNTHETIC_DEMO
1000,510100,CERI00301,ERI001,2026,10,3386505.8,3538410.45,F5,SYNTHETIC_DEMO
1000,510100,CERI00301,ERI001,2026,11,3797806.28,3702645.17,F5,SYNTHETIC_DEMO
1000,510100,CERI00301,ERI001,2026,12,3758282.02,3831783.34,F5,SYNTHETIC_DEMO
1000,520100,CERI00101,ERI001,2026,1,9421879.95,9458113.27,F5,SYNTHETIC_DEMO
1000,520100,CERI00101,ERI001,2026,2,9088720.0,8878963.41,F5,SYNTHETIC_DEMO
1000,520100,CERI00101,ERI001,2026,3,8797623.29,8927890.92,F5,SYNTHETIC_DEMO
1000,520100,CERI00101,ERI001,2026,4,9521284.55,9729114.98,F5,SYNTHETIC_DEMO
1000,520100,CERI00101,ERI001,2026,5,9443114.17,9646859.76,F5,SYNTHETIC_DEMO
1000,520100,CERI00101,ERI001,2026,6,8439796.42,8445415.24,F5,SYNTHETIC_DEMO
1000,520100,CERI00101,ERI001,2026,7,8319700.98,8545814.26,F5,SYNTHETIC_DEMO
1000,520100,CERI00101,ERI001,2026,8,9470974.77,9896721.24,F5,SYNTHETIC_DEMO
1000,520100,CERI00101,ERI001,2026,9,8994088.22,9024243.88,F5,SYNTHETIC_DEMO
1000,520100,CERI00101,ERI001,2026,10,8406020.51,8370704.75,F5,SYNTHETIC_DEMO
1000,520100,CERI00101,ERI001,2026,11,9278967.46,9179672.87,F5,SYNTHETIC_DEMO
1000,520100,CERI00101,ERI001,2026,12,8544819.05,8515366.33,F5,SYNTHETIC_DEMO
1000,520200,CERI00301,ERI001,2026,1,17429250.57,16937916.77,F5,SYNTHETIC_DEMO
1000,520200,CERI00301,ERI001,2026,2,17412938.46,17532583.22,F5,SYNTHETIC_DEMO
1000,520200,CERI00301,ERI001,2026,3,15756810.0,15323327.99,F5,SYNTHETIC_DEMO
1000,520200,CERI00301,ERI001,2026,4,17391839.13,17519261.83,F5,SYNTHETIC_DEMO
1000,520200,CERI00301,ERI001,2026,5,17128360.78,17349688.27,F5,SYNTHETIC_DEMO
1000,520200,CERI00301,ERI001,2026,6,16161097.15,16963881.84,F5,SYNTHETIC_DEMO
1000,520200,CERI00301,ERI001,2026,7,17969729.8,18578790.63,F5,SYNTHETIC_DEMO
1000,520200,CERI00301,ERI001,2026,8,17126560.14,17786000.73,F5,SYNTHETIC_DEMO
1000,520200,CERI00301,ERI001,2026,9,17452824.7,17510259.31,F5,SYNTHETIC_DEMO
1000,520200,CERI00301,ERI001,2026,10,16058460.27,15691423.63,F5,SYNTHETIC_DEMO
1000,520200,CERI00301,ERI001,2026,11,17511205.14,17153076.59,F5,SYNTHETIC_DEMO
1000,520200,CERI00301,ERI001,2026,12,16198255.43,16813209.58,F5,SYNTHETIC_DEMO
1000,530100,CERI00101,ERI001,2026,1,7206352.32,7063228.06,F5,SYNTHETIC_DEMO
1000,530100,CERI00101,ERI001,2026,2,6720013.19,7031117.07,F5,SYNTHETIC_DEMO
1000,530100,CERI00101,ERI001,2026,3,7525129.96,7870000.32,F5,SYNTHETIC_DEMO
1000,530100,CERI00101,ERI001,2026,4,7358027.94,7382263.56,F5,SYNTHETIC_DEMO
1000,530100,CERI00101,ERI001,2026,5,7752166.56,7800737.67,F5,SYNTHETIC_DEMO
1000,530100,CERI00101,ERI001,2026,6,7543952.5,7470675.8,F5,SYNTHETIC_DEMO
1000,530100,CERI00101,ERI001,2026,7,6745665.6,6899262.95,F5,SYNTHETIC_DEMO
1000,530100,CERI00101,ERI001,2026,8,7700270.81,7606186.51,F5,SYNTHETIC_DEMO
1000,530100,CERI00101,ERI001,2026,9,7443921.77,7808614.46,F5,SYNTHETIC_DEMO
1000,530100,CERI00101,ERI001,2026,10,6953335.38,7043719.98,F5,SYNTHETIC_DEMO
1000,530100,CERI00101,ERI001,2026,11,6837027.6,7029073.3,F5,SYNTHETIC_DEMO
1000,530100,CERI00101,ERI001,2026,12,7450770.09,7681042.95,F5,SYNTHETIC_DEMO
1000,540100,CERI00301,ERI001,2026,1,6296820.22,6567506.56,F5,SYNTHETIC_DEMO
1000,540100,CERI00301,ERI001,2026,2,5873327.43,5845788.95,F5,SYNTHETIC_DEMO
1000,540100,CERI00301,ERI001,2026,3,5560713.51,5668149.94,F5,SYNTHETIC_DEMO
1000,540100,CERI00301,ERI001,2026,4,5450522.83,5643290.01,F5,SYNTHETIC_DEMO
1000,540100,CERI00301,ERI001,2026,5,5673654.25,5931913.11,F5,SYNTHETIC_DEMO
1000,540100,CERI00301,ERI001,2026,6,5574933.22,5844779.7,F5,SYNTHETIC_DEMO
1000,540100,CERI00301,ERI001,2026,7,5451341.48,5385506.65,F5,SYNTHETIC_DEMO
1000,540100,CERI00301,ERI001,2026,8,6182382.68,6206256.72,F5,SYNTHETIC_DEMO
1000,540100,CERI00301,ERI001,2026,9,5767354.8,5837896.96,F5,SYNTHETIC_DEMO
1000,540100,CERI00301,ERI001,2026,10,5439426.66,5512166.64,F5,SYNTHETIC_DEMO
1000,540100,CERI00301,ERI001,2026,11,6007948.92,5880217.58,F5,SYNTHETIC_DEMO
1000,540100,CERI00301,ERI001,2026,12,6298496.64,6312147.46,F5,SYNTHETIC_DEMO
1000,150100,CERI00301,ERI001,2026,1,16614744.82,16387159.24,F5,SYNTHETIC_DEMO
1000,150100,CERI00301,ERI001,2026,2,16781669.42,17375224.17,F5,SYNTHETIC_DEMO
1000,150100,CERI00301,ERI001,2026,3,15777306.88,15671112.95,F5,SYNTHETIC_DEMO
1000,150100,CERI00301,ERI001,2026,4,17089334.44,17217293.78,F5,SYNTHETIC_DEMO
1000,150100,CERI00301,ERI001,2026,5,16774437.54,17374371.16,F5,SYNTHETIC_DEMO
1000,150100,CERI00301,ERI001,2026,6,15000434.95,15227796.33,F5,SYNTHETIC_DEMO
1000,150100,CERI00301,ERI001,2026,7,16495949.9,16958625.82,F5,SYNTHETIC_DEMO
1000,150100,CERI00301,ERI001,2026,8,15862781.37,15983767.56,F5,SYNTHETIC_DEMO
1000,150100,CERI00301,ERI001,2026,9,15383465.45,15959786.75,F5,SYNTHETIC_DEMO
1000,150100,CERI00301,ERI001,2026,10,17006853.71,17303201.06,F5,SYNTHETIC_DEMO
1000,150100,CERI00301,ERI001,2026,11,17166500.37,17079688.55,F5,SYNTHETIC_DEMO
1000,150100,CERI00301,ERI001,2026,12,17224720.22,16895853.09,F5,SYNTHETIC_DEMO
1000,150200,CERI00101,ERI001,2026,1,13555780.27,13180010.56,F5,SYNTHETIC_DEMO
1000,150200,CERI00101,ERI001,2026,2,13398902.27,14039108.67,F5,SYNTHETIC_DEMO
1000,150200,CERI00101,ERI001,2026,3,13130698.95,13667391.38,F5,SYNTHETIC_DEMO
1000,150200,CERI00101,ERI001,2026,4,14865831.44,14986731.37,F5,SYNTHETIC_DEMO
1000,150200,CERI00101,ERI001,2026,5,14962908.21,14856645.89,F5,SYNTHETIC_DEMO
1000,150200,CERI00101,ERI001,2026,6,14155517.22,14037138.73,F5,SYNTHETIC_DEMO
1000,150200,CERI00101,ERI001,2026,7,13702947.31,14283381.88,F5,SYNTHETIC_DEMO
1000,150200,CERI00101,ERI001,2026,8,13213501.32,13212011.22,F5,SYNTHETIC_DEMO
1000,150200,CERI00101,ERI001,2026,9,13696579.02,13340789.51,F5,SYNTHETIC_DEMO
1000,150200,CERI00101,ERI001,2026,10,14648104.74,15258149.75,F5,SYNTHETIC_DEMO
1000,150200,CERI00101,ERI001,2026,11,12884758.21,13238012.33,F5,SYNTHETIC_DEMO
1000,150200,CERI00101,ERI001,2026,12,14060332.45,14444125.65,F5,SYNTHETIC_DEMO
1000,150300,CERI00301,ERI001,2026,1,17543231.89,17088329.18,F5,SYNTHETIC_DEMO
1000,150300,CERI00301,ERI001,2026,2,17353451.2,17078523.25,F5,SYNTHETIC_DEMO
1000,150300,CERI00301,ERI001,2026,3,17533806.89,18331476.44,F5,SYNTHETIC_DEMO
1000,150300,CERI00301,ERI001,2026,4,17739381.33,17500917.42,F5,SYNTHETIC_DEMO
1000,150300,CERI00301,ERI001,2026,5,18283106.61,19118041.19,F5,SYNTHETIC_DEMO
1000,150300,CERI00301,ERI001,2026,6,16845226.17,16485822.39,F5,SYNTHETIC_DEMO
1000,150300,CERI00301,ERI001,2026,7,15959726.86,16641640.93,F5,SYNTHETIC_DEMO
1000,150300,CERI00301,ERI001,2026,8,15981759.87,16282895.37,F5,SYNTHETIC_DEMO
1000,150300,CERI00301,ERI001,2026,9,17386528.6,18092357.48,F5,SYNTHETIC_DEMO
1000,150300,CERI00301,ERI001,2026,10,16736985.81,16757798.16,F5,SYNTHETIC_DEMO
1000,150300,CERI00301,ERI001,2026,11,17711943.77,18400693.93,F5,SYNTHETIC_DEMO
1000,150300,CERI00301,ERI001,2026,12,16114374.03,15709826.8,F5,SYNTHETIC_DEMO
1000,500100,CERI00201,ERI001,2026,1,18078284.06,18466981.98,F5,SYNTHETIC_DEMO
1000,500100,CERI00201,ERI001,2026,2,19571837.79,19503237.02,F5,SYNTHETIC_DEMO
1000,500100,CERI00201,ERI001,2026,3,18253701.96,18045715.39,F5,SYNTHETIC_DEMO
1000,500100,CERI00201,ERI001,2026,4,23680142.89,23625487.17,F5,SYNTHETIC_DEMO
1000,500100,CERI00201,ERI001,2026,5,23260607.2,24009897.79,F5,SYNTHETIC_DEMO
1000,500100,CERI00201,ERI001,2026,6,17061385.09,16844176.01,F5,SYNTHETIC_DEMO
1000,500100,CERI00201,ERI001,2026,7,17058312.47,17410631.95,F5,SYNTHETIC_DEMO
1000,500100,CERI00201,ERI001,2026,8,18505026.93,19086869.92,F5,SYNTHETIC_DEMO
1000,500100,CERI00201,ERI001,2026,9,17446526.33,17784350.32,F5,SYNTHETIC_DEMO
1000,500100,CERI00201,ERI001,2026,10,19282547.09,19345429.41,F5,SYNTHETIC_DEMO
1000,500100,CERI00201,ERI001,2026,11,17472853.5,17001186.81,F5,SYNTHETIC_DEMO
1000,500100,CERI00201,ERI001,2026,12,18528062.28,18930642.9,F5,SYNTHETIC_DEMO
1000,500200,CERI00301,ERI001,2026,1,13244582.69,13620979.49,F5,SYNTHETIC_DEMO
1000,500200,CERI00301,ERI001,2026,2,13701609.32,13317829.02,F5,SYNTHETIC_DEMO
1000,500200,CERI00301,ERI001,2026,3,12967459.67,13132950.81,F5,SYNTHETIC_DEMO
1000,500200,CERI00301,ERI001,2026,4,15663590.21,16067376.38,F5,SYNTHETIC_DEMO
1000,500200,CERI00301,ERI001,2026,5,16291972.51,16634523.1,F5,SYNTHETIC_DEMO
1000,500200,CERI00301,ERI001,2026,6,13220205.5,13701435.23,F5,SYNTHETIC_DEMO
1000,500200,CERI00301,ERI001,2026,7,14094096.22,14168416.12,F5,SYNTHETIC_DEMO
1000,500200,CERI00301,ERI001,2026,8,14717020.97,14847398.44,F5,SYNTHETIC_DEMO
1000,500200,CERI00301,ERI001,2026,9,13189500.79,12824850.51,F5,SYNTHETIC_DEMO
1000,500200,CERI00301,ERI001,2026,10,14258004.79,14896660.27,F5,SYNTHETIC_DEMO
1000,500200,CERI00301,ERI001,2026,11,13722768.26,14225948.74,F5,SYNTHETIC_DEMO
1000,500200,CERI00301,ERI001,2026,12,14624714.09,15031082.83,F5,SYNTHETIC_DEMO
1000,500300,CERI00301,ERI001,2026,1,11294155.99,11446830.4,F5,SYNTHETIC_DEMO
1000,500300,CERI00301,ERI001,2026,2,11960020.7,12342292.91,F5,SYNTHETIC_DEMO
1000,500300,CERI00301,ERI001,2026,3,11925494.32,12257651.64,F5,SYNTHETIC_DEMO
1000,500300,CERI00301,ERI001,2026,4,13293735.01,13802045.6,F5,SYNTHETIC_DEMO
1000,500300,CERI00301,ERI001,2026,5,12943472.91,12844364.98,F5,SYNTHETIC_DEMO
1000,500300,CERI00301,ERI001,2026,6,10690728.44,10397398.01,F5,SYNTHETIC_DEMO
1000,500300,CERI00301,ERI001,2026,7,10530186.51,10500685.94,F5,SYNTHETIC_DEMO
1000,500300,CERI00301,ERI001,2026,8,11996635.85,12527786.62,F5,SYNTHETIC_DEMO
1000,500300,CERI00301,ERI001,2026,9,11274262.88,11030594.18,F5,SYNTHETIC_DEMO
1000,500300,CERI00301,ERI001,2026,10,11516867.83,11429651.73,F5,SYNTHETIC_DEMO
1000,500300,CERI00301,ERI001,2026,11,11993249.68,11975722.39,F5,SYNTHETIC_DEMO
1000,500300,CERI00301,ERI001,2026,12,11558165.86,11917511.39,F5,SYNTHETIC_DEMO
1000,510100,CERI00302,ERI002,2026,1,4805099.09,4712612.2,F5,SYNTHETIC_DEMO
1000,510100,CERI00302,ERI002,2026,2,5010581.0,4901975.3,F5,SYNTHETIC_DEMO
1000,510100,CERI00302,ERI002,2026,3,4974073.95,5207442.24,F5,SYNTHETIC_DEMO
1000,510100,CERI00302,ERI002,2026,4,4998669.08,5060680.55,F5,SYNTHETIC_DEMO
1000,510100,CERI00302,ERI002,2026,5,5322534.89,5439624.68,F5,SYNTHETIC_DEMO
1000,510100,CERI00302,ERI002,2026,6,5162967.68,5337836.4,F5,SYNTHETIC_DEMO
1000,510100,CERI00302,ERI002,2026,7,4698821.74,4583636.02,F5,SYNTHETIC_DEMO
1000,510100,CERI00302,ERI002,2026,8,4896587.58,5066706.32,F5,SYNTHETIC_DEMO
1000,510100,CERI00302,ERI002,2026,9,5402730.52,5496546.22,F5,SYNTHETIC_DEMO
1000,510100,CERI00302,ERI002,2026,10,5358524.5,5449383.72,F5,SYNTHETIC_DEMO
1000,510100,CERI00302,ERI002,2026,11,5273320.32,5411614.54,F5,SYNTHETIC_DEMO
1000,510100,CERI00302,ERI002,2026,12,4835394.12,4826398.49,F5,SYNTHETIC_DEMO
1000,520100,CERI00201,ERI001,2026,1,2279202.56,2387255.12,F5,SYNTHETIC_DEMO
1000,520100,CERI00201,ERI001,2026,2,2448966.66,2407223.07,F5,SYNTHETIC_DEMO
1000,520100,CERI00201,ERI001,2026,3,2327816.41,2421291.37,F5,SYNTHETIC_DEMO
1000,520100,CERI00201,ERI001,2026,4,2234197.29,2330602.95,F5,SYNTHETIC_DEMO
1000,520100,CERI00201,ERI001,2026,5,2325261.64,2351178.67,F5,SYNTHETIC_DEMO
1000,520100,CERI00201,ERI001,2026,6,2271784.72,2337054.92,F5,SYNTHETIC_DEMO
1000,520100,CERI00201,ERI001,2026,7,2475768.65,2567274.73,F5,SYNTHETIC_DEMO
1000,520100,CERI00201,ERI001,2026,8,2261296.47,2349149.96,F5,SYNTHETIC_DEMO
1000,520100,CERI00201,ERI001,2026,9,2398480.5,2420530.35,F5,SYNTHETIC_DEMO
1000,520100,CERI00201,ERI001,2026,10,2199484.29,2195907.71,F5,SYNTHETIC_DEMO
1000,520100,CERI00201,ERI001,2026,11,2509422.8,2480904.02,F5,SYNTHETIC_DEMO
1000,520100,CERI00201,ERI001,2026,12,2266628.3,2258494.31,F5,SYNTHETIC_DEMO
1000,520200,CERI00302,ERI002,2026,1,9073876.62,9038627.74,F5,SYNTHETIC_DEMO
1000,520200,CERI00302,ERI002,2026,2,9443563.93,9714838.13,F5,SYNTHETIC_DEMO
1000,520200,CERI00302,ERI002,2026,3,8976687.92,9107113.41,F5,SYNTHETIC_DEMO
1000,520200,CERI00302,ERI002,2026,4,8630177.99,8703828.9,F5,SYNTHETIC_DEMO
1000,520200,CERI00302,ERI002,2026,5,9025462.61,8901158.84,F5,SYNTHETIC_DEMO
1000,520200,CERI00302,ERI002,2026,6,8625611.49,8816075.27,F5,SYNTHETIC_DEMO
1000,520200,CERI00302,ERI002,2026,7,8722407.93,9142791.0,F5,SYNTHETIC_DEMO
1000,520200,CERI00302,ERI002,2026,8,8680618.21,8961424.46,F5,SYNTHETIC_DEMO
1000,520200,CERI00302,ERI002,2026,9,8215506.87,8133070.78,F5,SYNTHETIC_DEMO
1000,520200,CERI00302,ERI002,2026,10,8436306.99,8661646.3,F5,SYNTHETIC_DEMO
1000,520200,CERI00302,ERI002,2026,11,9202859.36,9495616.99,F5,SYNTHETIC_DEMO
1000,520200,CERI00302,ERI002,2026,12,8457112.74,8389002.21,F5,SYNTHETIC_DEMO
1000,530100,CERI00102,ERI002,2026,1,15446403.81,15178847.9,F5,SYNTHETIC_DEMO
1000,530100,CERI00102,ERI002,2026,2,15916031.14,16495513.91,F5,SYNTHETIC_DEMO
1000,530100,CERI00102,ERI002,2026,3,15241003.48,15356523.72,F5,SYNTHETIC_DEMO
1000,530100,CERI00102,ERI002,2026,4,14455013.02,14563821.19,F5,SYNTHETIC_DEMO
1000,530100,CERI00102,ERI002,2026,5,13910435.35,14082263.23,F5,SYNTHETIC_DEMO
1000,530100,CERI00102,ERI002,2026,6,13969517.28,14119317.55,F5,SYNTHETIC_DEMO
1000,530100,CERI00102,ERI002,2026,7,14741138.62,14443752.79,F5,SYNTHETIC_DEMO
1000,530100,CERI00102,ERI002,2026,8,13693326.89,14247280.64,F5,SYNTHETIC_DEMO
1000,530100,CERI00102,ERI002,2026,9,15327874.29,15809054.72,F5,SYNTHETIC_DEMO
1000,530100,CERI00102,ERI002,2026,10,13802651.6,14202994.61,F5,SYNTHETIC_DEMO
1000,530100,CERI00102,ERI002,2026,11,15786857.13,15788873.74,F5,SYNTHETIC_DEMO
1000,530100,CERI00102,ERI002,2026,12,14391145.45,14985159.82,F5,SYNTHETIC_DEMO
1000,540100,CERI00302,ERI002,2026,1,9362915.39,9500500.43,F5,SYNTHETIC_DEMO
1000,540100,CERI00302,ERI002,2026,2,9725301.4,9452605.28,F5,SYNTHETIC_DEMO
1000,540100,CERI00302,ERI002,2026,3,9390341.89,9434319.54,F5,SYNTHETIC_DEMO
1000,540100,CERI00302,ERI002,2026,4,8875639.3,9130511.18,F5,SYNTHETIC_DEMO
1000,540100,CERI00302,ERI002,2026,5,9779248.28,10032363.14,F5,SYNTHETIC_DEMO
1000,540100,CERI00302,ERI002,2026,6,9081682.91,8950260.12,F5,SYNTHETIC_DEMO
1000,540100,CERI00302,ERI002,2026,7,8994573.18,8730511.44,F5,SYNTHETIC_DEMO
1000,540100,CERI00302,ERI002,2026,8,9091792.97,8832414.99,F5,SYNTHETIC_DEMO
1000,540100,CERI00302,ERI002,2026,9,9613367.47,9927100.16,F5,SYNTHETIC_DEMO
1000,540100,CERI00302,ERI002,2026,10,8717203.68,8849226.33,F5,SYNTHETIC_DEMO
1000,540100,CERI00302,ERI002,2026,11,8732668.35,9024556.16,F5,SYNTHETIC_DEMO
1000,540100,CERI00302,ERI002,2026,12,8665946.65,8750329.56,F5,SYNTHETIC_DEMO
1000,150100,CERI00302,ERI002,2026,1,12640016.72,13134263.41,F5,SYNTHETIC_DEMO
1000,150100,CERI00302,ERI002,2026,2,12473308.6,12105724.29,F5,SYNTHETIC_DEMO
1000,150100,CERI00302,ERI002,2026,3,12022473.14,12185743.32,F5,SYNTHETIC_DEMO
1000,150100,CERI00302,ERI002,2026,4,12790409.13,12972593.35,F5,SYNTHETIC_DEMO
1000,150100,CERI00302,ERI002,2026,5,11326204.74,11314274.65,F5,SYNTHETIC_DEMO
1000,150100,CERI00302,ERI002,2026,6,12065818.38,12206831.47,F5,SYNTHETIC_DEMO
1000,150100,CERI00302,ERI002,2026,7,11998860.34,12172257.72,F5,SYNTHETIC_DEMO
1000,150100,CERI00302,ERI002,2026,8,11485886.02,11877760.66,F5,SYNTHETIC_DEMO
1000,150100,CERI00302,ERI002,2026,9,12434967.66,12095197.1,F5,SYNTHETIC_DEMO
1000,150100,CERI00302,ERI002,2026,10,11353780.3,11499378.69,F5,SYNTHETIC_DEMO
1000,150100,CERI00302,ERI002,2026,11,12752453.36,12562028.07,F5,SYNTHETIC_DEMO
1000,150100,CERI00302,ERI002,2026,12,12413499.48,12160066.37,F5,SYNTHETIC_DEMO
1000,150200,CERI00301,ERI001,2026,1,12371091.46,12517837.51,F5,SYNTHETIC_DEMO
1000,150200,CERI00301,ERI001,2026,2,13871129.1,13798495.33,F5,SYNTHETIC_DEMO
1000,150200,CERI00301,ERI001,2026,3,13035460.38,12803161.7,F5,SYNTHETIC_DEMO
1000,150200,CERI00301,ERI001,2026,4,13599520.91,14015142.99,F5,SYNTHETIC_DEMO
1000,150200,CERI00301,ERI001,2026,5,12855685.24,12579613.38,F5,SYNTHETIC_DEMO
1000,150200,CERI00301,ERI001,2026,6,12283064.49,12573007.02,F5,SYNTHETIC_DEMO
1000,150200,CERI00301,ERI001,2026,7,12523547.7,12163332.92,F5,SYNTHETIC_DEMO
1000,150200,CERI00301,ERI001,2026,8,12650409.49,12673161.22,F5,SYNTHETIC_DEMO
1000,150200,CERI00301,ERI001,2026,9,12625090.91,12433285.79,F5,SYNTHETIC_DEMO
1000,150200,CERI00301,ERI001,2026,10,12566228.26,12660073.08,F5,SYNTHETIC_DEMO
1000,150200,CERI00301,ERI001,2026,11,13610279.67,13282585.98,F5,SYNTHETIC_DEMO
1000,150200,CERI00301,ERI001,2026,12,12808112.74,12950522.85,F5,SYNTHETIC_DEMO
1000,150300,CERI00302,ERI002,2026,1,12634483.8,12917661.37,F5,SYNTHETIC_DEMO
1000,150300,CERI00302,ERI002,2026,2,12619739.72,12375684.88,F5,SYNTHETIC_DEMO
1000,150300,CERI00302,ERI002,2026,3,12112487.22,12600329.65,F5,SYNTHETIC_DEMO
1000,150300,CERI00302,ERI002,2026,4,12714043.55,13037711.17,F5,SYNTHETIC_DEMO
1000,150300,CERI00302,ERI002,2026,5,12622115.65,13037750.98,F5,SYNTHETIC_DEMO
1000,150300,CERI00302,ERI002,2026,6,11231832.78,11114353.45,F5,SYNTHETIC_DEMO
1000,150300,CERI00302,ERI002,2026,7,12228215.88,12785347.09,F5,SYNTHETIC_DEMO
1000,150300,CERI00302,ERI002,2026,8,12380654.3,12677022.72,F5,SYNTHETIC_DEMO
1000,150300,CERI00302,ERI002,2026,9,12119503.29,12245635.08,F5,SYNTHETIC_DEMO
1000,150300,CERI00302,ERI002,2026,10,11266011.76,11118575.32,F5,SYNTHETIC_DEMO
1000,150300,CERI00302,ERI002,2026,11,11297989.41,11184939.84,F5,SYNTHETIC_DEMO
1000,150300,CERI00302,ERI002,2026,12,11652276.66,11970119.2,F5,SYNTHETIC_DEMO
1000,500100,CERI00301,ERI001,2026,1,7597088.7,7741990.85,F5,SYNTHETIC_DEMO
1000,500100,CERI00301,ERI001,2026,2,7613974.85,7781422.76,F5,SYNTHETIC_DEMO
1000,500100,CERI00301,ERI001,2026,3,7520782.24,7442153.87,F5,SYNTHETIC_DEMO
1000,500100,CERI00301,ERI001,2026,4,10591034.98,10454601.48,F5,SYNTHETIC_DEMO
1000,500100,CERI00301,ERI001,2026,5,9615023.65,9685003.43,F5,SYNTHETIC_DEMO
1000,500100,CERI00301,ERI001,2026,6,7894646.62,8143102.76,F5,SYNTHETIC_DEMO
1000,500100,CERI00301,ERI001,2026,7,8231707.05,8593586.64,F5,SYNTHETIC_DEMO
1000,500100,CERI00301,ERI001,2026,8,8723848.8,8984423.28,F5,SYNTHETIC_DEMO
1000,500100,CERI00301,ERI001,2026,9,8167254.54,7951385.88,F5,SYNTHETIC_DEMO
1000,500100,CERI00301,ERI001,2026,10,8449762.66,8682488.23,F5,SYNTHETIC_DEMO
1000,500100,CERI00301,ERI001,2026,11,8635358.39,8809791.16,F5,SYNTHETIC_DEMO
1000,500100,CERI00301,ERI001,2026,12,8454055.65,8445801.45,F5,SYNTHETIC_DEMO
1000,500200,CERI00302,ERI002,2026,1,2477769.45,2447676.34,F5,SYNTHETIC_DEMO
1000,500200,CERI00302,ERI002,2026,2,2460820.4,2447984.64,F5,SYNTHETIC_DEMO
1000,500200,CERI00302,ERI002,2026,3,2310626.3,2314609.49,F5,SYNTHETIC_DEMO
1000,500200,CERI00302,ERI002,2026,4,2836606.18,2879234.73,F5,SYNTHETIC_DEMO
1000,500200,CERI00302,ERI002,2026,5,2763370.3,2694352.53,F5,SYNTHETIC_DEMO
1000,500200,CERI00302,ERI002,2026,6,2262874.55,2241402.47,F5,SYNTHETIC_DEMO
1000,500200,CERI00302,ERI002,2026,7,2505505.13,2488804.01,F5,SYNTHETIC_DEMO
1000,500200,CERI00302,ERI002,2026,8,2302751.03,2384457.85,F5,SYNTHETIC_DEMO
1000,500200,CERI00302,ERI002,2026,9,2342196.95,2272579.32,F5,SYNTHETIC_DEMO
1000,500200,CERI00302,ERI002,2026,10,2496068.93,2492087.9,F5,SYNTHETIC_DEMO
1000,500200,CERI00302,ERI002,2026,11,2408261.03,2375487.64,F5,SYNTHETIC_DEMO
1000,500200,CERI00302,ERI002,2026,12,2357732.41,2334102.89,F5,SYNTHETIC_DEMO
1000,500300,CERI00302,ERI002,2026,1,5858722.97,6072037.04,F5,SYNTHETIC_DEMO
1000,500300,CERI00302,ERI002,2026,2,6452318.13,6572736.09,F5,SYNTHETIC_DEMO
1000,500300,CERI00302,ERI002,2026,3,6583658.97,6393913.97,F5,SYNTHETIC_DEMO
1000,500300,CERI00302,ERI002,2026,4,7101772.3,7029088.96,F5,SYNTHETIC_DEMO
1000,500300,CERI00302,ERI002,2026,5,7861708.99,7786404.24,F5,SYNTHETIC_DEMO
1000,500300,CERI00302,ERI002,2026,6,6454013.64,6462286.77,F5,SYNTHETIC_DEMO
1000,500300,CERI00302,ERI002,2026,7,5898840.76,6000203.35,F5,SYNTHETIC_DEMO
1000,500300,CERI00302,ERI002,2026,8,6449846.17,6347790.38,F5,SYNTHETIC_DEMO
1000,500300,CERI00302,ERI002,2026,9,6771249.91,6828115.41,F5,SYNTHETIC_DEMO
1000,500300,CERI00302,ERI002,2026,10,6823158.25,6676882.76,F5,SYNTHETIC_DEMO
1000,500300,CERI00302,ERI002,2026,11,6243328.37,6403274.17,F5,SYNTHETIC_DEMO
1000,500300,CERI00302,ERI002,2026,12,6264118.48,6153832.99,F5,SYNTHETIC_DEMO
1000,510100,CERI00201,ERI001,2026,1,14177143.95,14143989.48,F5,SYNTHETIC_DEMO
1000,510100,CERI00201,ERI001,2026,2,12963060.75,12574679.35,F5,SYNTHETIC_DEMO
1000,510100,CERI00201,ERI001,2026,3,13472573.18,13614629.76,F5,SYNTHETIC_DEMO
1000,510100,CERI00201,ERI001,2026,4,14783007.34,14674628.52,F5,SYNTHETIC_DEMO
1000,510100,CERI00201,ERI001,2026,5,13366940.16,13970738.59,F5,SYNTHETIC_DEMO
1000,510100,CERI00201,ERI001,2026,6,14406409.83,14334676.19,F5,SYNTHETIC_DEMO
1000,510100,CERI00201,ERI001,2026,7,14723151.25,14526292.01,F5,SYNTHETIC_DEMO
1000,510100,CERI00201,ERI001,2026,8,12800654.99,12513005.3,F5,SYNTHETIC_DEMO
1000,510100,CERI00201,ERI001,2026,9,14172080.57,14288392.98,F5,SYNTHETIC_DEMO
1000,510100,CERI00201,ERI001,2026,10,13807043.71,14487950.65,F5,SYNTHETIC_DEMO
1000,510100,CERI00201,ERI001,2026,11,12805490.45,13031837.96,F5,SYNTHETIC_DEMO
1000,510100,CERI00201,ERI001,2026,12,14035061.89,14706150.88,F5,SYNTHETIC_DEMO
1000,520100,CERI00102,ERI002,2026,1,15387805.02,15814054.05,F5,SYNTHETIC_DEMO
1000,520100,CERI00102,ERI002,2026,2,15274546.15,15501101.33,F5,SYNTHETIC_DEMO
1000,520100,CERI00102,ERI002,2026,3,17008228.34,17045359.53,F5,SYNTHETIC_DEMO
1000,520100,CERI00102,ERI002,2026,4,16547561.11,17328644.21,F5,SYNTHETIC_DEMO
1000,520100,CERI00102,ERI002,2026,5,16222010.22,16086200.15,F5,SYNTHETIC_DEMO
1000,520100,CERI00102,ERI002,2026,6,15354155.38,15409026.64,F5,SYNTHETIC_DEMO
1000,520100,CERI00102,ERI002,2026,7,15981164.34,16040531.63,F5,SYNTHETIC_DEMO
1000,520100,CERI00102,ERI002,2026,8,15721015.7,16478185.0,F5,SYNTHETIC_DEMO
1000,520100,CERI00102,ERI002,2026,9,14745523.22,15099731.8,F5,SYNTHETIC_DEMO
1000,520100,CERI00102,ERI002,2026,10,15356129.47,15797354.98,F5,SYNTHETIC_DEMO
1000,520100,CERI00102,ERI002,2026,11,15223196.43,15179905.37,F5,SYNTHETIC_DEMO
1000,520100,CERI00102,ERI002,2026,12,16497091.86,16666536.46,F5,SYNTHETIC_DEMO
1000,520200,CERI00303,ERI003,2026,1,13525310.8,13822718.33,F5,SYNTHETIC_DEMO
1000,520200,CERI00303,ERI003,2026,2,12006254.77,12606551.01,F5,SYNTHETIC_DEMO
1000,520200,CERI00303,ERI003,2026,3,13746413.71,14378681.0,F5,SYNTHETIC_DEMO
1000,520200,CERI00303,ERI003,2026,4,12120186.66,12288361.48,F5,SYNTHETIC_DEMO
1000,520200,CERI00303,ERI003,2026,5,13203832.5,13588528.13,F5,SYNTHETIC_DEMO
1000,520200,CERI00303,ERI003,2026,6,14061485.78,14236877.08,F5,SYNTHETIC_DEMO
1000,520200,CERI00303,ERI003,2026,7,12656134.05,12305923.4,F5,SYNTHETIC_DEMO
1000,520200,CERI00303,ERI003,2026,8,13214292.96,13232496.88,F5,SYNTHETIC_DEMO
1000,520200,CERI00303,ERI003,2026,9,12822012.21,13033884.61,F5,SYNTHETIC_DEMO
1000,520200,CERI00303,ERI003,2026,10,13403437.97,13003839.16,F5,SYNTHETIC_DEMO
1000,520200,CERI00303,ERI003,2026,11,12925192.17,13346840.62,F5,SYNTHETIC_DEMO
1000,520200,CERI00303,ERI003,2026,12,12788064.3,13224650.05,F5,SYNTHETIC_DEMO
1000,530100,CERI00201,ERI001,2026,1,12969105.7,12732604.73,F5,SYNTHETIC_DEMO
1000,530100,CERI00201,ERI001,2026,2,12388902.64,12487559.39,F5,SYNTHETIC_DEMO
1000,530100,CERI00201,ERI001,2026,3,14153983.76,14683322.25,F5,SYNTHETIC_DEMO
1000,530100,CERI00201,ERI001,2026,4,13320273.32,13480229.92,F5,SYNTHETIC_DEMO
1000,530100,CERI00201,ERI001,2026,5,13296285.45,13368370.04,F5,SYNTHETIC_DEMO
1000,530100,CERI00201,ERI001,2026,6,13293039.6,12974235.79,F5,SYNTHETIC_DEMO
1000,530100,CERI00201,ERI001,2026,7,13249010.25,13473051.34,F5,SYNTHETIC_DEMO
1000,530100,CERI00201,ERI001,2026,8,13402499.57,13788703.39,F5,SYNTHETIC_DEMO
1000,530100,CERI00201,ERI001,2026,9,14357166.6,14204434.06,F5,SYNTHETIC_DEMO
1000,530100,CERI00201,ERI001,2026,10,12784091.94,13269331.21,F5,SYNTHETIC_DEMO
1000,530100,CERI00201,ERI001,2026,11,12456431.44,12720655.82,F5,SYNTHETIC_DEMO
1000,530100,CERI00201,ERI001,2026,12,12786531.0,13085997.3,F5,SYNTHETIC_DEMO
1000,540100,CERI00101,ERI001,2026,1,14276402.47,14037535.23,F5,SYNTHETIC_DEMO
1000,540100,CERI00101,ERI001,2026,2,15304394.56,15030432.24,F5,SYNTHETIC_DEMO
1000,540100,CERI00101,ERI001,2026,3,14213173.15,14583463.73,F5,SYNTHETIC_DEMO
1000,540100,CERI00101,ERI001,2026,4,15073592.69,15468100.49,F5,SYNTHETIC_DEMO
1000,540100,CERI00101,ERI001,2026,5,14661628.08,14335651.58,F5,SYNTHETIC_DEMO
1000,540100,CERI00101,ERI001,2026,6,15008085.86,14727296.06,F5,SYNTHETIC_DEMO
1000,540100,CERI00101,ERI001,2026,7,14420483.35,14843420.48,F5,SYNTHETIC_DEMO
1000,540100,CERI00101,ERI001,2026,8,14591718.54,14844141.62,F5,SYNTHETIC_DEMO
1000,540100,CERI00101,ERI001,2026,9,15478362.83,16112178.6,F5,SYNTHETIC_DEMO
1000,540100,CERI00101,ERI001,2026,10,15021700.89,14681530.87,F5,SYNTHETIC_DEMO
1000,540100,CERI00101,ERI001,2026,11,13468910.96,13535284.37,F5,SYNTHETIC_DEMO
1000,540100,CERI00101,ERI001,2026,12,15666772.27,15417782.6,F5,SYNTHETIC_DEMO
1000,150100,CERI00201,ERI001,2026,1,7502190.42,7324351.15,F5,SYNTHETIC_DEMO
1000,150100,CERI00201,ERI001,2026,2,7519238.27,7843553.96,F5,SYNTHETIC_DEMO
1000,150100,CERI00201,ERI001,2026,3,7725548.41,7954389.13,F5,SYNTHETIC_DEMO
1000,150100,CERI00201,ERI001,2026,4,7222251.3,7255564.0,F5,SYNTHETIC_DEMO
1000,150100,CERI00201,ERI001,2026,5,7843009.73,7945217.31,F5,SYNTHETIC_DEMO
1000,150100,CERI00201,ERI001,2026,6,7916675.34,7795990.73,F5,SYNTHETIC_DEMO
1000,150100,CERI00201,ERI001,2026,7,8069044.35,7874984.21,F5,SYNTHETIC_DEMO
1000,150100,CERI00201,ERI001,2026,8,7832542.15,7790018.07,F5,SYNTHETIC_DEMO
1000,150100,CERI00201,ERI001,2026,9,7596103.54,7820703.07,F5,SYNTHETIC_DEMO
1000,150100,CERI00201,ERI001,2026,10,7268773.87,7169961.38,F5,SYNTHETIC_DEMO
1000,150100,CERI00201,ERI001,2026,11,7104517.95,7199516.27,F5,SYNTHETIC_DEMO
1000,150100,CERI00201,ERI001,2026,12,7844564.92,7911705.56,F5,SYNTHETIC_DEMO
1000,150200,CERI00201,ERI001,2026,1,18457407.2,19293560.41,F5,SYNTHETIC_DEMO
1000,150200,CERI00201,ERI001,2026,2,19374376.41,19837223.85,F5,SYNTHETIC_DEMO
1000,150200,CERI00201,ERI001,2026,3,18045535.19,17583934.29,F5,SYNTHETIC_DEMO
1000,150200,CERI00201,ERI001,2026,4,17964256.96,17740722.83,F5,SYNTHETIC_DEMO
1000,150200,CERI00201,ERI001,2026,5,17564903.11,17699332.02,F5,SYNTHETIC_DEMO
1000,150200,CERI00201,ERI001,2026,6,17116038.51,17409375.92,F5,SYNTHETIC_DEMO
1000,150200,CERI00201,ERI001,2026,7,19547704.91,19666311.2,F5,SYNTHETIC_DEMO
1000,150200,CERI00201,ERI001,2026,8,18342828.49,19134680.96,F5,SYNTHETIC_DEMO
1000,150200,CERI00201,ERI001,2026,9,19329376.62,19714117.57,F5,SYNTHETIC_DEMO
1000,150200,CERI00201,ERI001,2026,10,19521722.77,19525477.0,F5,SYNTHETIC_DEMO
1000,150200,CERI00201,ERI001,2026,11,17538000.66,17241602.7,F5,SYNTHETIC_DEMO
1000,150200,CERI00201,ERI001,2026,12,19397056.11,20052055.81,F5,SYNTHETIC_DEMO
1000,150300,CERI00201,ERI001,2026,1,5792606.54,6080757.77,F5,SYNTHETIC_DEMO
1000,150300,CERI00201,ERI001,2026,2,5725320.68,5944328.52,F5,SYNTHETIC_DEMO
1000,150300,CERI00201,ERI001,2026,3,5596498.04,5828460.28,F5,SYNTHETIC_DEMO
1000,150300,CERI00201,ERI001,2026,4,5824295.4,5962339.51,F5,SYNTHETIC_DEMO
1000,150300,CERI00201,ERI001,2026,5,5647177.77,5921396.83,F5,SYNTHETIC_DEMO
1000,150300,CERI00201,ERI001,2026,6,5691269.38,5674824.15,F5,SYNTHETIC_DEMO
1000,150300,CERI00201,ERI001,2026,7,6164103.96,6047602.81,F5,SYNTHETIC_DEMO
1000,150300,CERI00201,ERI001,2026,8,6154506.44,6246642.67,F5,SYNTHETIC_DEMO
1000,150300,CERI00201,ERI001,2026,9,5968778.67,5793964.43,F5,SYNTHETIC_DEMO
1000,150300,CERI00201,ERI001,2026,10,5988815.32,6281986.61,F5,SYNTHETIC_DEMO
1000,150300,CERI00201,ERI001,2026,11,5825252.59,6004851.04,F5,SYNTHETIC_DEMO
1000,150300,CERI00201,ERI001,2026,12,5659167.25,5825393.37,F5,SYNTHETIC_DEMO
1000,500100,CERI00102,ERI002,2026,1,4434843.56,4502491.66,F5,SYNTHETIC_DEMO
1000,500100,CERI00102,ERI002,2026,2,4047656.61,4147314.73,F5,SYNTHETIC_DEMO
1000,500100,CERI00102,ERI002,2026,3,4314474.95,4388542.23,F5,SYNTHETIC_DEMO
1000,500100,CERI00102,ERI002,2026,4,4988495.84,5077745.29,F5,SYNTHETIC_DEMO
1000,500100,CERI00102,ERI002,2026,5,5333511.7,5213355.29,F5,SYNTHETIC_DEMO
1000,500100,CERI00102,ERI002,2026,6,4130076.18,4024874.6,F5,SYNTHETIC_DEMO
1000,500100,CERI00102,ERI002,2026,7,4525560.46,4738392.17,F5,SYNTHETIC_DEMO
1000,500100,CERI00102,ERI002,2026,8,4547170.41,4512243.81,F5,SYNTHETIC_DEMO
1000,500100,CERI00102,ERI002,2026,9,4197800.09,4366025.45,F5,SYNTHETIC_DEMO
1000,500100,CERI00102,ERI002,2026,10,4117094.48,4118196.11,F5,SYNTHETIC_DEMO
1000,500100,CERI00102,ERI002,2026,11,4492147.82,4555479.9,F5,SYNTHETIC_DEMO
1000,500100,CERI00102,ERI002,2026,12,4219777.82,4269156.02,F5,SYNTHETIC_DEMO
1000,500200,CERI00201,ERI001,2026,1,6799631.76,6876717.52,F5,SYNTHETIC_DEMO
1000,500200,CERI00201,ERI001,2026,2,6513195.15,6515485.09,F5,SYNTHETIC_DEMO
1000,500200,CERI00201,ERI001,2026,3,5914371.29,5765219.32,F5,SYNTHETIC_DEMO
1000,500200,CERI00201,ERI001,2026,4,8285140.65,8455737.63,F5,SYNTHETIC_DEMO
1000,500200,CERI00201,ERI001,2026,5,7994293.5,7783975.68,F5,SYNTHETIC_DEMO
1000,500200,CERI00201,ERI001,2026,6,6638686.77,6749246.07,F5,SYNTHETIC_DEMO
1000,500200,CERI00201,ERI001,2026,7,6425472.35,6299537.75,F5,SYNTHETIC_DEMO
1000,500200,CERI00201,ERI001,2026,8,6082348.17,5971445.78,F5,SYNTHETIC_DEMO
1000,500200,CERI00201,ERI001,2026,9,6465501.64,6398472.11,F5,SYNTHETIC_DEMO
1000,500200,CERI00201,ERI001,2026,10,6036446.73,6308893.9,F5,SYNTHETIC_DEMO
1000,500200,CERI00201,ERI001,2026,11,6732658.59,6710334.85,F5,SYNTHETIC_DEMO
1000,500200,CERI00201,ERI001,2026,12,6703723.35,6681961.37,F5,SYNTHETIC_DEMO
1000,500300,CERI00102,ERI002,2026,1,15776616.64,15776140.68,F5,SYNTHETIC_DEMO
1000,500300,CERI00102,ERI002,2026,2,15002553.64,14804888.77,F5,SYNTHETIC_DEMO
1000,500300,CERI00102,ERI002,2026,3,14289920.04,14988353.72,F5,SYNTHETIC_DEMO
1000,500300,CERI00102,ERI002,2026,4,18723720.46,18996592.74,F5,SYNTHETIC_DEMO
1000,500300,CERI00102,ERI002,2026,5,18867389.49,19236970.65,F5,SYNTHETIC_DEMO
1000,500300,CERI00102,ERI002,2026,6,14006241.93,14581962.41,F5,SYNTHETIC_DEMO
1000,500300,CERI00102,ERI002,2026,7,15632680.67,16381214.55,F5,SYNTHETIC_DEMO
1000,500300,CERI00102,ERI002,2026,8,14450945.25,14624199.39,F5,SYNTHETIC_DEMO
1000,500300,CERI00102,ERI002,2026,9,13721855.21,13485515.79,F5,SYNTHETIC_DEMO
1000,500300,CERI00102,ERI002,2026,10,14080673.3,14389928.45,F5,SYNTHETIC_DEMO
1000,500300,CERI00102,ERI002,2026,11,15120264.75,15770061.88,F5,SYNTHETIC_DEMO
1000,500300,CERI00102,ERI002,2026,12,14457844.75,14167935.66,F5,SYNTHETIC_DEMO
1000,510100,CERI00303,ERI003,2026,1,6002736.0,5901689.36,F5,SYNTHETIC_DEMO
1000,510100,CERI00303,ERI003,2026,2,6578465.93,6538813.81,F5,SYNTHETIC_DEMO
1000,510100,CERI00303,ERI003,2026,3,6235151.55,6343084.62,F5,SYNTHETIC_DEMO
1000,510100,CERI00303,ERI003,2026,4,6626111.17,6522413.43,F5,SYNTHETIC_DEMO
1000,510100,CERI00303,ERI003,2026,5,6142307.86,5966360.45,F5,SYNTHETIC_DEMO
1000,510100,CERI00303,ERI003,2026,6,6589555.93,6441801.49,F5,SYNTHETIC_DEMO
1000,510100,CERI00303,ERI003,2026,7,6581115.48,6450679.47,F5,SYNTHETIC_DEMO
1000,510100,CERI00303,ERI003,2026,8,5931087.95,6110387.37,F5,SYNTHETIC_DEMO
1000,510100,CERI00303,ERI003,2026,9,6572856.98,6885832.96,F5,SYNTHETIC_DEMO
1000,510100,CERI00303,ERI003,2026,10,6215055.13,6325550.73,F5,SYNTHETIC_DEMO
1000,510100,CERI00303,ERI003,2026,11,6000654.77,5959468.99,F5,SYNTHETIC_DEMO
1000,510100,CERI00303,ERI003,2026,12,6219093.25,6407620.17,F5,SYNTHETIC_DEMO
1000,520100,CERI00202,ERI002,2026,1,11810024.54,11716332.67,F5,SYNTHETIC_DEMO
1000,520100,CERI00202,ERI002,2026,2,12066348.2,11727944.39,F5,SYNTHETIC_DEMO
1000,520100,CERI00202,ERI002,2026,3,11207167.33,11163994.67,F5,SYNTHETIC_DEMO
1000,520100,CERI00202,ERI002,2026,4,12517715.16,13042271.61,F5,SYNTHETIC_DEMO
1000,520100,CERI00202,ERI002,2026,5,12209312.89,12124661.86,F5,SYNTHETIC_DEMO
1000,520100,CERI00202,ERI002,2026,6,11014430.02,11531506.27,F5,SYNTHETIC_DEMO
1000,520100,CERI00202,ERI002,2026,7,11455750.66,11755618.7,F5,SYNTHETIC_DEMO
1000,520100,CERI00202,ERI002,2026,8,12556366.47,12532186.44,F5,SYNTHETIC_DEMO
1000,520100,CERI00202,ERI002,2026,9,12015937.17,12592145.12,F5,SYNTHETIC_DEMO
1000,520100,CERI00202,ERI002,2026,10,12248358.61,12442930.47,F5,SYNTHETIC_DEMO
1000,520100,CERI00202,ERI002,2026,11,11856990.56,12138749.2,F5,SYNTHETIC_DEMO
1000,520100,CERI00202,ERI002,2026,12,11904366.23,12055148.04,F5,SYNTHETIC_DEMO
1000,520200,CERI00201,ERI001,2026,1,6294578.02,6389165.11,F5,SYNTHETIC_DEMO
1000,520200,CERI00201,ERI001,2026,2,6412900.42,6517966.22,F5,SYNTHETIC_DEMO
1000,520200,CERI00201,ERI001,2026,3,6572826.31,6841434.87,F5,SYNTHETIC_DEMO
1000,520200,CERI00201,ERI001,2026,4,6857772.55,6760233.66,F5,SYNTHETIC_DEMO
1000,520200,CERI00201,ERI001,2026,5,6426567.83,6277339.55,F5,SYNTHETIC_DEMO
1000,520200,CERI00201,ERI001,2026,6,6956531.67,7141300.99,F5,SYNTHETIC_DEMO
1000,520200,CERI00201,ERI001,2026,7,6146119.0,6082764.3,F5,SYNTHETIC_DEMO
1000,520200,CERI00201,ERI001,2026,8,6429204.63,6561152.33,F5,SYNTHETIC_DEMO
1000,520200,CERI00201,ERI001,2026,9,6170976.16,6211051.39,F5,SYNTHETIC_DEMO
1000,520200,CERI00201,ERI001,2026,10,6810754.28,6772484.22,F5,SYNTHETIC_DEMO
1000,520200,CERI00201,ERI001,2026,11,6163062.56,6431303.08,F5,SYNTHETIC_DEMO
1000,520200,CERI00201,ERI001,2026,12,6346993.28,6590845.8,F5,SYNTHETIC_DEMO
1000,530100,CERI00202,ERI002,2026,1,3538387.32,3573029.22,F5,SYNTHETIC_DEMO
1000,530100,CERI00202,ERI002,2026,2,3434241.32,3401371.42,F5,SYNTHETIC_DEMO
1000,530100,CERI00202,ERI002,2026,3,3281684.55,3188668.67,F5,SYNTHETIC_DEMO
1000,530100,CERI00202,ERI002,2026,4,3625253.57,3799339.58,F5,SYNTHETIC_DEMO
1000,530100,CERI00202,ERI002,2026,5,3176236.41,3135043.12,F5,SYNTHETIC_DEMO
1000,530100,CERI00202,ERI002,2026,6,3186574.76,3285500.56,F5,SYNTHETIC_DEMO
1000,530100,CERI00202,ERI002,2026,7,3266569.73,3217994.95,F5,SYNTHETIC_DEMO
1000,530100,CERI00202,ERI002,2026,8,3672662.64,3638731.68,F5,SYNTHETIC_DEMO
1000,530100,CERI00202,ERI002,2026,9,3232094.83,3263449.45,F5,SYNTHETIC_DEMO
1000,530100,CERI00202,ERI002,2026,10,3175455.81,3163140.79,F5,SYNTHETIC_DEMO
1000,530100,CERI00202,ERI002,2026,11,3587067.55,3702241.08,F5,SYNTHETIC_DEMO
1000,530100,CERI00202,ERI002,2026,12,3432548.61,3415065.57,F5,SYNTHETIC_DEMO
1000,540100,CERI00102,ERI002,2026,1,4094453.08,4050372.12,F5,SYNTHETIC_DEMO
1000,540100,CERI00102,ERI002,2026,2,4268384.23,4278964.27,F5,SYNTHETIC_DEMO
1000,540100,CERI00102,ERI002,2026,3,4294509.03,4233355.7,F5,SYNTHETIC_DEMO
1000,540100,CERI00102,ERI002,2026,4,4194353.12,4095936.02,F5,SYNTHETIC_DEMO
1000,540100,CERI00102,ERI002,2026,5,4270588.46,4143285.7,F5,SYNTHETIC_DEMO
1000,540100,CERI00102,ERI002,2026,6,4203769.04,4407979.43,F5,SYNTHETIC_DEMO
1000,540100,CERI00102,ERI002,2026,7,4436104.97,4566772.47,F5,SYNTHETIC_DEMO
1000,540100,CERI00102,ERI002,2026,8,3960163.64,4090839.46,F5,SYNTHETIC_DEMO
1000,540100,CERI00102,ERI002,2026,9,4178623.85,4109607.03,F5,SYNTHETIC_DEMO
1000,540100,CERI00102,ERI002,2026,10,3865126.09,3815391.61,F5,SYNTHETIC_DEMO
1000,540100,CERI00102,ERI002,2026,11,3986070.1,3886799.3,F5,SYNTHETIC_DEMO
1000,540100,CERI00102,ERI002,2026,12,4191373.71,4345806.4,F5,SYNTHETIC_DEMO
1000,150100,CERI00303,ERI003,2026,1,12249582.62,12397202.83,F5,SYNTHETIC_DEMO
1000,150100,CERI00303,ERI003,2026,2,12550304.71,12965936.49,F5,SYNTHETIC_DEMO
1000,150100,CERI00303,ERI003,2026,3,13086857.06,13452959.3,F5,SYNTHETIC_DEMO
1000,150100,CERI00303,ERI003,2026,4,13435380.1,13764917.47,F5,SYNTHETIC_DEMO
1000,150100,CERI00303,ERI003,2026,5,12870602.18,13011056.59,F5,SYNTHETIC_DEMO
1000,150100,CERI00303,ERI003,2026,6,11670004.13,11467377.88,F5,SYNTHETIC_DEMO
1000,150100,CERI00303,ERI003,2026,7,12476356.51,13064491.3,F5,SYNTHETIC_DEMO
1000,150100,CERI00303,ERI003,2026,8,12026971.37,11684433.57,F5,SYNTHETIC_DEMO
1000,150100,CERI00303,ERI003,2026,9,13543142.19,13999836.2,F5,SYNTHETIC_DEMO
1000,150100,CERI00303,ERI003,2026,10,12986353.84,13010850.28,F5,SYNTHETIC_DEMO
1000,150100,CERI00303,ERI003,2026,11,12088613.5,11872736.49,F5,SYNTHETIC_DEMO
1000,150100,CERI00303,ERI003,2026,12,13177151.89,13686938.06,F5,SYNTHETIC_DEMO
1000,150200,CERI00202,ERI002,2026,1,15270319.3,15745004.27,F5,SYNTHETIC_DEMO
1000,150200,CERI00202,ERI002,2026,2,15158130.64,15148733.7,F5,SYNTHETIC_DEMO
1000,150200,CERI00202,ERI002,2026,3,14756001.71,15116584.58,F5,SYNTHETIC_DEMO
1000,150200,CERI00202,ERI002,2026,4,16071650.06,15942646.77,F5,SYNTHETIC_DEMO
1000,150200,CERI00202,ERI002,2026,5,14794824.59,15038432.9,F5,SYNTHETIC_DEMO
1000,150200,CERI00202,ERI002,2026,6,14462555.55,14336683.58,F5,SYNTHETIC_DEMO
1000,150200,CERI00202,ERI002,2026,7,15898214.62,15518645.29,F5,SYNTHETIC_DEMO
1000,150200,CERI00202,ERI002,2026,8,13734825.6,14162159.31,F5,SYNTHETIC_DEMO
1000,150200,CERI00202,ERI002,2026,9,14129172.45,14570918.73,F5,SYNTHETIC_DEMO
1000,150200,CERI00202,ERI002,2026,10,14027374.0,14698955.11,F5,SYNTHETIC_DEMO
1000,150200,CERI00202,ERI002,2026,11,15975989.01,16639788.9,F5,SYNTHETIC_DEMO
1000,150200,CERI00202,ERI002,2026,12,15005064.83,15103921.78,F5,SYNTHETIC_DEMO
1000,150300,CERI00101,ERI001,2026,1,14881728.25,15585231.63,F5,SYNTHETIC_DEMO
1000,150300,CERI00101,ERI001,2026,2,15287492.93,15193601.93,F5,SYNTHETIC_DEMO
1000,150300,CERI00101,ERI001,2026,3,14946095.61,15453067.04,F5,SYNTHETIC_DEMO
1000,150300,CERI00101,ERI001,2026,4,15270601.99,15713402.71,F5,SYNTHETIC_DEMO
1000,150300,CERI00101,ERI001,2026,5,15060480.96,14616324.59,F5,SYNTHETIC_DEMO
1000,150300,CERI00101,ERI001,2026,6,16428904.94,16597459.53,F5,SYNTHETIC_DEMO
1000,150300,CERI00101,ERI001,2026,7,15564831.34,15556969.22,F5,SYNTHETIC_DEMO
1000,150300,CERI00101,ERI001,2026,8,16318981.55,16705687.71,F5,SYNTHETIC_DEMO
1000,150300,CERI00101,ERI001,2026,9,15370228.49,15905823.63,F5,SYNTHETIC_DEMO
1000,150300,CERI00101,ERI001,2026,10,15511003.99,15616075.36,F5,SYNTHETIC_DEMO
1000,150300,CERI00101,ERI001,2026,11,15868995.98,15961444.19,F5,SYNTHETIC_DEMO
1000,150300,CERI00101,ERI001,2026,12,14040078.45,13846294.59,F5,SYNTHETIC_DEMO
1000,500100,CCX000201,CX001,2026,1,15848470.24,16565709.89,F5,SYNTHETIC_DEMO
1000,500100,CCX000201,CX001,2026,2,15343979.94,14983767.42,F5,SYNTHETIC_DEMO
1000,500100,CCX000201,CX001,2026,3,14897570.2,14751106.18,F5,SYNTHETIC_DEMO
1000,500100,CCX000201,CX001,2026,4,17554222.01,17428019.98,F5,SYNTHETIC_DEMO
1000,500100,CCX000201,CX001,2026,5,18232311.23,17687386.36,F5,SYNTHETIC_DEMO
1000,500100,CCX000201,CX001,2026,6,15583895.07,16148628.11,F5,SYNTHETIC_DEMO
1000,500100,CCX000201,CX001,2026,7,16631695.79,16769206.09,F5,SYNTHETIC_DEMO
1000,500100,CCX000201,CX001,2026,8,16363678.96,16623621.51,F5,SYNTHETIC_DEMO
1000,500100,CCX000201,CX001,2026,9,16388715.47,16483812.49,F5,SYNTHETIC_DEMO
1000,500100,CCX000201,CX001,2026,10,14744331.25,15320990.98,F5,SYNTHETIC_DEMO
1000,500100,CCX000201,CX001,2026,11,15499148.5,16257221.64,F5,SYNTHETIC_DEMO
1000,500100,CCX000201,CX001,2026,12,16235236.25,16304624.37,F5,SYNTHETIC_DEMO
1000,500200,CCX000101,CX001,2026,1,15821118.49,15416130.84,F5,SYNTHETIC_DEMO
1000,500200,CCX000101,CX001,2026,2,14880099.02,15225554.66,F5,SYNTHETIC_DEMO
1000,500200,CCX000101,CX001,2026,3,15128351.13,15678229.37,F5,SYNTHETIC_DEMO
1000,500200,CCX000101,CX001,2026,4,20443140.54,20971654.19,F5,SYNTHETIC_DEMO
1000,500200,CCX000101,CX001,2026,5,19495446.95,20208282.42,F5,SYNTHETIC_DEMO
1000,500200,CCX000101,CX001,2026,6,14754909.53,15199289.65,F5,SYNTHETIC_DEMO
1000,500200,CCX000101,CX001,2026,7,14950686.6,14929606.53,F5,SYNTHETIC_DEMO
1000,500200,CCX000101,CX001,2026,8,15327551.86,15290236.74,F5,SYNTHETIC_DEMO
1000,500200,CCX000101,CX001,2026,9,15069157.97,15073673.49,F5,SYNTHETIC_DEMO
1000,500200,CCX000101,CX001,2026,10,16311801.57,15986916.11,F5,SYNTHETIC_DEMO
1000,500200,CCX000101,CX001,2026,11,15283107.75,14835794.05,F5,SYNTHETIC_DEMO
1000,500200,CCX000101,CX001,2026,12,16453862.09,16611547.35,F5,SYNTHETIC_DEMO
1000,500300,CCX000301,CX001,2026,1,12652637.02,12612396.66,F5,SYNTHETIC_DEMO
1000,500300,CCX000301,CX001,2026,2,11630189.6,11896739.25,F5,SYNTHETIC_DEMO
1000,500300,CCX000301,CX001,2026,3,11882256.04,11848069.36,F5,SYNTHETIC_DEMO
1000,500300,CCX000301,CX001,2026,4,16297595.71,17059361.92,F5,SYNTHETIC_DEMO
1000,500300,CCX000301,CX001,2026,5,15790000.61,15619215.48,F5,SYNTHETIC_DEMO
1000,500300,CCX000301,CX001,2026,6,11980808.49,11987337.21,F5,SYNTHETIC_DEMO
1000,500300,CCX000301,CX001,2026,7,11886592.63,12338347.44,F5,SYNTHETIC_DEMO
1000,500300,CCX000301,CX001,2026,8,12067870.89,11835234.6,F5,SYNTHETIC_DEMO
1000,500300,CCX000301,CX001,2026,9,11655897.11,11600281.66,F5,SYNTHETIC_DEMO
1000,500300,CCX000301,CX001,2026,10,12479413.38,12930264.23,F5,SYNTHETIC_DEMO
1000,500300,CCX000301,CX001,2026,11,12108408.3,11973045.17,F5,SYNTHETIC_DEMO
1000,500300,CCX000301,CX001,2026,12,12593620.76,12804737.96,F5,SYNTHETIC_DEMO
1000,510100,CCX000201,CX001,2026,1,19619626.2,19076244.91,F5,SYNTHETIC_DEMO
1000,510100,CCX000201,CX001,2026,2,18034856.48,18456471.11,F5,SYNTHETIC_DEMO
1000,510100,CCX000201,CX001,2026,3,18981428.7,19257966.95,F5,SYNTHETIC_DEMO
1000,510100,CCX000201,CX001,2026,4,18420089.55,18048391.93,F5,SYNTHETIC_DEMO
1000,510100,CCX000201,CX001,2026,5,19324827.96,20212028.03,F5,SYNTHETIC_DEMO
1000,510100,CCX000201,CX001,2026,6,17461517.66,17090832.83,F5,SYNTHETIC_DEMO
1000,510100,CCX000201,CX001,2026,7,18190371.77,18987651.49,F5,SYNTHETIC_DEMO
1000,510100,CCX000201,CX001,2026,8,18986291.82,19930806.61,F5,SYNTHETIC_DEMO
1000,510100,CCX000201,CX001,2026,9,18647990.39,19427335.15,F5,SYNTHETIC_DEMO
1000,510100,CCX000201,CX001,2026,10,17798868.97,18463050.22,F5,SYNTHETIC_DEMO
1000,510100,CCX000201,CX001,2026,11,18548157.14,18547577.09,F5,SYNTHETIC_DEMO
1000,510100,CCX000201,CX001,2026,12,19970017.11,20037301.75,F5,SYNTHETIC_DEMO
1000,520100,CCX000301,CX001,2026,1,15291617.48,15996533.25,F5,SYNTHETIC_DEMO
1000,520100,CCX000301,CX001,2026,2,13644452.09,13582718.71,F5,SYNTHETIC_DEMO
1000,520100,CCX000301,CX001,2026,3,14784622.55,15022230.8,F5,SYNTHETIC_DEMO
1000,520100,CCX000301,CX001,2026,4,14558674.53,14617045.96,F5,SYNTHETIC_DEMO
1000,520100,CCX000301,CX001,2026,5,14428062.2,14507469.32,F5,SYNTHETIC_DEMO
1000,520100,CCX000301,CX001,2026,6,14770316.95,15420538.46,F5,SYNTHETIC_DEMO
1000,520100,CCX000301,CX001,2026,7,15506240.01,15092893.33,F5,SYNTHETIC_DEMO
1000,520100,CCX000301,CX001,2026,8,14906595.41,14745610.92,F5,SYNTHETIC_DEMO
1000,520100,CCX000301,CX001,2026,9,15408478.14,15429115.75,F5,SYNTHETIC_DEMO
1000,520100,CCX000301,CX001,2026,10,13813718.54,14415773.19,F5,SYNTHETIC_DEMO
1000,520100,CCX000301,CX001,2026,11,13403435.94,13497017.38,F5,SYNTHETIC_DEMO
1000,520100,CCX000301,CX001,2026,12,15167903.22,14870773.27,F5,SYNTHETIC_DEMO
1000,520200,CCX000201,CX001,2026,1,9036499.49,8924418.8,F5,SYNTHETIC_DEMO
1000,520200,CCX000201,CX001,2026,2,8390685.21,8297488.25,F5,SYNTHETIC_DEMO
1000,520200,CCX000201,CX001,2026,3,8654647.89,8739856.0,F5,SYNTHETIC_DEMO
1000,520200,CCX000201,CX001,2026,4,8017000.53,8143416.52,F5,SYNTHETIC_DEMO
1000,520200,CCX000201,CX001,2026,5,8459972.69,8248773.7,F5,SYNTHETIC_DEMO
1000,520200,CCX000201,CX001,2026,6,9022636.98,9353535.15,F5,SYNTHETIC_DEMO
1000,520200,CCX000201,CX001,2026,7,9073245.27,8970049.14,F5,SYNTHETIC_DEMO
1000,520200,CCX000201,CX001,2026,8,9008568.3,9128479.56,F5,SYNTHETIC_DEMO
1000,520200,CCX000201,CX001,2026,9,8381047.45,8403934.74,F5,SYNTHETIC_DEMO
1000,520200,CCX000201,CX001,2026,10,7993407.95,8289234.35,F5,SYNTHETIC_DEMO
1000,520200,CCX000201,CX001,2026,11,8936423.22,8994447.54,F5,SYNTHETIC_DEMO
1000,520200,CCX000201,CX001,2026,12,8755814.03,8673533.24,F5,SYNTHETIC_DEMO
1000,530100,CCX000201,CX001,2026,1,11686621.56,12201879.89,F5,SYNTHETIC_DEMO
1000,530100,CCX000201,CX001,2026,2,12609784.95,13182834.25,F5,SYNTHETIC_DEMO
1000,530100,CCX000201,CX001,2026,3,12769824.26,12933397.61,F5,SYNTHETIC_DEMO
1000,530100,CCX000201,CX001,2026,4,11871269.99,11943489.84,F5,SYNTHETIC_DEMO
1000,530100,CCX000201,CX001,2026,5,12062372.98,12533991.69,F5,SYNTHETIC_DEMO
1000,530100,CCX000201,CX001,2026,6,13008634.56,13129181.88,F5,SYNTHETIC_DEMO
1000,530100,CCX000201,CX001,2026,7,12608193.51,13124003.39,F5,SYNTHETIC_DEMO
1000,530100,CCX000201,CX001,2026,8,12265657.47,11951519.18,F5,SYNTHETIC_DEMO
1000,530100,CCX000201,CX001,2026,9,11517296.8,12059881.24,F5,SYNTHETIC_DEMO
1000,530100,CCX000201,CX001,2026,10,13240825.09,13368062.61,F5,SYNTHETIC_DEMO
1000,530100,CCX000201,CX001,2026,11,13431230.71,13253826.73,F5,SYNTHETIC_DEMO
1000,530100,CCX000201,CX001,2026,12,13023780.99,13235784.16,F5,SYNTHETIC_DEMO
1000,540100,CCX000101,CX001,2026,1,3109243.53,3101293.41,F5,SYNTHETIC_DEMO
1000,540100,CCX000101,CX001,2026,2,2991145.82,2977719.36,F5,SYNTHETIC_DEMO
1000,540100,CCX000101,CX001,2026,3,2979948.9,3050932.6,F5,SYNTHETIC_DEMO
1000,540100,CCX000101,CX001,2026,4,3077223.64,3052088.46,F5,SYNTHETIC_DEMO
1000,540100,CCX000101,CX001,2026,5,2665146.64,2787565.39,F5,SYNTHETIC_DEMO
1000,540100,CCX000101,CX001,2026,6,2958990.25,3008950.91,F5,SYNTHETIC_DEMO
1000,540100,CCX000101,CX001,2026,7,2713166.55,2816677.33,F5,SYNTHETIC_DEMO
1000,540100,CCX000101,CX001,2026,8,3018972.16,3112621.04,F5,SYNTHETIC_DEMO
1000,540100,CCX000101,CX001,2026,9,2844316.86,2885339.98,F5,SYNTHETIC_DEMO
1000,540100,CCX000101,CX001,2026,10,3029389.12,3111437.78,F5,SYNTHETIC_DEMO
1000,540100,CCX000101,CX001,2026,11,2995174.35,3141680.63,F5,SYNTHETIC_DEMO
1000,540100,CCX000101,CX001,2026,12,2670861.08,2777341.07,F5,SYNTHETIC_DEMO
1000,150100,CCX000101,CX001,2026,1,7950335.46,7977369.46,F5,SYNTHETIC_DEMO
1000,150100,CCX000101,CX001,2026,2,7859099.41,7790983.96,F5,SYNTHETIC_DEMO
1000,150100,CCX000101,CX001,2026,3,7420778.7,7478705.96,F5,SYNTHETIC_DEMO
1000,150100,CCX000101,CX001,2026,4,8300932.02,8462624.03,F5,SYNTHETIC_DEMO
1000,150100,CCX000101,CX001,2026,5,8492205.91,8394683.9,F5,SYNTHETIC_DEMO
1000,150100,CCX000101,CX001,2026,6,8586002.96,8538584.21,F5,SYNTHETIC_DEMO
1000,150100,CCX000101,CX001,2026,7,7654217.24,7783813.26,F5,SYNTHETIC_DEMO
1000,150100,CCX000101,CX001,2026,8,8194837.39,8418054.27,F5,SYNTHETIC_DEMO
1000,150100,CCX000101,CX001,2026,9,7398208.89,7330636.05,F5,SYNTHETIC_DEMO
1000,150100,CCX000101,CX001,2026,10,8502007.43,8660886.66,F5,SYNTHETIC_DEMO
1000,150100,CCX000101,CX001,2026,11,7509935.57,7800918.0,F5,SYNTHETIC_DEMO
1000,150100,CCX000101,CX001,2026,12,7731076.86,7999704.15,F5,SYNTHETIC_DEMO
1000,150200,CCX000201,CX001,2026,1,10472629.37,10488652.54,F5,SYNTHETIC_DEMO
1000,150200,CCX000201,CX001,2026,2,9042547.59,9349851.59,F5,SYNTHETIC_DEMO
1000,150200,CCX000201,CX001,2026,3,9698557.97,10138529.9,F5,SYNTHETIC_DEMO
1000,150200,CCX000201,CX001,2026,4,9373723.16,9658725.38,F5,SYNTHETIC_DEMO
1000,150200,CCX000201,CX001,2026,5,9320038.64,9512905.88,F5,SYNTHETIC_DEMO
1000,150200,CCX000201,CX001,2026,6,10276064.34,10610390.34,F5,SYNTHETIC_DEMO
1000,150200,CCX000201,CX001,2026,7,9464540.39,9898819.62,F5,SYNTHETIC_DEMO
1000,150200,CCX000201,CX001,2026,8,10029310.71,10006824.8,F5,SYNTHETIC_DEMO
1000,150200,CCX000201,CX001,2026,9,9418751.68,9576557.56,F5,SYNTHETIC_DEMO
1000,150200,CCX000201,CX001,2026,10,9199451.34,9137032.96,F5,SYNTHETIC_DEMO
1000,150200,CCX000201,CX001,2026,11,10140692.84,10093445.03,F5,SYNTHETIC_DEMO
1000,150200,CCX000201,CX001,2026,12,9108651.39,9063167.78,F5,SYNTHETIC_DEMO
1000,150300,CCX000301,CX001,2026,1,19583265.53,19346232.66,F5,SYNTHETIC_DEMO
1000,150300,CCX000301,CX001,2026,2,18695605.43,19430830.64,F5,SYNTHETIC_DEMO
1000,150300,CCX000301,CX001,2026,3,18121988.45,18221506.54,F5,SYNTHETIC_DEMO
1000,150300,CCX000301,CX001,2026,4,18688485.44,18150779.16,F5,SYNTHETIC_DEMO
1000,150300,CCX000301,CX001,2026,5,18883916.96,19281877.4,F5,SYNTHETIC_DEMO
1000,150300,CCX000301,CX001,2026,6,19132298.21,20001194.51,F5,SYNTHETIC_DEMO
1000,150300,CCX000301,CX001,2026,7,18476229.09,17989673.18,F5,SYNTHETIC_DEMO
1000,150300,CCX000301,CX001,2026,8,17381465.38,17589219.03,F5,SYNTHETIC_DEMO
1000,150300,CCX000301,CX001,2026,9,19052715.99,18917116.92,F5,SYNTHETIC_DEMO
1000,150300,CCX000301,CX001,2026,10,17608263.32,17910517.66,F5,SYNTHETIC_DEMO
1000,150300,CCX000301,CX001,2026,11,18869481.92,18945572.7,F5,SYNTHETIC_DEMO
1000,150300,CCX000301,CX001,2026,12,20170682.61,19736395.96,F5,SYNTHETIC_DEMO
1000,500100,CCX000101,CX001,2026,1,8656656.28,8689021.7,F5,SYNTHETIC_DEMO
1000,500100,CCX000101,CX001,2026,2,8566135.28,8364725.94,F5,SYNTHETIC_DEMO
1000,500100,CCX000101,CX001,2026,3,7876687.25,8130058.2,F5,SYNTHETIC_DEMO
1000,500100,CCX000101,CX001,2026,4,9501188.78,9935282.64,F5,SYNTHETIC_DEMO
1000,500100,CCX000101,CX001,2026,5,10360914.1,10624168.57,F5,SYNTHETIC_DEMO
1000,500100,CCX000101,CX001,2026,6,7493090.3,7803532.06,F5,SYNTHETIC_DEMO
1000,500100,CCX000101,CX001,2026,7,8625588.79,8859718.13,F5,SYNTHETIC_DEMO
1000,500100,CCX000101,CX001,2026,8,7532478.99,7830568.61,F5,SYNTHETIC_DEMO
1000,500100,CCX000101,CX001,2026,9,7953112.65,8181893.44,F5,SYNTHETIC_DEMO
1000,500100,CCX000101,CX001,2026,10,8338788.1,8747133.15,F5,SYNTHETIC_DEMO
1000,500100,CCX000101,CX001,2026,11,8015650.87,8103112.97,F5,SYNTHETIC_DEMO
1000,500100,CCX000101,CX001,2026,12,8265212.62,8321672.72,F5,SYNTHETIC_DEMO
1000,500200,CCX000201,CX001,2026,1,9467776.82,9639424.1,F5,SYNTHETIC_DEMO
1000,500200,CCX000201,CX001,2026,2,9218826.73,9350175.32,F5,SYNTHETIC_DEMO
1000,500200,CCX000201,CX001,2026,3,8569417.69,8972008.08,F5,SYNTHETIC_DEMO
1000,500200,CCX000201,CX001,2026,4,12051348.47,11928576.17,F5,SYNTHETIC_DEMO
1000,500200,CCX000201,CX001,2026,5,12048096.34,11802257.61,F5,SYNTHETIC_DEMO
1000,500200,CCX000201,CX001,2026,6,8656402.32,8764915.65,F5,SYNTHETIC_DEMO
1000,500200,CCX000201,CX001,2026,7,9182472.29,9263418.19,F5,SYNTHETIC_DEMO
1000,500200,CCX000201,CX001,2026,8,9496327.97,9750176.9,F5,SYNTHETIC_DEMO
1000,500200,CCX000201,CX001,2026,9,9747927.12,9827401.31,F5,SYNTHETIC_DEMO
1000,500200,CCX000201,CX001,2026,10,9588064.63,9668812.51,F5,SYNTHETIC_DEMO
1000,500200,CCX000201,CX001,2026,11,9842817.05,10077056.48,F5,SYNTHETIC_DEMO
1000,500200,CCX000201,CX001,2026,12,8501984.58,8911248.09,F5,SYNTHETIC_DEMO
1000,500300,CCX000302,CX002,2026,1,17053596.86,16919471.27,F5,SYNTHETIC_DEMO
1000,500300,CCX000302,CX002,2026,2,19087238.56,19192883.07,F5,SYNTHETIC_DEMO
1000,500300,CCX000302,CX002,2026,3,18805559.53,19211841.95,F5,SYNTHETIC_DEMO
1000,500300,CCX000302,CX002,2026,4,22085739.46,21428471.78,F5,SYNTHETIC_DEMO
1000,500300,CCX000302,CX002,2026,5,24241857.95,24724826.02,F5,SYNTHETIC_DEMO
1000,500300,CCX000302,CX002,2026,6,18222675.21,18040757.18,F5,SYNTHETIC_DEMO
1000,500300,CCX000302,CX002,2026,7,18688281.49,18786981.67,F5,SYNTHETIC_DEMO
1000,500300,CCX000302,CX002,2026,8,17356869.88,18159858.98,F5,SYNTHETIC_DEMO
1000,500300,CCX000302,CX002,2026,9,18482929.43,18804373.4,F5,SYNTHETIC_DEMO
1000,500300,CCX000302,CX002,2026,10,17917152.05,18250818.23,F5,SYNTHETIC_DEMO
1000,500300,CCX000302,CX002,2026,11,17722626.54,17712942.79,F5,SYNTHETIC_DEMO
1000,500300,CCX000302,CX002,2026,12,18051927.01,17971636.4,F5,SYNTHETIC_DEMO
1000,510100,CCX000301,CX001,2026,1,4113893.76,4302581.91,F5,SYNTHETIC_DEMO
1000,510100,CCX000301,CX001,2026,2,4323285.35,4383289.97,F5,SYNTHETIC_DEMO
1000,510100,CCX000301,CX001,2026,3,4145350.35,4250903.65,F5,SYNTHETIC_DEMO
1000,510100,CCX000301,CX001,2026,4,4533294.56,4508635.55,F5,SYNTHETIC_DEMO
1000,510100,CCX000301,CX001,2026,5,4316715.42,4249053.57,F5,SYNTHETIC_DEMO
1000,510100,CCX000301,CX001,2026,6,4086045.74,4098036.3,F5,SYNTHETIC_DEMO
1000,510100,CCX000301,CX001,2026,7,4348067.72,4427750.26,F5,SYNTHETIC_DEMO
1000,510100,CCX000301,CX001,2026,8,4724092.89,4858221.55,F5,SYNTHETIC_DEMO
1000,510100,CCX000301,CX001,2026,9,4364505.64,4351789.69,F5,SYNTHETIC_DEMO
1000,510100,CCX000301,CX001,2026,10,4504799.43,4554446.17,F5,SYNTHETIC_DEMO
1000,510100,CCX000301,CX001,2026,11,4497576.22,4418555.07,F5,SYNTHETIC_DEMO
1000,510100,CCX000301,CX001,2026,12,4415426.25,4415000.85,F5,SYNTHETIC_DEMO
1000,520100,CCX000302,CX002,2026,1,7111974.87,7096130.93,F5,SYNTHETIC_DEMO
1000,520100,CCX000302,CX002,2026,2,6821996.85,6891176.95,F5,SYNTHETIC_DEMO
1000,520100,CCX000302,CX002,2026,3,6617829.51,6863833.48,F5,SYNTHETIC_DEMO
1000,520100,CCX000302,CX002,2026,4,6973173.86,7045701.61,F5,SYNTHETIC_DEMO
1000,520100,CCX000302,CX002,2026,5,6852717.95,7152197.56,F5,SYNTHETIC_DEMO
1000,520100,CCX000302,CX002,2026,6,7261228.76,7085990.6,F5,SYNTHETIC_DEMO
1000,520100,CCX000302,CX002,2026,7,7245149.33,7173985.46,F5,SYNTHETIC_DEMO
1000,520100,CCX000302,CX002,2026,8,6820474.07,6887942.92,F5,SYNTHETIC_DEMO
1000,520100,CCX000302,CX002,2026,9,7502009.62,7296895.01,F5,SYNTHETIC_DEMO
1000,520100,CCX000302,CX002,2026,10,6897372.4,6733197.12,F5,SYNTHETIC_DEMO
1000,520100,CCX000302,CX002,2026,11,6700067.28,6808389.82,F5,SYNTHETIC_DEMO
1000,520100,CCX000302,CX002,2026,12,7563343.3,7790235.01,F5,SYNTHETIC_DEMO
1000,520200,CCX000202,CX002,2026,1,11184300.8,11038233.11,F5,SYNTHETIC_DEMO
1000,520200,CCX000202,CX002,2026,2,11490967.52,12046193.85,F5,SYNTHETIC_DEMO
1000,520200,CCX000202,CX002,2026,3,11051013.08,11518108.14,F5,SYNTHETIC_DEMO
1000,520200,CCX000202,CX002,2026,4,11363436.31,11050679.19,F5,SYNTHETIC_DEMO
1000,520200,CCX000202,CX002,2026,5,11334535.17,11696365.87,F5,SYNTHETIC_DEMO
1000,520200,CCX000202,CX002,2026,6,11718660.59,12119691.93,F5,SYNTHETIC_DEMO
1000,520200,CCX000202,CX002,2026,7,10218912.4,10270067.47,F5,SYNTHETIC_DEMO
1000,520200,CCX000202,CX002,2026,8,10491003.92,10497109.73,F5,SYNTHETIC_DEMO
1000,520200,CCX000202,CX002,2026,9,10675714.23,10772432.28,F5,SYNTHETIC_DEMO
1000,520200,CCX000202,CX002,2026,10,11399458.79,11776524.52,F5,SYNTHETIC_DEMO
1000,520200,CCX000202,CX002,2026,11,11345277.27,11397187.54,F5,SYNTHETIC_DEMO
1000,520200,CCX000202,CX002,2026,12,11853257.76,12360481.08,F5,SYNTHETIC_DEMO
1000,530100,CCX000101,CX001,2026,1,4045755.91,4213144.33,F5,SYNTHETIC_DEMO
1000,530100,CCX000101,CX001,2026,2,3768359.32,3902677.08,F5,SYNTHETIC_DEMO
1000,530100,CCX000101,CX001,2026,3,4047087.79,4070314.69,F5,SYNTHETIC_DEMO
1000,530100,CCX000101,CX001,2026,4,3714162.62,3833039.36,F5,SYNTHETIC_DEMO
1000,530100,CCX000101,CX001,2026,5,3760987.89,3874462.68,F5,SYNTHETIC_DEMO
1000,530100,CCX000101,CX001,2026,6,3707286.02,3813644.84,F5,SYNTHETIC_DEMO
1000,530100,CCX000101,CX001,2026,7,4026414.26,4189039.88,F5,SYNTHETIC_DEMO
1000,530100,CCX000101,CX001,2026,8,3816410.26,3904699.06,F5,SYNTHETIC_DEMO
1000,530100,CCX000101,CX001,2026,9,3524412.07,3470598.78,F5,SYNTHETIC_DEMO
1000,530100,CCX000101,CX001,2026,10,3519336.6,3513155.81,F5,SYNTHETIC_DEMO
1000,530100,CCX000101,CX001,2026,11,3785589.45,3884366.0,F5,SYNTHETIC_DEMO
1000,530100,CCX000101,CX001,2026,12,3929690.86,3923820.23,F5,SYNTHETIC_DEMO
1000,540100,CCX000102,CX002,2026,1,7509583.6,7640743.29,F5,SYNTHETIC_DEMO
1000,540100,CCX000102,CX002,2026,2,6677038.04,6616284.06,F5,SYNTHETIC_DEMO
1000,540100,CCX000102,CX002,2026,3,7682564.1,7818809.87,F5,SYNTHETIC_DEMO
1000,540100,CCX000102,CX002,2026,4,6962814.92,6876074.59,F5,SYNTHETIC_DEMO
1000,540100,CCX000102,CX002,2026,5,6822384.45,7049545.47,F5,SYNTHETIC_DEMO
1000,540100,CCX000102,CX002,2026,6,7015243.89,7004532.85,F5,SYNTHETIC_DEMO
1000,540100,CCX000102,CX002,2026,7,7056460.51,6984884.63,F5,SYNTHETIC_DEMO
1000,540100,CCX000102,CX002,2026,8,7381280.47,7386357.93,F5,SYNTHETIC_DEMO
1000,540100,CCX000102,CX002,2026,9,7245440.34,7589168.89,F5,SYNTHETIC_DEMO
1000,540100,CCX000102,CX002,2026,10,6757265.12,6693224.31,F5,SYNTHETIC_DEMO
1000,540100,CCX000102,CX002,2026,11,6788562.98,7018249.28,F5,SYNTHETIC_DEMO
1000,540100,CCX000102,CX002,2026,12,7729482.23,7829608.3,F5,SYNTHETIC_DEMO
1000,150100,CCX000201,CX001,2026,1,14297234.68,14440682.81,F5,SYNTHETIC_DEMO
1000,150100,CCX000201,CX001,2026,2,14313840.46,14890895.51,F5,SYNTHETIC_DEMO
1000,150100,CCX000201,CX001,2026,3,13909534.73,13914988.65,F5,SYNTHETIC_DEMO
1000,150100,CCX000201,CX001,2026,4,14416124.44,15096351.93,F5,SYNTHETIC_DEMO
1000,150100,CCX000201,CX001,2026,5,16130265.61,16566159.52,F5,SYNTHETIC_DEMO
1000,150100,CCX000201,CX001,2026,6,15930006.59,15571502.55,F5,SYNTHETIC_DEMO
1000,150100,CCX000201,CX001,2026,7,15542541.3,15179468.79,F5,SYNTHETIC_DEMO
1000,150100,CCX000201,CX001,2026,8,16229332.17,16873328.59,F5,SYNTHETIC_DEMO
1000,150100,CCX000201,CX001,2026,9,15677605.03,16306548.17,F5,SYNTHETIC_DEMO
1000,150100,CCX000201,CX001,2026,10,15961665.44,16009954.43,F5,SYNTHETIC_DEMO
1000,150100,CCX000201,CX001,2026,11,15185898.92,15154983.81,F5,SYNTHETIC_DEMO
1000,150100,CCX000201,CX001,2026,12,15114692.0,14855925.0,F5,SYNTHETIC_DEMO
1000,150200,CCX000101,CX001,2026,1,10721398.39,10811447.41,F5,SYNTHETIC_DEMO
1000,150200,CCX000101,CX001,2026,2,11909453.84,12411556.49,F5,SYNTHETIC_DEMO
1000,150200,CCX000101,CX001,2026,3,11379929.03,11158109.45,F5,SYNTHETIC_DEMO
1000,150200,CCX000101,CX001,2026,4,11351136.14,11134645.68,F5,SYNTHETIC_DEMO
1000,150200,CCX000101,CX001,2026,5,10409544.83,10691142.81,F5,SYNTHETIC_DEMO
1000,150200,CCX000101,CX001,2026,6,11739271.63,12005116.71,F5,SYNTHETIC_DEMO
1000,150200,CCX000101,CX001,2026,7,11107375.34,11661914.83,F5,SYNTHETIC_DEMO
1000,150200,CCX000101,CX001,2026,8,10401353.59,10644288.95,F5,SYNTHETIC_DEMO
1000,150200,CCX000101,CX001,2026,9,10914160.27,11388063.2,F5,SYNTHETIC_DEMO
1000,150200,CCX000101,CX001,2026,10,10588483.96,10687984.82,F5,SYNTHETIC_DEMO
1000,150200,CCX000101,CX001,2026,11,11850812.64,11500510.44,F5,SYNTHETIC_DEMO
1000,150200,CCX000101,CX001,2026,12,11474466.99,11403515.94,F5,SYNTHETIC_DEMO
1000,150300,CCX000201,CX001,2026,1,15219393.06,15420302.73,F5,SYNTHETIC_DEMO
1000,150300,CCX000201,CX001,2026,2,16113206.64,16230641.58,F5,SYNTHETIC_DEMO
1000,150300,CCX000201,CX001,2026,3,14918773.01,15340407.42,F5,SYNTHETIC_DEMO
1000,150300,CCX000201,CX001,2026,4,15775237.25,16182905.08,F5,SYNTHETIC_DEMO
1000,150300,CCX000201,CX001,2026,5,15482155.33,15856656.11,F5,SYNTHETIC_DEMO
1000,150300,CCX000201,CX001,2026,6,17141214.28,17052370.19,F5,SYNTHETIC_DEMO
1000,150300,CCX000201,CX001,2026,7,15219637.94,15092658.06,F5,SYNTHETIC_DEMO
1000,150300,CCX000201,CX001,2026,8,16444682.39,16289915.35,F5,SYNTHETIC_DEMO
1000,150300,CCX000201,CX001,2026,9,16253702.54,17005227.43,F5,SYNTHETIC_DEMO
1000,150300,CCX000201,CX001,2026,10,17241073.4,17046503.68,F5,SYNTHETIC_DEMO
1000,150300,CCX000201,CX001,2026,11,14996982.95,14582267.94,F5,SYNTHETIC_DEMO
1000,150300,CCX000201,CX001,2026,12,16403204.38,16135370.64,F5,SYNTHETIC_DEMO
1000,500100,CCX000301,CX001,2026,1,10114158.3,9901204.83,F5,SYNTHETIC_DEMO
1000,500100,CCX000301,CX001,2026,2,10212574.59,10117667.54,F5,SYNTHETIC_DEMO
1000,500100,CCX000301,CX001,2026,3,11037276.2,11210073.2,F5,SYNTHETIC_DEMO
1000,500100,CCX000301,CX001,2026,4,12459047.28,12650188.75,F5,SYNTHETIC_DEMO
1000,500100,CCX000301,CX001,2026,5,13394348.75,13915055.51,F5,SYNTHETIC_DEMO
1000,500100,CCX000301,CX001,2026,6,11280752.96,11574940.51,F5,SYNTHETIC_DEMO
1000,500100,CCX000301,CX001,2026,7,10799759.01,11329628.34,F5,SYNTHETIC_DEMO
1000,500100,CCX000301,CX001,2026,8,10272071.28,10680353.97,F5,SYNTHETIC_DEMO
1000,500100,CCX000301,CX001,2026,9,10501607.12,10630498.96,F5,SYNTHETIC_DEMO
1000,500100,CCX000301,CX001,2026,10,10973015.1,11108197.04,F5,SYNTHETIC_DEMO
1000,500100,CCX000301,CX001,2026,11,11073456.82,10898203.75,F5,SYNTHETIC_DEMO
1000,500100,CCX000301,CX001,2026,12,10452564.99,10362724.79,F5,SYNTHETIC_DEMO
1000,500200,CCX000102,CX002,2026,1,9737614.52,9700545.39,F5,SYNTHETIC_DEMO
1000,500200,CCX000102,CX002,2026,2,9049149.86,8991829.88,F5,SYNTHETIC_DEMO
1000,500200,CCX000102,CX002,2026,3,9887409.22,10077327.44,F5,SYNTHETIC_DEMO
1000,500200,CCX000102,CX002,2026,4,12025123.16,12071100.21,F5,SYNTHETIC_DEMO
1000,500200,CCX000102,CX002,2026,5,11166633.43,11306499.68,F5,SYNTHETIC_DEMO
1000,500200,CCX000102,CX002,2026,6,9301285.14,9065816.53,F5,SYNTHETIC_DEMO
1000,500200,CCX000102,CX002,2026,7,9099155.49,9220821.43,F5,SYNTHETIC_DEMO
1000,500200,CCX000102,CX002,2026,8,9915796.4,9873071.39,F5,SYNTHETIC_DEMO
1000,500200,CCX000102,CX002,2026,9,10292783.26,10166857.59,F5,SYNTHETIC_DEMO
1000,500200,CCX000102,CX002,2026,10,9579949.16,9891069.79,F5,SYNTHETIC_DEMO
1000,500200,CCX000102,CX002,2026,11,10186990.38,10239233.03,F5,SYNTHETIC_DEMO
1000,500200,CCX000102,CX002,2026,12,9786990.66,9882064.68,F5,SYNTHETIC_DEMO
1000,500300,CCX000303,CX003,2026,1,3500589.36,3610967.35,F5,SYNTHETIC_DEMO
1000,500300,CCX000303,CX003,2026,2,3645705.13,3732354.76,F5,SYNTHETIC_DEMO
1000,500300,CCX000303,CX003,2026,3,3770297.73,3787182.36,F5,SYNTHETIC_DEMO
1000,500300,CCX000303,CX003,2026,4,3968836.5,3961788.62,F5,SYNTHETIC_DEMO
1000,500300,CCX000303,CX003,2026,5,4355799.22,4250283.99,F5,SYNTHETIC_DEMO
1000,500300,CCX000303,CX003,2026,6,3461134.08,3606976.68,F5,SYNTHETIC_DEMO
1000,500300,CCX000303,CX003,2026,7,3725758.08,3703900.39,F5,SYNTHETIC_DEMO
1000,500300,CCX000303,CX003,2026,8,3404786.82,3539009.05,F5,SYNTHETIC_DEMO
1000,500300,CCX000303,CX003,2026,9,3746803.99,3847671.08,F5,SYNTHETIC_DEMO
1000,500300,CCX000303,CX003,2026,10,3752497.39,3649236.17,F5,SYNTHETIC_DEMO
1000,500300,CCX000303,CX003,2026,11,3591579.01,3665393.56,F5,SYNTHETIC_DEMO
1000,500300,CCX000303,CX003,2026,12,3700348.42,3819218.13,F5,SYNTHETIC_DEMO
1000,510100,CCX000202,CX002,2026,1,12446604.66,12792178.88,F5,SYNTHETIC_DEMO
1000,510100,CCX000202,CX002,2026,2,13438493.2,13169883.85,F5,SYNTHETIC_DEMO
1000,510100,CCX000202,CX002,2026,3,12112906.37,11810748.72,F5,SYNTHETIC_DEMO
1000,510100,CCX000202,CX002,2026,4,12606024.38,12334487.0,F5,SYNTHETIC_DEMO
1000,510100,CCX000202,CX002,2026,5,13557130.88,13498165.89,F5,SYNTHETIC_DEMO
1000,510100,CCX000202,CX002,2026,6,13562911.23,14105211.77,F5,SYNTHETIC_DEMO
1000,510100,CCX000202,CX002,2026,7,12579550.93,12816581.13,F5,SYNTHETIC_DEMO
1000,510100,CCX000202,CX002,2026,8,13394082.88,13006442.7,F5,SYNTHETIC_DEMO
1000,510100,CCX000202,CX002,2026,9,11882711.28,12378961.08,F5,SYNTHETIC_DEMO
1000,510100,CCX000202,CX002,2026,10,13395106.27,13250953.17,F5,SYNTHETIC_DEMO
1000,510100,CCX000202,CX002,2026,11,13893073.3,14475287.47,F5,SYNTHETIC_DEMO
1000,510100,CCX000202,CX002,2026,12,13844851.39,13573001.54,F5,SYNTHETIC_DEMO
1000,520100,CCX000101,CX001,2026,1,6317329.93,6611784.19,F5,SYNTHETIC_DEMO
1000,520100,CCX000101,CX001,2026,2,5655836.1,5597774.05,F5,SYNTHETIC_DEMO
1000,520100,CCX000101,CX001,2026,3,5553825.39,5731968.92,F5,SYNTHETIC_DEMO
1000,520100,CCX000101,CX001,2026,4,6096928.42,6046610.33,F5,SYNTHETIC_DEMO
1000,520100,CCX000101,CX001,2026,5,6273121.48,6168695.68,F5,SYNTHETIC_DEMO
1000,520100,CCX000101,CX001,2026,6,5976816.57,6110824.33,F5,SYNTHETIC_DEMO
1000,520100,CCX000101,CX001,2026,7,6084006.01,5951479.83,F5,SYNTHETIC_DEMO
1000,520100,CCX000101,CX001,2026,8,5677044.21,5654316.6,F5,SYNTHETIC_DEMO
1000,520100,CCX000101,CX001,2026,9,5698805.88,5716443.86,F5,SYNTHETIC_DEMO
1000,520100,CCX000101,CX001,2026,10,6296347.11,6465047.64,F5,SYNTHETIC_DEMO
1000,520100,CCX000101,CX001,2026,11,5826601.97,5988539.23,F5,SYNTHETIC_DEMO
1000,520100,CCX000101,CX001,2026,12,6074384.69,5916584.01,F5,SYNTHETIC_DEMO
1000,520200,CCX000301,CX001,2026,1,11781342.52,11878044.96,F5,SYNTHETIC_DEMO
1000,520200,CCX000301,CX001,2026,2,12291561.68,12825561.39,F5,SYNTHETIC_DEMO
1000,520200,CCX000301,CX001,2026,3,11682036.38,11362361.18,F5,SYNTHETIC_DEMO
1000,520200,CCX000301,CX001,2026,4,12586051.9,12318246.84,F5,SYNTHETIC_DEMO
1000,520200,CCX000301,CX001,2026,5,13080632.08,13066504.95,F5,SYNTHETIC_DEMO
1000,520200,CCX000301,CX001,2026,6,13054313.13,12873596.66,F5,SYNTHETIC_DEMO
1000,520200,CCX000301,CX001,2026,7,13062110.62,12748423.85,F5,SYNTHETIC_DEMO
1000,520200,CCX000301,CX001,2026,8,11837085.22,11623059.71,F5,SYNTHETIC_DEMO
1000,520200,CCX000301,CX001,2026,9,12719483.41,12741698.74,F5,SYNTHETIC_DEMO
1000,520200,CCX000301,CX001,2026,10,11475469.41,11303339.09,F5,SYNTHETIC_DEMO
1000,520200,CCX000301,CX001,2026,11,12097161.38,12510679.47,F5,SYNTHETIC_DEMO
1000,520200,CCX000301,CX001,2026,12,13115681.22,13392396.35,F5,SYNTHETIC_DEMO
1000,530100,CCX000102,CX002,2026,1,9499475.02,9553360.94,F5,SYNTHETIC_DEMO
1000,530100,CCX000102,CX002,2026,2,9188315.7,9303644.02,F5,SYNTHETIC_DEMO
1000,530100,CCX000102,CX002,2026,3,8696715.29,8777826.88,F5,SYNTHETIC_DEMO
1000,530100,CCX000102,CX002,2026,4,9104027.54,9362608.33,F5,SYNTHETIC_DEMO
1000,530100,CCX000102,CX002,2026,5,8342948.63,8538988.78,F5,SYNTHETIC_DEMO
1000,530100,CCX000102,CX002,2026,6,9541276.74,9436371.53,F5,SYNTHETIC_DEMO
1000,530100,CCX000102,CX002,2026,7,9267151.66,9564739.84,F5,SYNTHETIC_DEMO
1000,530100,CCX000102,CX002,2026,8,8594052.67,8444381.24,F5,SYNTHETIC_DEMO
1000,530100,CCX000102,CX002,2026,9,9288211.78,9418004.51,F5,SYNTHETIC_DEMO
1000,530100,CCX000102,CX002,2026,10,8701998.84,8992216.81,F5,SYNTHETIC_DEMO
1000,530100,CCX000102,CX002,2026,11,9060892.03,9487385.98,F5,SYNTHETIC_DEMO
1000,530100,CCX000102,CX002,2026,12,8675188.13,8955116.9,F5,SYNTHETIC_DEMO
1000,540100,CCX000103,CX003,2026,1,5937993.6,6146070.32,F5,SYNTHETIC_DEMO
1000,540100,CCX000103,CX003,2026,2,5535467.9,5575009.7,F5,SYNTHETIC_DEMO
1000,540100,CCX000103,CX003,2026,3,5727144.43,5923669.98,F5,SYNTHETIC_DEMO
1000,540100,CCX000103,CX003,2026,4,5428254.18,5455270.66,F5,SYNTHETIC_DEMO
1000,540100,CCX000103,CX003,2026,5,5733255.39,5703821.41,F5,SYNTHETIC_DEMO
1000,540100,CCX000103,CX003,2026,6,6042030.81,5888901.41,F5,SYNTHETIC_DEMO
1000,540100,CCX000103,CX003,2026,7,5912860.98,6014319.62,F5,SYNTHETIC_DEMO
1000,540100,CCX000103,CX003,2026,8,5715782.47,5945885.64,F5,SYNTHETIC_DEMO
1000,540100,CCX000103,CX003,2026,9,5527306.49,5483753.15,F5,SYNTHETIC_DEMO
1000,540100,CCX000103,CX003,2026,10,5704411.41,5729968.22,F5,SYNTHETIC_DEMO
1000,540100,CCX000103,CX003,2026,11,5663853.39,5901164.35,F5,SYNTHETIC_DEMO
1000,540100,CCX000103,CX003,2026,12,5825177.9,5869891.05,F5,SYNTHETIC_DEMO
1000,150100,CCX000102,CX002,2026,1,3455652.73,3528591.97,F5,SYNTHETIC_DEMO
1000,150100,CCX000102,CX002,2026,2,3327461.78,3462854.29,F5,SYNTHETIC_DEMO
1000,150100,CCX000102,CX002,2026,3,3052103.68,3001272.69,F5,SYNTHETIC_DEMO
1000,150100,CCX000102,CX002,2026,4,3408207.66,3547903.24,F5,SYNTHETIC_DEMO
1000,150100,CCX000102,CX002,2026,5,3256986.82,3244873.7,F5,SYNTHETIC_DEMO
1000,150100,CCX000102,CX002,2026,6,3243987.25,3295091.22,F5,SYNTHETIC_DEMO
1000,150100,CCX000102,CX002,2026,7,3513387.07,3596422.52,F5,SYNTHETIC_DEMO
1000,150100,CCX000102,CX002,2026,8,3461327.45,3363608.18,F5,SYNTHETIC_DEMO
1000,150100,CCX000102,CX002,2026,9,3467578.34,3541048.37,F5,SYNTHETIC_DEMO
1000,150100,CCX000102,CX002,2026,10,3348306.52,3291161.15,F5,SYNTHETIC_DEMO
1000,150100,CCX000102,CX002,2026,11,3326687.77,3240268.43,F5,SYNTHETIC_DEMO
1000,150100,CCX000102,CX002,2026,12,3100794.88,3235045.08,F5,SYNTHETIC_DEMO
1000,150200,CCX000202,CX002,2026,1,17468694.37,17936015.41,F5,SYNTHETIC_DEMO
1000,150200,CCX000202,CX002,2026,2,17226954.63,17349451.24,F5,SYNTHETIC_DEMO
1000,150200,CCX000202,CX002,2026,3,17343134.27,17701320.84,F5,SYNTHETIC_DEMO
1000,150200,CCX000202,CX002,2026,4,16656537.82,16529224.19,F5,SYNTHETIC_DEMO
1000,150200,CCX000202,CX002,2026,5,17531763.01,17905679.56,F5,SYNTHETIC_DEMO
1000,150200,CCX000202,CX002,2026,6,16890424.79,16652605.27,F5,SYNTHETIC_DEMO
1000,150200,CCX000202,CX002,2026,7,15071769.26,14902343.71,F5,SYNTHETIC_DEMO
1000,150200,CCX000202,CX002,2026,8,16513919.92,16243353.16,F5,SYNTHETIC_DEMO
1000,150200,CCX000202,CX002,2026,9,16926214.37,17750657.65,F5,SYNTHETIC_DEMO
1000,150200,CCX000202,CX002,2026,10,16100855.45,16146702.96,F5,SYNTHETIC_DEMO
1000,150200,CCX000202,CX002,2026,11,16788923.53,16818210.3,F5,SYNTHETIC_DEMO
1000,150200,CCX000202,CX002,2026,12,15180958.55,15665437.95,F5,SYNTHETIC_DEMO
1000,150300,CCX000202,CX002,2026,1,15513250.64,15561498.98,F5,SYNTHETIC_DEMO
1000,150300,CCX000202,CX002,2026,2,14110304.75,14678520.19,F5,SYNTHETIC_DEMO
1000,150300,CCX000202,CX002,2026,3,15934017.63,15941680.44,F5,SYNTHETIC_DEMO
1000,150300,CCX000202,CX002,2026,4,13831205.28,14271991.61,F5,SYNTHETIC_DEMO
1000,150300,CCX000202,CX002,2026,5,14528122.97,14209881.21,F5,SYNTHETIC_DEMO
1000,150300,CCX000202,CX002,2026,6,16094320.24,16122786.79,F5,SYNTHETIC_DEMO
1000,150300,CCX000202,CX002,2026,7,15553774.32,16017592.79,F5,SYNTHETIC_DEMO
1000,150300,CCX000202,CX002,2026,8,16010487.88,15610725.52,F5,SYNTHETIC_DEMO
1000,150300,CCX000202,CX002,2026,9,13774748.74,13372848.06,F5,SYNTHETIC_DEMO
1000,150300,CCX000202,CX002,2026,10,14661965.58,14285019.99,F5,SYNTHETIC_DEMO
1000,150300,CCX000202,CX002,2026,11,14820560.43,15025612.02,F5,SYNTHETIC_DEMO
1000,150300,CCX000202,CX002,2026,12,14763057.42,15357875.22,F5,SYNTHETIC_DEMO
1000,500100,CCX000202,CX002,2026,1,16366860.48,16059094.03,F5,SYNTHETIC_DEMO
1000,500100,CCX000202,CX002,2026,2,18743297.02,18217548.72,F5,SYNTHETIC_DEMO
1000,500100,CCX000202,CX002,2026,3,16699462.91,16710201.28,F5,SYNTHETIC_DEMO
1000,500100,CCX000202,CX002,2026,4,22468188.77,23139757.65,F5,SYNTHETIC_DEMO
1000,500100,CCX000202,CX002,2026,5,22482094.21,22409496.23,F5,SYNTHETIC_DEMO
1000,500100,CCX000202,CX002,2026,6,17974095.17,18118775.88,F5,SYNTHETIC_DEMO
1000,500100,CCX000202,CX002,2026,7,17688220.54,18446176.53,F5,SYNTHETIC_DEMO
1000,500100,CCX000202,CX002,2026,8,16462912.88,16910082.69,F5,SYNTHETIC_DEMO
1000,500100,CCX000202,CX002,2026,9,17112633.05,17276131.49,F5,SYNTHETIC_DEMO
1000,500100,CCX000202,CX002,2026,10,18221747.66,18173426.82,F5,SYNTHETIC_DEMO
1000,500100,CCX000202,CX002,2026,11,17740666.23,17712260.87,F5,SYNTHETIC_DEMO
1000,500100,CCX000202,CX002,2026,12,18580836.31,19475521.41,F5,SYNTHETIC_DEMO
1000,500200,CCX000103,CX003,2026,1,13534845.97,14006544.76,F5,SYNTHETIC_DEMO
1000,500200,CCX000103,CX003,2026,2,14226084.09,14691803.21,F5,SYNTHETIC_DEMO
1000,500200,CCX000103,CX003,2026,3,13694390.35,13635626.88,F5,SYNTHETIC_DEMO
1000,500200,CCX000103,CX003,2026,4,17908959.87,17928584.53,F5,SYNTHETIC_DEMO
1000,500200,CCX000103,CX003,2026,5,18075305.46,18694976.43,F5,SYNTHETIC_DEMO
1000,500200,CCX000103,CX003,2026,6,13802321.32,14016176.98,F5,SYNTHETIC_DEMO
1000,500200,CCX000103,CX003,2026,7,15152004.0,14841886.07,F5,SYNTHETIC_DEMO
1000,500200,CCX000103,CX003,2026,8,14885448.18,14558383.51,F5,SYNTHETIC_DEMO
1000,500200,CCX000103,CX003,2026,9,15599893.34,16149827.58,F5,SYNTHETIC_DEMO
1000,500200,CCX000103,CX003,2026,10,14864411.39,15042905.73,F5,SYNTHETIC_DEMO
1000,500200,CCX000103,CX003,2026,11,15262438.18,15114575.41,F5,SYNTHETIC_DEMO
1000,500200,CCX000103,CX003,2026,12,15314089.04,15406761.93,F5,SYNTHETIC_DEMO
1000,500300,CCX000101,CX001,2026,1,19477535.84,19036752.4,F5,SYNTHETIC_DEMO
1000,500300,CCX000101,CX001,2026,2,18265092.39,18595196.67,F5,SYNTHETIC_DEMO
1000,500300,CCX000101,CX001,2026,3,17282121.05,17367170.22,F5,SYNTHETIC_DEMO
1000,500300,CCX000101,CX001,2026,4,23171508.44,24037774.79,F5,SYNTHETIC_DEMO
1000,500300,CCX000101,CX001,2026,5,22282609.53,22150615.35,F5,SYNTHETIC_DEMO
1000,500300,CCX000101,CX001,2026,6,17578951.52,17166164.01,F5,SYNTHETIC_DEMO
1000,500300,CCX000101,CX001,2026,7,17616752.69,17318135.8,F5,SYNTHETIC_DEMO
1000,500300,CCX000101,CX001,2026,8,19300457.46,19414788.28,F5,SYNTHETIC_DEMO
1000,500300,CCX000101,CX001,2026,9,19705263.28,19513151.42,F5,SYNTHETIC_DEMO
1000,500300,CCX000101,CX001,2026,10,17521999.98,18385393.51,F5,SYNTHETIC_DEMO
1000,500300,CCX000101,CX001,2026,11,16898882.73,17129069.45,F5,SYNTHETIC_DEMO
1000,500300,CCX000101,CX001,2026,12,18562816.06,18029011.0,F5,SYNTHETIC_DEMO
1000,510100,CCX000203,CX003,2026,1,15891938.75,16091465.22,F5,SYNTHETIC_DEMO
1000,510100,CCX000203,CX003,2026,2,13596691.84,14011409.55,F5,SYNTHETIC_DEMO
1000,510100,CCX000203,CX003,2026,3,14089405.23,13927871.07,F5,SYNTHETIC_DEMO
1000,510100,CCX000203,CX003,2026,4,13970034.72,13556428.36,F5,SYNTHETIC_DEMO
1000,510100,CCX000203,CX003,2026,5,15543174.17,15767172.01,F5,SYNTHETIC_DEMO
1000,510100,CCX000203,CX003,2026,6,14810539.15,14930075.49,F5,SYNTHETIC_DEMO
1000,510100,CCX000203,CX003,2026,7,15768235.78,16007785.63,F5,SYNTHETIC_DEMO
1000,510100,CCX000203,CX003,2026,8,14373989.91,14462705.04,F5,SYNTHETIC_DEMO
1000,510100,CCX000203,CX003,2026,9,15672251.17,16089252.95,F5,SYNTHETIC_DEMO
1000,510100,CCX000203,CX003,2026,10,14981466.71,14797884.78,F5,SYNTHETIC_DEMO
1000,510100,CCX000203,CX003,2026,11,15683950.97,15757114.06,F5,SYNTHETIC_DEMO
1000,510100,CCX000203,CX003,2026,12,15617294.79,15400718.96,F5,SYNTHETIC_DEMO
1000,520100,CCX000201,CX001,2026,1,12729562.84,13073090.42,F5,SYNTHETIC_DEMO
1000,520100,CCX000201,CX001,2026,2,14617990.59,14838461.16,F5,SYNTHETIC_DEMO
1000,520100,CCX000201,CX001,2026,3,12697005.77,13096700.9,F5,SYNTHETIC_DEMO
1000,520100,CCX000201,CX001,2026,4,13126536.49,13244724.38,F5,SYNTHETIC_DEMO
1000,520100,CCX000201,CX001,2026,5,12562039.36,12576629.84,F5,SYNTHETIC_DEMO
1000,520100,CCX000201,CX001,2026,6,14598756.41,14673739.92,F5,SYNTHETIC_DEMO
1000,520100,CCX000201,CX001,2026,7,12659865.49,13266594.86,F5,SYNTHETIC_DEMO
1000,520100,CCX000201,CX001,2026,8,12657956.71,12363865.74,F5,SYNTHETIC_DEMO
1000,520100,CCX000201,CX001,2026,9,14376233.11,14117445.66,F5,SYNTHETIC_DEMO
1000,520100,CCX000201,CX001,2026,10,12630605.89,13256831.84,F5,SYNTHETIC_DEMO
1000,520100,CCX000201,CX001,2026,11,13820770.45,14455717.4,F5,SYNTHETIC_DEMO
1000,520100,CCX000201,CX001,2026,12,14163682.67,14079506.9,F5,SYNTHETIC_DEMO
1000,520200,CCX000203,CX003,2026,1,3167023.52,3200056.31,F5,SYNTHETIC_DEMO
1000,520200,CCX000203,CX003,2026,2,3038709.17,3016751.43,F5,SYNTHETIC_DEMO
1000,520200,CCX000203,CX003,2026,3,2824896.92,2821593.66,F5,SYNTHETIC_DEMO
1000,520200,CCX000203,CX003,2026,4,3040566.48,3123486.67,F5,SYNTHETIC_DEMO
1000,520200,CCX000203,CX003,2026,5,3147992.06,3260470.25,F5,SYNTHETIC_DEMO
1000,520200,CCX000203,CX003,2026,6,2891461.0,2870010.67,F5,SYNTHETIC_DEMO
1000,520200,CCX000203,CX003,2026,7,3018319.3,3148767.53,F5,SYNTHETIC_DEMO
1000,520200,CCX000203,CX003,2026,8,3148058.58,3070022.44,F5,SYNTHETIC_DEMO
1000,520200,CCX000203,CX003,2026,9,2836301.33,2865612.68,F5,SYNTHETIC_DEMO
1000,520200,CCX000203,CX003,2026,10,3173536.08,3302213.12,F5,SYNTHETIC_DEMO
1000,520200,CCX000203,CX003,2026,11,3137486.8,3256708.92,F5,SYNTHETIC_DEMO
1000,520200,CCX000203,CX003,2026,12,2889197.48,2961670.08,F5,SYNTHETIC_DEMO
1000,530100,CCX000202,CX002,2026,1,6055170.63,6345748.16,F5,SYNTHETIC_DEMO
1000,530100,CCX000202,CX002,2026,2,6102732.78,6376169.41,F5,SYNTHETIC_DEMO
1000,530100,CCX000202,CX002,2026,3,5766893.16,5941011.81,F5,SYNTHETIC_DEMO
1000,530100,CCX000202,CX002,2026,4,5907136.26,5873474.89,F5,SYNTHETIC_DEMO
1000,530100,CCX000202,CX002,2026,5,5717645.16,5709657.77,F5,SYNTHETIC_DEMO
1000,530100,CCX000202,CX002,2026,6,5858497.65,5747736.88,F5,SYNTHETIC_DEMO
1000,530100,CCX000202,CX002,2026,7,6219316.68,6454333.21,F5,SYNTHETIC_DEMO
1000,530100,CCX000202,CX002,2026,8,6109818.26,6376078.07,F5,SYNTHETIC_DEMO
1000,530100,CCX000202,CX002,2026,9,6131384.1,6158793.74,F5,SYNTHETIC_DEMO
1000,530100,CCX000202,CX002,2026,10,6209832.39,6325491.99,F5,SYNTHETIC_DEMO
1000,530100,CCX000202,CX002,2026,11,6536470.96,6413122.77,F5,SYNTHETIC_DEMO
1000,530100,CCX000202,CX002,2026,12,6031276.95,6330063.98,F5,SYNTHETIC_DEMO
1000,540100,CCX000104,CX004,2026,1,2114641.58,2080299.95,F5,SYNTHETIC_DEMO
1000,540100,CCX000104,CX004,2026,2,2204997.54,2293332.87,F5,SYNTHETIC_DEMO
1000,540100,CCX000104,CX004,2026,3,2171084.34,2225807.99,F5,SYNTHETIC_DEMO
1000,540100,CCX000104,CX004,2026,4,2199534.94,2285128.61,F5,SYNTHETIC_DEMO
1000,540100,CCX000104,CX004,2026,5,2351799.6,2294958.95,F5,SYNTHETIC_DEMO
1000,540100,CCX000104,CX004,2026,6,2067810.28,2157222.54,F5,SYNTHETIC_DEMO
1000,540100,CCX000104,CX004,2026,7,2084389.3,2156541.43,F5,SYNTHETIC_DEMO
1000,540100,CCX000104,CX004,2026,8,2114179.32,2084004.78,F5,SYNTHETIC_DEMO
1000,540100,CCX000104,CX004,2026,9,2258409.52,2336222.36,F5,SYNTHETIC_DEMO
1000,540100,CCX000104,CX004,2026,10,2039462.47,2108775.72,F5,SYNTHETIC_DEMO
1000,540100,CCX000104,CX004,2026,11,2388440.99,2389303.76,F5,SYNTHETIC_DEMO
1000,540100,CCX000104,CX004,2026,12,2297012.54,2278338.1,F5,SYNTHETIC_DEMO
1000,150100,CCX000202,CX002,2026,1,6628273.78,6501482.41,F5,SYNTHETIC_DEMO
1000,150100,CCX000202,CX002,2026,2,6655824.57,6524616.57,F5,SYNTHETIC_DEMO
1000,150100,CCX000202,CX002,2026,3,6914898.31,7241284.64,F5,SYNTHETIC_DEMO
1000,150100,CCX000202,CX002,2026,4,7080985.84,7413014.12,F5,SYNTHETIC_DEMO
1000,150100,CCX000202,CX002,2026,5,6191820.21,6289310.0,F5,SYNTHETIC_DEMO
1000,150100,CCX000202,CX002,2026,6,6190368.12,6383819.68,F5,SYNTHETIC_DEMO
1000,150100,CCX000202,CX002,2026,7,7036654.08,7299901.73,F5,SYNTHETIC_DEMO
1000,150100,CCX000202,CX002,2026,8,7162864.68,7013310.34,F5,SYNTHETIC_DEMO
1000,150100,CCX000202,CX002,2026,9,6304912.59,6254019.66,F5,SYNTHETIC_DEMO
1000,150100,CCX000202,CX002,2026,10,6762786.12,6820716.99,F5,SYNTHETIC_DEMO
1000,150100,CCX000202,CX002,2026,11,6589138.43,6771810.0,F5,SYNTHETIC_DEMO
1000,150100,CCX000202,CX002,2026,12,6922725.19,7010414.78,F5,SYNTHETIC_DEMO
1000,150200,CCX000301,CX001,2026,1,13788540.1,14220532.68,F5,SYNTHETIC_DEMO
1000,150200,CCX000301,CX001,2026,2,14696035.15,14737176.22,F5,SYNTHETIC_DEMO
1000,150200,CCX000301,CX001,2026,3,13992830.21,14522159.64,F5,SYNTHETIC_DEMO
1000,150200,CCX000301,CX001,2026,4,13009185.57,12701763.22,F5,SYNTHETIC_DEMO
1000,150200,CCX000301,CX001,2026,5,13847425.87,14487915.93,F5,SYNTHETIC_DEMO
1000,150200,CCX000301,CX001,2026,6,13157712.62,13699324.0,F5,SYNTHETIC_DEMO
1000,150200,CCX000301,CX001,2026,7,13382126.83,14030879.86,F5,SYNTHETIC_DEMO
1000,150200,CCX000301,CX001,2026,8,13943061.49,14074682.4,F5,SYNTHETIC_DEMO
1000,150200,CCX000301,CX001,2026,9,12751878.97,12474645.9,F5,SYNTHETIC_DEMO
1000,150200,CCX000301,CX001,2026,10,13654198.23,14197488.84,F5,SYNTHETIC_DEMO
1000,150200,CCX000301,CX001,2026,11,13716945.82,14341266.6,F5,SYNTHETIC_DEMO
1000,150200,CCX000301,CX001,2026,12,14308177.96,14957223.53,F5,SYNTHETIC_DEMO
1000,150300,CCX000302,CX002,2026,1,2315002.35,2331856.65,F5,SYNTHETIC_DEMO
1000,150300,CCX000302,CX002,2026,2,2092377.69,2116530.25,F5,SYNTHETIC_DEMO
1000,150300,CCX000302,CX002,2026,3,2349835.54,2330852.03,F5,SYNTHETIC_DEMO
1000,150300,CCX000302,CX002,2026,4,2242235.67,2175054.1,F5,SYNTHETIC_DEMO
1000,150300,CCX000302,CX002,2026,5,2356339.97,2365107.43,F5,SYNTHETIC_DEMO
1000,150300,CCX000302,CX002,2026,6,2369092.09,2308685.82,F5,SYNTHETIC_DEMO
1000,150300,CCX000302,CX002,2026,7,2217798.12,2237253.62,F5,SYNTHETIC_DEMO
1000,150300,CCX000302,CX002,2026,8,2291203.93,2352548.03,F5,SYNTHETIC_DEMO
1000,150300,CCX000302,CX002,2026,9,2052162.96,2017934.17,F5,SYNTHETIC_DEMO
1000,150300,CCX000302,CX002,2026,10,2077530.35,2165598.12,F5,SYNTHETIC_DEMO
1000,150300,CCX000302,CX002,2026,11,2081946.15,2166672.01,F5,SYNTHETIC_DEMO
1000,150300,CCX000302,CX002,2026,12,2248900.77,2189845.36,F5,SYNTHETIC_DEMO
1000,500100,CESD00101,ESD001,2026,1,4744486.31,4639225.87,F5,SYNTHETIC_DEMO
1000,500100,CESD00101,ESD001,2026,2,4323647.26,4431818.63,F5,SYNTHETIC_DEMO
1000,500100,CESD00101,ESD001,2026,3,4352709.42,4531200.1,F5,SYNTHETIC_DEMO
1000,500100,CESD00101,ESD001,2026,4,5522426.02,5385366.57,F5,SYNTHETIC_DEMO
1000,500100,CESD00101,ESD001,2026,5,5959303.84,6001149.99,F5,SYNTHETIC_DEMO
1000,500100,CESD00101,ESD001,2026,6,4250579.97,4448510.92,F5,SYNTHETIC_DEMO
1000,500100,CESD00101,ESD001,2026,7,4563518.49,4684916.42,F5,SYNTHETIC_DEMO
1000,500100,CESD00101,ESD001,2026,8,4590391.34,4667073.08,F5,SYNTHETIC_DEMO
1000,500100,CESD00101,ESD001,2026,9,4559152.52,4744261.28,F5,SYNTHETIC_DEMO
1000,500100,CESD00101,ESD001,2026,10,4535615.66,4713596.88,F5,SYNTHETIC_DEMO
1000,500100,CESD00101,ESD001,2026,11,4260133.2,4237152.48,F5,SYNTHETIC_DEMO
1000,500100,CESD00101,ESD001,2026,12,4782736.38,4943275.01,F5,SYNTHETIC_DEMO
1000,500200,CESD00301,ESD001,2026,1,11091339.59,10974749.6,F5,SYNTHETIC_DEMO
1000,500200,CESD00301,ESD001,2026,2,11682675.8,11874239.4,F5,SYNTHETIC_DEMO
1000,500200,CESD00301,ESD001,2026,3,12253531.42,12786631.12,F5,SYNTHETIC_DEMO
1000,500200,CESD00301,ESD001,2026,4,14618140.95,15134922.08,F5,SYNTHETIC_DEMO
1000,500200,CESD00301,ESD001,2026,5,15045607.26,15462432.25,F5,SYNTHETIC_DEMO
1000,500200,CESD00301,ESD001,2026,6,11892107.97,12308272.36,F5,SYNTHETIC_DEMO
1000,500200,CESD00301,ESD001,2026,7,11497201.12,12064969.27,F5,SYNTHETIC_DEMO
1000,500200,CESD00301,ESD001,2026,8,12652814.64,12696911.71,F5,SYNTHETIC_DEMO
1000,500200,CESD00301,ESD001,2026,9,12632948.24,12686533.31,F5,SYNTHETIC_DEMO
1000,500200,CESD00301,ESD001,2026,10,12262586.51,12175740.7,F5,SYNTHETIC_DEMO
1000,500200,CESD00301,ESD001,2026,11,12685621.74,12336052.68,F5,SYNTHETIC_DEMO
1000,500200,CESD00301,ESD001,2026,12,11203079.31,11586174.1,F5,SYNTHETIC_DEMO
1000,500300,CESD00201,ESD001,2026,1,7809485.81,8151393.78,F5,SYNTHETIC_DEMO
1000,500300,CESD00201,ESD001,2026,2,7410345.38,7260493.05,F5,SYNTHETIC_DEMO
1000,500300,CESD00201,ESD001,2026,3,7485562.83,7345890.88,F5,SYNTHETIC_DEMO
1000,500300,CESD00201,ESD001,2026,4,8749704.16,9175516.85,F5,SYNTHETIC_DEMO
1000,500300,CESD00201,ESD001,2026,5,9010731.05,9032752.53,F5,SYNTHETIC_DEMO
1000,500300,CESD00201,ESD001,2026,6,7361852.25,7521764.96,F5,SYNTHETIC_DEMO
1000,500300,CESD00201,ESD001,2026,7,7608810.89,7480632.04,F5,SYNTHETIC_DEMO
1000,500300,CESD00201,ESD001,2026,8,7810322.17,8169997.04,F5,SYNTHETIC_DEMO
1000,500300,CESD00201,ESD001,2026,9,7468974.0,7428567.1,F5,SYNTHETIC_DEMO
1000,500300,CESD00201,ESD001,2026,10,7286287.76,7540101.0,F5,SYNTHETIC_DEMO
1000,500300,CESD00201,ESD001,2026,11,8203989.21,8051855.68,F5,SYNTHETIC_DEMO
1000,500300,CESD00201,ESD001,2026,12,8206745.16,8093504.99,F5,SYNTHETIC_DEMO
1000,510100,CESD00201,ESD001,2026,1,18723570.04,18548392.09,F5,SYNTHETIC_DEMO
1000,510100,CESD00201,ESD001,2026,2,18476435.1,18202930.45,F5,SYNTHETIC_DEMO
1000,510100,CESD00201,ESD001,2026,3,16688169.32,16202927.58,F5,SYNTHETIC_DEMO
1000,510100,CESD00201,ESD001,2026,4,18760086.51,19693153.17,F5,SYNTHETIC_DEMO
1000,510100,CESD00201,ESD001,2026,5,16779385.23,17227273.76,F5,SYNTHETIC_DEMO
1000,510100,CESD00201,ESD001,2026,6,17608136.69,18060973.98,F5,SYNTHETIC_DEMO
1000,510100,CESD00201,ESD001,2026,7,16645468.09,16772251.95,F5,SYNTHETIC_DEMO
1000,510100,CESD00201,ESD001,2026,8,18684674.56,18708434.86,F5,SYNTHETIC_DEMO
1000,510100,CESD00201,ESD001,2026,9,16359468.09,16479981.33,F5,SYNTHETIC_DEMO
1000,510100,CESD00201,ESD001,2026,10,17907799.46,18168405.87,F5,SYNTHETIC_DEMO
1000,510100,CESD00201,ESD001,2026,11,16662850.76,16428183.76,F5,SYNTHETIC_DEMO
1000,510100,CESD00201,ESD001,2026,12,17946595.74,17937870.63,F5,SYNTHETIC_DEMO
1000,520100,CESD00101,ESD001,2026,1,2687251.85,2799878.35,F5,SYNTHETIC_DEMO
1000,520100,CESD00101,ESD001,2026,2,2564844.25,2613035.56,F5,SYNTHETIC_DEMO
1000,520100,CESD00101,ESD001,2026,3,2448778.26,2545597.42,F5,SYNTHETIC_DEMO
1000,520100,CESD00101,ESD001,2026,4,2818438.1,2785695.8,F5,SYNTHETIC_DEMO
1000,520100,CESD00101,ESD001,2026,5,2613139.28,2562399.55,F5,SYNTHETIC_DEMO
1000,520100,CESD00101,ESD001,2026,6,2569732.49,2580687.76,F5,SYNTHETIC_DEMO
1000,520100,CESD00101,ESD001,2026,7,2542063.75,2624394.01,F5,SYNTHETIC_DEMO
1000,520100,CESD00101,ESD001,2026,8,2704428.59,2723808.85,F5,SYNTHETIC_DEMO
1000,520100,CESD00101,ESD001,2026,9,2502358.44,2464699.12,F5,SYNTHETIC_DEMO
1000,520100,CESD00101,ESD001,2026,10,2557896.75,2627124.4,F5,SYNTHETIC_DEMO
1000,520100,CESD00101,ESD001,2026,11,2447638.01,2445898.8,F5,SYNTHETIC_DEMO
1000,520100,CESD00101,ESD001,2026,12,2798471.2,2757170.46,F5,SYNTHETIC_DEMO
1000,520200,CESD00301,ESD001,2026,1,14658175.84,14883790.18,F5,SYNTHETIC_DEMO
1000,520200,CESD00301,ESD001,2026,2,13757972.51,14197799.1,F5,SYNTHETIC_DEMO
1000,520200,CESD00301,ESD001,2026,3,15226970.62,15385212.86,F5,SYNTHETIC_DEMO
1000,520200,CESD00301,ESD001,2026,4,14375181.53,14343551.56,F5,SYNTHETIC_DEMO
1000,520200,CESD00301,ESD001,2026,5,14088765.47,14157941.11,F5,SYNTHETIC_DEMO
1000,520200,CESD00301,ESD001,2026,6,14474472.22,14973996.2,F5,SYNTHETIC_DEMO
1000,520200,CESD00301,ESD001,2026,7,15099285.42,14684814.97,F5,SYNTHETIC_DEMO
1000,520200,CESD00301,ESD001,2026,8,14912207.8,14855378.86,F5,SYNTHETIC_DEMO
1000,520200,CESD00301,ESD001,2026,9,14432668.93,15046345.38,F5,SYNTHETIC_DEMO
1000,520200,CESD00301,ESD001,2026,10,14181154.85,14166205.34,F5,SYNTHETIC_DEMO
1000,520200,CESD00301,ESD001,2026,11,14616770.05,14586056.14,F5,SYNTHETIC_DEMO
1000,520200,CESD00301,ESD001,2026,12,14019793.44,14135940.93,F5,SYNTHETIC_DEMO
1000,530100,CESD00201,ESD001,2026,1,12486415.98,12763140.5,F5,SYNTHETIC_DEMO
1000,530100,CESD00201,ESD001,2026,2,12272912.04,12263079.03,F5,SYNTHETIC_DEMO
1000,530100,CESD00201,ESD001,2026,3,11841400.73,11734932.72,F5,SYNTHETIC_DEMO
1000,530100,CESD00201,ESD001,2026,4,11921651.04,12492696.73,F5,SYNTHETIC_DEMO
1000,530100,CESD00201,ESD001,2026,5,12006790.65,12605367.38,F5,SYNTHETIC_DEMO
1000,530100,CESD00201,ESD001,2026,6,12456077.81,12420796.76,F5,SYNTHETIC_DEMO
1000,530100,CESD00201,ESD001,2026,7,11922493.95,12037162.65,F5,SYNTHETIC_DEMO
1000,530100,CESD00201,ESD001,2026,8,11304798.02,11306580.79,F5,SYNTHETIC_DEMO
1000,530100,CESD00201,ESD001,2026,9,11017226.6,11152608.58,F5,SYNTHETIC_DEMO
1000,530100,CESD00201,ESD001,2026,10,10806766.64,10813965.63,F5,SYNTHETIC_DEMO
1000,530100,CESD00201,ESD001,2026,11,12426993.54,12290566.32,F5,SYNTHETIC_DEMO
1000,530100,CESD00201,ESD001,2026,12,12479812.46,12672042.71,F5,SYNTHETIC_DEMO
1000,540100,CESD00301,ESD001,2026,1,12780846.19,13264824.84,F5,SYNTHETIC_DEMO
1000,540100,CESD00301,ESD001,2026,2,12490242.64,12208644.75,F5,SYNTHETIC_DEMO
1000,540100,CESD00301,ESD001,2026,3,13264342.61,13087280.4,F5,SYNTHETIC_DEMO
1000,540100,CESD00301,ESD001,2026,4,13733795.87,14376504.5,F5,SYNTHETIC_DEMO
1000,540100,CESD00301,ESD001,2026,5,12320953.18,12167012.53,F5,SYNTHETIC_DEMO
1000,540100,CESD00301,ESD001,2026,6,12353011.18,12917092.75,F5,SYNTHETIC_DEMO
1000,540100,CESD00301,ESD001,2026,7,13086263.95,12819877.73,F5,SYNTHETIC_DEMO
1000,540100,CESD00301,ESD001,2026,8,13608496.56,13913352.48,F5,SYNTHETIC_DEMO
1000,540100,CESD00301,ESD001,2026,9,12897741.67,12987279.3,F5,SYNTHETIC_DEMO
1000,540100,CESD00301,ESD001,2026,10,12697431.25,13263989.29,F5,SYNTHETIC_DEMO
1000,540100,CESD00301,ESD001,2026,11,12547922.18,13137897.08,F5,SYNTHETIC_DEMO
1000,540100,CESD00301,ESD001,2026,12,13478513.01,13279333.25,F5,SYNTHETIC_DEMO
1000,150100,CESD00201,ESD001,2026,1,3610382.22,3551869.33,F5,SYNTHETIC_DEMO
1000,150100,CESD00201,ESD001,2026,2,3666129.04,3738313.39,F5,SYNTHETIC_DEMO
1000,150100,CESD00201,ESD001,2026,3,3317783.69,3227234.66,F5,SYNTHETIC_DEMO
1000,150100,CESD00201,ESD001,2026,4,3545646.43,3568219.81,F5,SYNTHETIC_DEMO
1000,150100,CESD00201,ESD001,2026,5,3415212.36,3574867.49,F5,SYNTHETIC_DEMO
1000,150100,CESD00201,ESD001,2026,6,3390686.73,3537401.69,F5,SYNTHETIC_DEMO
1000,150100,CESD00201,ESD001,2026,7,3784291.28,3827491.68,F5,SYNTHETIC_DEMO
1000,150100,CESD00201,ESD001,2026,8,3718531.9,3650071.39,F5,SYNTHETIC_DEMO
1000,150100,CESD00201,ESD001,2026,9,3798841.02,3703489.51,F5,SYNTHETIC_DEMO
1000,150100,CESD00201,ESD001,2026,10,3493589.61,3480120.93,F5,SYNTHETIC_DEMO
1000,150100,CESD00201,ESD001,2026,11,3712767.21,3840568.9,F5,SYNTHETIC_DEMO
1000,150100,CESD00201,ESD001,2026,12,3802961.32,3925647.69,F5,SYNTHETIC_DEMO
1000,150200,CESD00301,ESD001,2026,1,5797517.31,6062743.77,F5,SYNTHETIC_DEMO
1000,150200,CESD00301,ESD001,2026,2,6416317.79,6343999.89,F5,SYNTHETIC_DEMO
1000,150200,CESD00301,ESD001,2026,3,6422491.47,6719300.63,F5,SYNTHETIC_DEMO
1000,150200,CESD00301,ESD001,2026,4,5788929.88,5895672.35,F5,SYNTHETIC_DEMO
1000,150200,CESD00301,ESD001,2026,5,5947954.87,5998617.1,F5,SYNTHETIC_DEMO
1000,150200,CESD00301,ESD001,2026,6,6506672.96,6753896.19,F5,SYNTHETIC_DEMO
1000,150200,CESD00301,ESD001,2026,7,6310954.83,6293661.76,F5,SYNTHETIC_DEMO
1000,150200,CESD00301,ESD001,2026,8,5981286.56,5931133.18,F5,SYNTHETIC_DEMO
1000,150200,CESD00301,ESD001,2026,9,6599627.47,6699661.72,F5,SYNTHETIC_DEMO
1000,150200,CESD00301,ESD001,2026,10,6260260.74,6125949.03,F5,SYNTHETIC_DEMO
1000,150200,CESD00301,ESD001,2026,11,5817819.37,5739620.17,F5,SYNTHETIC_DEMO
1000,150200,CESD00301,ESD001,2026,12,6610235.58,6530897.39,F5,SYNTHETIC_DEMO
1000,150300,CESD00101,ESD001,2026,1,5670008.38,5895630.68,F5,SYNTHETIC_DEMO
1000,150300,CESD00101,ESD001,2026,2,5637688.76,5895089.52,F5,SYNTHETIC_DEMO
1000,150300,CESD00101,ESD001,2026,3,5966927.15,6228652.96,F5,SYNTHETIC_DEMO
1000,150300,CESD00101,ESD001,2026,4,5726296.25,5668388.84,F5,SYNTHETIC_DEMO
1000,150300,CESD00101,ESD001,2026,5,5555819.26,5586093.05,F5,SYNTHETIC_DEMO
1000,150300,CESD00101,ESD001,2026,6,5663455.23,5810087.69,F5,SYNTHETIC_DEMO
1000,150300,CESD00101,ESD001,2026,7,6299278.31,6265319.43,F5,SYNTHETIC_DEMO
1000,150300,CESD00101,ESD001,2026,8,5653875.64,5644280.92,F5,SYNTHETIC_DEMO
1000,150300,CESD00101,ESD001,2026,9,6137945.08,6296586.27,F5,SYNTHETIC_DEMO
1000,150300,CESD00101,ESD001,2026,10,5494405.44,5650183.55,F5,SYNTHETIC_DEMO
1000,150300,CESD00101,ESD001,2026,11,5996106.44,5945461.3,F5,SYNTHETIC_DEMO
1000,150300,CESD00101,ESD001,2026,12,6037407.6,6244066.66,F5,SYNTHETIC_DEMO
1000,500100,CESD00201,ESD001,2026,1,11265053.23,11481214.03,F5,SYNTHETIC_DEMO
1000,500100,CESD00201,ESD001,2026,2,11099953.63,11359760.25,F5,SYNTHETIC_DEMO
1000,500100,CESD00201,ESD001,2026,3,10391419.04,10561049.55,F5,SYNTHETIC_DEMO
1000,500100,CESD00201,ESD001,2026,4,13196889.63,13234517.24,F5,SYNTHETIC_DEMO
1000,500100,CESD00201,ESD001,2026,5,14188703.2,14092030.53,F5,SYNTHETIC_DEMO
1000,500100,CESD00201,ESD001,2026,6,11631852.88,11362923.77,F5,SYNTHETIC_DEMO
1000,500100,CESD00201,ESD001,2026,7,10437916.63,10372975.29,F5,SYNTHETIC_DEMO
1000,500100,CESD00201,ESD001,2026,8,10657367.66,10351647.15,F5,SYNTHETIC_DEMO
1000,500100,CESD00201,ESD001,2026,9,11048017.47,11150155.47,F5,SYNTHETIC_DEMO
1000,500100,CESD00201,ESD001,2026,10,11380375.73,11231266.71,F5,SYNTHETIC_DEMO
1000,500100,CESD00201,ESD001,2026,11,10706118.43,10677131.19,F5,SYNTHETIC_DEMO
1000,500100,CESD00201,ESD001,2026,12,10592918.06,10387558.82,F5,SYNTHETIC_DEMO
1000,500200,CESD00101,ESD001,2026,1,15430503.93,15710659.57,F5,SYNTHETIC_DEMO
1000,500200,CESD00101,ESD001,2026,2,17700229.31,17749763.66,F5,SYNTHETIC_DEMO
1000,500200,CESD00101,ESD001,2026,3,15162204.47,15872702.61,F5,SYNTHETIC_DEMO
1000,500200,CESD00101,ESD001,2026,4,18866698.09,19158442.87,F5,SYNTHETIC_DEMO
1000,500200,CESD00101,ESD001,2026,5,21025249.82,21202858.03,F5,SYNTHETIC_DEMO
1000,500200,CESD00101,ESD001,2026,6,16503331.21,16578742.49,F5,SYNTHETIC_DEMO
1000,500200,CESD00101,ESD001,2026,7,16735623.46,16956815.72,F5,SYNTHETIC_DEMO
1000,500200,CESD00101,ESD001,2026,8,16672009.32,16810816.27,F5,SYNTHETIC_DEMO
1000,500200,CESD00101,ESD001,2026,9,17007946.05,17265139.31,F5,SYNTHETIC_DEMO
1000,500200,CESD00101,ESD001,2026,10,15268355.66,15675573.68,F5,SYNTHETIC_DEMO
1000,500200,CESD00101,ESD001,2026,11,15480587.74,15746446.85,F5,SYNTHETIC_DEMO
1000,500200,CESD00101,ESD001,2026,12,16644503.37,17132756.67,F5,SYNTHETIC_DEMO
1000,500300,CESD00202,ESD002,2026,1,8234795.03,8263171.99,F5,SYNTHETIC_DEMO
1000,500300,CESD00202,ESD002,2026,2,8805693.51,8636164.93,F5,SYNTHETIC_DEMO
1000,500300,CESD00202,ESD002,2026,3,8053776.8,7844400.18,F5,SYNTHETIC_DEMO
1000,500300,CESD00202,ESD002,2026,4,10407283.52,10812327.97,F5,SYNTHETIC_DEMO
1000,500300,CESD00202,ESD002,2026,5,9754167.84,10089578.51,F5,SYNTHETIC_DEMO
1000,500300,CESD00202,ESD002,2026,6,8164200.3,8292287.81,F5,SYNTHETIC_DEMO
1000,500300,CESD00202,ESD002,2026,7,7546300.54,7560896.95,F5,SYNTHETIC_DEMO
1000,500300,CESD00202,ESD002,2026,8,8079471.18,8090642.79,F5,SYNTHETIC_DEMO
1000,500300,CESD00202,ESD002,2026,9,8843901.49,8830012.52,F5,SYNTHETIC_DEMO
1000,500300,CESD00202,ESD002,2026,10,8355654.16,8603875.42,F5,SYNTHETIC_DEMO
1000,500300,CESD00202,ESD002,2026,11,8782025.71,9158080.5,F5,SYNTHETIC_DEMO
1000,500300,CESD00202,ESD002,2026,12,7781557.37,7931551.92,F5,SYNTHETIC_DEMO
1000,510100,CESD00301,ESD001,2026,1,15201644.75,15183220.73,F5,SYNTHETIC_DEMO
1000,510100,CESD00301,ESD001,2026,2,14672028.36,14655973.82,F5,SYNTHETIC_DEMO
1000,510100,CESD00301,ESD001,2026,3,15822492.32,15939325.5,F5,SYNTHETIC_DEMO
1000,510100,CESD00301,ESD001,2026,4,16177809.15,16588486.09,F5,SYNTHETIC_DEMO
1000,510100,CESD00301,ESD001,2026,5,15754183.52,15626631.0,F5,SYNTHETIC_DEMO
1000,510100,CESD00301,ESD001,2026,6,15023317.4,14715245.59,F5,SYNTHETIC_DEMO
1000,510100,CESD00301,ESD001,2026,7,15397208.82,15310518.51,F5,SYNTHETIC_DEMO
1000,510100,CESD00301,ESD001,2026,8,14129441.07,14714657.09,F5,SYNTHETIC_DEMO
1000,510100,CESD00301,ESD001,2026,9,15767044.4,15634554.43,F5,SYNTHETIC_DEMO
1000,510100,CESD00301,ESD001,2026,10,14059062.27,13868426.61,F5,SYNTHETIC_DEMO
1000,510100,CESD00301,ESD001,2026,11,15462048.65,15528073.98,F5,SYNTHETIC_DEMO
1000,510100,CESD00301,ESD001,2026,12,14572719.63,14411814.58,F5,SYNTHETIC_DEMO
1000,520100,CESD00301,ESD001,2026,1,3888706.95,3855429.58,F5,SYNTHETIC_DEMO
1000,520100,CESD00301,ESD001,2026,2,3671277.06,3617042.16,F5,SYNTHETIC_DEMO
1000,520100,CESD00301,ESD001,2026,3,4116763.02,4090410.01,F5,SYNTHETIC_DEMO
1000,520100,CESD00301,ESD001,2026,4,3641124.6,3547148.82,F5,SYNTHETIC_DEMO
1000,520100,CESD00301,ESD001,2026,5,3912714.42,3942720.25,F5,SYNTHETIC_DEMO
1000,520100,CESD00301,ESD001,2026,6,3753453.09,3732261.19,F5,SYNTHETIC_DEMO
1000,520100,CESD00301,ESD001,2026,7,4121716.74,4206898.41,F5,SYNTHETIC_DEMO
1000,520100,CESD00301,ESD001,2026,8,4121054.12,4083424.5,F5,SYNTHETIC_DEMO
1000,520100,CESD00301,ESD001,2026,9,3647465.15,3608151.51,F5,SYNTHETIC_DEMO
1000,520100,CESD00301,ESD001,2026,10,3885561.4,3775343.19,F5,SYNTHETIC_DEMO
1000,520100,CESD00301,ESD001,2026,11,3841832.39,3862417.02,F5,SYNTHETIC_DEMO
1000,520100,CESD00301,ESD001,2026,12,4015016.26,3923224.41,F5,SYNTHETIC_DEMO
1000,520200,CESD00201,ESD001,2026,1,3237089.34,3302137.04,F5,SYNTHETIC_DEMO
1000,520200,CESD00201,ESD001,2026,2,3325533.03,3448262.79,F5,SYNTHETIC_DEMO
1000,520200,CESD00201,ESD001,2026,3,3153455.01,3107129.81,F5,SYNTHETIC_DEMO
1000,520200,CESD00201,ESD001,2026,4,2990271.86,3134466.71,F5,SYNTHETIC_DEMO
1000,520200,CESD00201,ESD001,2026,5,2964844.31,3020982.87,F5,SYNTHETIC_DEMO
1000,520200,CESD00201,ESD001,2026,6,3394894.44,3546484.39,F5,SYNTHETIC_DEMO
1000,520200,CESD00201,ESD001,2026,7,3255411.25,3297302.96,F5,SYNTHETIC_DEMO
1000,520200,CESD00201,ESD001,2026,8,3127024.59,3183097.82,F5,SYNTHETIC_DEMO
1000,520200,CESD00201,ESD001,2026,9,3348889.93,3380698.65,F5,SYNTHETIC_DEMO
1000,520200,CESD00201,ESD001,2026,10,2998199.95,2979619.43,F5,SYNTHETIC_DEMO
1000,520200,CESD00201,ESD001,2026,11,3104661.25,3179133.62,F5,SYNTHETIC_DEMO
1000,520200,CESD00201,ESD001,2026,12,3012776.9,3162812.03,F5,SYNTHETIC_DEMO
1000,530100,CESD00202,ESD002,2026,1,13639980.14,13860075.86,F5,SYNTHETIC_DEMO
1000,530100,CESD00202,ESD002,2026,2,14046532.42,14745542.0,F5,SYNTHETIC_DEMO
1000,530100,CESD00202,ESD002,2026,3,13920958.81,14149471.45,F5,SYNTHETIC_DEMO
1000,530100,CESD00202,ESD002,2026,4,12322661.11,12723027.75,F5,SYNTHETIC_DEMO
1000,530100,CESD00202,ESD002,2026,5,13549100.57,14151422.76,F5,SYNTHETIC_DEMO
1000,530100,CESD00202,ESD002,2026,6,13529590.33,14093108.73,F5,SYNTHETIC_DEMO
1000,530100,CESD00202,ESD002,2026,7,12810878.43,12886685.16,F5,SYNTHETIC_DEMO
1000,530100,CESD00202,ESD002,2026,8,13745297.1,13535799.6,F5,SYNTHETIC_DEMO
1000,530100,CESD00202,ESD002,2026,9,14264654.97,14703105.19,F5,SYNTHETIC_DEMO
1000,530100,CESD00202,ESD002,2026,10,12566956.56,12734269.15,F5,SYNTHETIC_DEMO
1000,530100,CESD00202,ESD002,2026,11,13349396.15,13604381.35,F5,SYNTHETIC_DEMO
1000,530100,CESD00202,ESD002,2026,12,13153041.19,13593658.59,F5,SYNTHETIC_DEMO
1000,540100,CESD00302,ESD002,2026,1,12750538.13,12396560.67,F5,SYNTHETIC_DEMO
1000,540100,CESD00302,ESD002,2026,2,13859740.11,13451413.91,F5,SYNTHETIC_DEMO
1000,540100,CESD00302,ESD002,2026,3,14016562.05,14372148.42,F5,SYNTHETIC_DEMO
1000,540100,CESD00302,ESD002,2026,4,13711678.53,13754254.26,F5,SYNTHETIC_DEMO
1000,540100,CESD00302,ESD002,2026,5,13322943.34,13789219.25,F5,SYNTHETIC_DEMO
1000,540100,CESD00302,ESD002,2026,6,12965456.7,13151929.64,F5,SYNTHETIC_DEMO
1000,540100,CESD00302,ESD002,2026,7,12974126.73,12807968.12,F5,SYNTHETIC_DEMO
1000,540100,CESD00302,ESD002,2026,8,13470883.54,13469964.39,F5,SYNTHETIC_DEMO
1000,540100,CESD00302,ESD002,2026,9,12594340.52,12339643.59,F5,SYNTHETIC_DEMO
1000,540100,CESD00302,ESD002,2026,10,12629853.27,13250529.55,F5,SYNTHETIC_DEMO
1000,540100,CESD00302,ESD002,2026,11,13074373.91,13117380.71,F5,SYNTHETIC_DEMO
1000,540100,CESD00302,ESD002,2026,12,13367752.36,14018672.03,F5,SYNTHETIC_DEMO
1000,150100,CESD00301,ESD001,2026,1,10870518.33,10828981.45,F5,SYNTHETIC_DEMO
1000,150100,CESD00301,ESD001,2026,2,10950919.65,11351585.73,F5,SYNTHETIC_DEMO
1000,150100,CESD00301,ESD001,2026,3,12221483.27,12104024.8,F5,SYNTHETIC_DEMO
1000,150100,CESD00301,ESD001,2026,4,10983362.27,11028030.76,F5,SYNTHETIC_DEMO
1000,150100,CESD00301,ESD001,2026,5,10962090.54,11409844.8,F5,SYNTHETIC_DEMO
1000,150100,CESD00301,ESD001,2026,6,11360771.28,11500701.78,F5,SYNTHETIC_DEMO
1000,150100,CESD00301,ESD001,2026,7,11773257.25,11498674.38,F5,SYNTHETIC_DEMO
1000,150100,CESD00301,ESD001,2026,8,11353075.82,11480853.47,F5,SYNTHETIC_DEMO
1000,150100,CESD00301,ESD001,2026,9,10606371.15,10939590.35,F5,SYNTHETIC_DEMO
1000,150100,CESD00301,ESD001,2026,10,11765243.25,11618182.76,F5,SYNTHETIC_DEMO
1000,150100,CESD00301,ESD001,2026,11,11049241.67,11285206.26,F5,SYNTHETIC_DEMO
1000,150100,CESD00301,ESD001,2026,12,11563040.79,11752454.72,F5,SYNTHETIC_DEMO
1000,150200,CESD00101,ESD001,2026,1,4999786.15,5055524.08,F5,SYNTHETIC_DEMO
1000,150200,CESD00101,ESD001,2026,2,4380636.75,4541734.04,F5,SYNTHETIC_DEMO
1000,150200,CESD00101,ESD001,2026,3,4895757.59,4959941.67,F5,SYNTHETIC_DEMO
1000,150200,CESD00101,ESD001,2026,4,4896172.16,5035013.12,F5,SYNTHETIC_DEMO
1000,150200,CESD00101,ESD001,2026,5,4720995.91,4854213.65,F5,SYNTHETIC_DEMO
1000,150200,CESD00101,ESD001,2026,6,4714451.03,4794325.78,F5,SYNTHETIC_DEMO
1000,150200,CESD00101,ESD001,2026,7,4378385.47,4308241.49,F5,SYNTHETIC_DEMO
1000,150200,CESD00101,ESD001,2026,8,4922348.9,4960929.94,F5,SYNTHETIC_DEMO
1000,150200,CESD00101,ESD001,2026,9,4528207.37,4731074.57,F5,SYNTHETIC_DEMO
1000,150200,CESD00101,ESD001,2026,10,4819906.0,4686363.07,F5,SYNTHETIC_DEMO
1000,150200,CESD00101,ESD001,2026,11,4928989.71,5088794.93,F5,SYNTHETIC_DEMO
1000,150200,CESD00101,ESD001,2026,12,4596752.99,4627180.27,F5,SYNTHETIC_DEMO
1000,150300,CESD00201,ESD001,2026,1,12846381.75,13175847.85,F5,SYNTHETIC_DEMO
1000,150300,CESD00201,ESD001,2026,2,11486260.11,12033065.05,F5,SYNTHETIC_DEMO
1000,150300,CESD00201,ESD001,2026,3,11313283.12,11816845.53,F5,SYNTHETIC_DEMO
1000,150300,CESD00201,ESD001,2026,4,11416815.58,11713825.7,F5,SYNTHETIC_DEMO
1000,150300,CESD00201,ESD001,2026,5,11453840.31,11115389.77,F5,SYNTHETIC_DEMO
1000,150300,CESD00201,ESD001,2026,6,12340753.4,12900738.97,F5,SYNTHETIC_DEMO
1000,150300,CESD00201,ESD001,2026,7,12289517.42,12368250.12,F5,SYNTHETIC_DEMO
1000,150300,CESD00201,ESD001,2026,8,11861497.05,11843945.21,F5,SYNTHETIC_DEMO
1000,150300,CESD00201,ESD001,2026,9,11931461.45,11770044.32,F5,SYNTHETIC_DEMO
1000,150300,CESD00201,ESD001,2026,10,11663273.28,11910866.25,F5,SYNTHETIC_DEMO
1000,150300,CESD00201,ESD001,2026,11,11800699.52,11478111.06,F5,SYNTHETIC_DEMO
1000,150300,CESD00201,ESD001,2026,12,11803419.7,12198754.78,F5,SYNTHETIC_DEMO
1000,500100,CESD00202,ESD002,2026,1,9390322.14,9566214.85,F5,SYNTHETIC_DEMO
1000,500100,CESD00202,ESD002,2026,2,10240573.53,9978704.38,F5,SYNTHETIC_DEMO
1000,500100,CESD00202,ESD002,2026,3,10083657.24,10476774.36,F5,SYNTHETIC_DEMO
1000,500100,CESD00202,ESD002,2026,4,12015977.1,12357517.43,F5,SYNTHETIC_DEMO
1000,500100,CESD00202,ESD002,2026,5,12459128.37,12285760.89,F5,SYNTHETIC_DEMO
1000,500100,CESD00202,ESD002,2026,6,10509688.22,11014703.27,F5,SYNTHETIC_DEMO
1000,500100,CESD00202,ESD002,2026,7,10286732.73,10322476.2,F5,SYNTHETIC_DEMO
1000,500100,CESD00202,ESD002,2026,8,9181474.57,9266294.03,F5,SYNTHETIC_DEMO
1000,500100,CESD00202,ESD002,2026,9,9445648.28,9365058.54,F5,SYNTHETIC_DEMO
1000,500100,CESD00202,ESD002,2026,10,9663543.25,9793974.78,F5,SYNTHETIC_DEMO
1000,500100,CESD00202,ESD002,2026,11,10144389.13,10351136.65,F5,SYNTHETIC_DEMO
1000,500100,CESD00202,ESD002,2026,12,10641231.05,10481264.63,F5,SYNTHETIC_DEMO
1000,500200,CESD00201,ESD001,2026,1,12713777.19,12447750.69,F5,SYNTHETIC_DEMO
1000,500200,CESD00201,ESD001,2026,2,12743995.48,12897951.21,F5,SYNTHETIC_DEMO
1000,500200,CESD00201,ESD001,2026,3,12830443.2,13048450.07,F5,SYNTHETIC_DEMO
1000,500200,CESD00201,ESD001,2026,4,14477939.03,14658047.62,F5,SYNTHETIC_DEMO
1000,500200,CESD00201,ESD001,2026,5,14176289.62,14783872.06,F5,SYNTHETIC_DEMO
1000,500200,CESD00201,ESD001,2026,6,11216092.37,11684343.95,F5,SYNTHETIC_DEMO
1000,500200,CESD00201,ESD001,2026,7,12638512.93,12364729.07,F5,SYNTHETIC_DEMO
1000,500200,CESD00201,ESD001,2026,8,11111209.47,11196994.91,F5,SYNTHETIC_DEMO
1000,500200,CESD00201,ESD001,2026,9,11629111.77,11411578.66,F5,SYNTHETIC_DEMO
1000,500200,CESD00201,ESD001,2026,10,11350896.13,11565112.6,F5,SYNTHETIC_DEMO
1000,500200,CESD00201,ESD001,2026,11,12345257.57,12322595.36,F5,SYNTHETIC_DEMO
1000,500200,CESD00201,ESD001,2026,12,12448124.06,12980757.45,F5,SYNTHETIC_DEMO
1000,500300,CESD00203,ESD003,2026,1,15978097.41,16090704.72,F5,SYNTHETIC_DEMO
1000,500300,CESD00203,ESD003,2026,2,16998740.34,17502574.75,F5,SYNTHETIC_DEMO
1000,500300,CESD00203,ESD003,2026,3,15326654.92,14908100.47,F5,SYNTHETIC_DEMO
1000,500300,CESD00203,ESD003,2026,4,18793238.99,19270947.29,F5,SYNTHETIC_DEMO
1000,500300,CESD00203,ESD003,2026,5,19751299.22,19525557.07,F5,SYNTHETIC_DEMO
1000,500300,CESD00203,ESD003,2026,6,15780646.53,15998329.59,F5,SYNTHETIC_DEMO
1000,500300,CESD00203,ESD003,2026,7,15747396.84,16021872.21,F5,SYNTHETIC_DEMO
1000,500300,CESD00203,ESD003,2026,8,16475815.08,16390106.05,F5,SYNTHETIC_DEMO
1000,500300,CESD00203,ESD003,2026,9,15733248.04,15695680.96,F5,SYNTHETIC_DEMO
1000,500300,CESD00203,ESD003,2026,10,16164833.75,16322532.07,F5,SYNTHETIC_DEMO
1000,500300,CESD00203,ESD003,2026,11,17088569.85,17739985.83,F5,SYNTHETIC_DEMO
1000,500300,CESD00203,ESD003,2026,12,14931075.31,15331818.77,F5,SYNTHETIC_DEMO
1000,510100,CESD00202,ESD002,2026,1,9870518.06,10182221.13,F5,SYNTHETIC_DEMO
1000,510100,CESD00202,ESD002,2026,2,9868409.09,10101263.03,F5,SYNTHETIC_DEMO
1000,510100,CESD00202,ESD002,2026,3,10553914.47,10997575.45,F5,SYNTHETIC_DEMO
1000,510100,CESD00202,ESD002,2026,4,9851731.75,10124590.97,F5,SYNTHETIC_DEMO
1000,510100,CESD00202,ESD002,2026,5,9650907.33,9932931.3,F5,SYNTHETIC_DEMO
1000,510100,CESD00202,ESD002,2026,6,10710616.23,11013130.65,F5,SYNTHETIC_DEMO
1000,510100,CESD00202,ESD002,2026,7,10549495.73,10291238.61,F5,SYNTHETIC_DEMO
1000,510100,CESD00202,ESD002,2026,8,9391760.86,9742712.87,F5,SYNTHETIC_DEMO
1000,510100,CESD00202,ESD002,2026,9,10300623.2,10447550.5,F5,SYNTHETIC_DEMO
1000,510100,CESD00202,ESD002,2026,10,10353046.77,10304287.11,F5,SYNTHETIC_DEMO
1000,510100,CESD00202,ESD002,2026,11,10784849.92,10557804.53,F5,SYNTHETIC_DEMO
1000,510100,CESD00202,ESD002,2026,12,10474196.85,10775973.54,F5,SYNTHETIC_DEMO
1000,520100,CESD00302,ESD002,2026,1,15309088.2,15922907.88,F5,SYNTHETIC_DEMO
1000,520100,CESD00302,ESD002,2026,2,15808249.03,15374375.53,F5,SYNTHETIC_DEMO
1000,520100,CESD00302,ESD002,2026,3,17116247.76,17276512.69,F5,SYNTHETIC_DEMO
1000,520100,CESD00302,ESD002,2026,4,16871411.4,16463928.23,F5,SYNTHETIC_DEMO
1000,520100,CESD00302,ESD002,2026,5,15698314.44,15231482.14,F5,SYNTHETIC_DEMO
1000,520100,CESD00302,ESD002,2026,6,17706677.31,17297762.78,F5,SYNTHETIC_DEMO
1000,520100,CESD00302,ESD002,2026,7,17414479.72,18052708.46,F5,SYNTHETIC_DEMO
1000,520100,CESD00302,ESD002,2026,8,16506735.9,16762631.02,F5,SYNTHETIC_DEMO
1000,520100,CESD00302,ESD002,2026,9,16078057.86,16184400.31,F5,SYNTHETIC_DEMO
1000,520100,CESD00302,ESD002,2026,10,17435885.31,17172156.41,F5,SYNTHETIC_DEMO
1000,520100,CESD00302,ESD002,2026,11,15777746.67,15632848.84,F5,SYNTHETIC_DEMO
1000,520100,CESD00302,ESD002,2026,12,17418050.85,17815275.5,F5,SYNTHETIC_DEMO
1000,520200,CESD00302,ESD002,2026,1,9174547.66,9140647.08,F5,SYNTHETIC_DEMO
1000,520200,CESD00302,ESD002,2026,2,9245191.96,9403509.49,F5,SYNTHETIC_DEMO
1000,520200,CESD00302,ESD002,2026,3,9128036.76,9316265.01,F5,SYNTHETIC_DEMO
1000,520200,CESD00302,ESD002,2026,4,8067495.06,8254960.27,F5,SYNTHETIC_DEMO
1000,520200,CESD00302,ESD002,2026,5,8674363.87,8555809.68,F5,SYNTHETIC_DEMO
1000,520200,CESD00302,ESD002,2026,6,8275328.53,8322776.75,F5,SYNTHETIC_DEMO
1000,520200,CESD00302,ESD002,2026,7,9306953.58,9104316.13,F5,SYNTHETIC_DEMO
1000,520200,CESD00302,ESD002,2026,8,9266978.83,9425793.68,F5,SYNTHETIC_DEMO
1000,520200,CESD00302,ESD002,2026,9,8467257.14,8712419.88,F5,SYNTHETIC_DEMO
1000,520200,CESD00302,ESD002,2026,10,8163977.1,7965101.14,F5,SYNTHETIC_DEMO
1000,520200,CESD00302,ESD002,2026,11,8789004.2,8800171.55,F5,SYNTHETIC_DEMO
1000,520200,CESD00302,ESD002,2026,12,8752743.09,8833384.33,F5,SYNTHETIC_DEMO
1000,530100,CESD00101,ESD001,2026,1,2297764.76,2269118.16,F5,SYNTHETIC_DEMO
1000,530100,CESD00101,ESD001,2026,2,2061033.59,2147549.47,F5,SYNTHETIC_DEMO
1000,530100,CESD00101,ESD001,2026,3,2287537.09,2294752.98,F5,SYNTHETIC_DEMO
1000,530100,CESD00101,ESD001,2026,4,2113535.68,2116630.49,F5,SYNTHETIC_DEMO
1000,530100,CESD00101,ESD001,2026,5,2316651.32,2331797.73,F5,SYNTHETIC_DEMO
1000,530100,CESD00101,ESD001,2026,6,2104824.46,2053356.5,F5,SYNTHETIC_DEMO
1000,530100,CESD00101,ESD001,2026,7,2160406.56,2261083.37,F5,SYNTHETIC_DEMO
1000,530100,CESD00101,ESD001,2026,8,2400761.87,2343025.04,F5,SYNTHETIC_DEMO
1000,530100,CESD00101,ESD001,2026,9,2097115.28,2136655.23,F5,SYNTHETIC_DEMO
1000,530100,CESD00101,ESD001,2026,10,2320796.28,2325935.51,F5,SYNTHETIC_DEMO
1000,530100,CESD00101,ESD001,2026,11,2176864.93,2163809.13,F5,SYNTHETIC_DEMO
1000,530100,CESD00101,ESD001,2026,12,2120373.15,2121717.95,F5,SYNTHETIC_DEMO
1000,540100,CESD00101,ESD001,2026,1,3550335.86,3645874.17,F5,SYNTHETIC_DEMO
1000,540100,CESD00101,ESD001,2026,2,3775828.04,3856769.9,F5,SYNTHETIC_DEMO
1000,540100,CESD00101,ESD001,2026,3,3774500.41,3958709.65,F5,SYNTHETIC_DEMO
1000,540100,CESD00101,ESD001,2026,4,4104952.19,3996666.15,F5,SYNTHETIC_DEMO
1000,540100,CESD00101,ESD001,2026,5,3737666.95,3631816.75,F5,SYNTHETIC_DEMO
1000,540100,CESD00101,ESD001,2026,6,3537415.83,3654558.88,F5,SYNTHETIC_DEMO
1000,540100,CESD00101,ESD001,2026,7,3840714.47,3988619.98,F5,SYNTHETIC_DEMO
1000,540100,CESD00101,ESD001,2026,8,4088062.11,4003462.79,F5,SYNTHETIC_DEMO
1000,540100,CESD00101,ESD001,2026,9,3822946.63,3730679.36,F5,SYNTHETIC_DEMO
1000,540100,CESD00101,ESD001,2026,10,4059895.29,4135462.02,F5,SYNTHETIC_DEMO
1000,540100,CESD00101,ESD001,2026,11,3678345.13,3849394.68,F5,SYNTHETIC_DEMO
1000,540100,CESD00101,ESD001,2026,12,4124797.2,4263842.94,F5,SYNTHETIC_DEMO
1000,150100,CESD00202,ESD002,2026,1,12433954.17,12394817.45,F5,SYNTHETIC_DEMO
1000,150100,CESD00202,ESD002,2026,2,13753473.32,13895842.12,F5,SYNTHETIC_DEMO
1000,150100,CESD00202,ESD002,2026,3,13170198.6,13478244.52,F5,SYNTHETIC_DEMO
1000,150100,CESD00202,ESD002,2026,4,13687534.74,14281117.15,F5,SYNTHETIC_DEMO
1000,150100,CESD00202,ESD002,2026,5,11810618.75,11965149.06,F5,SYNTHETIC_DEMO
1000,150100,CESD00202,ESD002,2026,6,13190797.33,13091738.37,F5,SYNTHETIC_DEMO
1000,150100,CESD00202,ESD002,2026,7,11960704.04,12129595.74,F5,SYNTHETIC_DEMO
1000,150100,CESD00202,ESD002,2026,8,12190795.45,11907040.29,F5,SYNTHETIC_DEMO
1000,150100,CESD00202,ESD002,2026,9,13434853.06,13066340.12,F5,SYNTHETIC_DEMO
1000,150100,CESD00202,ESD002,2026,10,12600663.31,12227867.99,F5,SYNTHETIC_DEMO
1000,150100,CESD00202,ESD002,2026,11,11851988.57,11950566.88,F5,SYNTHETIC_DEMO
1000,150100,CESD00202,ESD002,2026,12,12726979.17,12988992.5,F5,SYNTHETIC_DEMO
1000,150200,CESD00201,ESD001,2026,1,7449025.36,7777583.69,F5,SYNTHETIC_DEMO
1000,150200,CESD00201,ESD001,2026,2,7623605.33,7928327.86,F5,SYNTHETIC_DEMO
1000,150200,CESD00201,ESD001,2026,3,6866489.31,7003142.06,F5,SYNTHETIC_DEMO
1000,150200,CESD00201,ESD001,2026,4,7070064.22,7111890.17,F5,SYNTHETIC_DEMO
1000,150200,CESD00201,ESD001,2026,5,6740497.03,7024906.45,F5,SYNTHETIC_DEMO
1000,150200,CESD00201,ESD001,2026,6,6554723.17,6426020.44,F5,SYNTHETIC_DEMO
1000,150200,CESD00201,ESD001,2026,7,7553760.37,7371760.03,F5,SYNTHETIC_DEMO
1000,150200,CESD00201,ESD001,2026,8,6621719.31,6576029.35,F5,SYNTHETIC_DEMO
1000,150200,CESD00201,ESD001,2026,9,7234197.68,7037605.51,F5,SYNTHETIC_DEMO
1000,150200,CESD00201,ESD001,2026,10,7108750.46,6923293.23,F5,SYNTHETIC_DEMO
1000,150200,CESD00201,ESD001,2026,11,6881227.8,6950998.35,F5,SYNTHETIC_DEMO
1000,150200,CESD00201,ESD001,2026,12,7520087.38,7854133.37,F5,SYNTHETIC_DEMO
1000,150300,CESD00102,ESD002,2026,1,17426511.63,17805522.79,F5,SYNTHETIC_DEMO
1000,150300,CESD00102,ESD002,2026,2,18012953.33,17999315.08,F5,SYNTHETIC_DEMO
1000,150300,CESD00102,ESD002,2026,3,15959306.4,16142941.39,F5,SYNTHETIC_DEMO
1000,150300,CESD00102,ESD002,2026,4,16191028.94,15979569.03,F5,SYNTHETIC_DEMO
1000,150300,CESD00102,ESD002,2026,5,16772941.66,17286841.7,F5,SYNTHETIC_DEMO
1000,150300,CESD00102,ESD002,2026,6,16469830.99,16045867.84,F5,SYNTHETIC_DEMO
1000,150300,CESD00102,ESD002,2026,7,17831239.08,18215697.11,F5,SYNTHETIC_DEMO
1000,150300,CESD00102,ESD002,2026,8,17718823.17,18465838.07,F5,SYNTHETIC_DEMO
1000,150300,CESD00102,ESD002,2026,9,17440064.45,18221319.53,F5,SYNTHETIC_DEMO
1000,150300,CESD00102,ESD002,2026,10,17032458.55,17507103.89,F5,SYNTHETIC_DEMO
1000,150300,CESD00102,ESD002,2026,11,17305267.01,17374341.78,F5,SYNTHETIC_DEMO
1000,150300,CESD00102,ESD002,2026,12,16076913.4,15955073.56,F5,SYNTHETIC_DEMO
1000,500100,CESD00203,ESD003,2026,1,13502019.13,13917031.56,F5,SYNTHETIC_DEMO
1000,500100,CESD00203,ESD003,2026,2,14314618.94,14986781.41,F5,SYNTHETIC_DEMO
1000,500100,CESD00203,ESD003,2026,3,14062878.5,13683595.03,F5,SYNTHETIC_DEMO
1000,500100,CESD00203,ESD003,2026,4,16906689.38,16635145.89,F5,SYNTHETIC_DEMO
1000,500100,CESD00203,ESD003,2026,5,17405672.09,17179874.77,F5,SYNTHETIC_DEMO
1000,500100,CESD00203,ESD003,2026,6,15517004.81,15611751.3,F5,SYNTHETIC_DEMO
1000,500100,CESD00203,ESD003,2026,7,14344393.12,14413640.4,F5,SYNTHETIC_DEMO
1000,500100,CESD00203,ESD003,2026,8,14371446.52,14239866.09,F5,SYNTHETIC_DEMO
1000,500100,CESD00203,ESD003,2026,9,14557806.08,14625977.88,F5,SYNTHETIC_DEMO
1000,500100,CESD00203,ESD003,2026,10,14520234.06,15070845.85,F5,SYNTHETIC_DEMO
1000,500100,CESD00203,ESD003,2026,11,13305530.63,13614246.24,F5,SYNTHETIC_DEMO
1000,500100,CESD00203,ESD003,2026,12,13580260.9,13880599.42,F5,SYNTHETIC_DEMO
1000,500200,CESD00102,ESD002,2026,1,13328127.63,13941422.4,F5,SYNTHETIC_DEMO
1000,500200,CESD00102,ESD002,2026,2,12917614.3,13425509.97,F5,SYNTHETIC_DEMO
1000,500200,CESD00102,ESD002,2026,3,12223747.09,12098016.81,F5,SYNTHETIC_DEMO
1000,500200,CESD00102,ESD002,2026,4,16305822.93,16130254.64,F5,SYNTHETIC_DEMO
1000,500200,CESD00102,ESD002,2026,5,16980008.0,17498641.51,F5,SYNTHETIC_DEMO
1000,500200,CESD00102,ESD002,2026,6,13362188.87,13519227.65,F5,SYNTHETIC_DEMO
1000,500200,CESD00102,ESD002,2026,7,12301993.58,12149952.93,F5,SYNTHETIC_DEMO
1000,500200,CESD00102,ESD002,2026,8,14114894.79,14184064.58,F5,SYNTHETIC_DEMO
1000,500200,CESD00102,ESD002,2026,9,13606060.23,13818963.42,F5,SYNTHETIC_DEMO
1000,500200,CESD00102,ESD002,2026,10,13904926.96,13980785.55,F5,SYNTHETIC_DEMO
1000,500200,CESD00102,ESD002,2026,11,14150370.62,13874460.3,F5,SYNTHETIC_DEMO
1000,500200,CESD00102,ESD002,2026,12,12694603.37,13310605.68,F5,SYNTHETIC_DEMO
1000,500300,CESD00301,ESD001,2026,1,14225508.85,14278754.94,F5,SYNTHETIC_DEMO
1000,500300,CESD00301,ESD001,2026,2,15870087.28,16569711.75,F5,SYNTHETIC_DEMO
1000,500300,CESD00301,ESD001,2026,3,16113448.72,16401592.73,F5,SYNTHETIC_DEMO
1000,500300,CESD00301,ESD001,2026,4,18717453.89,18633623.67,F5,SYNTHETIC_DEMO
1000,500300,CESD00301,ESD001,2026,5,19006454.56,18729653.56,F5,SYNTHETIC_DEMO
1000,500300,CESD00301,ESD001,2026,6,15286829.37,15155471.95,F5,SYNTHETIC_DEMO
1000,500300,CESD00301,ESD001,2026,7,16331960.34,16344682.5,F5,SYNTHETIC_DEMO
1000,500300,CESD00301,ESD001,2026,8,14366480.96,14990783.3,F5,SYNTHETIC_DEMO
1000,500300,CESD00301,ESD001,2026,9,15634980.8,15521204.87,F5,SYNTHETIC_DEMO
1000,500300,CESD00301,ESD001,2026,10,15181866.94,15509806.12,F5,SYNTHETIC_DEMO
1000,500300,CESD00301,ESD001,2026,11,15204916.09,15671840.72,F5,SYNTHETIC_DEMO
1000,500300,CESD00301,ESD001,2026,12,14386244.15,14452927.16,F5,SYNTHETIC_DEMO
1000,510100,CESD00302,ESD002,2026,1,15384250.59,15481307.19,F5,SYNTHETIC_DEMO
1000,510100,CESD00302,ESD002,2026,2,17434930.44,17702497.11,F5,SYNTHETIC_DEMO
1000,510100,CESD00302,ESD002,2026,3,16310186.41,15839200.4,F5,SYNTHETIC_DEMO
1000,510100,CESD00302,ESD002,2026,4,16432817.62,16805540.35,F5,SYNTHETIC_DEMO
1000,510100,CESD00302,ESD002,2026,5,16349016.34,15948325.37,F5,SYNTHETIC_DEMO
1000,510100,CESD00302,ESD002,2026,6,15741961.06,16421693.88,F5,SYNTHETIC_DEMO
1000,510100,CESD00302,ESD002,2026,7,16930126.57,17006889.05,F5,SYNTHETIC_DEMO
1000,510100,CESD00302,ESD002,2026,8,16943892.54,16999820.28,F5,SYNTHETIC_DEMO
1000,510100,CESD00302,ESD002,2026,9,17307642.62,17279805.4,F5,SYNTHETIC_DEMO
1000,510100,CESD00302,ESD002,2026,10,15015726.83,14592027.6,F5,SYNTHETIC_DEMO
1000,510100,CESD00302,ESD002,2026,11,15106751.78,15854140.17,F5,SYNTHETIC_DEMO
1000,510100,CESD00302,ESD002,2026,12,16115679.05,16467794.07,F5,SYNTHETIC_DEMO
1000,520100,CESD00102,ESD002,2026,1,10359135.04,10178573.81,F5,SYNTHETIC_DEMO
1000,520100,CESD00102,ESD002,2026,2,10559769.86,10620179.48,F5,SYNTHETIC_DEMO
1000,520100,CESD00102,ESD002,2026,3,10297848.66,10806035.97,F5,SYNTHETIC_DEMO
1000,520100,CESD00102,ESD002,2026,4,10672758.89,10990373.39,F5,SYNTHETIC_DEMO
1000,520100,CESD00102,ESD002,2026,5,11163109.89,11412198.15,F5,SYNTHETIC_DEMO
1000,520100,CESD00102,ESD002,2026,6,10972240.14,10943464.21,F5,SYNTHETIC_DEMO
1000,520100,CESD00102,ESD002,2026,7,10237509.48,10146842.88,F5,SYNTHETIC_DEMO
1000,520100,CESD00102,ESD002,2026,8,10894819.96,10821267.29,F5,SYNTHETIC_DEMO
1000,520100,CESD00102,ESD002,2026,9,11034344.98,11010310.31,F5,SYNTHETIC_DEMO
1000,520100,CESD00102,ESD002,2026,10,9931913.12,9751581.47,F5,SYNTHETIC_DEMO
1000,520100,CESD00102,ESD002,2026,11,10907601.43,10620817.42,F5,SYNTHETIC_DEMO
1000,520100,CESD00102,ESD002,2026,12,9727669.0,9957298.47,F5,SYNTHETIC_DEMO
1000,520200,CESD00101,ESD001,2026,1,4294650.54,4486190.49,F5,SYNTHETIC_DEMO
1000,520200,CESD00101,ESD001,2026,2,3875683.73,4053551.08,F5,SYNTHETIC_DEMO
1000,520200,CESD00101,ESD001,2026,3,4186651.6,4204076.53,F5,SYNTHETIC_DEMO
1000,520200,CESD00101,ESD001,2026,4,3962742.23,4080735.33,F5,SYNTHETIC_DEMO
1000,520200,CESD00101,ESD001,2026,5,4080148.85,3974368.47,F5,SYNTHETIC_DEMO
1000,520200,CESD00101,ESD001,2026,6,3835675.26,3940343.85,F5,SYNTHETIC_DEMO
1000,520200,CESD00101,ESD001,2026,7,3694027.62,3868713.0,F5,SYNTHETIC_DEMO
1000,520200,CESD00101,ESD001,2026,8,4199046.46,4371601.18,F5,SYNTHETIC_DEMO
1000,520200,CESD00101,ESD001,2026,9,3746132.36,3920951.63,F5,SYNTHETIC_DEMO
1000,520200,CESD00101,ESD001,2026,10,3809976.84,3792750.45,F5,SYNTHETIC_DEMO
1000,520200,CESD00101,ESD001,2026,11,3750988.27,3733871.27,F5,SYNTHETIC_DEMO
1000,520200,CESD00101,ESD001,2026,12,3938037.35,4089779.82,F5,SYNTHETIC_DEMO
1000,530100,CESD00203,ESD003,2026,1,2441523.41,2553279.36,F5,SYNTHETIC_DEMO
1000,530100,CESD00203,ESD003,2026,2,2263390.45,2308165.35,F5,SYNTHETIC_DEMO
1000,530100,CESD00203,ESD003,2026,3,2163940.58,2113533.05,F5,SYNTHETIC_DEMO
1000,530100,CESD00203,ESD003,2026,4,2328733.54,2376262.38,F5,SYNTHETIC_DEMO
1000,530100,CESD00203,ESD003,2026,5,2330801.06,2296861.06,F5,SYNTHETIC_DEMO
1000,530100,CESD00203,ESD003,2026,6,2236714.08,2332145.4,F5,SYNTHETIC_DEMO
1000,530100,CESD00203,ESD003,2026,7,2342706.66,2420951.22,F5,SYNTHETIC_DEMO
1000,530100,CESD00203,ESD003,2026,8,2390370.23,2344824.79,F5,SYNTHETIC_DEMO
1000,530100,CESD00203,ESD003,2026,9,2218519.85,2269487.62,F5,SYNTHETIC_DEMO
1000,530100,CESD00203,ESD003,2026,10,2363424.45,2348492.21,F5,SYNTHETIC_DEMO
1000,530100,CESD00203,ESD003,2026,11,2287578.91,2345988.88,F5,SYNTHETIC_DEMO
1000,530100,CESD00203,ESD003,2026,12,2462220.22,2444321.52,F5,SYNTHETIC_DEMO
1000,540100,CESD00303,ESD003,2026,1,11513376.81,11620168.64,F5,SYNTHETIC_DEMO
1000,540100,CESD00303,ESD003,2026,2,12107266.6,12486416.45,F5,SYNTHETIC_DEMO
1000,540100,CESD00303,ESD003,2026,3,10867207.75,11393594.96,F5,SYNTHETIC_DEMO
1000,540100,CESD00303,ESD003,2026,4,10550767.24,10975618.04,F5,SYNTHETIC_DEMO
1000,540100,CESD00303,ESD003,2026,5,11934416.76,12052996.61,F5,SYNTHETIC_DEMO
1000,540100,CESD00303,ESD003,2026,6,11004198.28,10809059.45,F5,SYNTHETIC_DEMO
1000,540100,CESD00303,ESD003,2026,7,11713479.63,11414517.56,F5,SYNTHETIC_DEMO
1000,540100,CESD00303,ESD003,2026,8,10908495.82,10882923.81,F5,SYNTHETIC_DEMO
1000,540100,CESD00303,ESD003,2026,9,10975193.77,10920813.79,F5,SYNTHETIC_DEMO
1000,540100,CESD00303,ESD003,2026,10,10625700.28,10789025.68,F5,SYNTHETIC_DEMO
1000,540100,CESD00303,ESD003,2026,11,11183108.92,11060923.58,F5,SYNTHETIC_DEMO
1000,540100,CESD00303,ESD003,2026,12,11978394.16,12117984.37,F5,SYNTHETIC_DEMO
1000,150100,CESD00302,ESD002,2026,1,16457306.64,16227522.34,F5,SYNTHETIC_DEMO
1000,150100,CESD00302,ESD002,2026,2,15259715.07,15941420.43,F5,SYNTHETIC_DEMO
1000,150100,CESD00302,ESD002,2026,3,16043758.24,16327150.94,F5,SYNTHETIC_DEMO
1000,150100,CESD00302,ESD002,2026,4,14941532.88,15202723.24,F5,SYNTHETIC_DEMO
1000,150100,CESD00302,ESD002,2026,5,16261231.75,16786233.93,F5,SYNTHETIC_DEMO
1000,150100,CESD00302,ESD002,2026,6,15216853.84,15780102.66,F5,SYNTHETIC_DEMO
1000,150100,CESD00302,ESD002,2026,7,15474259.78,15869332.61,F5,SYNTHETIC_DEMO
1000,150100,CESD00302,ESD002,2026,8,14846176.13,14424899.55,F5,SYNTHETIC_DEMO
1000,150100,CESD00302,ESD002,2026,9,15199575.18,15952276.01,F5,SYNTHETIC_DEMO
1000,150100,CESD00302,ESD002,2026,10,14705880.67,14485074.12,F5,SYNTHETIC_DEMO
1000,150100,CESD00302,ESD002,2026,11,15242885.68,15149496.34,F5,SYNTHETIC_DEMO
1000,150100,CESD00302,ESD002,2026,12,15653963.06,16260921.67,F5,SYNTHETIC_DEMO
1000,150200,CESD00102,ESD002,2026,1,2422342.65,2467774.84,F5,SYNTHETIC_DEMO
1000,150200,CESD00102,ESD002,2026,2,2405240.02,2521768.08,F5,SYNTHETIC_DEMO
1000,150200,CESD00102,ESD002,2026,3,2181340.57,2186800.77,F5,SYNTHETIC_DEMO
1000,150200,CESD00102,ESD002,2026,4,2225544.18,2312873.37,F5,SYNTHETIC_DEMO
1000,150200,CESD00102,ESD002,2026,5,2110665.18,2151493.16,F5,SYNTHETIC_DEMO
1000,150200,CESD00102,ESD002,2026,6,2112221.03,2196303.74,F5,SYNTHETIC_DEMO
1000,150200,CESD00102,ESD002,2026,7,2208041.6,2172524.44,F5,SYNTHETIC_DEMO
1000,150200,CESD00102,ESD002,2026,8,2199903.82,2176697.42,F5,SYNTHETIC_DEMO
1000,150200,CESD00102,ESD002,2026,9,2452626.47,2393699.64,F5,SYNTHETIC_DEMO
1000,150200,CESD00102,ESD002,2026,10,2316205.54,2378962.83,F5,SYNTHETIC_DEMO
1000,150200,CESD00102,ESD002,2026,11,2437026.32,2519158.33,F5,SYNTHETIC_DEMO
1000,150200,CESD00102,ESD002,2026,12,2115590.89,2124658.08,F5,SYNTHETIC_DEMO
1000,150300,CESD00103,ESD003,2026,1,11978779.4,12283143.36,F5,SYNTHETIC_DEMO
1000,150300,CESD00103,ESD003,2026,2,10979952.09,11029448.89,F5,SYNTHETIC_DEMO
1000,150300,CESD00103,ESD003,2026,3,11297067.66,11241885.01,F5,SYNTHETIC_DEMO
1000,150300,CESD00103,ESD003,2026,4,10560702.31,10279685.11,F5,SYNTHETIC_DEMO
1000,150300,CESD00103,ESD003,2026,5,11990004.35,12393613.07,F5,SYNTHETIC_DEMO
1000,150300,CESD00103,ESD003,2026,6,11317503.94,11678640.2,F5,SYNTHETIC_DEMO
1000,150300,CESD00103,ESD003,2026,7,10845459.75,10815066.89,F5,SYNTHETIC_DEMO
1000,150300,CESD00103,ESD003,2026,8,12275264.05,12619340.51,F5,SYNTHETIC_DEMO
1000,150300,CESD00103,ESD003,2026,9,11671295.32,12017443.59,F5,SYNTHETIC_DEMO
1000,150300,CESD00103,ESD003,2026,10,11817307.11,11523506.82,F5,SYNTHETIC_DEMO
1000,150300,CESD00103,ESD003,2026,11,10788484.53,11055856.05,F5,SYNTHETIC_DEMO
1000,150300,CESD00103,ESD003,2026,12,11929549.67,12461915.92,F5,SYNTHETIC_DEMO
1100,500100,CGX000101,GX001,2026,1,15107296.17,15705202.23,F5,SYNTHETIC_DEMO
1100,500100,CGX000101,GX001,2026,2,13192183.58,13472415.9,F5,SYNTHETIC_DEMO
1100,500100,CGX000101,GX001,2026,3,14157900.57,14172879.01,F5,SYNTHETIC_DEMO
1100,500100,CGX000101,GX001,2026,4,17175906.56,17279133.55,F5,SYNTHETIC_DEMO
1100,500100,CGX000101,GX001,2026,5,17627090.47,18143225.85,F5,SYNTHETIC_DEMO
1100,500100,CGX000101,GX001,2026,6,14292199.34,14080842.9,F5,SYNTHETIC_DEMO
1100,500100,CGX000101,GX001,2026,7,13762452.09,13739179.31,F5,SYNTHETIC_DEMO
1100,500100,CGX000101,GX001,2026,8,13964640.82,13956062.58,F5,SYNTHETIC_DEMO
1100,500100,CGX000101,GX001,2026,9,14401025.73,14498961.43,F5,SYNTHETIC_DEMO
1100,500100,CGX000101,GX001,2026,10,13318705.72,13077443.78,F5,SYNTHETIC_DEMO
1100,500100,CGX000101,GX001,2026,11,13800356.79,14293641.22,F5,SYNTHETIC_DEMO
1100,500100,CGX000101,GX001,2026,12,13431617.9,14077255.17,F5,SYNTHETIC_DEMO
1100,500200,CGX000301,GX001,2026,1,7564002.84,7437095.46,F5,SYNTHETIC_DEMO
1100,500200,CGX000301,GX001,2026,2,8531635.86,8739686.02,F5,SYNTHETIC_DEMO
1100,500200,CGX000301,GX001,2026,3,8495884.39,8257168.43,F5,SYNTHETIC_DEMO
1100,500200,CGX000301,GX001,2026,4,10450570.51,10388477.0,F5,SYNTHETIC_DEMO
1100,500200,CGX000301,GX001,2026,5,10103734.17,10419945.81,F5,SYNTHETIC_DEMO
1100,500200,CGX000301,GX001,2026,6,7344478.26,7515317.29,F5,SYNTHETIC_DEMO
1100,500200,CGX000301,GX001,2026,7,7402563.59,7558844.96,F5,SYNTHETIC_DEMO
1100,500200,CGX000301,GX001,2026,8,7753330.98,7833677.22,F5,SYNTHETIC_DEMO
1100,500200,CGX000301,GX001,2026,9,8037712.03,8088964.87,F5,SYNTHETIC_DEMO
1100,500200,CGX000301,GX001,2026,10,8540030.94,8464786.24,F5,SYNTHETIC_DEMO
1100,500200,CGX000301,GX001,2026,11,7972535.38,8067617.34,F5,SYNTHETIC_DEMO
1100,500200,CGX000301,GX001,2026,12,8413047.21,8829907.4,F5,SYNTHETIC_DEMO
1100,500300,CGX000201,GX001,2026,1,8378979.2,8545388.29,F5,SYNTHETIC_DEMO
1100,500300,CGX000201,GX001,2026,2,9302267.29,9168885.44,F5,SYNTHETIC_DEMO
1100,500300,CGX000201,GX001,2026,3,8574274.47,8838928.61,F5,SYNTHETIC_DEMO
1100,500300,CGX000201,GX001,2026,4,10228605.68,10101495.22,F5,SYNTHETIC_DEMO
1100,500300,CGX000201,GX001,2026,5,10517054.13,10595497.65,F5,SYNTHETIC_DEMO
1100,500300,CGX000201,GX001,2026,6,8810587.08,8683438.72,F5,SYNTHETIC_DEMO
1100,500300,CGX000201,GX001,2026,7,8269917.31,8143610.88,F5,SYNTHETIC_DEMO
1100,500300,CGX000201,GX001,2026,8,8917499.58,9044650.5,F5,SYNTHETIC_DEMO
1100,500300,CGX000201,GX001,2026,9,8230916.53,8038755.75,F5,SYNTHETIC_DEMO
1100,500300,CGX000201,GX001,2026,10,9093791.19,9418883.0,F5,SYNTHETIC_DEMO
1100,500300,CGX000201,GX001,2026,11,9425132.7,9738569.99,F5,SYNTHETIC_DEMO
1100,500300,CGX000201,GX001,2026,12,8587821.67,9005310.32,F5,SYNTHETIC_DEMO
1100,510100,CGX000101,GX001,2026,1,16203735.15,16987296.98,F5,SYNTHETIC_DEMO
1100,510100,CGX000101,GX001,2026,2,16203219.96,16850272.55,F5,SYNTHETIC_DEMO
1100,510100,CGX000101,GX001,2026,3,15946863.53,15873483.36,F5,SYNTHETIC_DEMO
1100,510100,CGX000101,GX001,2026,4,15660209.99,16091449.06,F5,SYNTHETIC_DEMO
1100,510100,CGX000101,GX001,2026,5,15064790.47,15154680.74,F5,SYNTHETIC_DEMO
1100,510100,CGX000101,GX001,2026,6,16145228.85,16479379.08,F5,SYNTHETIC_DEMO
1100,510100,CGX000101,GX001,2026,7,15203838.61,15743732.99,F5,SYNTHETIC_DEMO
1100,510100,CGX000101,GX001,2026,8,14816340.31,15153641.46,F5,SYNTHETIC_DEMO
1100,510100,CGX000101,GX001,2026,9,16161562.1,15681044.53,F5,SYNTHETIC_DEMO
1100,510100,CGX000101,GX001,2026,10,15252419.99,15835509.43,F5,SYNTHETIC_DEMO
1100,510100,CGX000101,GX001,2026,11,16053264.81,16319287.05,F5,SYNTHETIC_DEMO
1100,510100,CGX000101,GX001,2026,12,16240402.7,16701286.82,F5,SYNTHETIC_DEMO
1100,520100,CGX000201,GX001,2026,1,7500288.49,7848605.59,F5,SYNTHETIC_DEMO
1100,520100,CGX000201,GX001,2026,2,8616913.96,8940168.98,F5,SYNTHETIC_DEMO
1100,520100,CGX000201,GX001,2026,3,7804130.11,7681358.62,F5,SYNTHETIC_DEMO
1100,520100,CGX000201,GX001,2026,4,8696755.39,8611123.96,F5,SYNTHETIC_DEMO
1100,520100,CGX000201,GX001,2026,5,8196078.89,8178704.14,F5,SYNTHETIC_DEMO
1100,520100,CGX000201,GX001,2026,6,7908464.1,7779514.45,F5,SYNTHETIC_DEMO
1100,520100,CGX000201,GX001,2026,7,7495862.44,7407061.32,F5,SYNTHETIC_DEMO
1100,520100,CGX000201,GX001,2026,8,8628383.33,8813562.87,F5,SYNTHETIC_DEMO
1100,520100,CGX000201,GX001,2026,9,8256377.15,8666080.83,F5,SYNTHETIC_DEMO
1100,520100,CGX000201,GX001,2026,10,8618208.92,8756701.87,F5,SYNTHETIC_DEMO
1100,520100,CGX000201,GX001,2026,11,8646271.54,8487083.73,F5,SYNTHETIC_DEMO
1100,520100,CGX000201,GX001,2026,12,7920435.51,7799019.64,F5,SYNTHETIC_DEMO
1100,520200,CGX000101,GX001,2026,1,8719337.34,8923646.6,F5,SYNTHETIC_DEMO
1100,520200,CGX000101,GX001,2026,2,8663605.62,8944296.72,F5,SYNTHETIC_DEMO
1100,520200,CGX000101,GX001,2026,3,9437669.27,9844978.92,F5,SYNTHETIC_DEMO
1100,520200,CGX000101,GX001,2026,4,8373608.93,8460924.79,F5,SYNTHETIC_DEMO
1100,520200,CGX000101,GX001,2026,5,8847901.93,8832326.85,F5,SYNTHETIC_DEMO
1100,520200,CGX000101,GX001,2026,6,8627870.07,8710026.37,F5,SYNTHETIC_DEMO
1100,520200,CGX000101,GX001,2026,7,8752365.82,8795007.59,F5,SYNTHETIC_DEMO
1100,520200,CGX000101,GX001,2026,8,9403303.01,9255675.1,F5,SYNTHETIC_DEMO
1100,520200,CGX000101,GX001,2026,9,9095705.77,9124487.84,F5,SYNTHETIC_DEMO
1100,520200,CGX000101,GX001,2026,10,8918736.38,9161492.52,F5,SYNTHETIC_DEMO
1100,520200,CGX000101,GX001,2026,11,8325126.23,8463239.3,F5,SYNTHETIC_DEMO
1100,520200,CGX000101,GX001,2026,12,9729130.26,10028242.02,F5,SYNTHETIC_DEMO
1100,530100,CGX000101,GX001,2026,1,15550881.62,15722991.15,F5,SYNTHETIC_DEMO
1100,530100,CGX000101,GX001,2026,2,16100242.83,15630429.89,F5,SYNTHETIC_DEMO
1100,530100,CGX000101,GX001,2026,3,16018979.4,15871577.18,F5,SYNTHETIC_DEMO
1100,530100,CGX000101,GX001,2026,4,16001943.44,16032478.99,F5,SYNTHETIC_DEMO
1100,530100,CGX000101,GX001,2026,5,15759451.89,15519497.81,F5,SYNTHETIC_DEMO
1100,530100,CGX000101,GX001,2026,6,15965291.09,15737977.19,F5,SYNTHETIC_DEMO
1100,530100,CGX000101,GX001,2026,7,16057999.38,16400777.55,F5,SYNTHETIC_DEMO
1100,530100,CGX000101,GX001,2026,8,14652316.35,14694793.79,F5,SYNTHETIC_DEMO
1100,530100,CGX000101,GX001,2026,9,15113435.68,14759570.59,F5,SYNTHETIC_DEMO
1100,530100,CGX000101,GX001,2026,10,16189396.85,16704139.08,F5,SYNTHETIC_DEMO
1100,530100,CGX000101,GX001,2026,11,15825827.66,15574716.96,F5,SYNTHETIC_DEMO
1100,530100,CGX000101,GX001,2026,12,14407980.55,14328128.56,F5,SYNTHETIC_DEMO
1100,540100,CGX000101,GX001,2026,1,16966120.83,17438074.82,F5,SYNTHETIC_DEMO
1100,540100,CGX000101,GX001,2026,2,16664414.89,17228969.16,F5,SYNTHETIC_DEMO
1100,540100,CGX000101,GX001,2026,3,17441953.32,18066479.74,F5,SYNTHETIC_DEMO
1100,540100,CGX000101,GX001,2026,4,16383620.43,15911952.4,F5,SYNTHETIC_DEMO
1100,540100,CGX000101,GX001,2026,5,17222499.21,17047847.21,F5,SYNTHETIC_DEMO
1100,540100,CGX000101,GX001,2026,6,15733675.38,15769796.78,F5,SYNTHETIC_DEMO
1100,540100,CGX000101,GX001,2026,7,17284624.54,17189339.13,F5,SYNTHETIC_DEMO
1100,540100,CGX000101,GX001,2026,8,16378527.51,15925184.14,F5,SYNTHETIC_DEMO
1100,540100,CGX000101,GX001,2026,9,16773391.94,16656025.95,F5,SYNTHETIC_DEMO
1100,540100,CGX000101,GX001,2026,10,17214647.76,17456301.85,F5,SYNTHETIC_DEMO
1100,540100,CGX000101,GX001,2026,11,17142896.15,16977156.84,F5,SYNTHETIC_DEMO
1100,540100,CGX000101,GX001,2026,12,16652482.12,16706997.53,F5,SYNTHETIC_DEMO
1100,150100,CGX000301,GX001,2026,1,2802471.37,2746611.19,F5,SYNTHETIC_DEMO
1100,150100,CGX000301,GX001,2026,2,2936099.79,2858067.47,F5,SYNTHETIC_DEMO
1100,150100,CGX000301,GX001,2026,3,2757038.12,2830159.02,F5,SYNTHETIC_DEMO
1100,150100,CGX000301,GX001,2026,4,2927521.53,3029030.45,F5,SYNTHETIC_DEMO
1100,150100,CGX000301,GX001,2026,5,2997325.55,3002781.0,F5,SYNTHETIC_DEMO
1100,150100,CGX000301,GX001,2026,6,2642404.71,2746524.65,F5,SYNTHETIC_DEMO
1100,150100,CGX000301,GX001,2026,7,2654334.3,2628552.64,F5,SYNTHETIC_DEMO
1100,150100,CGX000301,GX001,2026,8,2802341.36,2803838.79,F5,SYNTHETIC_DEMO
1100,150100,CGX000301,GX001,2026,9,2772131.03,2765488.75,F5,SYNTHETIC_DEMO
1100,150100,CGX000301,GX001,2026,10,2806368.92,2746540.49,F5,SYNTHETIC_DEMO
1100,150100,CGX000301,GX001,2026,11,2839169.5,2839930.49,F5,SYNTHETIC_DEMO
1100,150100,CGX000301,GX001,2026,12,2679080.91,2809662.61,F5,SYNTHETIC_DEMO
1100,150200,CGX000301,GX001,2026,1,19026546.4,19691230.93,F5,SYNTHETIC_DEMO
1100,150200,CGX000301,GX001,2026,2,17296471.03,17164661.54,F5,SYNTHETIC_DEMO
1100,150200,CGX000301,GX001,2026,3,17940037.11,17514391.77,F5,SYNTHETIC_DEMO
1100,150200,CGX000301,GX001,2026,4,17742024.62,18293983.95,F5,SYNTHETIC_DEMO
1100,150200,CGX000301,GX001,2026,5,16947549.37,17550935.17,F5,SYNTHETIC_DEMO
1100,150200,CGX000301,GX001,2026,6,17208840.09,17853911.66,F5,SYNTHETIC_DEMO
1100,150200,CGX000301,GX001,2026,7,17777612.14,18531303.14,F5,SYNTHETIC_DEMO
1100,150200,CGX000301,GX001,2026,8,17833888.18,18137662.7,F5,SYNTHETIC_DEMO
1100,150200,CGX000301,GX001,2026,9,18436019.34,18145304.55,F5,SYNTHETIC_DEMO
1100,150200,CGX000301,GX001,2026,10,18043998.83,18099542.59,F5,SYNTHETIC_DEMO
1100,150200,CGX000301,GX001,2026,11,18771530.84,19302506.52,F5,SYNTHETIC_DEMO
1100,150200,CGX000301,GX001,2026,12,18942394.41,19208156.32,F5,SYNTHETIC_DEMO
1100,150300,CGX000101,GX001,2026,1,7376634.99,7408023.96,F5,SYNTHETIC_DEMO
1100,150300,CGX000101,GX001,2026,2,7826604.58,8191212.58,F5,SYNTHETIC_DEMO
1100,150300,CGX000101,GX001,2026,3,7846226.24,7746741.7,F5,SYNTHETIC_DEMO
1100,150300,CGX000101,GX001,2026,4,7639521.69,7796510.3,F5,SYNTHETIC_DEMO
1100,150300,CGX000101,GX001,2026,5,7360902.28,7678267.08,F5,SYNTHETIC_DEMO
1100,150300,CGX000101,GX001,2026,6,7425594.78,7577739.97,F5,SYNTHETIC_DEMO
1100,150300,CGX000101,GX001,2026,7,7550159.11,7660539.64,F5,SYNTHETIC_DEMO
1100,150300,CGX000101,GX001,2026,8,7273870.29,7375451.55,F5,SYNTHETIC_DEMO
1100,150300,CGX000101,GX001,2026,9,8010904.97,8060699.28,F5,SYNTHETIC_DEMO
1100,150300,CGX000101,GX001,2026,10,7549376.17,7784461.81,F5,SYNTHETIC_DEMO
1100,150300,CGX000101,GX001,2026,11,7558194.94,7627158.92,F5,SYNTHETIC_DEMO
1100,150300,CGX000101,GX001,2026,12,7795480.62,7965384.9,F5,SYNTHETIC_DEMO
1100,500100,CGX000301,GX001,2026,1,13221516.09,13734046.4,F5,SYNTHETIC_DEMO
1100,500100,CGX000301,GX001,2026,2,14483310.21,14362360.54,F5,SYNTHETIC_DEMO
1100,500100,CGX000301,GX001,2026,3,12740204.7,13139492.9,F5,SYNTHETIC_DEMO
1100,500100,CGX000301,GX001,2026,4,17011296.24,17598388.05,F5,SYNTHETIC_DEMO
1100,500100,CGX000301,GX001,2026,5,17024590.11,17871794.27,F5,SYNTHETIC_DEMO
1100,500100,CGX000301,GX001,2026,6,12999815.97,13046186.33,F5,SYNTHETIC_DEMO
1100,500100,CGX000301,GX001,2026,7,13952553.62,13751305.74,F5,SYNTHETIC_DEMO
1100,500100,CGX000301,GX001,2026,8,13361217.68,13851427.01,F5,SYNTHETIC_DEMO
1100,500100,CGX000301,GX001,2026,9,13696193.29,13530941.03,F5,SYNTHETIC_DEMO
1100,500100,CGX000301,GX001,2026,10,12860447.94,13090310.42,F5,SYNTHETIC_DEMO
1100,500100,CGX000301,GX001,2026,11,14129117.34,14396444.3,F5,SYNTHETIC_DEMO
1100,500100,CGX000301,GX001,2026,12,13636621.4,13473685.95,F5,SYNTHETIC_DEMO
1100,500200,CGX000201,GX001,2026,1,7938844.67,8060766.26,F5,SYNTHETIC_DEMO
1100,500200,CGX000201,GX001,2026,2,7462259.68,7815867.81,F5,SYNTHETIC_DEMO
1100,500200,CGX000201,GX001,2026,3,7398467.06,7744372.09,F5,SYNTHETIC_DEMO
1100,500200,CGX000201,GX001,2026,4,8902370.83,9303604.28,F5,SYNTHETIC_DEMO
1100,500200,CGX000201,GX001,2026,5,9521798.7,9292142.85,F5,SYNTHETIC_DEMO
1100,500200,CGX000201,GX001,2026,6,6891650.57,7014083.08,F5,SYNTHETIC_DEMO
1100,500200,CGX000201,GX001,2026,7,7642095.78,7807814.65,F5,SYNTHETIC_DEMO
1100,500200,CGX000201,GX001,2026,8,7491419.33,7285170.06,F5,SYNTHETIC_DEMO
1100,500200,CGX000201,GX001,2026,9,7787944.74,8087162.15,F5,SYNTHETIC_DEMO
1100,500200,CGX000201,GX001,2026,10,7973851.35,8022801.21,F5,SYNTHETIC_DEMO
1100,500200,CGX000201,GX001,2026,11,7768220.3,7593201.07,F5,SYNTHETIC_DEMO
1100,500200,CGX000201,GX001,2026,12,7173119.71,7006358.12,F5,SYNTHETIC_DEMO
1100,500300,CGX000101,GX001,2026,1,10495838.49,10706617.07,F5,SYNTHETIC_DEMO
1100,500300,CGX000101,GX001,2026,2,10369958.14,10719903.94,F5,SYNTHETIC_DEMO
1100,500300,CGX000101,GX001,2026,3,11021530.73,10946540.4,F5,SYNTHETIC_DEMO
1100,500300,CGX000101,GX001,2026,4,13489987.24,13580317.05,F5,SYNTHETIC_DEMO
1100,500300,CGX000101,GX001,2026,5,12295089.06,12260793.81,F5,SYNTHETIC_DEMO
1100,500300,CGX000101,GX001,2026,6,10882275.17,10817753.45,F5,SYNTHETIC_DEMO
1100,500300,CGX000101,GX001,2026,7,9696808.22,10004575.78,F5,SYNTHETIC_DEMO
1100,500300,CGX000101,GX001,2026,8,10073095.16,10364784.88,F5,SYNTHETIC_DEMO
1100,500300,CGX000101,GX001,2026,9,9867137.4,10022361.2,F5,SYNTHETIC_DEMO
1100,500300,CGX000101,GX001,2026,10,11186127.26,11344975.74,F5,SYNTHETIC_DEMO
1100,500300,CGX000101,GX001,2026,11,10983729.42,11401609.83,F5,SYNTHETIC_DEMO
1100,500300,CGX000101,GX001,2026,12,11196531.19,11246228.56,F5,SYNTHETIC_DEMO
1100,510100,CGX000102,GX002,2026,1,9772842.11,10134274.99,F5,SYNTHETIC_DEMO
1100,510100,CGX000102,GX002,2026,2,9346915.59,9439046.75,F5,SYNTHETIC_DEMO
1100,510100,CGX000102,GX002,2026,3,9441731.38,9893564.49,F5,SYNTHETIC_DEMO
1100,510100,CGX000102,GX002,2026,4,9707275.41,10054262.99,F5,SYNTHETIC_DEMO
1100,510100,CGX000102,GX002,2026,5,10407238.36,10655626.9,F5,SYNTHETIC_DEMO
1100,510100,CGX000102,GX002,2026,6,8947201.92,9157172.76,F5,SYNTHETIC_DEMO
1100,510100,CGX000102,GX002,2026,7,9539170.76,9521934.98,F5,SYNTHETIC_DEMO
1100,510100,CGX000102,GX002,2026,8,9355047.0,9158616.49,F5,SYNTHETIC_DEMO
1100,510100,CGX000102,GX002,2026,9,10173352.68,9932191.02,F5,SYNTHETIC_DEMO
1100,510100,CGX000102,GX002,2026,10,10188871.85,10033608.37,F5,SYNTHETIC_DEMO
1100,510100,CGX000102,GX002,2026,11,9402209.51,9797495.52,F5,SYNTHETIC_DEMO
1100,510100,CGX000102,GX002,2026,12,10296062.82,10383128.11,F5,SYNTHETIC_DEMO
1100,520100,CGX000101,GX001,2026,1,7569181.65,7553707.87,F5,SYNTHETIC_DEMO
1100,520100,CGX000101,GX001,2026,2,7603298.62,7600808.2,F5,SYNTHETIC_DEMO
1100,520100,CGX000101,GX001,2026,3,7695126.95,7693686.56,F5,SYNTHETIC_DEMO
1100,520100,CGX000101,GX001,2026,4,7623584.92,7898412.26,F5,SYNTHETIC_DEMO
1100,520100,CGX000101,GX001,2026,5,7410268.09,7504847.1,F5,SYNTHETIC_DEMO
1100,520100,CGX000101,GX001,2026,6,6791379.52,6806275.42,F5,SYNTHETIC_DEMO
1100,520100,CGX000101,GX001,2026,7,7043866.51,7272106.87,F5,SYNTHETIC_DEMO
1100,520100,CGX000101,GX001,2026,8,7238378.35,7269274.13,F5,SYNTHETIC_DEMO
1100,520100,CGX000101,GX001,2026,9,6877027.48,6947974.62,F5,SYNTHETIC_DEMO
1100,520100,CGX000101,GX001,2026,10,7555511.56,7694175.9,F5,SYNTHETIC_DEMO
1100,520100,CGX000101,GX001,2026,11,7026826.41,7197490.92,F5,SYNTHETIC_DEMO
1100,520100,CGX000101,GX001,2026,12,7450751.85,7784352.92,F5,SYNTHETIC_DEMO
1100,520200,CGX000201,GX001,2026,1,14520902.57,15178980.49,F5,SYNTHETIC_DEMO
1100,520200,CGX000201,GX001,2026,2,14384253.21,13969819.45,F5,SYNTHETIC_DEMO
1100,520200,CGX000201,GX001,2026,3,14441636.4,14140970.47,F5,SYNTHETIC_DEMO
1100,520200,CGX000201,GX001,2026,4,14264328.24,14887702.27,F5,SYNTHETIC_DEMO
1100,520200,CGX000201,GX001,2026,5,14875969.62,15065962.16,F5,SYNTHETIC_DEMO
1100,520200,CGX000201,GX001,2026,6,13891014.14,14579609.2,F5,SYNTHETIC_DEMO
1100,520200,CGX000201,GX001,2026,7,14479935.11,14307980.89,F5,SYNTHETIC_DEMO
1100,520200,CGX000201,GX001,2026,8,14167986.65,14476706.06,F5,SYNTHETIC_DEMO
1100,520200,CGX000201,GX001,2026,9,14027852.48,14219744.03,F5,SYNTHETIC_DEMO
1100,520200,CGX000201,GX001,2026,10,14011434.57,14582700.33,F5,SYNTHETIC_DEMO
1100,520200,CGX000201,GX001,2026,11,13175290.9,13724495.43,F5,SYNTHETIC_DEMO
1100,520200,CGX000201,GX001,2026,12,13870322.83,14100639.1,F5,SYNTHETIC_DEMO
1100,530100,CGX000301,GX001,2026,1,16307470.46,16159961.66,F5,SYNTHETIC_DEMO
1100,530100,CGX000301,GX001,2026,2,18434107.64,19162384.49,F5,SYNTHETIC_DEMO
1100,530100,CGX000301,GX001,2026,3,18460920.78,18699910.07,F5,SYNTHETIC_DEMO
1100,530100,CGX000301,GX001,2026,4,18369272.78,19096967.87,F5,SYNTHETIC_DEMO
1100,530100,CGX000301,GX001,2026,5,18423765.16,19140813.32,F5,SYNTHETIC_DEMO
1100,530100,CGX000301,GX001,2026,6,17664898.8,18506276.96,F5,SYNTHETIC_DEMO
1100,530100,CGX000301,GX001,2026,7,16708612.92,17298172.08,F5,SYNTHETIC_DEMO
1100,530100,CGX000301,GX001,2026,8,18611805.22,18937786.71,F5,SYNTHETIC_DEMO
1100,530100,CGX000301,GX001,2026,9,18667801.54,19066703.94,F5,SYNTHETIC_DEMO
1100,530100,CGX000301,GX001,2026,10,18844273.81,18316405.81,F5,SYNTHETIC_DEMO
1100,530100,CGX000301,GX001,2026,11,16691058.79,17472741.66,F5,SYNTHETIC_DEMO
1100,530100,CGX000301,GX001,2026,12,16955702.98,16852186.61,F5,SYNTHETIC_DEMO
1100,540100,CGX000301,GX001,2026,1,5164965.03,5050355.53,F5,SYNTHETIC_DEMO
1100,540100,CGX000301,GX001,2026,2,5127086.97,5280398.6,F5,SYNTHETIC_DEMO
1100,540100,CGX000301,GX001,2026,3,5878733.92,5864962.67,F5,SYNTHETIC_DEMO
1100,540100,CGX000301,GX001,2026,4,5588597.51,5735233.39,F5,SYNTHETIC_DEMO
1100,540100,CGX000301,GX001,2026,5,5913886.38,6110358.84,F5,SYNTHETIC_DEMO
1100,540100,CGX000301,GX001,2026,6,5807108.14,5838337.55,F5,SYNTHETIC_DEMO
1100,540100,CGX000301,GX001,2026,7,5222408.2,5323092.73,F5,SYNTHETIC_DEMO
1100,540100,CGX000301,GX001,2026,8,5869711.14,5888064.91,F5,SYNTHETIC_DEMO
1100,540100,CGX000301,GX001,2026,9,5642953.44,5748797.51,F5,SYNTHETIC_DEMO
1100,540100,CGX000301,GX001,2026,10,5494401.83,5647175.25,F5,SYNTHETIC_DEMO
1100,540100,CGX000301,GX001,2026,11,5275567.9,5517074.29,F5,SYNTHETIC_DEMO
1100,540100,CGX000301,GX001,2026,12,5809148.66,5678960.24,F5,SYNTHETIC_DEMO
1100,150100,CGX000101,GX001,2026,1,16179676.83,15805087.77,F5,SYNTHETIC_DEMO
1100,150100,CGX000101,GX001,2026,2,16060894.56,16010981.25,F5,SYNTHETIC_DEMO
1100,150100,CGX000101,GX001,2026,3,17459714.4,17420495.05,F5,SYNTHETIC_DEMO
1100,150100,CGX000101,GX001,2026,4,17385077.11,17055618.14,F5,SYNTHETIC_DEMO
1100,150100,CGX000101,GX001,2026,5,18243354.43,18336900.86,F5,SYNTHETIC_DEMO
1100,150100,CGX000101,GX001,2026,6,18313078.77,18135969.48,F5,SYNTHETIC_DEMO
1100,150100,CGX000101,GX001,2026,7,16719007.69,16700069.24,F5,SYNTHETIC_DEMO
1100,150100,CGX000101,GX001,2026,8,16521452.99,16107897.58,F5,SYNTHETIC_DEMO
1100,150100,CGX000101,GX001,2026,9,17132925.02,17099767.22,F5,SYNTHETIC_DEMO
1100,150100,CGX000101,GX001,2026,10,16705660.66,17222579.6,F5,SYNTHETIC_DEMO
1100,150100,CGX000101,GX001,2026,11,17345200.11,18138069.53,F5,SYNTHETIC_DEMO
1100,150100,CGX000101,GX001,2026,12,16237910.1,16632283.28,F5,SYNTHETIC_DEMO
1100,150200,CGX000302,GX002,2026,1,10539722.53,10791913.71,F5,SYNTHETIC_DEMO
1100,150200,CGX000302,GX002,2026,2,9741943.81,9516898.41,F5,SYNTHETIC_DEMO
1100,150200,CGX000302,GX002,2026,3,10150755.72,10065119.21,F5,SYNTHETIC_DEMO
1100,150200,CGX000302,GX002,2026,4,9568518.86,10046489.34,F5,SYNTHETIC_DEMO
1100,150200,CGX000302,GX002,2026,5,9409174.2,9557502.81,F5,SYNTHETIC_DEMO
1100,150200,CGX000302,GX002,2026,6,10612691.57,10742312.94,F5,SYNTHETIC_DEMO
1100,150200,CGX000302,GX002,2026,7,10475696.12,10298161.02,F5,SYNTHETIC_DEMO
1100,150200,CGX000302,GX002,2026,8,9712687.48,10136554.79,F5,SYNTHETIC_DEMO
1100,150200,CGX000302,GX002,2026,9,10828089.3,11012269.11,F5,SYNTHETIC_DEMO
1100,150200,CGX000302,GX002,2026,10,9646144.48,9651508.97,F5,SYNTHETIC_DEMO
1100,150200,CGX000302,GX002,2026,11,10803179.57,10860906.7,F5,SYNTHETIC_DEMO
1100,150200,CGX000302,GX002,2026,12,10462215.87,10568525.15,F5,SYNTHETIC_DEMO
1100,150300,CGX000301,GX001,2026,1,11732754.36,11717015.03,F5,SYNTHETIC_DEMO
1100,150300,CGX000301,GX001,2026,2,11912693.39,11991954.92,F5,SYNTHETIC_DEMO
1100,150300,CGX000301,GX001,2026,3,11391622.89,11768027.73,F5,SYNTHETIC_DEMO
1100,150300,CGX000301,GX001,2026,4,11684649.55,11951867.46,F5,SYNTHETIC_DEMO
1100,150300,CGX000301,GX001,2026,5,12976433.66,13591173.73,F5,SYNTHETIC_DEMO
1100,150300,CGX000301,GX001,2026,6,11753896.33,12291609.75,F5,SYNTHETIC_DEMO
1100,150300,CGX000301,GX001,2026,7,12925516.47,13448023.09,F5,SYNTHETIC_DEMO
1100,150300,CGX000301,GX001,2026,8,12177242.26,12430445.45,F5,SYNTHETIC_DEMO
1100,150300,CGX000301,GX001,2026,9,12035793.78,11962342.01,F5,SYNTHETIC_DEMO
1100,150300,CGX000301,GX001,2026,10,11428868.51,11559722.73,F5,SYNTHETIC_DEMO
1100,150300,CGX000301,GX001,2026,11,12392973.87,12551589.97,F5,SYNTHETIC_DEMO
1100,150300,CGX000301,GX001,2026,12,11481079.98,11464563.9,F5,SYNTHETIC_DEMO
1100,500100,CGX000102,GX002,2026,1,15092136.01,15249700.0,F5,SYNTHETIC_DEMO
1100,500100,CGX000102,GX002,2026,2,16679092.37,16684678.9,F5,SYNTHETIC_DEMO
1100,500100,CGX000102,GX002,2026,3,15705533.6,15348377.36,F5,SYNTHETIC_DEMO
1100,500100,CGX000102,GX002,2026,4,20686027.88,20698511.82,F5,SYNTHETIC_DEMO
1100,500100,CGX000102,GX002,2026,5,20946267.51,20648950.2,F5,SYNTHETIC_DEMO
1100,500100,CGX000102,GX002,2026,6,16210073.61,16454757.96,F5,SYNTHETIC_DEMO
1100,500100,CGX000102,GX002,2026,7,17059017.91,17461109.32,F5,SYNTHETIC_DEMO
1100,500100,CGX000102,GX002,2026,8,16876402.2,16581481.43,F5,SYNTHETIC_DEMO
1100,500100,CGX000102,GX002,2026,9,16673037.22,16859231.11,F5,SYNTHETIC_DEMO
1100,500100,CGX000102,GX002,2026,10,16673608.11,16969046.58,F5,SYNTHETIC_DEMO
1100,500100,CGX000102,GX002,2026,11,16527008.24,16633774.52,F5,SYNTHETIC_DEMO
1100,500100,CGX000102,GX002,2026,12,15882466.02,15635851.45,F5,SYNTHETIC_DEMO
1100,500200,CGX000101,GX001,2026,1,4377875.29,4462820.6,F5,SYNTHETIC_DEMO
1100,500200,CGX000101,GX001,2026,2,4237682.84,4292037.36,F5,SYNTHETIC_DEMO
1100,500200,CGX000101,GX001,2026,3,3908808.64,3965354.16,F5,SYNTHETIC_DEMO
1100,500200,CGX000101,GX001,2026,4,5135499.89,5075688.26,F5,SYNTHETIC_DEMO
1100,500200,CGX000101,GX001,2026,5,4750153.71,4789698.06,F5,SYNTHETIC_DEMO
1100,500200,CGX000101,GX001,2026,6,4375235.26,4354100.27,F5,SYNTHETIC_DEMO
1100,500200,CGX000101,GX001,2026,7,3888118.71,3815482.5,F5,SYNTHETIC_DEMO
1100,500200,CGX000101,GX001,2026,8,3951206.92,3833095.05,F5,SYNTHETIC_DEMO
1100,500200,CGX000101,GX001,2026,9,3904302.3,3945697.42,F5,SYNTHETIC_DEMO
1100,500200,CGX000101,GX001,2026,10,4126334.74,4050199.98,F5,SYNTHETIC_DEMO
1100,500200,CGX000101,GX001,2026,11,4225620.07,4334831.59,F5,SYNTHETIC_DEMO
1100,500200,CGX000101,GX001,2026,12,4383355.59,4441555.71,F5,SYNTHETIC_DEMO
1100,500300,CGX000102,GX002,2026,1,15583028.4,16009570.17,F5,SYNTHETIC_DEMO
1100,500300,CGX000102,GX002,2026,2,14809435.84,14727690.51,F5,SYNTHETIC_DEMO
1100,500300,CGX000102,GX002,2026,3,15737012.09,16081190.22,F5,SYNTHETIC_DEMO
1100,500300,CGX000102,GX002,2026,4,16793101.49,17212234.44,F5,SYNTHETIC_DEMO
1100,500300,CGX000102,GX002,2026,5,18959141.61,19009173.32,F5,SYNTHETIC_DEMO
1100,500300,CGX000102,GX002,2026,6,13901386.55,13721482.73,F5,SYNTHETIC_DEMO
1100,500300,CGX000102,GX002,2026,7,14183197.66,14489309.2,F5,SYNTHETIC_DEMO
1100,500300,CGX000102,GX002,2026,8,14638508.01,15274252.61,F5,SYNTHETIC_DEMO
1100,500300,CGX000102,GX002,2026,9,13869469.63,13594171.81,F5,SYNTHETIC_DEMO
1100,500300,CGX000102,GX002,2026,10,15646738.67,16398059.67,F5,SYNTHETIC_DEMO
1100,500300,CGX000102,GX002,2026,11,13683651.38,13472579.99,F5,SYNTHETIC_DEMO
1100,500300,CGX000102,GX002,2026,12,14793815.12,14710617.8,F5,SYNTHETIC_DEMO
1100,510100,CGX000301,GX001,2026,1,5676681.28,5823792.18,F5,SYNTHETIC_DEMO
1100,510100,CGX000301,GX001,2026,2,5377808.7,5365756.91,F5,SYNTHETIC_DEMO
1100,510100,CGX000301,GX001,2026,3,5622106.28,5865529.51,F5,SYNTHETIC_DEMO
1100,510100,CGX000301,GX001,2026,4,5158877.58,5265393.94,F5,SYNTHETIC_DEMO
1100,510100,CGX000301,GX001,2026,5,5763834.43,5974510.71,F5,SYNTHETIC_DEMO
1100,510100,CGX000301,GX001,2026,6,5647221.13,5774198.56,F5,SYNTHETIC_DEMO
1100,510100,CGX000301,GX001,2026,7,5755431.3,5586194.85,F5,SYNTHETIC_DEMO
1100,510100,CGX000301,GX001,2026,8,5618321.04,5517886.66,F5,SYNTHETIC_DEMO
1100,510100,CGX000301,GX001,2026,9,5560885.33,5509632.21,F5,SYNTHETIC_DEMO
1100,510100,CGX000301,GX001,2026,10,5660311.24,5858983.34,F5,SYNTHETIC_DEMO
1100,510100,CGX000301,GX001,2026,11,5546396.08,5532716.37,F5,SYNTHETIC_DEMO
1100,510100,CGX000301,GX001,2026,12,5929891.06,6073533.94,F5,SYNTHETIC_DEMO
1100,520100,CGX000102,GX002,2026,1,10134974.89,9972300.83,F5,SYNTHETIC_DEMO
1100,520100,CGX000102,GX002,2026,2,11614400.81,11864027.48,F5,SYNTHETIC_DEMO
1100,520100,CGX000102,GX002,2026,3,10938518.41,10912262.69,F5,SYNTHETIC_DEMO
1100,520100,CGX000102,GX002,2026,4,11352328.23,11430528.8,F5,SYNTHETIC_DEMO
1100,520100,CGX000102,GX002,2026,5,10859641.6,11034418.17,F5,SYNTHETIC_DEMO
1100,520100,CGX000102,GX002,2026,6,10440534.74,10622670.06,F5,SYNTHETIC_DEMO
1100,520100,CGX000102,GX002,2026,7,10370642.33,10785907.05,F5,SYNTHETIC_DEMO
1100,520100,CGX000102,GX002,2026,8,11562411.07,11716112.24,F5,SYNTHETIC_DEMO
1100,520100,CGX000102,GX002,2026,9,10327218.14,10666527.52,F5,SYNTHETIC_DEMO
1100,520100,CGX000102,GX002,2026,10,11108789.62,10989616.07,F5,SYNTHETIC_DEMO
1100,520100,CGX000102,GX002,2026,11,11346783.22,11056530.99,F5,SYNTHETIC_DEMO
1100,520100,CGX000102,GX002,2026,12,10029504.14,10310828.49,F5,SYNTHETIC_DEMO
1100,520200,CGX000102,GX002,2026,1,9154000.54,9557249.92,F5,SYNTHETIC_DEMO
1100,520200,CGX000102,GX002,2026,2,8758528.67,8927987.29,F5,SYNTHETIC_DEMO
1100,520200,CGX000102,GX002,2026,3,8363067.49,8571957.66,F5,SYNTHETIC_DEMO
1100,520200,CGX000102,GX002,2026,4,8941327.82,9338670.7,F5,SYNTHETIC_DEMO
1100,520200,CGX000102,GX002,2026,5,9006565.61,9159755.5,F5,SYNTHETIC_DEMO
1100,520200,CGX000102,GX002,2026,6,8366255.26,8698902.45,F5,SYNTHETIC_DEMO
1100,520200,CGX000102,GX002,2026,7,8290398.22,8510908.38,F5,SYNTHETIC_DEMO
1100,520200,CGX000102,GX002,2026,8,8833355.96,8973881.67,F5,SYNTHETIC_DEMO
1100,520200,CGX000102,GX002,2026,9,9023744.75,9165833.28,F5,SYNTHETIC_DEMO
1100,520200,CGX000102,GX002,2026,10,9214915.67,9210338.29,F5,SYNTHETIC_DEMO
1100,520200,CGX000102,GX002,2026,11,8979428.1,8786209.45,F5,SYNTHETIC_DEMO
1100,520200,CGX000102,GX002,2026,12,8751406.13,8737805.45,F5,SYNTHETIC_DEMO
1100,530100,CGX000302,GX002,2026,1,15799932.05,15870578.7,F5,SYNTHETIC_DEMO
1100,530100,CGX000302,GX002,2026,2,13690442.82,13973619.81,F5,SYNTHETIC_DEMO
1100,530100,CGX000302,GX002,2026,3,14828568.91,14684235.16,F5,SYNTHETIC_DEMO
1100,530100,CGX000302,GX002,2026,4,14880255.68,15123717.75,F5,SYNTHETIC_DEMO
1100,530100,CGX000302,GX002,2026,5,13990303.16,14180429.84,F5,SYNTHETIC_DEMO
1100,530100,CGX000302,GX002,2026,6,13932626.62,13591253.09,F5,SYNTHETIC_DEMO
1100,530100,CGX000302,GX002,2026,7,13884370.45,13937630.75,F5,SYNTHETIC_DEMO
1100,530100,CGX000302,GX002,2026,8,14519332.9,15027341.0,F5,SYNTHETIC_DEMO
1100,530100,CGX000302,GX002,2026,9,14358593.32,14619594.3,F5,SYNTHETIC_DEMO
1100,530100,CGX000302,GX002,2026,10,14845661.94,14750247.85,F5,SYNTHETIC_DEMO
1100,530100,CGX000302,GX002,2026,11,15193796.38,15622871.04,F5,SYNTHETIC_DEMO
1100,530100,CGX000302,GX002,2026,12,15755590.02,15466573.4,F5,SYNTHETIC_DEMO
1100,540100,CGX000201,GX001,2026,1,6210363.63,6146458.4,F5,SYNTHETIC_DEMO
1100,540100,CGX000201,GX001,2026,2,5891112.42,6157114.88,F5,SYNTHETIC_DEMO
1100,540100,CGX000201,GX001,2026,3,5542410.55,5548374.76,F5,SYNTHETIC_DEMO
1100,540100,CGX000201,GX001,2026,4,6243517.72,6320165.65,F5,SYNTHETIC_DEMO
1100,540100,CGX000201,GX001,2026,5,6223523.52,6119737.02,F5,SYNTHETIC_DEMO
1100,540100,CGX000201,GX001,2026,6,6163546.02,5988264.12,F5,SYNTHETIC_DEMO
1100,540100,CGX000201,GX001,2026,7,5910009.55,5962341.29,F5,SYNTHETIC_DEMO
1100,540100,CGX000201,GX001,2026,8,6076225.93,6136548.54,F5,SYNTHETIC_DEMO
1100,540100,CGX000201,GX001,2026,9,6227179.75,6159928.54,F5,SYNTHETIC_DEMO
1100,540100,CGX000201,GX001,2026,10,6413157.8,6295087.46,F5,SYNTHETIC_DEMO
1100,540100,CGX000201,GX001,2026,11,5848417.51,6047614.53,F5,SYNTHETIC_DEMO
1100,540100,CGX000201,GX001,2026,12,6149781.04,6190809.36,F5,SYNTHETIC_DEMO
1100,150100,CGX000302,GX002,2026,1,16138271.17,16569167.68,F5,SYNTHETIC_DEMO
1100,150100,CGX000302,GX002,2026,2,15122005.5,15499768.67,F5,SYNTHETIC_DEMO
1100,150100,CGX000302,GX002,2026,3,16178499.47,15757513.61,F5,SYNTHETIC_DEMO
1100,150100,CGX000302,GX002,2026,4,14411756.92,14957492.77,F5,SYNTHETIC_DEMO
1100,150100,CGX000302,GX002,2026,5,15939975.4,15862964.66,F5,SYNTHETIC_DEMO
1100,150100,CGX000302,GX002,2026,6,15544044.4,16121514.22,F5,SYNTHETIC_DEMO
1100,150100,CGX000302,GX002,2026,7,15308889.84,15371187.92,F5,SYNTHETIC_DEMO
1100,150100,CGX000302,GX002,2026,8,13865204.48,14148450.48,F5,SYNTHETIC_DEMO
1100,150100,CGX000302,GX002,2026,9,15527291.59,15102186.95,F5,SYNTHETIC_DEMO
1100,150100,CGX000302,GX002,2026,10,14198178.45,13887302.75,F5,SYNTHETIC_DEMO
1100,150100,CGX000302,GX002,2026,11,16061198.35,16584937.95,F5,SYNTHETIC_DEMO
1100,150100,CGX000302,GX002,2026,12,16080392.27,16417689.03,F5,SYNTHETIC_DEMO
1100,150200,CGX000101,GX001,2026,1,8393210.83,8198714.02,F5,SYNTHETIC_DEMO
1100,150200,CGX000101,GX001,2026,2,8154931.51,7998176.73,F5,SYNTHETIC_DEMO
1100,150200,CGX000101,GX001,2026,3,9084239.05,9377912.08,F5,SYNTHETIC_DEMO
1100,150200,CGX000101,GX001,2026,4,8145678.38,8293298.32,F5,SYNTHETIC_DEMO
1100,150200,CGX000101,GX001,2026,5,8744183.26,8928401.72,F5,SYNTHETIC_DEMO
1100,150200,CGX000101,GX001,2026,6,9529887.46,9817327.83,F5,SYNTHETIC_DEMO
1100,150200,CGX000101,GX001,2026,7,9493529.82,9263543.22,F5,SYNTHETIC_DEMO
1100,150200,CGX000101,GX001,2026,8,8703272.42,8673112.46,F5,SYNTHETIC_DEMO
1100,150200,CGX000101,GX001,2026,9,9152714.61,9306511.03,F5,SYNTHETIC_DEMO
1100,150200,CGX000101,GX001,2026,10,8726412.25,8510252.93,F5,SYNTHETIC_DEMO
1100,150200,CGX000101,GX001,2026,11,8730774.38,8851779.93,F5,SYNTHETIC_DEMO
1100,150200,CGX000101,GX001,2026,12,9098680.24,8894946.91,F5,SYNTHETIC_DEMO
1100,150300,CGX000102,GX002,2026,1,8150380.23,8027427.79,F5,SYNTHETIC_DEMO
1100,150300,CGX000102,GX002,2026,2,7733321.38,7671126.94,F5,SYNTHETIC_DEMO
1100,150300,CGX000102,GX002,2026,3,7727573.04,7761215.97,F5,SYNTHETIC_DEMO
1100,150300,CGX000102,GX002,2026,4,8052534.28,8317768.46,F5,SYNTHETIC_DEMO
1100,150300,CGX000102,GX002,2026,5,7541253.84,7361986.32,F5,SYNTHETIC_DEMO
1100,150300,CGX000102,GX002,2026,6,8033375.26,8319328.57,F5,SYNTHETIC_DEMO
1100,150300,CGX000102,GX002,2026,7,8083633.38,8365899.7,F5,SYNTHETIC_DEMO
1100,150300,CGX000102,GX002,2026,8,7455790.54,7335264.31,F5,SYNTHETIC_DEMO
1100,150300,CGX000102,GX002,2026,9,8419317.15,8644393.12,F5,SYNTHETIC_DEMO
1100,150300,CGX000102,GX002,2026,10,8104314.22,8113839.18,F5,SYNTHETIC_DEMO
1100,150300,CGX000102,GX002,2026,11,8278417.15,8682029.52,F5,SYNTHETIC_DEMO
1100,150300,CGX000102,GX002,2026,12,7640609.3,7736223.52,F5,SYNTHETIC_DEMO
1100,500100,CGX000103,GX003,2026,1,9608443.91,9355775.97,F5,SYNTHETIC_DEMO
1100,500100,CGX000103,GX003,2026,2,9139677.5,9461763.24,F5,SYNTHETIC_DEMO
1100,500100,CGX000103,GX003,2026,3,8801995.79,8692934.77,F5,SYNTHETIC_DEMO
1100,500100,CGX000103,GX003,2026,4,10839550.7,10751650.83,F5,SYNTHETIC_DEMO
1100,500100,CGX000103,GX003,2026,5,11696938.97,12011273.69,F5,SYNTHETIC_DEMO
1100,500100,CGX000103,GX003,2026,6,9512592.41,9341716.3,F5,SYNTHETIC_DEMO
1100,500100,CGX000103,GX003,2026,7,10063273.28,10504286.56,F5,SYNTHETIC_DEMO
1100,500100,CGX000103,GX003,2026,8,9098777.44,8877559.63,F5,SYNTHETIC_DEMO
1100,500100,CGX000103,GX003,2026,9,9001450.47,8794646.93,F5,SYNTHETIC_DEMO
1100,500100,CGX000103,GX003,2026,10,10197748.4,10352015.0,F5,SYNTHETIC_DEMO
1100,500100,CGX000103,GX003,2026,11,10153994.2,10489437.16,F5,SYNTHETIC_DEMO
1100,500100,CGX000103,GX003,2026,12,8727821.81,8695327.29,F5,SYNTHETIC_DEMO
1100,500200,CGX000202,GX002,2026,1,17456826.56,17082036.62,F5,SYNTHETIC_DEMO
1100,500200,CGX000202,GX002,2026,2,17664567.64,18444020.14,F5,SYNTHETIC_DEMO
1100,500200,CGX000202,GX002,2026,3,19459634.99,19235121.17,F5,SYNTHETIC_DEMO
1100,500200,CGX000202,GX002,2026,4,23324340.38,24226684.22,F5,SYNTHETIC_DEMO
1100,500200,CGX000202,GX002,2026,5,20875825.18,20713176.36,F5,SYNTHETIC_DEMO
1100,500200,CGX000202,GX002,2026,6,18392070.44,18859531.68,F5,SYNTHETIC_DEMO
1100,500200,CGX000202,GX002,2026,7,17717062.2,18123835.09,F5,SYNTHETIC_DEMO
1100,500200,CGX000202,GX002,2026,8,17416045.07,17511742.43,F5,SYNTHETIC_DEMO
1100,500200,CGX000202,GX002,2026,9,17843418.37,17931790.04,F5,SYNTHETIC_DEMO
1100,500200,CGX000202,GX002,2026,10,19602078.55,20354272.57,F5,SYNTHETIC_DEMO
1100,500200,CGX000202,GX002,2026,11,18108198.58,18072116.93,F5,SYNTHETIC_DEMO
1100,500200,CGX000202,GX002,2026,12,19159821.91,19115008.19,F5,SYNTHETIC_DEMO
1100,500300,CGX000202,GX002,2026,1,15390517.67,15028294.81,F5,SYNTHETIC_DEMO
1100,500300,CGX000202,GX002,2026,2,15670646.18,15636031.5,F5,SYNTHETIC_DEMO
1100,500300,CGX000202,GX002,2026,3,16432258.16,16626070.48,F5,SYNTHETIC_DEMO
1100,500300,CGX000202,GX002,2026,4,19386609.11,19784390.71,F5,SYNTHETIC_DEMO
1100,500300,CGX000202,GX002,2026,5,20609683.77,21421879.15,F5,SYNTHETIC_DEMO
1100,500300,CGX000202,GX002,2026,6,16992002.08,17663599.3,F5,SYNTHETIC_DEMO
1100,500300,CGX000202,GX002,2026,7,16545705.28,16520052.56,F5,SYNTHETIC_DEMO
1100,500300,CGX000202,GX002,2026,8,16073341.38,15811085.74,F5,SYNTHETIC_DEMO
1100,500300,CGX000202,GX002,2026,9,16940296.94,16695257.23,F5,SYNTHETIC_DEMO
1100,500300,CGX000202,GX002,2026,10,15799583.13,15601780.75,F5,SYNTHETIC_DEMO
1100,500300,CGX000202,GX002,2026,11,17148329.59,17112036.18,F5,SYNTHETIC_DEMO
1100,500300,CGX000202,GX002,2026,12,15258148.43,14801095.84,F5,SYNTHETIC_DEMO
1100,510100,CGX000103,GX003,2026,1,10599833.09,10486761.87,F5,SYNTHETIC_DEMO
1100,510100,CGX000103,GX003,2026,2,11550952.26,11743015.63,F5,SYNTHETIC_DEMO
1100,510100,CGX000103,GX003,2026,3,12181477.09,12432894.19,F5,SYNTHETIC_DEMO
1100,510100,CGX000103,GX003,2026,4,10887513.68,10835656.06,F5,SYNTHETIC_DEMO
1100,510100,CGX000103,GX003,2026,5,10875718.91,10768266.11,F5,SYNTHETIC_DEMO
1100,510100,CGX000103,GX003,2026,6,11639558.31,11472986.28,F5,SYNTHETIC_DEMO
1100,510100,CGX000103,GX003,2026,7,11702148.51,12250626.79,F5,SYNTHETIC_DEMO
1100,510100,CGX000103,GX003,2026,8,12363301.87,12468364.04,F5,SYNTHETIC_DEMO
1100,510100,CGX000103,GX003,2026,9,11737811.21,11437914.22,F5,SYNTHETIC_DEMO
1100,510100,CGX000103,GX003,2026,10,12079626.21,12540087.53,F5,SYNTHETIC_DEMO
1100,510100,CGX000103,GX003,2026,11,11502240.55,11813963.89,F5,SYNTHETIC_DEMO
1100,510100,CGX000103,GX003,2026,12,11276110.87,11466564.2,F5,SYNTHETIC_DEMO
1100,520100,CGX000202,GX002,2026,1,17472351.16,17590146.32,F5,SYNTHETIC_DEMO
1100,520100,CGX000202,GX002,2026,2,17823731.81,18166248.35,F5,SYNTHETIC_DEMO
1100,520100,CGX000202,GX002,2026,3,16774903.85,17574592.94,F5,SYNTHETIC_DEMO
1100,520100,CGX000202,GX002,2026,4,17842878.51,17426406.43,F5,SYNTHETIC_DEMO
1100,520100,CGX000202,GX002,2026,5,17969153.96,18825515.46,F5,SYNTHETIC_DEMO
1100,520100,CGX000202,GX002,2026,6,17402090.92,17803860.12,F5,SYNTHETIC_DEMO
1100,520100,CGX000202,GX002,2026,7,16897720.1,17084886.35,F5,SYNTHETIC_DEMO
1100,520100,CGX000202,GX002,2026,8,18030436.69,18280971.12,F5,SYNTHETIC_DEMO
1100,520100,CGX000202,GX002,2026,9,17548167.97,17885952.53,F5,SYNTHETIC_DEMO
1100,520100,CGX000202,GX002,2026,10,18057477.72,18416255.37,F5,SYNTHETIC_DEMO
1100,520100,CGX000202,GX002,2026,11,19331115.02,19585987.39,F5,SYNTHETIC_DEMO
1100,520100,CGX000202,GX002,2026,12,19576707.7,20537263.51,F5,SYNTHETIC_DEMO
1100,520200,CGX000301,GX001,2026,1,3642885.9,3806644.48,F5,SYNTHETIC_DEMO
1100,520200,CGX000301,GX001,2026,2,3800835.97,3725489.21,F5,SYNTHETIC_DEMO
1100,520200,CGX000301,GX001,2026,3,3389932.26,3487625.53,F5,SYNTHETIC_DEMO
1100,520200,CGX000301,GX001,2026,4,3342381.12,3459538.47,F5,SYNTHETIC_DEMO
1100,520200,CGX000301,GX001,2026,5,3701747.0,3841864.12,F5,SYNTHETIC_DEMO
1100,520200,CGX000301,GX001,2026,6,3426431.47,3466082.9,F5,SYNTHETIC_DEMO
1100,520200,CGX000301,GX001,2026,7,3786012.02,3968055.62,F5,SYNTHETIC_DEMO
1100,520200,CGX000301,GX001,2026,8,3508147.19,3520274.35,F5,SYNTHETIC_DEMO
1100,520200,CGX000301,GX001,2026,9,3400427.31,3465776.69,F5,SYNTHETIC_DEMO
1100,520200,CGX000301,GX001,2026,10,3574456.65,3602849.55,F5,SYNTHETIC_DEMO
1100,520200,CGX000301,GX001,2026,11,3787957.33,3960654.32,F5,SYNTHETIC_DEMO
1100,520200,CGX000301,GX001,2026,12,3714537.5,3755551.0,F5,SYNTHETIC_DEMO
1100,530100,CGX000201,GX001,2026,1,3536076.22,3630968.89,F5,SYNTHETIC_DEMO
1100,530100,CGX000201,GX001,2026,2,3863501.03,3802918.45,F5,SYNTHETIC_DEMO
1100,530100,CGX000201,GX001,2026,3,4035511.39,4117383.93,F5,SYNTHETIC_DEMO
1100,530100,CGX000201,GX001,2026,4,3538365.87,3568890.54,F5,SYNTHETIC_DEMO
1100,530100,CGX000201,GX001,2026,5,3928204.01,3994910.03,F5,SYNTHETIC_DEMO
1100,530100,CGX000201,GX001,2026,6,3670135.02,3810279.55,F5,SYNTHETIC_DEMO
1100,530100,CGX000201,GX001,2026,7,3796496.19,3812520.31,F5,SYNTHETIC_DEMO
1100,530100,CGX000201,GX001,2026,8,3883914.2,4046295.11,F5,SYNTHETIC_DEMO
1100,530100,CGX000201,GX001,2026,9,3735463.55,3919881.35,F5,SYNTHETIC_DEMO
1100,530100,CGX000201,GX001,2026,10,3604286.72,3608141.66,F5,SYNTHETIC_DEMO
1100,530100,CGX000201,GX001,2026,11,3690881.49,3646353.03,F5,SYNTHETIC_DEMO
1100,530100,CGX000201,GX001,2026,12,3763826.59,3818574.08,F5,SYNTHETIC_DEMO
1100,540100,CGX000302,GX002,2026,1,18425850.24,18870075.61,F5,SYNTHETIC_DEMO
1100,540100,CGX000302,GX002,2026,2,16368774.09,16285510.35,F5,SYNTHETIC_DEMO
1100,540100,CGX000302,GX002,2026,3,18484028.35,18582755.59,F5,SYNTHETIC_DEMO
1100,540100,CGX000302,GX002,2026,4,17881309.39,18636558.67,F5,SYNTHETIC_DEMO
1100,540100,CGX000302,GX002,2026,5,16946045.93,17375561.62,F5,SYNTHETIC_DEMO
1100,540100,CGX000302,GX002,2026,6,17050971.28,16909992.39,F5,SYNTHETIC_DEMO
1100,540100,CGX000302,GX002,2026,7,16136138.42,15733627.75,F5,SYNTHETIC_DEMO
1100,540100,CGX000302,GX002,2026,8,18313890.67,18740987.14,F5,SYNTHETIC_DEMO
1100,540100,CGX000302,GX002,2026,9,18066619.57,18593758.89,F5,SYNTHETIC_DEMO
1100,540100,CGX000302,GX002,2026,10,18634213.38,18546291.01,F5,SYNTHETIC_DEMO
1100,540100,CGX000302,GX002,2026,11,18230252.45,18796069.27,F5,SYNTHETIC_DEMO
1100,540100,CGX000302,GX002,2026,12,18054202.67,17579884.67,F5,SYNTHETIC_DEMO
1100,150100,CGX000102,GX002,2026,1,18534665.52,18756157.18,F5,SYNTHETIC_DEMO
1100,150100,CGX000102,GX002,2026,2,17602086.19,18015090.81,F5,SYNTHETIC_DEMO
1100,150100,CGX000102,GX002,2026,3,18486068.79,18963678.56,F5,SYNTHETIC_DEMO
1100,150100,CGX000102,GX002,2026,4,19129224.17,19165971.08,F5,SYNTHETIC_DEMO
1100,150100,CGX000102,GX002,2026,5,17730841.06,17535324.42,F5,SYNTHETIC_DEMO
1100,150100,CGX000102,GX002,2026,6,17262243.56,17357971.18,F5,SYNTHETIC_DEMO
1100,150100,CGX000102,GX002,2026,7,18377670.22,18789497.05,F5,SYNTHETIC_DEMO
1100,150100,CGX000102,GX002,2026,8,19331972.95,20170866.91,F5,SYNTHETIC_DEMO
1100,150100,CGX000102,GX002,2026,9,18326408.37,17972426.14,F5,SYNTHETIC_DEMO
1100,150100,CGX000102,GX002,2026,10,19334718.07,20012866.61,F5,SYNTHETIC_DEMO
1100,150100,CGX000102,GX002,2026,11,16565105.6,16700800.47,F5,SYNTHETIC_DEMO
1100,150100,CGX000102,GX002,2026,12,17060468.0,17474595.37,F5,SYNTHETIC_DEMO
1100,150200,CGX000102,GX002,2026,1,17806249.64,18662347.21,F5,SYNTHETIC_DEMO
1100,150200,CGX000102,GX002,2026,2,17027782.39,17327331.44,F5,SYNTHETIC_DEMO
1100,150200,CGX000102,GX002,2026,3,17988273.39,18484455.41,F5,SYNTHETIC_DEMO
1100,150200,CGX000102,GX002,2026,4,18285002.74,18141782.76,F5,SYNTHETIC_DEMO
1100,150200,CGX000102,GX002,2026,5,16200494.82,16508704.85,F5,SYNTHETIC_DEMO
1100,150200,CGX000102,GX002,2026,6,16755620.69,17130558.32,F5,SYNTHETIC_DEMO
1100,150200,CGX000102,GX002,2026,7,16985483.64,17701647.11,F5,SYNTHETIC_DEMO
1100,150200,CGX000102,GX002,2026,8,17564759.2,17129549.7,F5,SYNTHETIC_DEMO
1100,150200,CGX000102,GX002,2026,9,18300180.2,19054969.93,F5,SYNTHETIC_DEMO
1100,150200,CGX000102,GX002,2026,10,16969149.45,17389593.91,F5,SYNTHETIC_DEMO
1100,150200,CGX000102,GX002,2026,11,16379034.64,16246960.95,F5,SYNTHETIC_DEMO
1100,150200,CGX000102,GX002,2026,12,16273380.34,15916242.83,F5,SYNTHETIC_DEMO
1100,150300,CGX000302,GX002,2026,1,13989095.71,14046624.65,F5,SYNTHETIC_DEMO
1100,150300,CGX000302,GX002,2026,2,13777811.39,14035384.86,F5,SYNTHETIC_DEMO
1100,150300,CGX000302,GX002,2026,3,13053190.1,13358517.25,F5,SYNTHETIC_DEMO
1100,150300,CGX000302,GX002,2026,4,13964835.27,13918193.69,F5,SYNTHETIC_DEMO
1100,150300,CGX000302,GX002,2026,5,14032997.67,13887643.32,F5,SYNTHETIC_DEMO
1100,150300,CGX000302,GX002,2026,6,14495262.2,14946661.16,F5,SYNTHETIC_DEMO
1100,150300,CGX000302,GX002,2026,7,14519901.31,14790064.49,F5,SYNTHETIC_DEMO
1100,150300,CGX000302,GX002,2026,8,15093491.74,14676262.93,F5,SYNTHETIC_DEMO
1100,150300,CGX000302,GX002,2026,9,14144010.7,14654608.31,F5,SYNTHETIC_DEMO
1100,150300,CGX000302,GX002,2026,10,14042181.29,14647391.83,F5,SYNTHETIC_DEMO
1100,150300,CGX000302,GX002,2026,11,14967005.87,15634608.83,F5,SYNTHETIC_DEMO
1100,150300,CGX000302,GX002,2026,12,14015293.24,13927964.66,F5,SYNTHETIC_DEMO
1200,500100,CNTC00201,NTC001,2026,1,15378002.4,15688915.36,F5,SYNTHETIC_DEMO
1200,500100,CNTC00201,NTC001,2026,2,14656558.98,15083705.3,F5,SYNTHETIC_DEMO
1200,500100,CNTC00201,NTC001,2026,3,14648645.34,14897940.4,F5,SYNTHETIC_DEMO
1200,500100,CNTC00201,NTC001,2026,4,18839348.73,19270527.07,F5,SYNTHETIC_DEMO
1200,500100,CNTC00201,NTC001,2026,5,19064930.28,18744413.47,F5,SYNTHETIC_DEMO
1200,500100,CNTC00201,NTC001,2026,6,15287500.94,15360321.46,F5,SYNTHETIC_DEMO
1200,500100,CNTC00201,NTC001,2026,7,15949039.98,15812937.0,F5,SYNTHETIC_DEMO
1200,500100,CNTC00201,NTC001,2026,8,15597209.19,15733176.38,F5,SYNTHETIC_DEMO
1200,500100,CNTC00201,NTC001,2026,9,15142911.84,15068311.91,F5,SYNTHETIC_DEMO
1200,500100,CNTC00201,NTC001,2026,10,16885792.51,17028840.79,F5,SYNTHETIC_DEMO
1200,500100,CNTC00201,NTC001,2026,11,16605002.59,17072263.11,F5,SYNTHETIC_DEMO
1200,500100,CNTC00201,NTC001,2026,12,15393345.63,15897696.27,F5,SYNTHETIC_DEMO
1200,500200,CNTC00201,NTC001,2026,1,11864004.87,12385287.1,F5,SYNTHETIC_DEMO
1200,500200,CNTC00201,NTC001,2026,2,11152408.87,10909914.1,F5,SYNTHETIC_DEMO
1200,500200,CNTC00201,NTC001,2026,3,11076526.92,11552952.23,F5,SYNTHETIC_DEMO
1200,500200,CNTC00201,NTC001,2026,4,15382623.74,15090717.67,F5,SYNTHETIC_DEMO
1200,500200,CNTC00201,NTC001,2026,5,13341694.48,13091300.41,F5,SYNTHETIC_DEMO
1200,500200,CNTC00201,NTC001,2026,6,12038371.42,12617306.55,F5,SYNTHETIC_DEMO
1200,500200,CNTC00201,NTC001,2026,7,12647169.39,12946414.6,F5,SYNTHETIC_DEMO
1200,500200,CNTC00201,NTC001,2026,8,10948745.48,10934016.11,F5,SYNTHETIC_DEMO
1200,500200,CNTC00201,NTC001,2026,9,12331224.75,12023879.78,F5,SYNTHETIC_DEMO
1200,500200,CNTC00201,NTC001,2026,10,12005877.74,11670546.46,F5,SYNTHETIC_DEMO
1200,500200,CNTC00201,NTC001,2026,11,11388666.69,11724848.95,F5,SYNTHETIC_DEMO
1200,500200,CNTC00201,NTC001,2026,12,11869485.6,12267899.32,F5,SYNTHETIC_DEMO
1200,500300,CNTC00201,NTC001,2026,1,6119345.69,6266439.15,F5,SYNTHETIC_DEMO
1200,500300,CNTC00201,NTC001,2026,2,6545233.88,6662131.14,F5,SYNTHETIC_DEMO
1200,500300,CNTC00201,NTC001,2026,3,6391373.62,6501342.39,F5,SYNTHETIC_DEMO
1200,500300,CNTC00201,NTC001,2026,4,8050317.46,8406481.54,F5,SYNTHETIC_DEMO
1200,500300,CNTC00201,NTC001,2026,5,7682288.28,7558665.9,F5,SYNTHETIC_DEMO
1200,500300,CNTC00201,NTC001,2026,6,5918993.75,5884271.46,F5,SYNTHETIC_DEMO
1200,500300,CNTC00201,NTC001,2026,7,6613932.87,6679210.9,F5,SYNTHETIC_DEMO
1200,500300,CNTC00201,NTC001,2026,8,6010134.29,5913122.43,F5,SYNTHETIC_DEMO
1200,500300,CNTC00201,NTC001,2026,9,6366488.7,6275910.24,F5,SYNTHETIC_DEMO
1200,500300,CNTC00201,NTC001,2026,10,5935741.52,6206453.28,F5,SYNTHETIC_DEMO
1200,500300,CNTC00201,NTC001,2026,11,6379498.18,6215389.82,F5,SYNTHETIC_DEMO
1200,500300,CNTC00201,NTC001,2026,12,6689140.83,6946984.83,F5,SYNTHETIC_DEMO
1200,510100,CNTC00201,NTC001,2026,1,11386449.57,11883893.42,F5,SYNTHETIC_DEMO
1200,510100,CNTC00201,NTC001,2026,2,11880933.64,12345489.05,F5,SYNTHETIC_DEMO
1200,510100,CNTC00201,NTC001,2026,3,11431592.9,11812542.2,F5,SYNTHETIC_DEMO
1200,510100,CNTC00201,NTC001,2026,4,11538527.83,11237580.69,F5,SYNTHETIC_DEMO
1200,510100,CNTC00201,NTC001,2026,5,11429818.92,11100456.58,F5,SYNTHETIC_DEMO
1200,510100,CNTC00201,NTC001,2026,6,11192619.41,11687078.61,F5,SYNTHETIC_DEMO
1200,510100,CNTC00201,NTC001,2026,7,10436478.55,10574250.44,F5,SYNTHETIC_DEMO
1200,510100,CNTC00201,NTC001,2026,8,11853719.36,11733461.09,F5,SYNTHETIC_DEMO
1200,510100,CNTC00201,NTC001,2026,9,10921375.72,11209238.62,F5,SYNTHETIC_DEMO
1200,510100,CNTC00201,NTC001,2026,10,11364504.87,11666220.7,F5,SYNTHETIC_DEMO
1200,510100,CNTC00201,NTC001,2026,11,11644583.28,11977792.59,F5,SYNTHETIC_DEMO
1200,510100,CNTC00201,NTC001,2026,12,11064674.4,11243287.51,F5,SYNTHETIC_DEMO
1200,520100,CNTC00101,NTC001,2026,1,8123401.36,8301356.95,F5,SYNTHETIC_DEMO
1200,520100,CNTC00101,NTC001,2026,2,8699685.54,8601514.05,F5,SYNTHETIC_DEMO
1200,520100,CNTC00101,NTC001,2026,3,8731136.73,8808650.59,F5,SYNTHETIC_DEMO
1200,520100,CNTC00101,NTC001,2026,4,8405248.31,8412905.61,F5,SYNTHETIC_DEMO
1200,520100,CNTC00101,NTC001,2026,5,8938391.47,8825554.07,F5,SYNTHETIC_DEMO
1200,520100,CNTC00101,NTC001,2026,6,8363889.93,8190645.96,F5,SYNTHETIC_DEMO
1200,520100,CNTC00101,NTC001,2026,7,8903718.62,9323502.37,F5,SYNTHETIC_DEMO
1200,520100,CNTC00101,NTC001,2026,8,8484917.43,8568715.89,F5,SYNTHETIC_DEMO
1200,520100,CNTC00101,NTC001,2026,9,8565964.95,8946264.44,F5,SYNTHETIC_DEMO
1200,520100,CNTC00101,NTC001,2026,10,8425859.98,8712074.99,F5,SYNTHETIC_DEMO
1200,520100,CNTC00101,NTC001,2026,11,8485950.42,8260441.27,F5,SYNTHETIC_DEMO
1200,520100,CNTC00101,NTC001,2026,12,7754571.75,7614675.79,F5,SYNTHETIC_DEMO
1200,520200,CNTC00301,NTC001,2026,1,11009362.86,11306430.46,F5,SYNTHETIC_DEMO
1200,520200,CNTC00301,NTC001,2026,2,10748098.24,10658929.65,F5,SYNTHETIC_DEMO
1200,520200,CNTC00301,NTC001,2026,3,9903064.29,9716411.78,F5,SYNTHETIC_DEMO
1200,520200,CNTC00301,NTC001,2026,4,10629138.73,10857611.96,F5,SYNTHETIC_DEMO
1200,520200,CNTC00301,NTC001,2026,5,10033966.95,10293807.72,F5,SYNTHETIC_DEMO
1200,520200,CNTC00301,NTC001,2026,6,10921107.77,10953634.97,F5,SYNTHETIC_DEMO
1200,520200,CNTC00301,NTC001,2026,7,9994024.96,10243917.03,F5,SYNTHETIC_DEMO
1200,520200,CNTC00301,NTC001,2026,8,9750795.34,9644858.25,F5,SYNTHETIC_DEMO
1200,520200,CNTC00301,NTC001,2026,9,11130715.97,10831255.81,F5,SYNTHETIC_DEMO
1200,520200,CNTC00301,NTC001,2026,10,10032174.22,10398796.01,F5,SYNTHETIC_DEMO
1200,520200,CNTC00301,NTC001,2026,11,10243984.66,10507845.44,F5,SYNTHETIC_DEMO
1200,520200,CNTC00301,NTC001,2026,12,11170611.21,11430084.87,F5,SYNTHETIC_DEMO
1200,530100,CNTC00301,NTC001,2026,1,6066365.15,6289164.71,F5,SYNTHETIC_DEMO
1200,530100,CNTC00301,NTC001,2026,2,6776401.5,7029762.74,F5,SYNTHETIC_DEMO
1200,530100,CNTC00301,NTC001,2026,3,6187309.51,6207522.07,F5,SYNTHETIC_DEMO
1200,530100,CNTC00301,NTC001,2026,4,6321333.03,6143878.67,F5,SYNTHETIC_DEMO
1200,530100,CNTC00301,NTC001,2026,5,6742726.61,6767012.05,F5,SYNTHETIC_DEMO
1200,530100,CNTC00301,NTC001,2026,6,6452136.5,6347382.22,F5,SYNTHETIC_DEMO
1200,530100,CNTC00301,NTC001,2026,7,6568174.03,6397936.1,F5,SYNTHETIC_DEMO
1200,530100,CNTC00301,NTC001,2026,8,6860452.64,6687608.94,F5,SYNTHETIC_DEMO
1200,530100,CNTC00301,NTC001,2026,9,6382151.43,6464352.96,F5,SYNTHETIC_DEMO
1200,530100,CNTC00301,NTC001,2026,10,6638082.29,6799818.7,F5,SYNTHETIC_DEMO
1200,530100,CNTC00301,NTC001,2026,11,6431725.11,6341265.78,F5,SYNTHETIC_DEMO
1200,530100,CNTC00301,NTC001,2026,12,6749310.59,6566014.76,F5,SYNTHETIC_DEMO
1200,540100,CNTC00301,NTC001,2026,1,9065855.16,8821315.91,F5,SYNTHETIC_DEMO
1200,540100,CNTC00301,NTC001,2026,2,8903218.21,8772139.54,F5,SYNTHETIC_DEMO
1200,540100,CNTC00301,NTC001,2026,3,9737221.39,9721923.93,F5,SYNTHETIC_DEMO
1200,540100,CNTC00301,NTC001,2026,4,10044746.71,10253239.86,F5,SYNTHETIC_DEMO
1200,540100,CNTC00301,NTC001,2026,5,9967072.02,10166611.06,F5,SYNTHETIC_DEMO
1200,540100,CNTC00301,NTC001,2026,6,9231046.74,8956633.84,F5,SYNTHETIC_DEMO
1200,540100,CNTC00301,NTC001,2026,7,9193026.15,9595569.67,F5,SYNTHETIC_DEMO
1200,540100,CNTC00301,NTC001,2026,8,8951097.32,8870998.96,F5,SYNTHETIC_DEMO
1200,540100,CNTC00301,NTC001,2026,9,10192904.67,10172251.13,F5,SYNTHETIC_DEMO
1200,540100,CNTC00301,NTC001,2026,10,9436427.9,9390330.96,F5,SYNTHETIC_DEMO
1200,540100,CNTC00301,NTC001,2026,11,10205896.82,10626039.5,F5,SYNTHETIC_DEMO
1200,540100,CNTC00301,NTC001,2026,12,9168445.27,8968862.37,F5,SYNTHETIC_DEMO
1200,150100,CNTC00201,NTC001,2026,1,15110847.41,15792038.14,F5,SYNTHETIC_DEMO
1200,150100,CNTC00201,NTC001,2026,2,15074612.39,15616478.45,F5,SYNTHETIC_DEMO
1200,150100,CNTC00201,NTC001,2026,3,14044136.07,13725685.34,F5,SYNTHETIC_DEMO
1200,150100,CNTC00201,NTC001,2026,4,14181860.41,13807340.69,F5,SYNTHETIC_DEMO
1200,150100,CNTC00201,NTC001,2026,5,15002193.19,14920432.47,F5,SYNTHETIC_DEMO
1200,150100,CNTC00201,NTC001,2026,6,14143637.0,13882930.03,F5,SYNTHETIC_DEMO
1200,150100,CNTC00201,NTC001,2026,7,13960957.73,13764964.43,F5,SYNTHETIC_DEMO
1200,150100,CNTC00201,NTC001,2026,8,15965159.32,16065805.51,F5,SYNTHETIC_DEMO
1200,150100,CNTC00201,NTC001,2026,9,14131783.87,14392918.81,F5,SYNTHETIC_DEMO
1200,150100,CNTC00201,NTC001,2026,10,13842892.71,14269608.43,F5,SYNTHETIC_DEMO
1200,150100,CNTC00201,NTC001,2026,11,13691806.97,13678613.62,F5,SYNTHETIC_DEMO
1200,150100,CNTC00201,NTC001,2026,12,15712841.31,16338118.21,F5,SYNTHETIC_DEMO
1200,150200,CNTC00101,NTC001,2026,1,3650194.28,3611597.69,F5,SYNTHETIC_DEMO
1200,150200,CNTC00101,NTC001,2026,2,3632603.82,3712622.4,F5,SYNTHETIC_DEMO
1200,150200,CNTC00101,NTC001,2026,3,3426930.44,3493813.11,F5,SYNTHETIC_DEMO
1200,150200,CNTC00101,NTC001,2026,4,3562556.13,3579035.69,F5,SYNTHETIC_DEMO
1200,150200,CNTC00101,NTC001,2026,5,3362299.14,3495260.72,F5,SYNTHETIC_DEMO
1200,150200,CNTC00101,NTC001,2026,6,3371021.87,3445294.65,F5,SYNTHETIC_DEMO
1200,150200,CNTC00101,NTC001,2026,7,3620922.3,3695308.14,F5,SYNTHETIC_DEMO
1200,150200,CNTC00101,NTC001,2026,8,3662314.4,3610833.36,F5,SYNTHETIC_DEMO
1200,150200,CNTC00101,NTC001,2026,9,3532069.11,3472617.61,F5,SYNTHETIC_DEMO
1200,150200,CNTC00101,NTC001,2026,10,3548886.37,3553503.35,F5,SYNTHETIC_DEMO
1200,150200,CNTC00101,NTC001,2026,11,3286756.61,3404921.45,F5,SYNTHETIC_DEMO
1200,150200,CNTC00101,NTC001,2026,12,3280534.65,3248166.91,F5,SYNTHETIC_DEMO
1200,150300,CNTC00201,NTC001,2026,1,2112533.07,2077024.61,F5,SYNTHETIC_DEMO
1200,150300,CNTC00201,NTC001,2026,2,2125966.26,2178998.36,F5,SYNTHETIC_DEMO
1200,150300,CNTC00201,NTC001,2026,3,2343614.7,2324926.86,F5,SYNTHETIC_DEMO
1200,150300,CNTC00201,NTC001,2026,4,2308605.05,2378121.06,F5,SYNTHETIC_DEMO
1200,150300,CNTC00201,NTC001,2026,5,2262035.18,2256226.18,F5,SYNTHETIC_DEMO
1200,150300,CNTC00201,NTC001,2026,6,2440666.33,2520683.98,F5,SYNTHETIC_DEMO
1200,150300,CNTC00201,NTC001,2026,7,2197321.73,2158411.64,F5,SYNTHETIC_DEMO
1200,150300,CNTC00201,NTC001,2026,8,2275879.36,2275138.65,F5,SYNTHETIC_DEMO
1200,150300,CNTC00201,NTC001,2026,9,2171614.7,2228503.51,F5,SYNTHETIC_DEMO
1200,150300,CNTC00201,NTC001,2026,10,2434104.82,2382854.99,F5,SYNTHETIC_DEMO
1200,150300,CNTC00201,NTC001,2026,11,2395410.71,2511610.68,F5,SYNTHETIC_DEMO
1200,150300,CNTC00201,NTC001,2026,12,2390314.7,2445381.22,F5,SYNTHETIC_DEMO
1200,500100,CNTC00101,NTC001,2026,1,18508991.4,18092173.42,F5,SYNTHETIC_DEMO
1200,500100,CNTC00101,NTC001,2026,2,20269561.8,20150234.07,F5,SYNTHETIC_DEMO
1200,500100,CNTC00101,NTC001,2026,3,18266146.97,19178314.7,F5,SYNTHETIC_DEMO
1200,500100,CNTC00101,NTC001,2026,4,21559228.02,21476215.7,F5,SYNTHETIC_DEMO
1200,500100,CNTC00101,NTC001,2026,5,21222881.55,21900705.27,F5,SYNTHETIC_DEMO
1200,500100,CNTC00101,NTC001,2026,6,17633550.88,18293452.91,F5,SYNTHETIC_DEMO
1200,500100,CNTC00101,NTC001,2026,7,19505925.44,19347784.08,F5,SYNTHETIC_DEMO
1200,500100,CNTC00101,NTC001,2026,8,18928327.17,18602920.86,F5,SYNTHETIC_DEMO
1200,500100,CNTC00101,NTC001,2026,9,18107107.72,18327301.54,F5,SYNTHETIC_DEMO
1200,500100,CNTC00101,NTC001,2026,10,18069147.2,18052697.77,F5,SYNTHETIC_DEMO
1200,500100,CNTC00101,NTC001,2026,11,17837270.55,17589716.65,F5,SYNTHETIC_DEMO
1200,500100,CNTC00101,NTC001,2026,12,18597026.87,19087568.12,F5,SYNTHETIC_DEMO
1200,500200,CNTC00301,NTC001,2026,1,9726826.14,10131278.4,F5,SYNTHETIC_DEMO
1200,500200,CNTC00301,NTC001,2026,2,9592339.57,9639865.75,F5,SYNTHETIC_DEMO
1200,500200,CNTC00301,NTC001,2026,3,8558815.04,8469735.99,F5,SYNTHETIC_DEMO
1200,500200,CNTC00301,NTC001,2026,4,11019316.1,11341033.86,F5,SYNTHETIC_DEMO
1200,500200,CNTC00301,NTC001,2026,5,11668676.78,11943332.47,F5,SYNTHETIC_DEMO
1200,500200,CNTC00301,NTC001,2026,6,8857295.95,9157763.34,F5,SYNTHETIC_DEMO
1200,500200,CNTC00301,NTC001,2026,7,8474441.2,8687537.25,F5,SYNTHETIC_DEMO
1200,500200,CNTC00301,NTC001,2026,8,9096800.08,8869529.29,F5,SYNTHETIC_DEMO
1200,500200,CNTC00301,NTC001,2026,9,9551148.38,9333178.67,F5,SYNTHETIC_DEMO
1200,500200,CNTC00301,NTC001,2026,10,9004108.98,9351118.58,F5,SYNTHETIC_DEMO
1200,500200,CNTC00301,NTC001,2026,11,8586749.49,8337343.67,F5,SYNTHETIC_DEMO
1200,500200,CNTC00301,NTC001,2026,12,9261595.88,9680272.35,F5,SYNTHETIC_DEMO
1200,500300,CNTC00101,NTC001,2026,1,14012990.88,13879345.63,F5,SYNTHETIC_DEMO
1200,500300,CNTC00101,NTC001,2026,2,13315979.16,13870905.05,F5,SYNTHETIC_DEMO
1200,500300,CNTC00101,NTC001,2026,3,13374515.01,13703542.46,F5,SYNTHETIC_DEMO
1200,500300,CNTC00101,NTC001,2026,4,16968118.23,16831649.23,F5,SYNTHETIC_DEMO
1200,500300,CNTC00101,NTC001,2026,5,15993077.38,15548243.67,F5,SYNTHETIC_DEMO
1200,500300,CNTC00101,NTC001,2026,6,12919529.81,12929812.25,F5,SYNTHETIC_DEMO
1200,500300,CNTC00101,NTC001,2026,7,12629929.67,12792641.91,F5,SYNTHETIC_DEMO
1200,500300,CNTC00101,NTC001,2026,8,14117714.26,13957549.16,F5,SYNTHETIC_DEMO
1200,500300,CNTC00101,NTC001,2026,9,12508127.91,12223916.76,F5,SYNTHETIC_DEMO
1200,500300,CNTC00101,NTC001,2026,10,12784958.8,12428433.75,F5,SYNTHETIC_DEMO
1200,500300,CNTC00101,NTC001,2026,11,13578707.4,13363198.08,F5,SYNTHETIC_DEMO
1200,500300,CNTC00101,NTC001,2026,12,14450951.25,14098070.69,F5,SYNTHETIC_DEMO
1200,510100,CNTC00101,NTC001,2026,1,12800644.58,13394695.7,F5,SYNTHETIC_DEMO
1200,510100,CNTC00101,NTC001,2026,2,12439246.7,12558346.52,F5,SYNTHETIC_DEMO
1200,510100,CNTC00101,NTC001,2026,3,11404929.95,11336658.33,F5,SYNTHETIC_DEMO
1200,510100,CNTC00101,NTC001,2026,4,11062002.91,11324158.56,F5,SYNTHETIC_DEMO
1200,510100,CNTC00101,NTC001,2026,5,12756697.63,12928870.92,F5,SYNTHETIC_DEMO
1200,510100,CNTC00101,NTC001,2026,6,12311642.65,12199218.36,F5,SYNTHETIC_DEMO
1200,510100,CNTC00101,NTC001,2026,7,12583051.86,12382577.97,F5,SYNTHETIC_DEMO
1200,510100,CNTC00101,NTC001,2026,8,11102957.49,11189200.92,F5,SYNTHETIC_DEMO
1200,510100,CNTC00101,NTC001,2026,9,12054528.37,12642879.16,F5,SYNTHETIC_DEMO
1200,510100,CNTC00101,NTC001,2026,10,12189651.28,11837137.3,F5,SYNTHETIC_DEMO
1200,510100,CNTC00101,NTC001,2026,11,11489545.44,11966674.53,F5,SYNTHETIC_DEMO
1200,510100,CNTC00101,NTC001,2026,12,11620469.4,12051483.7,F5,SYNTHETIC_DEMO
1200,520100,CNTC00102,NTC002,2026,1,10029456.46,9957356.6,F5,SYNTHETIC_DEMO
1200,520100,CNTC00102,NTC002,2026,2,9213175.0,8974960.38,F5,SYNTHETIC_DEMO
1200,520100,CNTC00102,NTC002,2026,3,10653499.46,10477023.37,F5,SYNTHETIC_DEMO
1200,520100,CNTC00102,NTC002,2026,4,9427218.75,9827354.67,F5,SYNTHETIC_DEMO
1200,520100,CNTC00102,NTC002,2026,5,9409785.92,9572528.61,F5,SYNTHETIC_DEMO
1200,520100,CNTC00102,NTC002,2026,6,10351670.15,10268827.47,F5,SYNTHETIC_DEMO
1200,520100,CNTC00102,NTC002,2026,7,10024699.83,9905540.63,F5,SYNTHETIC_DEMO
1200,520100,CNTC00102,NTC002,2026,8,9277542.94,9144920.82,F5,SYNTHETIC_DEMO
1200,520100,CNTC00102,NTC002,2026,9,9849146.66,10289557.56,F5,SYNTHETIC_DEMO
1200,520100,CNTC00102,NTC002,2026,10,10660342.09,10940898.21,F5,SYNTHETIC_DEMO
1200,520100,CNTC00102,NTC002,2026,11,9190307.25,9618221.64,F5,SYNTHETIC_DEMO
1200,520100,CNTC00102,NTC002,2026,12,10032460.26,10488720.38,F5,SYNTHETIC_DEMO
1200,520200,CNTC00101,NTC001,2026,1,4667614.57,4635101.66,F5,SYNTHETIC_DEMO
1200,520200,CNTC00101,NTC001,2026,2,4920275.65,4941346.27,F5,SYNTHETIC_DEMO
1200,520200,CNTC00101,NTC001,2026,3,5368441.29,5273102.2,F5,SYNTHETIC_DEMO
1200,520200,CNTC00101,NTC001,2026,4,5371171.57,5625046.91,F5,SYNTHETIC_DEMO
1200,520200,CNTC00101,NTC001,2026,5,5166886.7,5097180.25,F5,SYNTHETIC_DEMO
1200,520200,CNTC00101,NTC001,2026,6,5056284.23,5053207.25,F5,SYNTHETIC_DEMO
1200,520200,CNTC00101,NTC001,2026,7,5111804.0,4971715.58,F5,SYNTHETIC_DEMO
1200,520200,CNTC00101,NTC001,2026,8,5198853.2,5118609.28,F5,SYNTHETIC_DEMO
1200,520200,CNTC00101,NTC001,2026,9,4716602.15,4722476.44,F5,SYNTHETIC_DEMO
1200,520200,CNTC00101,NTC001,2026,10,5182441.16,5430539.55,F5,SYNTHETIC_DEMO
1200,520200,CNTC00101,NTC001,2026,11,5072627.88,4971520.59,F5,SYNTHETIC_DEMO
1200,520200,CNTC00101,NTC001,2026,12,5367834.5,5271745.07,F5,SYNTHETIC_DEMO
1200,530100,CNTC00101,NTC001,2026,1,18432841.69,18202955.42,F5,SYNTHETIC_DEMO
1200,530100,CNTC00101,NTC001,2026,2,17562064.82,17469174.16,F5,SYNTHETIC_DEMO
1200,530100,CNTC00101,NTC001,2026,3,18203584.84,18261686.78,F5,SYNTHETIC_DEMO
1200,530100,CNTC00101,NTC001,2026,4,19369207.25,19924947.16,F5,SYNTHETIC_DEMO
1200,530100,CNTC00101,NTC001,2026,5,19218222.86,19293214.42,F5,SYNTHETIC_DEMO
1200,530100,CNTC00101,NTC001,2026,6,17542418.54,18335699.47,F5,SYNTHETIC_DEMO
1200,530100,CNTC00101,NTC001,2026,7,17023063.7,16696692.79,F5,SYNTHETIC_DEMO
1200,530100,CNTC00101,NTC001,2026,8,16931094.39,16812037.56,F5,SYNTHETIC_DEMO
1200,530100,CNTC00101,NTC001,2026,9,18236631.32,18990950.01,F5,SYNTHETIC_DEMO
1200,530100,CNTC00101,NTC001,2026,10,18803891.79,19150020.56,F5,SYNTHETIC_DEMO
1200,530100,CNTC00101,NTC001,2026,11,17424736.46,17256043.34,F5,SYNTHETIC_DEMO
1200,530100,CNTC00101,NTC001,2026,12,17996480.96,18593450.0,F5,SYNTHETIC_DEMO
1200,540100,CNTC00201,NTC001,2026,1,10863771.44,11086743.04,F5,SYNTHETIC_DEMO
1200,540100,CNTC00201,NTC001,2026,2,10384938.52,10332151.33,F5,SYNTHETIC_DEMO
1200,540100,CNTC00201,NTC001,2026,3,11155450.39,11542837.9,F5,SYNTHETIC_DEMO
1200,540100,CNTC00201,NTC001,2026,4,11143796.22,10894228.55,F5,SYNTHETIC_DEMO
1200,540100,CNTC00201,NTC001,2026,5,10758024.84,11082205.28,F5,SYNTHETIC_DEMO
1200,540100,CNTC00201,NTC001,2026,6,10885998.41,11298396.43,F5,SYNTHETIC_DEMO
1200,540100,CNTC00201,NTC001,2026,7,10898055.41,10918172.67,F5,SYNTHETIC_DEMO
1200,540100,CNTC00201,NTC001,2026,8,10750802.84,10772913.18,F5,SYNTHETIC_DEMO
1200,540100,CNTC00201,NTC001,2026,9,10569216.53,11095141.9,F5,SYNTHETIC_DEMO
1200,540100,CNTC00201,NTC001,2026,10,10351284.34,10853175.35,F5,SYNTHETIC_DEMO
1200,540100,CNTC00201,NTC001,2026,11,11299766.12,11315351.0,F5,SYNTHETIC_DEMO
1200,540100,CNTC00201,NTC001,2026,12,9799727.22,10017351.88,F5,SYNTHETIC_DEMO
1200,150100,CNTC00202,NTC002,2026,1,14361382.15,14594011.75,F5,SYNTHETIC_DEMO
1200,150100,CNTC00202,NTC002,2026,2,15021804.24,14637187.49,F5,SYNTHETIC_DEMO
1200,150100,CNTC00202,NTC002,2026,3,15710363.41,16145806.83,F5,SYNTHETIC_DEMO
1200,150100,CNTC00202,NTC002,2026,4,13999375.69,14196460.97,F5,SYNTHETIC_DEMO
1200,150100,CNTC00202,NTC002,2026,5,15189402.16,15527386.83,F5,SYNTHETIC_DEMO
1200,150100,CNTC00202,NTC002,2026,6,14409711.54,14985105.41,F5,SYNTHETIC_DEMO
1200,150100,CNTC00202,NTC002,2026,7,13700309.27,14369574.94,F5,SYNTHETIC_DEMO
1200,150100,CNTC00202,NTC002,2026,8,14388682.89,14349941.38,F5,SYNTHETIC_DEMO
1200,150100,CNTC00202,NTC002,2026,9,15372085.64,15710775.0,F5,SYNTHETIC_DEMO
1200,150100,CNTC00202,NTC002,2026,10,15388913.12,15817026.3,F5,SYNTHETIC_DEMO
1200,150100,CNTC00202,NTC002,2026,11,13764078.57,14186079.39,F5,SYNTHETIC_DEMO
1200,150100,CNTC00202,NTC002,2026,12,14311287.66,14982803.57,F5,SYNTHETIC_DEMO
1200,150200,CNTC00201,NTC001,2026,1,6477748.87,6739402.59,F5,SYNTHETIC_DEMO
1200,150200,CNTC00201,NTC001,2026,2,6590787.72,6691078.42,F5,SYNTHETIC_DEMO
1200,150200,CNTC00201,NTC001,2026,3,5875141.11,6147721.88,F5,SYNTHETIC_DEMO
1200,150200,CNTC00201,NTC001,2026,4,6379254.93,6646114.69,F5,SYNTHETIC_DEMO
1200,150200,CNTC00201,NTC001,2026,5,6464232.19,6282376.93,F5,SYNTHETIC_DEMO
1200,150200,CNTC00201,NTC001,2026,6,6732577.55,6560865.39,F5,SYNTHETIC_DEMO
1200,150200,CNTC00201,NTC001,2026,7,6158749.76,6152863.28,F5,SYNTHETIC_DEMO
1200,150200,CNTC00201,NTC001,2026,8,5906578.91,6174360.92,F5,SYNTHETIC_DEMO
1200,150200,CNTC00201,NTC001,2026,9,6551345.32,6502024.72,F5,SYNTHETIC_DEMO
1200,150200,CNTC00201,NTC001,2026,10,6058015.52,6069513.91,F5,SYNTHETIC_DEMO
1200,150200,CNTC00201,NTC001,2026,11,6699486.07,6575091.67,F5,SYNTHETIC_DEMO
1200,150200,CNTC00201,NTC001,2026,12,6621903.7,6508794.34,F5,SYNTHETIC_DEMO
1200,150300,CNTC00101,NTC001,2026,1,6377822.26,6360569.12,F5,SYNTHETIC_DEMO
1200,150300,CNTC00101,NTC001,2026,2,6022760.44,5968437.83,F5,SYNTHETIC_DEMO
1200,150300,CNTC00101,NTC001,2026,3,6498990.77,6511314.07,F5,SYNTHETIC_DEMO
1200,150300,CNTC00101,NTC001,2026,4,5870239.47,5708288.81,F5,SYNTHETIC_DEMO
1200,150300,CNTC00101,NTC001,2026,5,5949656.68,6037648.09,F5,SYNTHETIC_DEMO
1200,150300,CNTC00101,NTC001,2026,6,6539446.74,6638851.26,F5,SYNTHETIC_DEMO
1200,150300,CNTC00101,NTC001,2026,7,6651585.34,6602219.95,F5,SYNTHETIC_DEMO
1200,150300,CNTC00101,NTC001,2026,8,6566792.38,6594258.38,F5,SYNTHETIC_DEMO
1200,150300,CNTC00101,NTC001,2026,9,5918561.06,5862025.85,F5,SYNTHETIC_DEMO
1200,150300,CNTC00101,NTC001,2026,10,5994832.81,5966557.33,F5,SYNTHETIC_DEMO
1200,150300,CNTC00101,NTC001,2026,11,6241836.81,6396157.66,F5,SYNTHETIC_DEMO
1200,150300,CNTC00101,NTC001,2026,12,6445506.8,6593050.11,F5,SYNTHETIC_DEMO
1200,500100,CNTC00202,NTC002,2026,1,4229457.64,4164562.25,F5,SYNTHETIC_DEMO
1200,500100,CNTC00202,NTC002,2026,2,4181566.4,4138199.29,F5,SYNTHETIC_DEMO
1200,500100,CNTC00202,NTC002,2026,3,4061167.89,3982038.92,F5,SYNTHETIC_DEMO
1200,500100,CNTC00202,NTC002,2026,4,5242728.18,5227996.1,F5,SYNTHETIC_DEMO
1200,500100,CNTC00202,NTC002,2026,5,5710841.66,5548298.42,F5,SYNTHETIC_DEMO
1200,500100,CNTC00202,NTC002,2026,6,4415074.34,4298913.13,F5,SYNTHETIC_DEMO
1200,500100,CNTC00202,NTC002,2026,7,4618548.05,4488830.23,F5,SYNTHETIC_DEMO
1200,500100,CNTC00202,NTC002,2026,8,4419025.24,4472047.6,F5,SYNTHETIC_DEMO
1200,500100,CNTC00202,NTC002,2026,9,4696359.66,4676589.12,F5,SYNTHETIC_DEMO
1200,500100,CNTC00202,NTC002,2026,10,4438081.99,4330395.38,F5,SYNTHETIC_DEMO
1200,500100,CNTC00202,NTC002,2026,11,4507126.87,4606041.71,F5,SYNTHETIC_DEMO
1200,500100,CNTC00202,NTC002,2026,12,4616162.28,4589605.45,F5,SYNTHETIC_DEMO
1200,500200,CNTC00202,NTC002,2026,1,17134038.6,16676865.43,F5,SYNTHETIC_DEMO
1200,500200,CNTC00202,NTC002,2026,2,18150763.9,18875440.9,F5,SYNTHETIC_DEMO
1200,500200,CNTC00202,NTC002,2026,3,17254408.38,17608449.2,F5,SYNTHETIC_DEMO
1200,500200,CNTC00202,NTC002,2026,4,20842533.6,20649849.48,F5,SYNTHETIC_DEMO
1200,500200,CNTC00202,NTC002,2026,5,20491434.72,21029619.25,F5,SYNTHETIC_DEMO
1200,500200,CNTC00202,NTC002,2026,6,18706386.32,18577536.17,F5,SYNTHETIC_DEMO
1200,500200,CNTC00202,NTC002,2026,7,17374304.76,17465315.99,F5,SYNTHETIC_DEMO
1200,500200,CNTC00202,NTC002,2026,8,18141650.67,18353813.01,F5,SYNTHETIC_DEMO
1200,500200,CNTC00202,NTC002,2026,9,17361195.3,17568059.93,F5,SYNTHETIC_DEMO
1200,500200,CNTC00202,NTC002,2026,10,18166711.4,18601373.14,F5,SYNTHETIC_DEMO
1200,500200,CNTC00202,NTC002,2026,11,17112555.26,17141515.81,F5,SYNTHETIC_DEMO
1200,500200,CNTC00202,NTC002,2026,12,18242690.11,18023848.72,F5,SYNTHETIC_DEMO
1200,500300,CNTC00202,NTC002,2026,1,8247996.86,8003514.67,F5,SYNTHETIC_DEMO
1200,500300,CNTC00202,NTC002,2026,2,8619492.04,8973367.66,F5,SYNTHETIC_DEMO
1200,500300,CNTC00202,NTC002,2026,3,7857610.49,8111545.48,F5,SYNTHETIC_DEMO
1200,500300,CNTC00202,NTC002,2026,4,10886008.28,11393959.23,F5,SYNTHETIC_DEMO
1200,500300,CNTC00202,NTC002,2026,5,9534832.93,9939282.14,F5,SYNTHETIC_DEMO
1200,500300,CNTC00202,NTC002,2026,6,8051345.55,8298803.82,F5,SYNTHETIC_DEMO
1200,500300,CNTC00202,NTC002,2026,7,7922902.05,8133097.15,F5,SYNTHETIC_DEMO
1200,500300,CNTC00202,NTC002,2026,8,9008897.96,8765446.6,F5,SYNTHETIC_DEMO
1200,500300,CNTC00202,NTC002,2026,9,8577780.82,8862039.15,F5,SYNTHETIC_DEMO
1200,500300,CNTC00202,NTC002,2026,10,8156759.06,8018238.67,F5,SYNTHETIC_DEMO
1200,500300,CNTC00202,NTC002,2026,11,8575042.77,8654599.35,F5,SYNTHETIC_DEMO
1200,500300,CNTC00202,NTC002,2026,12,8049159.49,7994326.8,F5,SYNTHETIC_DEMO
1200,510100,CNTC00102,NTC002,2026,1,5432056.8,5572720.76,F5,SYNTHETIC_DEMO
1200,510100,CNTC00102,NTC002,2026,2,5440239.81,5376495.77,F5,SYNTHETIC_DEMO
1200,510100,CNTC00102,NTC002,2026,3,5111958.63,4966000.27,F5,SYNTHETIC_DEMO
1200,510100,CNTC00102,NTC002,2026,4,5225481.18,5422890.45,F5,SYNTHETIC_DEMO
1200,510100,CNTC00102,NTC002,2026,5,4904237.18,4776855.4,F5,SYNTHETIC_DEMO
1200,510100,CNTC00102,NTC002,2026,6,5729450.19,5726950.35,F5,SYNTHETIC_DEMO
1200,510100,CNTC00102,NTC002,2026,7,5282855.12,5405788.77,F5,SYNTHETIC_DEMO
1200,510100,CNTC00102,NTC002,2026,8,5716776.57,5822783.61,F5,SYNTHETIC_DEMO
1200,510100,CNTC00102,NTC002,2026,9,5254697.66,5140089.39,F5,SYNTHETIC_DEMO
1200,510100,CNTC00102,NTC002,2026,10,5099968.18,5350931.34,F5,SYNTHETIC_DEMO
1200,510100,CNTC00102,NTC002,2026,11,5564955.81,5740366.5,F5,SYNTHETIC_DEMO
1200,510100,CNTC00102,NTC002,2026,12,5297787.86,5414652.39,F5,SYNTHETIC_DEMO
1200,520100,CNTC00201,NTC001,2026,1,6786472.93,6837086.29,F5,SYNTHETIC_DEMO
1200,520100,CNTC00201,NTC001,2026,2,6542286.41,6364142.91,F5,SYNTHETIC_DEMO
1200,520100,CNTC00201,NTC001,2026,3,6871662.6,7180438.35,F5,SYNTHETIC_DEMO
1200,520100,CNTC00201,NTC001,2026,4,7068934.36,6928178.52,F5,SYNTHETIC_DEMO
1200,520100,CNTC00201,NTC001,2026,5,6980552.54,7038663.77,F5,SYNTHETIC_DEMO
1200,520100,CNTC00201,NTC001,2026,6,6902719.32,6815057.59,F5,SYNTHETIC_DEMO
1200,520100,CNTC00201,NTC001,2026,7,7175500.7,7065215.73,F5,SYNTHETIC_DEMO
1200,520100,CNTC00201,NTC001,2026,8,7234278.27,7394526.72,F5,SYNTHETIC_DEMO
1200,520100,CNTC00201,NTC001,2026,9,7419061.56,7786788.5,F5,SYNTHETIC_DEMO
1200,520100,CNTC00201,NTC001,2026,10,7026479.64,6908718.73,F5,SYNTHETIC_DEMO
1200,520100,CNTC00201,NTC001,2026,11,6450864.98,6512803.81,F5,SYNTHETIC_DEMO
1200,520100,CNTC00201,NTC001,2026,12,6784474.37,6633732.61,F5,SYNTHETIC_DEMO
1200,520200,CNTC00302,NTC002,2026,1,5708728.39,5822690.68,F5,SYNTHETIC_DEMO
1200,520200,CNTC00302,NTC002,2026,2,6261233.57,6268314.34,F5,SYNTHETIC_DEMO
1200,520200,CNTC00302,NTC002,2026,3,5713367.59,5777814.75,F5,SYNTHETIC_DEMO
1200,520200,CNTC00302,NTC002,2026,4,5483941.69,5658222.51,F5,SYNTHETIC_DEMO
1200,520200,CNTC00302,NTC002,2026,5,6130228.68,6184445.24,F5,SYNTHETIC_DEMO
1200,520200,CNTC00302,NTC002,2026,6,5485043.29,5527314.73,F5,SYNTHETIC_DEMO
1200,520200,CNTC00302,NTC002,2026,7,5971667.02,6176023.83,F5,SYNTHETIC_DEMO
1200,520200,CNTC00302,NTC002,2026,8,5643604.88,5654939.84,F5,SYNTHETIC_DEMO
1200,520200,CNTC00302,NTC002,2026,9,6276282.12,6321013.88,F5,SYNTHETIC_DEMO
1200,520200,CNTC00302,NTC002,2026,10,6091556.57,5941867.26,F5,SYNTHETIC_DEMO
1200,520200,CNTC00302,NTC002,2026,11,5928698.12,6039504.35,F5,SYNTHETIC_DEMO
1200,520200,CNTC00302,NTC002,2026,12,5894683.67,6022438.2,F5,SYNTHETIC_DEMO
1200,530100,CNTC00102,NTC002,2026,1,9634585.48,9917193.44,F5,SYNTHETIC_DEMO
1200,530100,CNTC00102,NTC002,2026,2,9962403.17,10448418.19,F5,SYNTHETIC_DEMO
1200,530100,CNTC00102,NTC002,2026,3,9276640.21,9337161.5,F5,SYNTHETIC_DEMO
1200,530100,CNTC00102,NTC002,2026,4,10089359.54,10076305.91,F5,SYNTHETIC_DEMO
1200,530100,CNTC00102,NTC002,2026,5,10352873.58,10722437.61,F5,SYNTHETIC_DEMO
1200,530100,CNTC00102,NTC002,2026,6,9627904.16,9754325.94,F5,SYNTHETIC_DEMO
1200,530100,CNTC00102,NTC002,2026,7,9345053.91,9786215.1,F5,SYNTHETIC_DEMO
1200,530100,CNTC00102,NTC002,2026,8,10435598.45,10602763.09,F5,SYNTHETIC_DEMO
1200,530100,CNTC00102,NTC002,2026,9,10164279.56,10555993.86,F5,SYNTHETIC_DEMO
1200,530100,CNTC00102,NTC002,2026,10,9736705.18,10200766.91,F5,SYNTHETIC_DEMO
1200,530100,CNTC00102,NTC002,2026,11,10527770.24,10485453.1,F5,SYNTHETIC_DEMO
1200,530100,CNTC00102,NTC002,2026,12,10122335.74,10559185.42,F5,SYNTHETIC_DEMO
1200,540100,CNTC00302,NTC002,2026,1,11319346.61,11111555.39,F5,SYNTHETIC_DEMO
1200,540100,CNTC00302,NTC002,2026,2,10301749.56,10172507.72,F5,SYNTHETIC_DEMO
1200,540100,CNTC00302,NTC002,2026,3,10355959.24,10171665.7,F5,SYNTHETIC_DEMO
1200,540100,CNTC00302,NTC002,2026,4,11015266.46,11411925.07,F5,SYNTHETIC_DEMO
1200,540100,CNTC00302,NTC002,2026,5,11575476.91,11871298.96,F5,SYNTHETIC_DEMO
1200,540100,CNTC00302,NTC002,2026,6,11165283.82,10984778.7,F5,SYNTHETIC_DEMO
1200,540100,CNTC00302,NTC002,2026,7,10496091.69,10327162.57,F5,SYNTHETIC_DEMO
1200,540100,CNTC00302,NTC002,2026,8,11831275.34,11723238.55,F5,SYNTHETIC_DEMO
1200,540100,CNTC00302,NTC002,2026,9,11088930.0,11487640.4,F5,SYNTHETIC_DEMO
1200,540100,CNTC00302,NTC002,2026,10,10801750.1,10625102.87,F5,SYNTHETIC_DEMO
1200,540100,CNTC00302,NTC002,2026,11,10334941.74,10111268.73,F5,SYNTHETIC_DEMO
1200,540100,CNTC00302,NTC002,2026,12,11457821.28,11568719.33,F5,SYNTHETIC_DEMO
1200,150100,CNTC00301,NTC001,2026,1,9393765.8,9370310.38,F5,SYNTHETIC_DEMO
1200,150100,CNTC00301,NTC001,2026,2,9561221.15,9738379.39,F5,SYNTHETIC_DEMO
1200,150100,CNTC00301,NTC001,2026,3,10245161.36,10344017.04,F5,SYNTHETIC_DEMO
1200,150100,CNTC00301,NTC001,2026,4,9872691.97,10226686.95,F5,SYNTHETIC_DEMO
1200,150100,CNTC00301,NTC001,2026,5,10056121.19,10055332.14,F5,SYNTHETIC_DEMO
1200,150100,CNTC00301,NTC001,2026,6,9976504.34,9712605.54,F5,SYNTHETIC_DEMO
1200,150100,CNTC00301,NTC001,2026,7,9901009.24,10277261.62,F5,SYNTHETIC_DEMO
1200,150100,CNTC00301,NTC001,2026,8,9061389.34,8951890.87,F5,SYNTHETIC_DEMO
1200,150100,CNTC00301,NTC001,2026,9,9218577.57,9004659.96,F5,SYNTHETIC_DEMO
1200,150100,CNTC00301,NTC001,2026,10,9085684.88,9019809.4,F5,SYNTHETIC_DEMO
1200,150100,CNTC00301,NTC001,2026,11,9432297.17,9735715.75,F5,SYNTHETIC_DEMO
1200,150100,CNTC00301,NTC001,2026,12,10515317.53,10627416.6,F5,SYNTHETIC_DEMO
1200,150200,CNTC00202,NTC002,2026,1,12148582.16,11870807.84,F5,SYNTHETIC_DEMO
1200,150200,CNTC00202,NTC002,2026,2,12016678.65,12493829.9,F5,SYNTHETIC_DEMO
1200,150200,CNTC00202,NTC002,2026,3,13386612.48,14052440.17,F5,SYNTHETIC_DEMO
1200,150200,CNTC00202,NTC002,2026,4,12766754.64,12701844.58,F5,SYNTHETIC_DEMO
1200,150200,CNTC00202,NTC002,2026,5,13472017.59,13461441.18,F5,SYNTHETIC_DEMO
1200,150200,CNTC00202,NTC002,2026,6,12751187.56,13072365.43,F5,SYNTHETIC_DEMO
1200,150200,CNTC00202,NTC002,2026,7,13395208.18,13074462.03,F5,SYNTHETIC_DEMO
1200,150200,CNTC00202,NTC002,2026,8,12109504.42,12149759.01,F5,SYNTHETIC_DEMO
1200,150200,CNTC00202,NTC002,2026,9,12522818.48,12698223.08,F5,SYNTHETIC_DEMO
1200,150200,CNTC00202,NTC002,2026,10,12405182.06,12358629.49,F5,SYNTHETIC_DEMO
1200,150200,CNTC00202,NTC002,2026,11,12848205.56,12928845.7,F5,SYNTHETIC_DEMO
1200,150200,CNTC00202,NTC002,2026,12,12186823.87,12295581.51,F5,SYNTHETIC_DEMO
1200,150300,CNTC00202,NTC002,2026,1,18727903.5,19266276.65,F5,SYNTHETIC_DEMO
1200,150300,CNTC00202,NTC002,2026,2,18874447.53,19522395.61,F5,SYNTHETIC_DEMO
1200,150300,CNTC00202,NTC002,2026,3,19906147.01,19517756.0,F5,SYNTHETIC_DEMO
1200,150300,CNTC00202,NTC002,2026,4,20008440.15,20583436.62,F5,SYNTHETIC_DEMO
1200,150300,CNTC00202,NTC002,2026,5,20189805.66,20628108.52,F5,SYNTHETIC_DEMO
1200,150300,CNTC00202,NTC002,2026,6,17393186.67,17662681.74,F5,SYNTHETIC_DEMO
1200,150300,CNTC00202,NTC002,2026,7,17777790.75,17820137.9,F5,SYNTHETIC_DEMO
1200,150300,CNTC00202,NTC002,2026,8,18425925.54,18507779.07,F5,SYNTHETIC_DEMO
1200,150300,CNTC00202,NTC002,2026,9,19165936.52,18650696.4,F5,SYNTHETIC_DEMO
1200,150300,CNTC00202,NTC002,2026,10,19866872.54,19381495.91,F5,SYNTHETIC_DEMO
1200,150300,CNTC00202,NTC002,2026,11,19227854.06,18797426.08,F5,SYNTHETIC_DEMO
1200,150300,CNTC00202,NTC002,2026,12,19323553.83,20208145.33,F5,SYNTHETIC_DEMO
1200,500100,CNTC00203,NTC003,2026,1,3098150.67,3166060.14,F5,SYNTHETIC_DEMO
1200,500100,CNTC00203,NTC003,2026,2,2723951.23,2735494.27,F5,SYNTHETIC_DEMO
1200,500100,CNTC00203,NTC003,2026,3,2895605.53,3020086.1,F5,SYNTHETIC_DEMO
1200,500100,CNTC00203,NTC003,2026,4,3830663.51,3784665.98,F5,SYNTHETIC_DEMO
1200,500100,CNTC00203,NTC003,2026,5,3315820.79,3345174.68,F5,SYNTHETIC_DEMO
1200,500100,CNTC00203,NTC003,2026,6,2826569.58,2761174.71,F5,SYNTHETIC_DEMO
1200,500100,CNTC00203,NTC003,2026,7,3161513.67,3283591.77,F5,SYNTHETIC_DEMO
1200,500100,CNTC00203,NTC003,2026,8,3163193.03,3079141.03,F5,SYNTHETIC_DEMO
1200,500100,CNTC00203,NTC003,2026,9,2833338.47,2886230.81,F5,SYNTHETIC_DEMO
1200,500100,CNTC00203,NTC003,2026,10,2927414.46,2952494.29,F5,SYNTHETIC_DEMO
1200,500100,CNTC00203,NTC003,2026,11,2913505.3,2857100.95,F5,SYNTHETIC_DEMO
1200,500100,CNTC00203,NTC003,2026,12,2859363.82,2902405.0,F5,SYNTHETIC_DEMO
1200,500200,CNTC00203,NTC003,2026,1,16113392.95,16696936.64,F5,SYNTHETIC_DEMO
1200,500200,CNTC00203,NTC003,2026,2,18051920.18,17655547.81,F5,SYNTHETIC_DEMO
1200,500200,CNTC00203,NTC003,2026,3,16907682.96,16617251.43,F5,SYNTHETIC_DEMO
1200,500200,CNTC00203,NTC003,2026,4,21694992.68,21109004.9,F5,SYNTHETIC_DEMO
1200,500200,CNTC00203,NTC003,2026,5,21569848.18,21475812.93,F5,SYNTHETIC_DEMO
1200,500200,CNTC00203,NTC003,2026,6,17330888.49,17382225.19,F5,SYNTHETIC_DEMO
1200,500200,CNTC00203,NTC003,2026,7,16605453.28,17057059.7,F5,SYNTHETIC_DEMO
1200,500200,CNTC00203,NTC003,2026,8,17305086.42,18058646.87,F5,SYNTHETIC_DEMO
1200,500200,CNTC00203,NTC003,2026,9,17806691.26,18615913.91,F5,SYNTHETIC_DEMO
1200,500200,CNTC00203,NTC003,2026,10,15745880.28,15350276.81,F5,SYNTHETIC_DEMO
1200,500200,CNTC00203,NTC003,2026,11,16093321.86,16019356.83,F5,SYNTHETIC_DEMO
1200,500200,CNTC00203,NTC003,2026,12,17102903.83,17283460.45,F5,SYNTHETIC_DEMO
1200,500300,CNTC00102,NTC002,2026,1,15706919.35,16183498.96,F5,SYNTHETIC_DEMO
1200,500300,CNTC00102,NTC002,2026,2,17045760.49,16957540.07,F5,SYNTHETIC_DEMO
1200,500300,CNTC00102,NTC002,2026,3,16346912.49,16783546.24,F5,SYNTHETIC_DEMO
1200,500300,CNTC00102,NTC002,2026,4,21498461.11,22379014.81,F5,SYNTHETIC_DEMO
1200,500300,CNTC00102,NTC002,2026,5,20131501.29,20520388.53,F5,SYNTHETIC_DEMO
1200,500300,CNTC00102,NTC002,2026,6,15272455.93,15718612.93,F5,SYNTHETIC_DEMO
1200,500300,CNTC00102,NTC002,2026,7,15989499.9,16181273.52,F5,SYNTHETIC_DEMO
1200,500300,CNTC00102,NTC002,2026,8,15377771.39,15210417.82,F5,SYNTHETIC_DEMO
1200,500300,CNTC00102,NTC002,2026,9,16590600.38,16338138.25,F5,SYNTHETIC_DEMO
1200,500300,CNTC00102,NTC002,2026,10,16175326.22,16983604.32,F5,SYNTHETIC_DEMO
1200,500300,CNTC00102,NTC002,2026,11,17698268.79,17186049.25,F5,SYNTHETIC_DEMO
1200,500300,CNTC00102,NTC002,2026,12,17592811.35,17821395.18,F5,SYNTHETIC_DEMO
1200,510100,CNTC00202,NTC002,2026,1,18460313.13,18993637.69,F5,SYNTHETIC_DEMO
1200,510100,CNTC00202,NTC002,2026,2,17741562.7,17381365.98,F5,SYNTHETIC_DEMO
1200,510100,CNTC00202,NTC002,2026,3,16926884.95,17232785.87,F5,SYNTHETIC_DEMO
1200,510100,CNTC00202,NTC002,2026,4,18841949.91,18809361.29,F5,SYNTHETIC_DEMO
1200,510100,CNTC00202,NTC002,2026,5,17624590.86,18183299.52,F5,SYNTHETIC_DEMO
1200,510100,CNTC00202,NTC002,2026,6,18210390.74,17679225.48,F5,SYNTHETIC_DEMO
1200,510100,CNTC00202,NTC002,2026,7,17228213.84,17094763.26,F5,SYNTHETIC_DEMO
1200,510100,CNTC00202,NTC002,2026,8,17464217.92,17853589.1,F5,SYNTHETIC_DEMO
1200,510100,CNTC00202,NTC002,2026,9,19407071.67,19680041.3,F5,SYNTHETIC_DEMO
1200,510100,CNTC00202,NTC002,2026,10,18540646.46,19133907.96,F5,SYNTHETIC_DEMO
1200,510100,CNTC00202,NTC002,2026,11,17955486.94,18817066.63,F5,SYNTHETIC_DEMO
1200,510100,CNTC00202,NTC002,2026,12,18691208.7,18975163.86,F5,SYNTHETIC_DEMO
1200,520100,CNTC00202,NTC002,2026,1,7084889.4,7041896.76,F5,SYNTHETIC_DEMO
1200,520100,CNTC00202,NTC002,2026,2,7304340.15,7272414.67,F5,SYNTHETIC_DEMO
1200,520100,CNTC00202,NTC002,2026,3,6943031.9,6946137.08,F5,SYNTHETIC_DEMO
1200,520100,CNTC00202,NTC002,2026,4,7284048.11,7291726.73,F5,SYNTHETIC_DEMO
1200,520100,CNTC00202,NTC002,2026,5,7450471.71,7295083.4,F5,SYNTHETIC_DEMO
1200,520100,CNTC00202,NTC002,2026,6,7165458.79,7002130.99,F5,SYNTHETIC_DEMO
1200,520100,CNTC00202,NTC002,2026,7,6806413.73,6906299.44,F5,SYNTHETIC_DEMO
1200,520100,CNTC00202,NTC002,2026,8,7488187.89,7630484.49,F5,SYNTHETIC_DEMO
1200,520100,CNTC00202,NTC002,2026,9,7126936.61,6975341.72,F5,SYNTHETIC_DEMO
1200,520100,CNTC00202,NTC002,2026,10,7795767.48,7627647.94,F5,SYNTHETIC_DEMO
1200,520100,CNTC00202,NTC002,2026,11,7671232.46,8018379.99,F5,SYNTHETIC_DEMO
1200,520100,CNTC00202,NTC002,2026,12,7673516.58,7979340.98,F5,SYNTHETIC_DEMO
1200,520200,CNTC00303,NTC003,2026,1,4637770.18,4781817.75,F5,SYNTHETIC_DEMO
1200,520200,CNTC00303,NTC003,2026,2,4169942.34,4302535.7,F5,SYNTHETIC_DEMO
1200,520200,CNTC00303,NTC003,2026,3,4127955.61,4288699.65,F5,SYNTHETIC_DEMO
1200,520200,CNTC00303,NTC003,2026,4,4252387.78,4385188.3,F5,SYNTHETIC_DEMO
1200,520200,CNTC00303,NTC003,2026,5,4200008.6,4158480.48,F5,SYNTHETIC_DEMO
1200,520200,CNTC00303,NTC003,2026,6,4093142.51,3998405.7,F5,SYNTHETIC_DEMO
1200,520200,CNTC00303,NTC003,2026,7,4388432.73,4577322.76,F5,SYNTHETIC_DEMO
1200,520200,CNTC00303,NTC003,2026,8,4048612.26,4037526.51,F5,SYNTHETIC_DEMO
1200,520200,CNTC00303,NTC003,2026,9,4436774.95,4547120.91,F5,SYNTHETIC_DEMO
1200,520200,CNTC00303,NTC003,2026,10,4082562.99,4189852.77,F5,SYNTHETIC_DEMO
1200,520200,CNTC00303,NTC003,2026,11,4204767.69,4248134.44,F5,SYNTHETIC_DEMO
1200,520200,CNTC00303,NTC003,2026,12,4329524.14,4348613.37,F5,SYNTHETIC_DEMO
1200,530100,CNTC00201,NTC001,2026,1,8158710.7,8150164.4,F5,SYNTHETIC_DEMO
1200,530100,CNTC00201,NTC001,2026,2,8660927.91,8929661.45,F5,SYNTHETIC_DEMO
1200,530100,CNTC00201,NTC001,2026,3,8314873.24,8361693.01,F5,SYNTHETIC_DEMO
1200,530100,CNTC00201,NTC001,2026,4,9098461.12,9481086.25,F5,SYNTHETIC_DEMO
1200,530100,CNTC00201,NTC001,2026,5,8869997.21,9022228.03,F5,SYNTHETIC_DEMO
1200,530100,CNTC00201,NTC001,2026,6,9221029.68,9197949.87,F5,SYNTHETIC_DEMO
1200,530100,CNTC00201,NTC001,2026,7,8165096.69,8470457.86,F5,SYNTHETIC_DEMO
1200,530100,CNTC00201,NTC001,2026,8,8994310.9,9434230.42,F5,SYNTHETIC_DEMO
1200,530100,CNTC00201,NTC001,2026,9,8590799.93,8379681.81,F5,SYNTHETIC_DEMO
1200,530100,CNTC00201,NTC001,2026,10,8076449.4,8263091.11,F5,SYNTHETIC_DEMO
1200,530100,CNTC00201,NTC001,2026,11,9043250.27,9415245.49,F5,SYNTHETIC_DEMO
1200,530100,CNTC00201,NTC001,2026,12,8377024.69,8486489.67,F5,SYNTHETIC_DEMO
1200,540100,CNTC00303,NTC003,2026,1,9788981.12,9629331.57,F5,SYNTHETIC_DEMO
1200,540100,CNTC00303,NTC003,2026,2,11232817.18,11664934.56,F5,SYNTHETIC_DEMO
1200,540100,CNTC00303,NTC003,2026,3,11018725.46,10938320.63,F5,SYNTHETIC_DEMO
1200,540100,CNTC00303,NTC003,2026,4,10571171.32,10463568.8,F5,SYNTHETIC_DEMO
1200,540100,CNTC00303,NTC003,2026,5,10005321.0,9767154.97,F5,SYNTHETIC_DEMO
1200,540100,CNTC00303,NTC003,2026,6,10853437.58,11383386.72,F5,SYNTHETIC_DEMO
1200,540100,CNTC00303,NTC003,2026,7,10950956.72,11412853.3,F5,SYNTHETIC_DEMO
1200,540100,CNTC00303,NTC003,2026,8,11434583.99,11858750.31,F5,SYNTHETIC_DEMO
1200,540100,CNTC00303,NTC003,2026,9,11434475.76,11302031.7,F5,SYNTHETIC_DEMO
1200,540100,CNTC00303,NTC003,2026,10,10596956.76,10970404.69,F5,SYNTHETIC_DEMO
1200,540100,CNTC00303,NTC003,2026,11,9864014.27,9774368.47,F5,SYNTHETIC_DEMO
1200,540100,CNTC00303,NTC003,2026,12,11048430.96,10819091.19,F5,SYNTHETIC_DEMO
1200,150100,CNTC00302,NTC002,2026,1,2420861.96,2442475.13,F5,SYNTHETIC_DEMO
1200,150100,CNTC00302,NTC002,2026,2,2464925.04,2582204.72,F5,SYNTHETIC_DEMO
1200,150100,CNTC00302,NTC002,2026,3,2605677.74,2656020.29,F5,SYNTHETIC_DEMO
1200,150100,CNTC00302,NTC002,2026,4,2590481.19,2613985.37,F5,SYNTHETIC_DEMO
1200,150100,CNTC00302,NTC002,2026,5,2295517.72,2298943.04,F5,SYNTHETIC_DEMO
1200,150100,CNTC00302,NTC002,2026,6,2301692.69,2254738.66,F5,SYNTHETIC_DEMO
1200,150100,CNTC00302,NTC002,2026,7,2313188.69,2405008.47,F5,SYNTHETIC_DEMO
1200,150100,CNTC00302,NTC002,2026,8,2381413.51,2495098.04,F5,SYNTHETIC_DEMO
1200,150100,CNTC00302,NTC002,2026,9,2453293.45,2392685.11,F5,SYNTHETIC_DEMO
1200,150100,CNTC00302,NTC002,2026,10,2483877.7,2460868.16,F5,SYNTHETIC_DEMO
1200,150100,CNTC00302,NTC002,2026,11,2479595.62,2453752.17,F5,SYNTHETIC_DEMO
1200,150100,CNTC00302,NTC002,2026,12,2373590.55,2437100.51,F5,SYNTHETIC_DEMO
1200,150200,CNTC00102,NTC002,2026,1,17520810.22,17581384.66,F5,SYNTHETIC_DEMO
1200,150200,CNTC00102,NTC002,2026,2,17496018.98,18316020.54,F5,SYNTHETIC_DEMO
1200,150200,CNTC00102,NTC002,2026,3,18386402.85,18846485.18,F5,SYNTHETIC_DEMO
1200,150200,CNTC00102,NTC002,2026,4,18890617.15,19704552.08,F5,SYNTHETIC_DEMO
1200,150200,CNTC00102,NTC002,2026,5,19596410.86,19461258.41,F5,SYNTHETIC_DEMO
1200,150200,CNTC00102,NTC002,2026,6,18446896.81,18331767.39,F5,SYNTHETIC_DEMO
1200,150200,CNTC00102,NTC002,2026,7,18496183.59,18136026.84,F5,SYNTHETIC_DEMO
1200,150200,CNTC00102,NTC002,2026,8,18882121.0,18804446.38,F5,SYNTHETIC_DEMO
1200,150200,CNTC00102,NTC002,2026,9,18603405.65,19270291.44,F5,SYNTHETIC_DEMO
1200,150200,CNTC00102,NTC002,2026,10,18633169.82,19039406.3,F5,SYNTHETIC_DEMO
1200,150200,CNTC00102,NTC002,2026,11,18831483.08,18825743.56,F5,SYNTHETIC_DEMO
1200,150200,CNTC00102,NTC002,2026,12,17010369.62,16655707.05,F5,SYNTHETIC_DEMO
1200,150300,CNTC00102,NTC002,2026,1,7548639.52,7396853.37,F5,SYNTHETIC_DEMO
1200,150300,CNTC00102,NTC002,2026,2,7942037.53,8199877.71,F5,SYNTHETIC_DEMO
1200,150300,CNTC00102,NTC002,2026,3,7985033.24,7746551.51,F5,SYNTHETIC_DEMO
1200,150300,CNTC00102,NTC002,2026,4,7045611.23,7281253.94,F5,SYNTHETIC_DEMO
1200,150300,CNTC00102,NTC002,2026,5,7424555.54,7795126.01,F5,SYNTHETIC_DEMO
1200,150300,CNTC00102,NTC002,2026,6,7923994.5,8039168.16,F5,SYNTHETIC_DEMO
1200,150300,CNTC00102,NTC002,2026,7,7530320.49,7584771.6,F5,SYNTHETIC_DEMO
1200,150300,CNTC00102,NTC002,2026,8,7117025.47,7315014.7,F5,SYNTHETIC_DEMO
1200,150300,CNTC00102,NTC002,2026,9,7939367.1,8144506.8,F5,SYNTHETIC_DEMO
1200,150300,CNTC00102,NTC002,2026,10,7060663.86,7249109.91,F5,SYNTHETIC_DEMO
1200,150300,CNTC00102,NTC002,2026,11,7851561.26,8190179.51,F5,SYNTHETIC_DEMO
1200,150300,CNTC00102,NTC002,2026,12,7947728.95,7942025.86,F5,SYNTHETIC_DEMO
1300,500100,CDX000201,DX001,2026,1,6899003.38,7046013.96,F5,SYNTHETIC_DEMO
1300,500100,CDX000201,DX001,2026,2,6517127.33,6611954.45,F5,SYNTHETIC_DEMO
1300,500100,CDX000201,DX001,2026,3,6939936.19,7144761.61,F5,SYNTHETIC_DEMO
1300,500100,CDX000201,DX001,2026,4,8303074.02,8301445.24,F5,SYNTHETIC_DEMO
1300,500100,CDX000201,DX001,2026,5,7655804.55,7815773.09,F5,SYNTHETIC_DEMO
1300,500100,CDX000201,DX001,2026,6,6697652.03,6937372.43,F5,SYNTHETIC_DEMO
1300,500100,CDX000201,DX001,2026,7,5967170.3,5808622.78,F5,SYNTHETIC_DEMO
1300,500100,CDX000201,DX001,2026,8,6661739.1,6724721.96,F5,SYNTHETIC_DEMO
1300,500100,CDX000201,DX001,2026,9,6415245.64,6600637.35,F5,SYNTHETIC_DEMO
1300,500100,CDX000201,DX001,2026,10,6870671.54,7112403.04,F5,SYNTHETIC_DEMO
1300,500100,CDX000201,DX001,2026,11,6845644.03,6779890.23,F5,SYNTHETIC_DEMO
1300,500100,CDX000201,DX001,2026,12,6932161.49,7185140.84,F5,SYNTHETIC_DEMO
1300,500200,CDX000301,DX001,2026,1,12921869.78,13233511.71,F5,SYNTHETIC_DEMO
1300,500200,CDX000301,DX001,2026,2,12904284.98,12923771.39,F5,SYNTHETIC_DEMO
1300,500200,CDX000301,DX001,2026,3,11842681.74,12419506.91,F5,SYNTHETIC_DEMO
1300,500200,CDX000301,DX001,2026,4,15544476.2,15098837.28,F5,SYNTHETIC_DEMO
1300,500200,CDX000301,DX001,2026,5,15347056.51,15594229.24,F5,SYNTHETIC_DEMO
1300,500200,CDX000301,DX001,2026,6,11767889.26,11531323.65,F5,SYNTHETIC_DEMO
1300,500200,CDX000301,DX001,2026,7,11254216.9,10931199.01,F5,SYNTHETIC_DEMO
1300,500200,CDX000301,DX001,2026,8,11695502.56,12207628.32,F5,SYNTHETIC_DEMO
1300,500200,CDX000301,DX001,2026,9,11224972.33,11410512.82,F5,SYNTHETIC_DEMO
1300,500200,CDX000301,DX001,2026,10,12107646.01,12313257.47,F5,SYNTHETIC_DEMO
1300,500200,CDX000301,DX001,2026,11,11286572.29,11041188.83,F5,SYNTHETIC_DEMO
1300,500200,CDX000301,DX001,2026,12,12320181.43,12499737.42,F5,SYNTHETIC_DEMO
1300,500300,CDX000201,DX001,2026,1,3094945.73,3021348.25,F5,SYNTHETIC_DEMO
1300,500300,CDX000201,DX001,2026,2,3010592.11,3152062.82,F5,SYNTHETIC_DEMO
1300,500300,CDX000201,DX001,2026,3,2842919.66,2891084.13,F5,SYNTHETIC_DEMO
1300,500300,CDX000201,DX001,2026,4,3364012.61,3356314.7,F5,SYNTHETIC_DEMO
1300,500300,CDX000201,DX001,2026,5,3525515.22,3497155.2,F5,SYNTHETIC_DEMO
1300,500300,CDX000201,DX001,2026,6,2772999.32,2822232.01,F5,SYNTHETIC_DEMO
1300,500300,CDX000201,DX001,2026,7,3023219.92,3013587.36,F5,SYNTHETIC_DEMO
1300,500300,CDX000201,DX001,2026,8,2820236.99,2837071.29,F5,SYNTHETIC_DEMO
1300,500300,CDX000201,DX001,2026,9,3040233.35,3042846.88,F5,SYNTHETIC_DEMO
1300,500300,CDX000201,DX001,2026,10,2761401.82,2739185.8,F5,SYNTHETIC_DEMO
1300,500300,CDX000201,DX001,2026,11,2721073.9,2729330.87,F5,SYNTHETIC_DEMO
1300,500300,CDX000201,DX001,2026,12,3079783.53,3127841.81,F5,SYNTHETIC_DEMO
1300,510100,CDX000301,DX001,2026,1,10612764.62,10538190.38,F5,SYNTHETIC_DEMO
1300,510100,CDX000301,DX001,2026,2,9977337.16,9924522.74,F5,SYNTHETIC_DEMO
1300,510100,CDX000301,DX001,2026,3,9519671.56,9350404.07,F5,SYNTHETIC_DEMO
1300,510100,CDX000301,DX001,2026,4,9560602.52,9648046.0,F5,SYNTHETIC_DEMO
1300,510100,CDX000301,DX001,2026,5,10563743.25,10685353.55,F5,SYNTHETIC_DEMO
1300,510100,CDX000301,DX001,2026,6,9699023.06,9522125.2,F5,SYNTHETIC_DEMO
1300,510100,CDX000301,DX001,2026,7,9557878.92,9892296.12,F5,SYNTHETIC_DEMO
1300,510100,CDX000301,DX001,2026,8,9773242.63,9983310.47,F5,SYNTHETIC_DEMO
1300,510100,CDX000301,DX001,2026,9,10354716.31,10235072.32,F5,SYNTHETIC_DEMO
1300,510100,CDX000301,DX001,2026,10,10272792.32,10490055.6,F5,SYNTHETIC_DEMO
1300,510100,CDX000301,DX001,2026,11,9645987.6,9572171.45,F5,SYNTHETIC_DEMO
1300,510100,CDX000301,DX001,2026,12,9658664.55,9943338.9,F5,SYNTHETIC_DEMO
1300,520100,CDX000301,DX001,2026,1,9973752.36,9698748.12,F5,SYNTHETIC_DEMO
1300,520100,CDX000301,DX001,2026,2,9721516.13,9601537.53,F5,SYNTHETIC_DEMO
1300,520100,CDX000301,DX001,2026,3,9257775.05,9299800.94,F5,SYNTHETIC_DEMO
1300,520100,CDX000301,DX001,2026,4,9556840.74,9885969.2,F5,SYNTHETIC_DEMO
1300,520100,CDX000301,DX001,2026,5,9570985.45,10024037.97,F5,SYNTHETIC_DEMO
1300,520100,CDX000301,DX001,2026,6,8985640.46,8812008.05,F5,SYNTHETIC_DEMO
1300,520100,CDX000301,DX001,2026,7,8833692.19,8696224.12,F5,SYNTHETIC_DEMO
1300,520100,CDX000301,DX001,2026,8,9773785.95,9651521.32,F5,SYNTHETIC_DEMO
1300,520100,CDX000301,DX001,2026,9,10089860.78,10166864.56,F5,SYNTHETIC_DEMO
1300,520100,CDX000301,DX001,2026,10,9412335.18,9385122.32,F5,SYNTHETIC_DEMO
1300,520100,CDX000301,DX001,2026,11,9340869.92,9767402.96,F5,SYNTHETIC_DEMO
1300,520100,CDX000301,DX001,2026,12,8948828.43,9327831.51,F5,SYNTHETIC_DEMO
1300,520200,CDX000301,DX001,2026,1,8644223.08,8672548.72,F5,SYNTHETIC_DEMO
1300,520200,CDX000301,DX001,2026,2,8682287.33,8563023.03,F5,SYNTHETIC_DEMO
1300,520200,CDX000301,DX001,2026,3,8066780.15,8468990.26,F5,SYNTHETIC_DEMO
1300,520200,CDX000301,DX001,2026,4,8516841.03,8737572.23,F5,SYNTHETIC_DEMO
1300,520200,CDX000301,DX001,2026,5,7810540.32,8110737.29,F5,SYNTHETIC_DEMO
1300,520200,CDX000301,DX001,2026,6,8817198.48,8994400.86,F5,SYNTHETIC_DEMO
1300,520200,CDX000301,DX001,2026,7,7651573.17,8010123.32,F5,SYNTHETIC_DEMO
1300,520200,CDX000301,DX001,2026,8,8094682.37,8139656.84,F5,SYNTHETIC_DEMO
1300,520200,CDX000301,DX001,2026,9,8392108.83,8260393.62,F5,SYNTHETIC_DEMO
1300,520200,CDX000301,DX001,2026,10,7961710.71,7995832.89,F5,SYNTHETIC_DEMO
1300,520200,CDX000301,DX001,2026,11,7611758.66,7550249.61,F5,SYNTHETIC_DEMO
1300,520200,CDX000301,DX001,2026,12,8092844.83,8495351.43,F5,SYNTHETIC_DEMO
1300,530100,CDX000201,DX001,2026,1,8681905.37,8442604.66,F5,SYNTHETIC_DEMO
1300,530100,CDX000201,DX001,2026,2,7802633.86,7955904.71,F5,SYNTHETIC_DEMO
1300,530100,CDX000201,DX001,2026,3,8539465.39,8762255.78,F5,SYNTHETIC_DEMO
1300,530100,CDX000201,DX001,2026,4,8374054.36,8427435.41,F5,SYNTHETIC_DEMO
1300,530100,CDX000201,DX001,2026,5,8540553.73,8519288.23,F5,SYNTHETIC_DEMO
1300,530100,CDX000201,DX001,2026,6,8933069.83,8729254.96,F5,SYNTHETIC_DEMO
1300,530100,CDX000201,DX001,2026,7,8594661.38,8526155.9,F5,SYNTHETIC_DEMO
1300,530100,CDX000201,DX001,2026,8,8627819.29,8777955.93,F5,SYNTHETIC_DEMO
1300,530100,CDX000201,DX001,2026,9,8193604.99,8492600.64,F5,SYNTHETIC_DEMO
1300,530100,CDX000201,DX001,2026,10,8509896.99,8789248.27,F5,SYNTHETIC_DEMO
1300,530100,CDX000201,DX001,2026,11,9093174.5,9154389.87,F5,SYNTHETIC_DEMO
1300,530100,CDX000201,DX001,2026,12,9107936.54,8847775.34,F5,SYNTHETIC_DEMO
1300,540100,CDX000301,DX001,2026,1,3797808.73,3737621.84,F5,SYNTHETIC_DEMO
1300,540100,CDX000301,DX001,2026,2,3948504.01,3853253.94,F5,SYNTHETIC_DEMO
1300,540100,CDX000301,DX001,2026,3,3763831.53,3702592.86,F5,SYNTHETIC_DEMO
1300,540100,CDX000301,DX001,2026,4,3638648.59,3711936.54,F5,SYNTHETIC_DEMO
1300,540100,CDX000301,DX001,2026,5,3775690.37,3753701.92,F5,SYNTHETIC_DEMO
1300,540100,CDX000301,DX001,2026,6,3967335.3,4150467.71,F5,SYNTHETIC_DEMO
1300,540100,CDX000301,DX001,2026,7,3815867.98,3813483.29,F5,SYNTHETIC_DEMO
1300,540100,CDX000301,DX001,2026,8,3687550.74,3769135.46,F5,SYNTHETIC_DEMO
1300,540100,CDX000301,DX001,2026,9,3625411.24,3652962.47,F5,SYNTHETIC_DEMO
1300,540100,CDX000301,DX001,2026,10,3989046.54,3970589.09,F5,SYNTHETIC_DEMO
1300,540100,CDX000301,DX001,2026,11,3790439.16,3907025.97,F5,SYNTHETIC_DEMO
1300,540100,CDX000301,DX001,2026,12,3791369.79,3856588.09,F5,SYNTHETIC_DEMO
1300,150100,CDX000301,DX001,2026,1,10657532.9,10914259.59,F5,SYNTHETIC_DEMO
1300,150100,CDX000301,DX001,2026,2,11075250.25,11024649.6,F5,SYNTHETIC_DEMO
1300,150100,CDX000301,DX001,2026,3,9877055.8,9767545.36,F5,SYNTHETIC_DEMO
1300,150100,CDX000301,DX001,2026,4,11018702.07,11284805.18,F5,SYNTHETIC_DEMO
1300,150100,CDX000301,DX001,2026,5,9762552.93,9695721.06,F5,SYNTHETIC_DEMO
1300,150100,CDX000301,DX001,2026,6,11177446.64,10947490.89,F5,SYNTHETIC_DEMO
1300,150100,CDX000301,DX001,2026,7,10604031.4,10326268.58,F5,SYNTHETIC_DEMO
1300,150100,CDX000301,DX001,2026,8,10458389.95,10210516.11,F5,SYNTHETIC_DEMO
1300,150100,CDX000301,DX001,2026,9,10842237.18,10946960.86,F5,SYNTHETIC_DEMO
1300,150100,CDX000301,DX001,2026,10,10458628.1,10859379.26,F5,SYNTHETIC_DEMO
1300,150100,CDX000301,DX001,2026,11,10824663.39,10892381.04,F5,SYNTHETIC_DEMO
1300,150100,CDX000301,DX001,2026,12,11021857.37,11486940.22,F5,SYNTHETIC_DEMO
1300,150200,CDX000201,DX001,2026,1,6131253.46,6415549.7,F5,SYNTHETIC_DEMO
1300,150200,CDX000201,DX001,2026,2,5774842.49,5744537.5,F5,SYNTHETIC_DEMO
1300,150200,CDX000201,DX001,2026,3,6178887.84,6431677.53,F5,SYNTHETIC_DEMO
1300,150200,CDX000201,DX001,2026,4,6402001.06,6434597.74,F5,SYNTHETIC_DEMO
1300,150200,CDX000201,DX001,2026,5,6314053.1,6553024.48,F5,SYNTHETIC_DEMO
1300,150200,CDX000201,DX001,2026,6,5886870.79,5788968.21,F5,SYNTHETIC_DEMO
1300,150200,CDX000201,DX001,2026,7,6362272.59,6207121.82,F5,SYNTHETIC_DEMO
1300,150200,CDX000201,DX001,2026,8,6322037.27,6536231.84,F5,SYNTHETIC_DEMO
1300,150200,CDX000201,DX001,2026,9,5750608.96,5990919.15,F5,SYNTHETIC_DEMO
1300,150200,CDX000201,DX001,2026,10,6421649.23,6284638.18,F5,SYNTHETIC_DEMO
1300,150200,CDX000201,DX001,2026,11,6230305.84,6194454.33,F5,SYNTHETIC_DEMO
1300,150200,CDX000201,DX001,2026,12,5793966.89,5992484.15,F5,SYNTHETIC_DEMO
1300,150300,CDX000101,DX001,2026,1,7775352.82,8160164.9,F5,SYNTHETIC_DEMO
1300,150300,CDX000101,DX001,2026,2,8739835.27,8628043.67,F5,SYNTHETIC_DEMO
1300,150300,CDX000101,DX001,2026,3,8545628.64,8771812.71,F5,SYNTHETIC_DEMO
1300,150300,CDX000101,DX001,2026,4,7827764.06,7810897.97,F5,SYNTHETIC_DEMO
1300,150300,CDX000101,DX001,2026,5,8610129.42,8566132.87,F5,SYNTHETIC_DEMO
1300,150300,CDX000101,DX001,2026,6,8507436.13,8805875.31,F5,SYNTHETIC_DEMO
1300,150300,CDX000101,DX001,2026,7,7715090.51,7642810.5,F5,SYNTHETIC_DEMO
1300,150300,CDX000101,DX001,2026,8,8694293.49,8736983.6,F5,SYNTHETIC_DEMO
1300,150300,CDX000101,DX001,2026,9,8668689.48,8826551.88,F5,SYNTHETIC_DEMO
1300,150300,CDX000101,DX001,2026,10,8504029.03,8499408.6,F5,SYNTHETIC_DEMO
1300,150300,CDX000101,DX001,2026,11,8175923.71,8298460.89,F5,SYNTHETIC_DEMO
1300,150300,CDX000101,DX001,2026,12,7729116.18,7839690.32,F5,SYNTHETIC_DEMO
1300,500100,CDX000101,DX001,2026,1,15755016.54,15523277.69,F5,SYNTHETIC_DEMO
1300,500100,CDX000101,DX001,2026,2,16255849.12,16381606.18,F5,SYNTHETIC_DEMO
1300,500100,CDX000101,DX001,2026,3,17639223.01,18372484.2,F5,SYNTHETIC_DEMO
1300,500100,CDX000101,DX001,2026,4,19773174.69,20281817.84,F5,SYNTHETIC_DEMO
1300,500100,CDX000101,DX001,2026,5,20790109.19,21662073.73,F5,SYNTHETIC_DEMO
1300,500100,CDX000101,DX001,2026,6,15778658.75,15322776.78,F5,SYNTHETIC_DEMO
1300,500100,CDX000101,DX001,2026,7,17194338.88,17581537.41,F5,SYNTHETIC_DEMO
1300,500100,CDX000101,DX001,2026,8,17841082.62,17822075.4,F5,SYNTHETIC_DEMO
1300,500100,CDX000101,DX001,2026,9,17820892.64,18422158.41,F5,SYNTHETIC_DEMO
1300,500100,CDX000101,DX001,2026,10,18146009.09,17970052.26,F5,SYNTHETIC_DEMO
1300,500100,CDX000101,DX001,2026,11,17625273.12,17365325.43,F5,SYNTHETIC_DEMO
1300,500100,CDX000101,DX001,2026,12,16354077.93,15948316.89,F5,SYNTHETIC_DEMO
1300,500200,CDX000302,DX002,2026,1,2771695.19,2802222.69,F5,SYNTHETIC_DEMO
1300,500200,CDX000302,DX002,2026,2,2749879.14,2742288.65,F5,SYNTHETIC_DEMO
1300,500200,CDX000302,DX002,2026,3,2983470.98,2919877.44,F5,SYNTHETIC_DEMO
1300,500200,CDX000302,DX002,2026,4,3511851.12,3557151.01,F5,SYNTHETIC_DEMO
1300,500200,CDX000302,DX002,2026,5,3458912.85,3624392.9,F5,SYNTHETIC_DEMO
1300,500200,CDX000302,DX002,2026,6,3027099.44,2987675.01,F5,SYNTHETIC_DEMO
1300,500200,CDX000302,DX002,2026,7,3167727.3,3074543.18,F5,SYNTHETIC_DEMO
1300,500200,CDX000302,DX002,2026,8,3192986.22,3276563.56,F5,SYNTHETIC_DEMO
1300,500200,CDX000302,DX002,2026,9,3081853.11,3111888.28,F5,SYNTHETIC_DEMO
1300,500200,CDX000302,DX002,2026,10,2744450.57,2779708.36,F5,SYNTHETIC_DEMO
1300,500200,CDX000302,DX002,2026,11,3062932.02,3180456.43,F5,SYNTHETIC_DEMO
1300,500200,CDX000302,DX002,2026,12,3052476.5,3081419.63,F5,SYNTHETIC_DEMO
1300,500300,CDX000202,DX002,2026,1,7811537.59,8032079.87,F5,SYNTHETIC_DEMO
1300,500300,CDX000202,DX002,2026,2,7947518.53,7723789.62,F5,SYNTHETIC_DEMO
1300,500300,CDX000202,DX002,2026,3,7705522.14,7525564.77,F5,SYNTHETIC_DEMO
1300,500300,CDX000202,DX002,2026,4,9385556.64,9513756.85,F5,SYNTHETIC_DEMO
1300,500300,CDX000202,DX002,2026,5,9113089.51,9175730.64,F5,SYNTHETIC_DEMO
1300,500300,CDX000202,DX002,2026,6,6809114.41,6606298.11,F5,SYNTHETIC_DEMO
1300,500300,CDX000202,DX002,2026,7,7551635.4,7627787.28,F5,SYNTHETIC_DEMO
1300,500300,CDX000202,DX002,2026,8,7089227.29,7218054.78,F5,SYNTHETIC_DEMO
1300,500300,CDX000202,DX002,2026,9,7525745.88,7759538.05,F5,SYNTHETIC_DEMO
1300,500300,CDX000202,DX002,2026,10,7444491.87,7599122.64,F5,SYNTHETIC_DEMO
1300,500300,CDX000202,DX002,2026,11,7016648.71,6816604.37,F5,SYNTHETIC_DEMO
1300,500300,CDX000202,DX002,2026,12,7292153.74,7186256.61,F5,SYNTHETIC_DEMO
1300,510100,CDX000101,DX001,2026,1,3541162.5,3651616.57,F5,SYNTHETIC_DEMO
1300,510100,CDX000101,DX001,2026,2,3409070.23,3357916.23,F5,SYNTHETIC_DEMO
1300,510100,CDX000101,DX001,2026,3,3203128.67,3217111.24,F5,SYNTHETIC_DEMO
1300,510100,CDX000101,DX001,2026,4,3353469.83,3425013.56,F5,SYNTHETIC_DEMO
1300,510100,CDX000101,DX001,2026,5,3355690.4,3371990.95,F5,SYNTHETIC_DEMO
1300,510100,CDX000101,DX001,2026,6,3390557.66,3324275.99,F5,SYNTHETIC_DEMO
1300,510100,CDX000101,DX001,2026,7,3600406.62,3638883.23,F5,SYNTHETIC_DEMO
1300,510100,CDX000101,DX001,2026,8,3370548.56,3289631.67,F5,SYNTHETIC_DEMO
1300,510100,CDX000101,DX001,2026,9,3543928.51,3601389.72,F5,SYNTHETIC_DEMO
1300,510100,CDX000101,DX001,2026,10,3682493.67,3725452.61,F5,SYNTHETIC_DEMO
1300,510100,CDX000101,DX001,2026,11,3539027.38,3514025.61,F5,SYNTHETIC_DEMO
1300,510100,CDX000101,DX001,2026,12,3169733.45,3119266.95,F5,SYNTHETIC_DEMO
1300,520100,CDX000302,DX002,2026,1,6285825.42,6155817.08,F5,SYNTHETIC_DEMO
1300,520100,CDX000302,DX002,2026,2,5956342.11,6177559.79,F5,SYNTHETIC_DEMO
1300,520100,CDX000302,DX002,2026,3,6195762.47,6281937.12,F5,SYNTHETIC_DEMO
1300,520100,CDX000302,DX002,2026,4,6131970.74,6172091.33,F5,SYNTHETIC_DEMO
1300,520100,CDX000302,DX002,2026,5,5907291.69,5979772.91,F5,SYNTHETIC_DEMO
1300,520100,CDX000302,DX002,2026,6,6186881.21,6316246.02,F5,SYNTHETIC_DEMO
1300,520100,CDX000302,DX002,2026,7,6192510.11,6301198.94,F5,SYNTHETIC_DEMO
1300,520100,CDX000302,DX002,2026,8,6189595.15,6062999.28,F5,SYNTHETIC_DEMO
1300,520100,CDX000302,DX002,2026,9,5901478.87,6169826.34,F5,SYNTHETIC_DEMO
1300,520100,CDX000302,DX002,2026,10,5521985.04,5618353.38,F5,SYNTHETIC_DEMO
1300,520100,CDX000302,DX002,2026,11,6205966.22,6408798.97,F5,SYNTHETIC_DEMO
1300,520100,CDX000302,DX002,2026,12,5680582.85,5725724.3,F5,SYNTHETIC_DEMO
1300,520200,CDX000302,DX002,2026,1,9079739.4,9000113.34,F5,SYNTHETIC_DEMO
1300,520200,CDX000302,DX002,2026,2,9164174.05,9144691.42,F5,SYNTHETIC_DEMO
1300,520200,CDX000302,DX002,2026,3,8375158.13,8406649.66,F5,SYNTHETIC_DEMO
1300,520200,CDX000302,DX002,2026,4,8415608.81,8711639.11,F5,SYNTHETIC_DEMO
1300,520200,CDX000302,DX002,2026,5,8254562.62,8175382.75,F5,SYNTHETIC_DEMO
1300,520200,CDX000302,DX002,2026,6,8094981.01,8375159.14,F5,SYNTHETIC_DEMO
1300,520200,CDX000302,DX002,2026,7,8843096.65,9208503.37,F5,SYNTHETIC_DEMO
1300,520200,CDX000302,DX002,2026,8,9267092.32,9208976.56,F5,SYNTHETIC_DEMO
1300,520200,CDX000302,DX002,2026,9,8755337.91,8687505.76,F5,SYNTHETIC_DEMO
1300,520200,CDX000302,DX002,2026,10,9407249.63,9552678.94,F5,SYNTHETIC_DEMO
1300,520200,CDX000302,DX002,2026,11,8197327.45,8532501.05,F5,SYNTHETIC_DEMO
1300,520200,CDX000302,DX002,2026,12,8893791.82,9253980.39,F5,SYNTHETIC_DEMO
1300,530100,CDX000202,DX002,2026,1,19741601.56,20351349.9,F5,SYNTHETIC_DEMO
1300,530100,CDX000202,DX002,2026,2,18998457.68,19279923.7,F5,SYNTHETIC_DEMO
1300,530100,CDX000202,DX002,2026,3,17371253.47,17508872.95,F5,SYNTHETIC_DEMO
1300,530100,CDX000202,DX002,2026,4,17610391.8,17463769.47,F5,SYNTHETIC_DEMO
1300,530100,CDX000202,DX002,2026,5,19075144.59,18828708.98,F5,SYNTHETIC_DEMO
1300,530100,CDX000202,DX002,2026,6,17982840.04,18455590.71,F5,SYNTHETIC_DEMO
1300,530100,CDX000202,DX002,2026,7,19428904.38,18967437.19,F5,SYNTHETIC_DEMO
1300,530100,CDX000202,DX002,2026,8,19492520.78,18945704.31,F5,SYNTHETIC_DEMO
1300,530100,CDX000202,DX002,2026,9,17757508.98,17656147.82,F5,SYNTHETIC_DEMO
1300,530100,CDX000202,DX002,2026,10,17815323.71,17876114.12,F5,SYNTHETIC_DEMO
1300,530100,CDX000202,DX002,2026,11,17354080.36,17794114.66,F5,SYNTHETIC_DEMO
1300,530100,CDX000202,DX002,2026,12,19317552.05,19899996.0,F5,SYNTHETIC_DEMO
1300,540100,CDX000201,DX001,2026,1,5382489.85,5234726.62,F5,SYNTHETIC_DEMO
1300,540100,CDX000201,DX001,2026,2,4749987.52,4943207.28,F5,SYNTHETIC_DEMO
1300,540100,CDX000201,DX001,2026,3,5181504.39,5216055.5,F5,SYNTHETIC_DEMO
1300,540100,CDX000201,DX001,2026,4,5396903.16,5321668.2,F5,SYNTHETIC_DEMO
1300,540100,CDX000201,DX001,2026,5,4760760.76,4967505.55,F5,SYNTHETIC_DEMO
1300,540100,CDX000201,DX001,2026,6,4610664.4,4664374.29,F5,SYNTHETIC_DEMO
1300,540100,CDX000201,DX001,2026,7,4954642.83,4916013.2,F5,SYNTHETIC_DEMO
1300,540100,CDX000201,DX001,2026,8,4936281.93,4931232.28,F5,SYNTHETIC_DEMO
1300,540100,CDX000201,DX001,2026,9,4699817.76,4619952.32,F5,SYNTHETIC_DEMO
1300,540100,CDX000201,DX001,2026,10,4905382.27,4797467.12,F5,SYNTHETIC_DEMO
1300,540100,CDX000201,DX001,2026,11,5390429.01,5416512.82,F5,SYNTHETIC_DEMO
1300,540100,CDX000201,DX001,2026,12,5189813.84,5201673.54,F5,SYNTHETIC_DEMO
1300,150100,CDX000302,DX002,2026,1,11762194.48,12296086.14,F5,SYNTHETIC_DEMO
1300,150100,CDX000302,DX002,2026,2,12036913.55,11882535.64,F5,SYNTHETIC_DEMO
1300,150100,CDX000302,DX002,2026,3,11971694.86,11938878.11,F5,SYNTHETIC_DEMO
1300,150100,CDX000302,DX002,2026,4,12448356.88,12827878.25,F5,SYNTHETIC_DEMO
1300,150100,CDX000302,DX002,2026,5,12415578.37,12072793.42,F5,SYNTHETIC_DEMO
1300,150100,CDX000302,DX002,2026,6,12259104.86,12508621.3,F5,SYNTHETIC_DEMO
1300,150100,CDX000302,DX002,2026,7,11052176.32,10737980.91,F5,SYNTHETIC_DEMO
1300,150100,CDX000302,DX002,2026,8,11244796.46,11665060.12,F5,SYNTHETIC_DEMO
1300,150100,CDX000302,DX002,2026,9,12497383.17,12809184.64,F5,SYNTHETIC_DEMO
1300,150100,CDX000302,DX002,2026,10,12074418.96,11889817.99,F5,SYNTHETIC_DEMO
1300,150100,CDX000302,DX002,2026,11,11700899.6,11843906.99,F5,SYNTHETIC_DEMO
1300,150100,CDX000302,DX002,2026,12,12023248.9,12607736.36,F5,SYNTHETIC_DEMO
1300,150200,CDX000101,DX001,2026,1,8511242.32,8400175.36,F5,SYNTHETIC_DEMO
1300,150200,CDX000101,DX001,2026,2,9808463.11,9906654.3,F5,SYNTHETIC_DEMO
1300,150200,CDX000101,DX001,2026,3,8725898.67,8606821.22,F5,SYNTHETIC_DEMO
1300,150200,CDX000101,DX001,2026,4,8580502.67,8875789.33,F5,SYNTHETIC_DEMO
1300,150200,CDX000101,DX001,2026,5,8608125.94,8627464.49,F5,SYNTHETIC_DEMO
1300,150200,CDX000101,DX001,2026,6,8583205.62,8474211.82,F5,SYNTHETIC_DEMO
1300,150200,CDX000101,DX001,2026,7,8914196.95,8719285.85,F5,SYNTHETIC_DEMO
1300,150200,CDX000101,DX001,2026,8,8732499.33,8898928.66,F5,SYNTHETIC_DEMO
1300,150200,CDX000101,DX001,2026,9,9221806.23,9222411.03,F5,SYNTHETIC_DEMO
1300,150200,CDX000101,DX001,2026,10,9168663.96,9076416.89,F5,SYNTHETIC_DEMO
1300,150200,CDX000101,DX001,2026,11,8915319.46,8791297.84,F5,SYNTHETIC_DEMO
1300,150200,CDX000101,DX001,2026,12,9219183.99,9210711.41,F5,SYNTHETIC_DEMO
1300,150300,CDX000201,DX001,2026,1,15099518.36,15433087.4,F5,SYNTHETIC_DEMO
1300,150300,CDX000201,DX001,2026,2,16123221.34,16623204.16,F5,SYNTHETIC_DEMO
1300,150300,CDX000201,DX001,2026,3,16439557.39,16492986.32,F5,SYNTHETIC_DEMO
1300,150300,CDX000201,DX001,2026,4,14733718.68,14479933.84,F5,SYNTHETIC_DEMO
1300,150300,CDX000201,DX001,2026,5,14768776.43,15297215.2,F5,SYNTHETIC_DEMO
1300,150300,CDX000201,DX001,2026,6,15970808.79,16397823.17,F5,SYNTHETIC_DEMO
1300,150300,CDX000201,DX001,2026,7,15569502.4,15998190.65,F5,SYNTHETIC_DEMO
1300,150300,CDX000201,DX001,2026,8,16429295.05,16657503.62,F5,SYNTHETIC_DEMO
1300,150300,CDX000201,DX001,2026,9,15958339.93,16546510.97,F5,SYNTHETIC_DEMO
1300,150300,CDX000201,DX001,2026,10,14454163.17,14526248.23,F5,SYNTHETIC_DEMO
1300,150300,CDX000201,DX001,2026,11,16261264.42,16551801.63,F5,SYNTHETIC_DEMO
1300,150300,CDX000201,DX001,2026,12,16443758.28,16358834.29,F5,SYNTHETIC_DEMO
1300,500100,CDX000202,DX002,2026,1,8412126.84,8660063.01,F5,SYNTHETIC_DEMO
1300,500100,CDX000202,DX002,2026,2,9727221.48,10150291.02,F5,SYNTHETIC_DEMO
1300,500100,CDX000202,DX002,2026,3,8855147.11,9000812.07,F5,SYNTHETIC_DEMO
1300,500100,CDX000202,DX002,2026,4,11608178.69,11921107.84,F5,SYNTHETIC_DEMO
1300,500100,CDX000202,DX002,2026,5,11343829.2,11693076.71,F5,SYNTHETIC_DEMO
1300,500100,CDX000202,DX002,2026,6,8405146.39,8322005.59,F5,SYNTHETIC_DEMO
1300,500100,CDX000202,DX002,2026,7,9348064.78,9692082.49,F5,SYNTHETIC_DEMO
1300,500100,CDX000202,DX002,2026,8,9391953.88,9685832.68,F5,SYNTHETIC_DEMO
1300,500100,CDX000202,DX002,2026,9,8807333.42,8638541.41,F5,SYNTHETIC_DEMO
1300,500100,CDX000202,DX002,2026,10,8400535.55,8548153.26,F5,SYNTHETIC_DEMO
1300,500100,CDX000202,DX002,2026,11,8767752.33,8934017.02,F5,SYNTHETIC_DEMO
1300,500100,CDX000202,DX002,2026,12,9206563.29,9464756.63,F5,SYNTHETIC_DEMO
1300,500200,CDX000201,DX001,2026,1,11749207.01,12005351.9,F5,SYNTHETIC_DEMO
1300,500200,CDX000201,DX001,2026,2,10821112.15,11149810.08,F5,SYNTHETIC_DEMO
1300,500200,CDX000201,DX001,2026,3,11070467.41,11540541.3,F5,SYNTHETIC_DEMO
1300,500200,CDX000201,DX001,2026,4,12595789.25,12364660.6,F5,SYNTHETIC_DEMO
1300,500200,CDX000201,DX001,2026,5,12427230.77,12893540.69,F5,SYNTHETIC_DEMO
1300,500200,CDX000201,DX001,2026,6,11412018.8,11152101.27,F5,SYNTHETIC_DEMO
1300,500200,CDX000201,DX001,2026,7,10357175.29,10626897.93,F5,SYNTHETIC_DEMO
1300,500200,CDX000201,DX001,2026,8,10278567.62,10466325.27,F5,SYNTHETIC_DEMO
1300,500200,CDX000201,DX001,2026,9,11017867.78,10798430.41,F5,SYNTHETIC_DEMO
1300,500200,CDX000201,DX001,2026,10,10295159.76,10031267.68,F5,SYNTHETIC_DEMO
1300,500200,CDX000201,DX001,2026,11,10705499.91,10746456.97,F5,SYNTHETIC_DEMO
1300,500200,CDX000201,DX001,2026,12,10164025.79,9984185.19,F5,SYNTHETIC_DEMO
1300,500300,CDX000203,DX003,2026,1,12814379.47,12950397.99,F5,SYNTHETIC_DEMO
1300,500300,CDX000203,DX003,2026,2,13958136.7,14424817.74,F5,SYNTHETIC_DEMO
1300,500300,CDX000203,DX003,2026,3,13860193.08,13498866.99,F5,SYNTHETIC_DEMO
1300,500300,CDX000203,DX003,2026,4,15535409.59,16207830.98,F5,SYNTHETIC_DEMO
1300,500300,CDX000203,DX003,2026,5,14589844.14,14255481.06,F5,SYNTHETIC_DEMO
1300,500300,CDX000203,DX003,2026,6,13062614.21,13335449.83,F5,SYNTHETIC_DEMO
1300,500300,CDX000203,DX003,2026,7,14002118.13,13748709.96,F5,SYNTHETIC_DEMO
1300,500300,CDX000203,DX003,2026,8,13130494.01,12956730.29,F5,SYNTHETIC_DEMO
1300,500300,CDX000203,DX003,2026,9,13636265.91,13912370.94,F5,SYNTHETIC_DEMO
1300,500300,CDX000203,DX003,2026,10,12784322.17,12458087.04,F5,SYNTHETIC_DEMO
1300,500300,CDX000203,DX003,2026,11,13869816.8,14102504.28,F5,SYNTHETIC_DEMO
1300,500300,CDX000203,DX003,2026,12,12486497.22,12460992.09,F5,SYNTHETIC_DEMO
1300,510100,CDX000102,DX002,2026,1,16457361.28,16680558.56,F5,SYNTHETIC_DEMO
1300,510100,CDX000102,DX002,2026,2,16298980.73,16043110.62,F5,SYNTHETIC_DEMO
1300,510100,CDX000102,DX002,2026,3,17452965.71,17782211.85,F5,SYNTHETIC_DEMO
1300,510100,CDX000102,DX002,2026,4,17115132.03,17683254.97,F5,SYNTHETIC_DEMO
1300,510100,CDX000102,DX002,2026,5,18395130.67,17995347.15,F5,SYNTHETIC_DEMO
1300,510100,CDX000102,DX002,2026,6,17296339.56,17312603.85,F5,SYNTHETIC_DEMO
1300,510100,CDX000102,DX002,2026,7,17467891.13,17863646.24,F5,SYNTHETIC_DEMO
1300,510100,CDX000102,DX002,2026,8,16801452.05,16861014.15,F5,SYNTHETIC_DEMO
1300,510100,CDX000102,DX002,2026,9,17349525.64,17746157.0,F5,SYNTHETIC_DEMO
1300,510100,CDX000102,DX002,2026,10,18872132.6,19233697.56,F5,SYNTHETIC_DEMO
1300,510100,CDX000102,DX002,2026,11,17768507.09,17525906.46,F5,SYNTHETIC_DEMO
1300,510100,CDX000102,DX002,2026,12,17499656.43,18320266.39,F5,SYNTHETIC_DEMO
1300,520100,CDX000101,DX001,2026,1,11996379.42,12020834.76,F5,SYNTHETIC_DEMO
1300,520100,CDX000101,DX001,2026,2,13375226.08,13693824.04,F5,SYNTHETIC_DEMO
1300,520100,CDX000101,DX001,2026,3,12799766.9,13193522.46,F5,SYNTHETIC_DEMO
1300,520100,CDX000101,DX001,2026,4,13298638.27,13417547.92,F5,SYNTHETIC_DEMO
1300,520100,CDX000101,DX001,2026,5,11981601.03,12190804.81,F5,SYNTHETIC_DEMO
1300,520100,CDX000101,DX001,2026,6,12573453.13,12336360.02,F5,SYNTHETIC_DEMO
1300,520100,CDX000101,DX001,2026,7,13032427.15,12893143.75,F5,SYNTHETIC_DEMO
1300,520100,CDX000101,DX001,2026,8,12183670.31,12690503.67,F5,SYNTHETIC_DEMO
1300,520100,CDX000101,DX001,2026,9,13060938.77,12755665.33,F5,SYNTHETIC_DEMO
1300,520100,CDX000101,DX001,2026,10,13492463.03,13708917.25,F5,SYNTHETIC_DEMO
1300,520100,CDX000101,DX001,2026,11,12141978.86,12571611.41,F5,SYNTHETIC_DEMO
1300,520100,CDX000101,DX001,2026,12,12565484.59,12261308.62,F5,SYNTHETIC_DEMO
1300,520200,CDX000303,DX003,2026,1,20262538.37,21214399.42,F5,SYNTHETIC_DEMO
1300,520200,CDX000303,DX003,2026,2,19391452.32,19928918.58,F5,SYNTHETIC_DEMO
1300,520200,CDX000303,DX003,2026,3,20082598.05,20821943.24,F5,SYNTHETIC_DEMO
1300,520200,CDX000303,DX003,2026,4,20069648.28,20683333.61,F5,SYNTHETIC_DEMO
1300,520200,CDX000303,DX003,2026,5,18685584.67,19475889.05,F5,SYNTHETIC_DEMO
1300,520200,CDX000303,DX003,2026,6,20015483.89,20919288.44,F5,SYNTHETIC_DEMO
1300,520200,CDX000303,DX003,2026,7,17614543.37,18086236.1,F5,SYNTHETIC_DEMO
1300,520200,CDX000303,DX003,2026,8,19988707.54,20756359.7,F5,SYNTHETIC_DEMO
1300,520200,CDX000303,DX003,2026,9,19497752.43,19166865.61,F5,SYNTHETIC_DEMO
1300,520200,CDX000303,DX003,2026,10,19224266.71,20148359.48,F5,SYNTHETIC_DEMO
1300,520200,CDX000303,DX003,2026,11,19654291.52,20199630.22,F5,SYNTHETIC_DEMO
1300,520200,CDX000303,DX003,2026,12,19572181.83,19680288.73,F5,SYNTHETIC_DEMO
1300,530100,CDX000101,DX001,2026,1,10816890.76,10982477.39,F5,SYNTHETIC_DEMO
1300,530100,CDX000101,DX001,2026,2,11493447.91,11154957.17,F5,SYNTHETIC_DEMO
1300,530100,CDX000101,DX001,2026,3,10728089.78,10798036.11,F5,SYNTHETIC_DEMO
1300,530100,CDX000101,DX001,2026,4,10894123.09,10913650.45,F5,SYNTHETIC_DEMO
1300,530100,CDX000101,DX001,2026,5,10548565.95,11026901.86,F5,SYNTHETIC_DEMO
1300,530100,CDX000101,DX001,2026,6,10762954.96,10950663.39,F5,SYNTHETIC_DEMO
1300,530100,CDX000101,DX001,2026,7,10223053.83,10176028.87,F5,SYNTHETIC_DEMO
1300,530100,CDX000101,DX001,2026,8,11116146.15,11233527.16,F5,SYNTHETIC_DEMO
1300,530100,CDX000101,DX001,2026,9,10680538.18,11162327.63,F5,SYNTHETIC_DEMO
1300,530100,CDX000101,DX001,2026,10,10003519.03,10301114.41,F5,SYNTHETIC_DEMO
1300,530100,CDX000101,DX001,2026,11,11030852.21,10843358.31,F5,SYNTHETIC_DEMO
1300,530100,CDX000101,DX001,2026,12,10056420.33,9868181.63,F5,SYNTHETIC_DEMO
1300,540100,CDX000302,DX002,2026,1,10556178.48,10517771.35,F5,SYNTHETIC_DEMO
1300,540100,CDX000302,DX002,2026,2,9935881.53,10275190.1,F5,SYNTHETIC_DEMO
1300,540100,CDX000302,DX002,2026,3,9133537.72,9472908.59,F5,SYNTHETIC_DEMO
1300,540100,CDX000302,DX002,2026,4,10264035.27,10043499.95,F5,SYNTHETIC_DEMO
1300,540100,CDX000302,DX002,2026,5,10507040.61,10732217.15,F5,SYNTHETIC_DEMO
1300,540100,CDX000302,DX002,2026,6,10228705.51,9956700.63,F5,SYNTHETIC_DEMO
1300,540100,CDX000302,DX002,2026,7,10312737.92,10172621.55,F5,SYNTHETIC_DEMO
1300,540100,CDX000302,DX002,2026,8,10016478.89,9940259.13,F5,SYNTHETIC_DEMO
1300,540100,CDX000302,DX002,2026,9,9314616.12,9436262.34,F5,SYNTHETIC_DEMO
1300,540100,CDX000302,DX002,2026,10,9746653.32,9659739.15,F5,SYNTHETIC_DEMO
1300,540100,CDX000302,DX002,2026,11,9242554.49,9584544.36,F5,SYNTHETIC_DEMO
1300,540100,CDX000302,DX002,2026,12,10306980.69,10001914.06,F5,SYNTHETIC_DEMO
1300,150100,CDX000201,DX001,2026,1,5344470.05,5466282.14,F5,SYNTHETIC_DEMO
1300,150100,CDX000201,DX001,2026,2,5658116.1,5656393.99,F5,SYNTHETIC_DEMO
1300,150100,CDX000201,DX001,2026,3,5592812.73,5712803.08,F5,SYNTHETIC_DEMO
1300,150100,CDX000201,DX001,2026,4,5573038.6,5678161.71,F5,SYNTHETIC_DEMO
1300,150100,CDX000201,DX001,2026,5,5630506.98,5529825.45,F5,SYNTHETIC_DEMO
1300,150100,CDX000201,DX001,2026,6,5242016.73,5366515.92,F5,SYNTHETIC_DEMO
1300,150100,CDX000201,DX001,2026,7,5298133.58,5463667.53,F5,SYNTHETIC_DEMO
1300,150100,CDX000201,DX001,2026,8,5429826.77,5475599.51,F5,SYNTHETIC_DEMO
1300,150100,CDX000201,DX001,2026,9,5073659.76,5284179.11,F5,SYNTHETIC_DEMO
1300,150100,CDX000201,DX001,2026,10,5615331.03,5889674.84,F5,SYNTHETIC_DEMO
1300,150100,CDX000201,DX001,2026,11,4951236.41,5168649.63,F5,SYNTHETIC_DEMO
1300,150100,CDX000201,DX001,2026,12,5275761.37,5169315.04,F5,SYNTHETIC_DEMO
1300,150200,CDX000202,DX002,2026,1,4073306.46,4214847.95,F5,SYNTHETIC_DEMO
1300,150200,CDX000202,DX002,2026,2,3727841.07,3774163.83,F5,SYNTHETIC_DEMO
1300,150200,CDX000202,DX002,2026,3,3708532.93,3752219.32,F5,SYNTHETIC_DEMO
1300,150200,CDX000202,DX002,2026,4,3755744.03,3869279.48,F5,SYNTHETIC_DEMO
1300,150200,CDX000202,DX002,2026,5,4192191.16,4067374.91,F5,SYNTHETIC_DEMO
1300,150200,CDX000202,DX002,2026,6,3725606.76,3749955.25,F5,SYNTHETIC_DEMO
1300,150200,CDX000202,DX002,2026,7,4212576.3,4382593.43,F5,SYNTHETIC_DEMO
1300,150200,CDX000202,DX002,2026,8,4221713.41,4422298.98,F5,SYNTHETIC_DEMO
1300,150200,CDX000202,DX002,2026,9,3867899.19,3920029.54,F5,SYNTHETIC_DEMO
1300,150200,CDX000202,DX002,2026,10,4152715.68,4271833.22,F5,SYNTHETIC_DEMO
1300,150200,CDX000202,DX002,2026,11,3649318.71,3541661.5,F5,SYNTHETIC_DEMO
1300,150200,CDX000202,DX002,2026,12,3812167.69,3939125.57,F5,SYNTHETIC_DEMO
1300,150300,CDX000202,DX002,2026,1,4748185.62,4696851.82,F5,SYNTHETIC_DEMO
1300,150300,CDX000202,DX002,2026,2,4634781.8,4752190.5,F5,SYNTHETIC_DEMO
1300,150300,CDX000202,DX002,2026,3,4562427.25,4537697.27,F5,SYNTHETIC_DEMO
1300,150300,CDX000202,DX002,2026,4,4264739.83,4241218.24,F5,SYNTHETIC_DEMO
1300,150300,CDX000202,DX002,2026,5,4214747.05,4344984.78,F5,SYNTHETIC_DEMO
1300,150300,CDX000202,DX002,2026,6,4177360.07,4328403.52,F5,SYNTHETIC_DEMO
1300,150300,CDX000202,DX002,2026,7,4335092.47,4213129.32,F5,SYNTHETIC_DEMO
1300,150300,CDX000202,DX002,2026,8,4407166.66,4536803.55,F5,SYNTHETIC_DEMO
1300,150300,CDX000202,DX002,2026,9,4285965.02,4173029.93,F5,SYNTHETIC_DEMO
1300,150300,CDX000202,DX002,2026,10,4216885.03,4393290.55,F5,SYNTHETIC_DEMO
1300,150300,CDX000202,DX002,2026,11,4684055.04,4712434.0,F5,SYNTHETIC_DEMO
1300,150300,CDX000202,DX002,2026,12,4461077.8,4342011.78,F5,SYNTHETIC_DEMO
1300,500100,CDX000102,DX002,2026,1,4722435.93,4783650.87,F5,SYNTHETIC_DEMO
1300,500100,CDX000102,DX002,2026,2,4797692.67,4772557.04,F5,SYNTHETIC_DEMO
1300,500100,CDX000102,DX002,2026,3,5058768.65,5285576.13,F5,SYNTHETIC_DEMO
1300,500100,CDX000102,DX002,2026,4,5608703.43,5881791.0,F5,SYNTHETIC_DEMO
1300,500100,CDX000102,DX002,2026,5,5475328.5,5624090.76,F5,SYNTHETIC_DEMO
1300,500100,CDX000102,DX002,2026,6,4711149.59,4731770.08,F5,SYNTHETIC_DEMO
1300,500100,CDX000102,DX002,2026,7,4642793.45,4559322.58,F5,SYNTHETIC_DEMO
1300,500100,CDX000102,DX002,2026,8,4661639.69,4760430.02,F5,SYNTHETIC_DEMO
1300,500100,CDX000102,DX002,2026,9,5022900.78,4886905.23,F5,SYNTHETIC_DEMO
1300,500100,CDX000102,DX002,2026,10,5039170.0,4902702.62,F5,SYNTHETIC_DEMO
1300,500100,CDX000102,DX002,2026,11,5073595.42,5240794.27,F5,SYNTHETIC_DEMO
1300,500100,CDX000102,DX002,2026,12,4947391.98,5148484.63,F5,SYNTHETIC_DEMO
1300,500200,CDX000202,DX002,2026,1,17236799.36,17673497.15,F5,SYNTHETIC_DEMO
1300,500200,CDX000202,DX002,2026,2,17857791.5,18632774.43,F5,SYNTHETIC_DEMO
1300,500200,CDX000202,DX002,2026,3,19086282.22,19565452.34,F5,SYNTHETIC_DEMO
1300,500200,CDX000202,DX002,2026,4,23020971.06,23752959.02,F5,SYNTHETIC_DEMO
1300,500200,CDX000202,DX002,2026,5,22955139.59,23321616.35,F5,SYNTHETIC_DEMO
1300,500200,CDX000202,DX002,2026,6,18249658.5,18551223.15,F5,SYNTHETIC_DEMO
1300,500200,CDX000202,DX002,2026,7,17612191.7,17175572.63,F5,SYNTHETIC_DEMO
1300,500200,CDX000202,DX002,2026,8,18803232.47,18391577.87,F5,SYNTHETIC_DEMO
1300,500200,CDX000202,DX002,2026,9,17275091.13,16773680.57,F5,SYNTHETIC_DEMO
1300,500200,CDX000202,DX002,2026,10,16718732.71,16369539.97,F5,SYNTHETIC_DEMO
1300,500200,CDX000202,DX002,2026,11,19207227.0,19298305.11,F5,SYNTHETIC_DEMO
1300,500200,CDX000202,DX002,2026,12,17217993.13,17348420.25,F5,SYNTHETIC_DEMO
1300,500300,CDX000204,DX004,2026,1,10749624.29,11286704.84,F5,SYNTHETIC_DEMO
1300,500300,CDX000204,DX004,2026,2,11181321.81,11689192.91,F5,SYNTHETIC_DEMO
1300,500300,CDX000204,DX004,2026,3,11044647.37,11340625.55,F5,SYNTHETIC_DEMO
1300,500300,CDX000204,DX004,2026,4,13571784.65,13588666.19,F5,SYNTHETIC_DEMO
1300,500300,CDX000204,DX004,2026,5,13851612.91,13593366.41,F5,SYNTHETIC_DEMO
1300,500300,CDX000204,DX004,2026,6,11451588.02,11385603.54,F5,SYNTHETIC_DEMO
1300,500300,CDX000204,DX004,2026,7,10240081.28,10217922.57,F5,SYNTHETIC_DEMO
1300,500300,CDX000204,DX004,2026,8,10943299.29,11446337.39,F5,SYNTHETIC_DEMO
1300,500300,CDX000204,DX004,2026,9,10021029.87,9859631.37,F5,SYNTHETIC_DEMO
1300,500300,CDX000204,DX004,2026,10,10487516.01,10533830.96,F5,SYNTHETIC_DEMO
1300,500300,CDX000204,DX004,2026,11,11155077.2,11489085.79,F5,SYNTHETIC_DEMO
1300,500300,CDX000204,DX004,2026,12,10482449.26,10463883.64,F5,SYNTHETIC_DEMO
1300,510100,CDX000103,DX003,2026,1,14638305.36,14417512.46,F5,SYNTHETIC_DEMO
1300,510100,CDX000103,DX003,2026,2,14188873.04,13954762.82,F5,SYNTHETIC_DEMO
1300,510100,CDX000103,DX003,2026,3,14120778.81,14210409.06,F5,SYNTHETIC_DEMO
1300,510100,CDX000103,DX003,2026,4,14404207.91,14406304.29,F5,SYNTHETIC_DEMO
1300,510100,CDX000103,DX003,2026,5,13299974.95,13814009.83,F5,SYNTHETIC_DEMO
1300,510100,CDX000103,DX003,2026,6,13915607.49,14561026.66,F5,SYNTHETIC_DEMO
1300,510100,CDX000103,DX003,2026,7,14014113.4,13839977.15,F5,SYNTHETIC_DEMO
1300,510100,CDX000103,DX003,2026,8,13235070.51,13537767.98,F5,SYNTHETIC_DEMO
1300,510100,CDX000103,DX003,2026,9,12897754.98,13348321.45,F5,SYNTHETIC_DEMO
1300,510100,CDX000103,DX003,2026,10,14041303.1,14323526.49,F5,SYNTHETIC_DEMO
1300,510100,CDX000103,DX003,2026,11,12952198.69,13151734.57,F5,SYNTHETIC_DEMO
1300,510100,CDX000103,DX003,2026,12,13355753.6,12994766.0,F5,SYNTHETIC_DEMO
1300,520100,CDX000201,DX001,2026,1,17778819.18,17379996.23,F5,SYNTHETIC_DEMO
1300,520100,CDX000201,DX001,2026,2,15778437.2,16416584.57,F5,SYNTHETIC_DEMO
1300,520100,CDX000201,DX001,2026,3,16527681.72,16701589.86,F5,SYNTHETIC_DEMO
1300,520100,CDX000201,DX001,2026,4,15739676.88,15922891.93,F5,SYNTHETIC_DEMO
1300,520100,CDX000201,DX001,2026,5,16290953.13,16401611.0,F5,SYNTHETIC_DEMO
1300,520100,CDX000201,DX001,2026,6,16130356.07,16847461.09,F5,SYNTHETIC_DEMO
1300,520100,CDX000201,DX001,2026,7,18423861.44,19060300.09,F5,SYNTHETIC_DEMO
1300,520100,CDX000201,DX001,2026,8,15719932.43,15504122.76,F5,SYNTHETIC_DEMO
1300,520100,CDX000201,DX001,2026,9,17755037.08,17812864.0,F5,SYNTHETIC_DEMO
1300,520100,CDX000201,DX001,2026,10,17721735.95,17527404.05,F5,SYNTHETIC_DEMO
1300,520100,CDX000201,DX001,2026,11,17464616.6,17230582.76,F5,SYNTHETIC_DEMO
1300,520100,CDX000201,DX001,2026,12,17465576.24,18310450.47,F5,SYNTHETIC_DEMO
1300,520200,CDX000201,DX001,2026,1,10822958.41,11239952.73,F5,SYNTHETIC_DEMO
1300,520200,CDX000201,DX001,2026,2,10809324.79,11046328.17,F5,SYNTHETIC_DEMO
1300,520200,CDX000201,DX001,2026,3,9627989.32,9419337.5,F5,SYNTHETIC_DEMO
1300,520200,CDX000201,DX001,2026,4,9897658.43,9823624.75,F5,SYNTHETIC_DEMO
1300,520200,CDX000201,DX001,2026,5,10073066.64,10163169.67,F5,SYNTHETIC_DEMO
1300,520200,CDX000201,DX001,2026,6,9601885.47,9537743.95,F5,SYNTHETIC_DEMO
1300,520200,CDX000201,DX001,2026,7,9396862.22,9487762.13,F5,SYNTHETIC_DEMO
1300,520200,CDX000201,DX001,2026,8,9350839.69,9665047.0,F5,SYNTHETIC_DEMO
1300,520200,CDX000201,DX001,2026,9,10110364.83,10581889.21,F5,SYNTHETIC_DEMO
1300,520200,CDX000201,DX001,2026,10,9839172.39,9549587.54,F5,SYNTHETIC_DEMO
1300,520200,CDX000201,DX001,2026,11,10432960.41,10120091.56,F5,SYNTHETIC_DEMO
1300,520200,CDX000201,DX001,2026,12,9876618.55,9609815.86,F5,SYNTHETIC_DEMO
1300,530100,CDX000102,DX002,2026,1,12662317.58,12506833.88,F5,SYNTHETIC_DEMO
1300,530100,CDX000102,DX002,2026,2,13204772.77,12937524.15,F5,SYNTHETIC_DEMO
1300,530100,CDX000102,DX002,2026,3,13139881.86,13698090.47,F5,SYNTHETIC_DEMO
1300,530100,CDX000102,DX002,2026,4,13143386.54,13522988.65,F5,SYNTHETIC_DEMO
1300,530100,CDX000102,DX002,2026,5,14227699.73,14260342.16,F5,SYNTHETIC_DEMO
1300,530100,CDX000102,DX002,2026,6,13914172.51,13735444.8,F5,SYNTHETIC_DEMO
1300,530100,CDX000102,DX002,2026,7,13165598.41,12777528.38,F5,SYNTHETIC_DEMO
1300,530100,CDX000102,DX002,2026,8,12499934.84,12182898.97,F5,SYNTHETIC_DEMO
1300,530100,CDX000102,DX002,2026,9,14098502.78,13989992.14,F5,SYNTHETIC_DEMO
1300,530100,CDX000102,DX002,2026,10,14412643.53,13982521.18,F5,SYNTHETIC_DEMO
1300,530100,CDX000102,DX002,2026,11,13915953.61,13584666.18,F5,SYNTHETIC_DEMO
1300,530100,CDX000102,DX002,2026,12,14132314.81,14084674.38,F5,SYNTHETIC_DEMO
1300,540100,CDX000202,DX002,2026,1,3426073.03,3417623.98,F5,SYNTHETIC_DEMO
1300,540100,CDX000202,DX002,2026,2,3524490.49,3639997.33,F5,SYNTHETIC_DEMO
1300,540100,CDX000202,DX002,2026,3,3231322.37,3173274.14,F5,SYNTHETIC_DEMO
1300,540100,CDX000202,DX002,2026,4,3284755.68,3360627.57,F5,SYNTHETIC_DEMO
1300,540100,CDX000202,DX002,2026,5,3403536.31,3353131.21,F5,SYNTHETIC_DEMO
1300,540100,CDX000202,DX002,2026,6,3629385.87,3724200.19,F5,SYNTHETIC_DEMO
1300,540100,CDX000202,DX002,2026,7,3496118.09,3605692.39,F5,SYNTHETIC_DEMO
1300,540100,CDX000202,DX002,2026,8,3166400.24,3140373.3,F5,SYNTHETIC_DEMO
1300,540100,CDX000202,DX002,2026,9,3548449.31,3705486.08,F5,SYNTHETIC_DEMO
1300,540100,CDX000202,DX002,2026,10,3197998.56,3261440.0,F5,SYNTHETIC_DEMO
1300,540100,CDX000202,DX002,2026,11,3403331.18,3356671.08,F5,SYNTHETIC_DEMO
1300,540100,CDX000202,DX002,2026,12,3529506.6,3478350.84,F5,SYNTHETIC_DEMO
1300,150100,CDX000303,DX003,2026,1,4725536.68,4825480.26,F5,SYNTHETIC_DEMO
1300,150100,CDX000303,DX003,2026,2,4818783.01,4733698.65,F5,SYNTHETIC_DEMO
1300,150100,CDX000303,DX003,2026,3,5226611.12,5371143.22,F5,SYNTHETIC_DEMO
1300,150100,CDX000303,DX003,2026,4,5261727.6,5338664.35,F5,SYNTHETIC_DEMO
1300,150100,CDX000303,DX003,2026,5,5249087.81,5226635.62,F5,SYNTHETIC_DEMO
1300,150100,CDX000303,DX003,2026,6,5255705.01,5414710.62,F5,SYNTHETIC_DEMO
1300,150100,CDX000303,DX003,2026,7,4658377.88,4556675.99,F5,SYNTHETIC_DEMO
1300,150100,CDX000303,DX003,2026,8,5076474.62,5072103.95,F5,SYNTHETIC_DEMO
1300,150100,CDX000303,DX003,2026,9,4784154.35,4943585.25,F5,SYNTHETIC_DEMO
1300,150100,CDX000303,DX003,2026,10,5001128.86,5239923.44,F5,SYNTHETIC_DEMO
1300,150100,CDX000303,DX003,2026,11,4568087.23,4742429.74,F5,SYNTHETIC_DEMO
1300,150100,CDX000303,DX003,2026,12,5048139.89,5022106.74,F5,SYNTHETIC_DEMO
1300,150200,CDX000102,DX002,2026,1,7107172.7,7402093.59,F5,SYNTHETIC_DEMO
1300,150200,CDX000102,DX002,2026,2,6945613.17,7262598.6,F5,SYNTHETIC_DEMO
1300,150200,CDX000102,DX002,2026,3,8043252.53,8087054.04,F5,SYNTHETIC_DEMO
1300,150200,CDX000102,DX002,2026,4,6861824.89,6904376.53,F5,SYNTHETIC_DEMO
1300,150200,CDX000102,DX002,2026,5,7261478.03,7146367.62,F5,SYNTHETIC_DEMO
1300,150200,CDX000102,DX002,2026,6,8031504.93,7991246.22,F5,SYNTHETIC_DEMO
1300,150200,CDX000102,DX002,2026,7,8042844.92,7912758.28,F5,SYNTHETIC_DEMO
1300,150200,CDX000102,DX002,2026,8,7179903.34,7162942.26,F5,SYNTHETIC_DEMO
1300,150200,CDX000102,DX002,2026,9,7063868.74,7409099.99,F5,SYNTHETIC_DEMO
1300,150200,CDX000102,DX002,2026,10,6960585.91,7001478.33,F5,SYNTHETIC_DEMO
1300,150200,CDX000102,DX002,2026,11,7717555.98,7849788.69,F5,SYNTHETIC_DEMO
1300,150200,CDX000102,DX002,2026,12,7540650.18,7682083.72,F5,SYNTHETIC_DEMO
1300,150300,CDX000102,DX002,2026,1,14589962.71,14717824.18,F5,SYNTHETIC_DEMO
1300,150300,CDX000102,DX002,2026,2,13490273.57,13337945.47,F5,SYNTHETIC_DEMO
1300,150300,CDX000102,DX002,2026,3,13798440.08,13632801.87,F5,SYNTHETIC_DEMO
1300,150300,CDX000102,DX002,2026,4,13309967.07,13796595.62,F5,SYNTHETIC_DEMO
1300,150300,CDX000102,DX002,2026,5,14104528.16,14137612.38,F5,SYNTHETIC_DEMO
1300,150300,CDX000102,DX002,2026,6,14347919.92,14504179.11,F5,SYNTHETIC_DEMO
1300,150300,CDX000102,DX002,2026,7,13334039.25,13850962.66,F5,SYNTHETIC_DEMO
1300,150300,CDX000102,DX002,2026,8,13800840.51,13433767.02,F5,SYNTHETIC_DEMO
1300,150300,CDX000102,DX002,2026,9,13777674.96,13499944.44,F5,SYNTHETIC_DEMO
1300,150300,CDX000102,DX002,2026,10,14460435.57,14134905.5,F5,SYNTHETIC_DEMO
1300,150300,CDX000102,DX002,2026,11,14298450.21,14667890.27,F5,SYNTHETIC_DEMO
1300,150300,CDX000102,DX002,2026,12,14270975.51,14604316.03,F5,SYNTHETIC_DEMO
